<?xml version="1.0" encoding="UTF-8"?><text xmlns="http://www.tei-c.org/ns/1.0" xmlns:HIS="http://www.example.org/ns/HIS" rend="letter" corresp="B18610718MAU" xml:lang="da-no">
                <body>
<div type="letter">
<dateline>
                            <pb n="[1]"/>Christiania den <date>18<hi rend="raised">de</hi> Juli 1861</date>.</dateline>
<salute>S. T. Hr: <anchor type="lemma" xml:id="koB12_696"/>Musikus Udby Trondhjem.</salute>
<p>Indlagt tager jeg mig den Frihed at sende Dem <anchor type="lemma" xml:id="koB12_697"/>de <HIS:hisRef type="tcNote" xml:id="noteT12_190" target="B1844-1871ht_noter.xml" corresp="noteT12_190">første</HIS:hisRef> Scener af en <HIS:hisRef type="work" target="Navneregister_HISe.xml#woFj">Operatext</HIS:hisRef> med Forespørgsel om hvorvidt De skulde være villig til at komponere Musiken. Da <anchor type="lemma" xml:id="koB12_698"/>Deres Navn som Komponist har en <anchor type="lemma" xml:id="koB12_699"/>bedre Klang end nogen Andens hertillands vilde det være mig en Ære og en sikker <anchor type="lemma" xml:id="koB12_700"/>Borgen for Stykkets Lykke ifald De vilde indgaa herpaa. Jeg venter med Længsel nogle Linjer fra Dem i denne Sag. Resten af Manuscriptet kan snart sendes.</p>
<salute>ærbødigst</salute>
<signed>Henr: Ibsen</signed>
</div>
</body>
</text>