<?xml version="1.0" encoding="UTF-8"?><text xmlns="http://www.tei-c.org/ns/1.0" xmlns:HIS="http://www.example.org/ns/HIS" rend="letter" corresp="B18730220EGo" xml:lang="da-no">
<body>
<div type="letter">
<dateline>
                            <pb n="[1]"/>Dresden den <date>20<hi rend="raised">de</hi> Februar 1873</date>.</dateline>
<salute>Kære herr Gosse!</salute>
<p>Efter at have modtaget fra Dem – foruden et elskværdigt venskabeligt <anchor type="lemma" xml:id="koB13_736"/>brev – tillige en <anchor type="lemma" xml:id="koB13_737"/>nytårsgave, mere kærkommen og mere værdifuld, end nogen anden, måtte De med rette vente at jeg uopholdelig skulde have tilsendt Dem idetmindste nogle linjer.</p>
<p>Når dette ikke er sket, så har det flere grunde. Først og fremst ønskede jeg nemlig at sende Dem, ikke nogle linjer, men et langt brev. Fra 21<hi rend="raised">de</hi> November til 16<hi rend="raised">de</hi> Februar har jeg imidlertid bogstavelig ikke havt en ledig time. Jeg har nemlig i dette tidsrum fuldført <HIS:hisRef type="work" target="Navneregister_HISe.xml#woKG">mit nye dramatiske arbejde</HIS:hisRef>, hvilket nu begynder at trykkes, og som vil udkomme i Mai måned.</p>
<p>Det hele vil udgøre en bog på over 400 sider. Den heder: <anchor type="lemma" xml:id="koB13_738"/>«Kejser og Galilæer», et verdenshistorisk skuespil. Den indeholder: 1) «Cæsars frafald» – skuespil i 5 akter, og: 2.) «Kejser Julian», skuespil i 5 akter. Det er det sidste stykke, som jeg uden afbrydelse har skrevet i det ovennævnte tidsrum. Nu er jeg daglig beskæftiget med at <anchor type="lemma" xml:id="koB13_739"/>sende en renskrift til <HIS:hisRef type="place" target="Navneregister_HISe.xml#plKbh">København</HIS:hisRef>; hver uge skal jeg levere <pb n="[2]"/>
                            <anchor type="lemma" xml:id="koB13_740"/>3 trykte ark, og da jeg lægger en stræng kritik på sproget, så optager denne beskæftigelse hele min tid. Dette skriver jeg sent om aftenen; tilgiv derfor venligst, om det ikke skulde være tydeligt!</p>
<p>Når bogen er færdig, skal den øjeblikkelig blive sendt Dem. Ingen anden skal få læse den før De. Jeg har holdt mig strængt til det historiske; jeg har set det alt foregå, ligesom for mine øjne, og således gengiver jeg det. Og dog ligger der <anchor type="lemma" xml:id="koB13_741"/>megen selv-anatomi i denne bog.</p>
<p>At jeg vil sende det først til Dem, er en selvfølge. Thi på ingen af mine øvrige venners dom sætter jeg så megen pris, som på <HIS:hisRef type="tcNote" xml:id="noteT13_119" target="B1871-1879ht_noter.xml" corresp="noteT13_119">Deres</HIS:hisRef>, netop på grund af den dybe, inderlige, digteriske forståelse, som ånder ud af <anchor type="lemma" xml:id="koB13_742"/>alt, hvad De med et venligt og velvilligt sind har skrevet om mig.</p>
<p>Hvorledes skal jeg tilfulde kunne takke Dem for <anchor type="lemma" xml:id="koB13_743"/>Deres sidste store udtømmende afhandling! Jeg vil heller ikke forsøge på at takke Dem; jeg vil kun sige Dem, at den har fyldt mig med en stor glæde. De <anchor type="lemma" xml:id="koB13_744"/>oversatte partier af <HIS:hisRef type="work" target="Navneregister_HISe.xml#woKK">«Kærlighedens komedie»</HIS:hisRef> og <HIS:hisRef type="work" target="Navneregister_HISe.xml#woPG">«Peer Gynt»</HIS:hisRef> er mesterligt gengivne, og jeg ved intet deri, som jeg kunde ønske anderledes. –</p>
<p>Hjertelig takker jeg Dem også for <anchor type="lemma" xml:id="koB13_745"/>det tilsendte fotografi, og det skal være mig overordentlig kært at sende Dem mit til <HIS:hisRef type="tcNote" xml:id="noteT13_120" target="B1871-1879ht_noter.xml" corresp="noteT13_120">gengæld</HIS:hisRef>; <anchor type="lemma" xml:id="koB13_746"/>for øjeblikket er jeg ikke i besiddelse af noget; men så snart jeg får en ledig formiddagstime tilovers, skal jeg anvende den til et <pb n="[3]"/>besøg hos min fotograf. Også denne sag er en af grundene, hvorfor jeg så længe har <anchor type="lemma" xml:id="koB13_747"/>udsat med at tilskrive Dem.</p>
<p>Om mit arbejde vilde jeg gerne fortælle Dem lidt udførligere; men tidens knaphed tillader det ikke for denne gang. Jeg <HIS:hisRef type="tcNote" xml:id="noteT13_121" target="B1871-1879ht_noter.xml" corresp="noteT13_121">vil</HIS:hisRef> imidlertid både ønske og håbe at bogen ikke skal bidrage til at forringe Deres gode og venskabelige mening om mig, og idet jeg beder Dem om, tiltrods for min forsømmelighed, nu som før at omfatte mig med velvilje, tegner jeg mig</p>
<salute>Deres hjertelig hengivne</salute>
<signed>Henrik Ibsen</signed>
</div>
</body>
</text>