<?xml version="1.0" encoding="UTF-8"?><text xmlns="http://www.tei-c.org/ns/1.0" xmlns:HIS="http://www.example.org/ns/HIS" rend="letter" corresp="B18700317GBe" xml:lang="da-no">
                <body>
<div type="letter">
<dateline>
                            <pb n="[1]"/>Dresden den <date>17<hi rend="raised">de</hi> Marts 1870</date>. –</dateline>
<p>Idet jeg erkjender Modtagelsen af Herr Justitsraadens ærede Skrivelse af 25<hi rend="raised">de</hi> Februar tillader jeg mig at frembære min ærbødigste og forbindtligste Takksigelse saavel for den mig derved viste Oppmærksomhed, som for den Velvilje, Hurtighed og Omhu, hvormed <anchor type="lemma" xml:id="koB12_2411"/>Oppførelsen af <HIS:hisRef type="work" target="Navneregister_HISe.xml#woUF">«De unges Forbund»</HIS:hisRef> er bleven iværksat <HIS:hisRef type="tcNote" xml:id="noteT12_633" target="B1844-1871ht_noter.xml" corresp="noteT12_633">ved</HIS:hisRef> <HIS:hisRef type="org" target="Navneregister_HISe.xml#orgKT">det Kgl: Theater</HIS:hisRef>.</p>
<p>Jeg har givet <HIS:hisRef type="person" target="Navneregister_HISe.xml#peFH">Cancelliraad Hegel</HIS:hisRef> Fuldmagt till paa mine Vegne ved Lejlighed at lade hæve <anchor type="lemma" xml:id="koB12_2412"/>det mig tillfaldende Honorar. Det er min Agt <anchor type="lemma" xml:id="koB12_2413"/>till Sommeren at besøge <HIS:hisRef type="place" target="Navneregister_HISe.xml#plKbh">Kjøbenhavn</HIS:hisRef>, og haaber jeg da personlig at skulle have den Ære at udtale for Dem min Erkjendtlighed. Det er for mig, med Hensyn till min fremtidige Forfattervirksomhed, af stor Betydning at det Kgl: Theaters Scene er bleven mig aabnet, og med Forsikkringen om <pb n="[2]"/>at jeg varmt og levende paaskjønner dette tegner jeg mig med Højagtelse</p>
<salute>Deres ærbødige og forbundne</salute>
<signed>Henrik Ibsen.</signed>
<salute>Till Herr Justitsraad Berner, Intendant ved det Kgl: Theater og Capel.</salute>
</div>
</body>
</text>