<?xml version="1.0" encoding="UTF-8"?><text xmlns="http://www.tei-c.org/ns/1.0" xmlns:HIS="http://www.example.org/ns/HIS" rend="letter" corresp="B18710218GBe" xml:lang="da-no">
                <body>
<div type="letter">
<dateline>
                            <pb n="[1]"/>Dresden den <date>18<hi rend="raised">de</hi> Februar 1871</date>. –</dateline>
<salute>Herr justitsråd Berner!</salute>
<p>Allerede for flere uger siden skulde jeg have takket for Deres <anchor type="lemma" xml:id="koB12_3022"/>forbindtlige skrivelse af 26<hi rend="raised">de</hi> f: m:, men <anchor type="lemma" xml:id="koB12_3023"/>udgivelsen af <HIS:hisRef type="work" target="Navneregister_HISe.xml#woDi">et bind digte</HIS:hisRef> har helt og holdet lagt beslag på min tid; støttende mig til den velvilje, hvorpå jeg fra Deres side allerede har modtaget så mange beviser, håber jeg imidlertid at De tilgiver min forsømmelse.</p>
<p>
                            <anchor type="lemma" xml:id="koB12_3024"/>«Fædrelandets» anmeldelse af <HIS:hisRef type="work" target="Navneregister_HISe.xml#woKE">«Kongs-emnerne»</HIS:hisRef> var således affattet, at jeg måtte tro stykket var på <HIS:hisRef type="org" target="Navneregister_HISe.xml#orgKT">det kgl: theater</HIS:hisRef> givet uden forkortelser. <anchor type="lemma" xml:id="koB12_3025"/>Jeg tilskrev derfor <HIS:hisRef type="person" target="Navneregister_HISe.xml#peFW">anmelderen</HIS:hisRef> og oplyste ham om forholdet. <anchor type="lemma" xml:id="koB12_3026"/>Hvis han i den anledning har ulejliget Dem med nogen forespørgsel, så er det sket uden mit vidende og mod min vilje.</p>
<p>Jeg er Dem meget forbunden for de <anchor type="lemma" xml:id="koB12_3027"/>yderligere strygninger, som De har foretaget, og er forvisset om at disse i <pb n="[2]"/>væsentlig grad vil bidrage til at holde stykket på repertoiret. Overordentligt kært skulde det være mig at erfare at De og theatret <HIS:hisRef type="tcNote" xml:id="noteT12_737" target="B1844-1871ht_noter.xml" corresp="noteT12_737">ikke</HIS:hisRef> må få anledning til at angre <anchor type="lemma" xml:id="koB12_3028"/>de store omkostninger, hvormed mit arbejde er blevet bragt på scenen.</p>
<salute>Deres ærbødigst forbundne</salute>
<signed>Henrik Ibsen.</signed>
</div>
</body>
</text>