<?xml version="1.0" encoding="UTF-8"?><text xmlns="http://www.tei-c.org/ns/1.0" xmlns:HIS="http://www.example.org/ns/HIS" rend="letter" corresp="B18690802JHT" xml:lang="da-no">
<body>
<div type="letter">
<dateline>
                            <pb n="[1]"/>Stockholm den <date>2<hi rend="raised">den</hi> August 1869</date>.</dateline>
<salute>Kjære <HIS:hisRef type="tcNote" xml:id="noteT12_580" target="B1844-1871ht_noter.xml" corresp="noteT12_580">Svoger</HIS:hisRef>!</salute>
<p>Tør jeg bede Dem vise mig den Godhed at hæve mit Rejsestipendium, deraf indsætte de <anchor type="lemma" xml:id="koB12_2145"/>200 Sp<hi rend="raised">d</hi>. till mine øvrige Penge i Banken og sende mig 100 Sp<hi rend="raised">d</hi> i Vexel hertill.</p>
<p>Jeg lever her i <anchor type="lemma" xml:id="koB12_2146"/>en uopphørlig Række af Festligheder, saaledes at jeg endnu ikke en eneste Dag har været uden Indbydelse till Middager m. m; det er ikke godt i Længden; men nu da <anchor type="lemma" xml:id="koB12_2147"/>Formælingstiden er forbi, saa haaber jeg paa en roligere Periode.</p>
<p>Jeg husker ikke om jeg i Afrejsens Øjeblik sendte Dem en Erkjendelse for Modtagelsen af den sidste Vexel i <HIS:hisRef type="place" target="Navneregister_HISe.xml#plDre">Dresden</HIS:hisRef>; hvis ikke, saa sker det her. <anchor type="lemma" xml:id="koB12_2148"/>Sprogkongressen har nu sluttet sin Virksomhed, og <HIS:hisRef type="person" target="Navneregister_HISe.xml#peLKDaa">
                                <anchor type="lemma" xml:id="koB12_2149"/>Daa</HIS:hisRef> og <HIS:hisRef type="person" target="Navneregister_HISe.xml#peJLo">Løkke</HIS:hisRef> ere afrejste herfra; jeg haaber at <anchor type="lemma" xml:id="koB12_2150"/>den første bringer en Hilsen fra mig. Over till <HIS:hisRef type="place" target="Navneregister_HISe.xml#plN">Norge</HIS:hisRef> <pb n="[2]"/>kommer jeg neppe dennegang, skjønt man fra flere Sider har anmodet mig derom. – Min Adresse er: «Herkulesgatan, N<hi rend="raised">o</hi> 5.»</p>
<p>
                            <HIS:hisRef type="person" target="Navneregister_HISe.xml#peLD">L. Dietrichson</HIS:hisRef> beder mig hilse Dem; han er nu Professor m. m. m, og baade afholdt og respekteret her; ligetill Formælingen var han <HIS:hisRef type="person" target="Navneregister_HISe.xml#peLovi">
                                <anchor type="lemma" xml:id="koB12_2151"/>den unge Prinsesses</HIS:hisRef> Lærer i Dansk (Literatur og Sprog.). Lev vel for dennegang. Mange Hilsener.</p>
<salute>Deres hengivne</salute>
<signed>Henrik Ibsen.</signed>
</div>
</body>
</text>