<?xml version="1.0" encoding="UTF-8"?><text xmlns="http://www.tei-c.org/ns/1.0" xmlns:HIS="http://www.example.org/ns/HIS" rend="letter" corresp="B18701202FH" xml:lang="da-no">
                <body>
<div type="letter">
<dateline>
                            <pb n="[1]"/>Dresden den <date>2<hi rend="raised">den</hi> December 1870</date>. –</dateline>
<salute>Kære herr Hegel!</salute>
<p>Hjerteligst tak for <anchor type="lemma" xml:id="koB12_2708"/>den tilsendte bogpakke, og ligeså en venlig tak og hilsen til <HIS:hisRef type="person" target="Navneregister_HISe.xml#peHGu">herr Gundorph</HIS:hisRef> for hans forekommenhed! De lånte bøger skal jeg til rette tid tilbagelevere. Andre historiske kilder behøver jeg ikke. <anchor type="lemma" xml:id="koB12_2709"/>«Lervognen» har jeg læst med megen interesse; hvorvidt den vil blive udbredt i nogen stor kreds, ved jeg jo ikke; men allerede at en bog af en så speciel natur kan finde sin forlægger i et mindre literatursamfund, er et talende vidnesbyrd om at <anchor type="lemma" xml:id="koB12_2710"/>den danske boghandel står på et meget højt standpunkt.</p>
<p>
                            <anchor type="lemma" xml:id="koB12_2711"/>Rollebesætningen i <HIS:hisRef type="work" target="Navneregister_HISe.xml#woKE">«Kongs-emnerne»</HIS:hisRef> var det mig en stor tilfredsstillelse at erfare; jeg tror også at tiden for opførelsen må siges at være heldigt valgt. Gid nu <anchor type="lemma" xml:id="koB12_2712"/>den nye udgave må finde en rigtig rivende afsætning. <anchor type="lemma" xml:id="koB12_2713"/>Udstyret er overmåde smukt.</p>
<p>
                            <pb n="[2]"/>Idag skriver jeg Dem hovedsagelig til fordi jeg mangler penge og beder Dem derfor godhedsfuldt at ville sende mig 200 Rdlr: i preusiske sedler eller veksel.</p>
<p>
                            <anchor type="lemma" xml:id="koB12_2714"/>Afskrivningen af <HIS:hisRef type="work" target="Navneregister_HISe.xml#woDi">mine digte</HIS:hisRef> foregår for tiden i <HIS:hisRef type="place" target="Navneregister_HISe.xml#plKri">Kristiania</HIS:hisRef> og man har lovet mig at sende det meste om ikke alt i denne måned. Det gælder da at rette, forbedre og gøre et skønsomt udvalg.</p>
<p>Fra <HIS:hisRef type="place" target="Navneregister_HISe.xml#plSthlm">Stockholm</HIS:hisRef> har jeg modtaget brev fra <anchor type="lemma" xml:id="koB12_2715"/>en ven, som siger at han er forvisset om at <anchor type="lemma" xml:id="koB12_2716"/>den i Kongs-emnerne brugte retskrivning i overordentlig grad vil bidrage til at skaffe vore bøger udbredelse i <HIS:hisRef type="place" target="Navneregister_HISe.xml#plSE">Sverig</HIS:hisRef>. Jeg tror han har ret heri.</p>
<p>Med mange hilsener til Dem, <HIS:hisRef type="person" target="Navneregister_HISe.xml#peJH">Deres søn</HIS:hisRef> og alle andre gode venner tegner jeg mig</p>
<salute>Deres stedse hengivne</salute>
<signed>Henrik Ibsen.</signed>
</div>
</body>
</text>