<?xml version="1.0" encoding="UTF-8"?><text xmlns="http://www.tei-c.org/ns/1.0" xmlns:HIS="http://www.example.org/ns/HIS" rend="letter" corresp="B18671104JB" xml:lang="da-no">
                <body>
<div type="letter">
<dateline>
                            <pb n="[1]"/>San Germano den <date>4<hi rend="raised">de</hi> Novbr: 1867</date>.–</dateline>
<salute>Kjære Herr Etatsraad Bravo!</salute>
<p>Pokker tage al Krig! Her, nogle faa <anchor type="lemma" xml:id="koB12_1600"/>Miglier fra <anchor type="lemma" xml:id="koB12_1601"/>den <HIS:hisRef type="place" target="Navneregister_HISe.xml#plVat">pavelige Grænse</HIS:hisRef>, har vi nu ligget <anchor type="lemma" xml:id="koB12_1602"/>siden i Onsdags, stedse i Haabet om at kunne slippe till <HIS:hisRef type="place" target="Navneregister_HISe.xml#plRom">Rom</HIS:hisRef>, men hidtill forgjæves. Jernbanen er istykker, siger man. Men hvor? Derom faar jeg ingen paalidelig Besked. Det eneste sikkre er at man ikke vil udstede Billetter til Rom. Hvorvidt man dersteds tillader Fremmede at komme ind, ved man heller ikke her; men naar Jernbanen engang kommer iorden igjen, kan der vel intet være ivejen. <anchor type="lemma" xml:id="koB12_1603"/>Mit Pass er paategnet af <HIS:hisRef type="person" target="Navneregister_HISe.xml#peDD">Danchertsen</HIS:hisRef> og den spanske Konsul i <HIS:hisRef type="place" target="Navneregister_HISe.xml#plNa">Neapel</HIS:hisRef>. I sidstnævnte Stad ligger <HIS:hisRef type="person" target="Navneregister_HISe.xml#peVB">Bergsøe</HIS:hisRef> <anchor type="lemma" xml:id="koB12_1604"/>med Familje, ventende ligesom vi.</p>
<p>Hjærtelig Takk for Deres ærede <pb n="[2]"/>og venlige Skrivelse, som jeg modtog i <HIS:hisRef type="place" target="Navneregister_HISe.xml#plSorr">Sorrento</HIS:hisRef>. Vi har siden den Tid tillbragt to Dage i <HIS:hisRef type="place" target="Navneregister_HISe.xml#plPom">Pompeji</HIS:hisRef> og forøvrigt gjort os bekjendt med <anchor type="lemma" xml:id="koB12_1605"/>Neapels Seværdigheder. Intetsteds føler vi os dog saaledes hjemme, som i det kjære Rom! Gid der nu ikke maa blive vendt altfor meget opp og ned paa de vante Forholde.</p>
<p>I disse Dage haaber jeg der ankommer et rekommanderet Brev till mig under Deres Adresse. Brevet indeholder en Vexel, og jeg beder Dem at lade Brevet henligge, saafremt jeg ikke rekvirerer samme till Neapel. Med Penge er jeg nemlig endnu forsynet og haaber at Beholdningen vil være tillstrækkelig indtill jeg naaer Rom. Skulde De derimod till min Beroligelse ville med et Par Ord underrette mig om at Brevet er ankommet, saa vilde jeg være Dem særdeles forbunden. Jeg boer i samme Hus, hvori Telegrafstationen er, og <anchor type="lemma" xml:id="koB12_1606"/>Billetten kunde adresseres enten dertill eller till Trattoria Cassino, hvor vi spiser (og spiser <emph>godt</emph> till rimelig Pris.) – De har rimeligvis havt det <pb n="[3]"/>mindre behageligt i Rom i den sidste Tid. Nyankomne Skandinaver er der vel ikke mange af? <HIS:hisRef type="person" target="Navneregister_HISe.xml#peCSAB">Redaktør Bille</HIS:hisRef> er i Neapel; jeg har imidlertid ikke truffet ham.</p>
<p>Hjemmefra hører vi naturligvis intet; jeg ved saaledes heller ikke hvorvidt <HIS:hisRef type="work" target="Navneregister_HISe.xml#woPG">
                                <anchor type="lemma" xml:id="koB12_1607"/>min nye Bog</HIS:hisRef> er udkommen. Pakker, der muligens maatte komme till mig, bedes ligeledes at maatte bero hos Dem indtill min Ankomst, som jeg inderligt ønsker maa være nær forestaaende.</p>
<p>
                            <HIS:hisRef type="person" target="Navneregister_HISe.xml#peSuI">Min Kone</HIS:hisRef> beder mig hilse Dem tusinde Gange, og med de bedste <HIS:hisRef type="tcNote" xml:id="noteT12_458" target="B1844-1871ht_noter.xml" corresp="noteT12_458">Ønsker</HIS:hisRef> saavel fra hende som fra mig selv tegner jeg mig</p>
<salute>Deres stedse hengivne</salute>
<signed>Henrik Ibsen.</signed>
</div>
</body>
</text>