<?xml version="1.0" encoding="UTF-8"?><text xmlns="http://www.tei-c.org/ns/1.0" xmlns:HIS="http://www.example.org/ns/HIS" rend="letter" corresp="B18710830KongK4" xml:lang="da-no">
<body>
<div type="letter">
<salute>
                            <pb n="[1]"/>Til Kongen!</salute>
<p>Efter at være vendt tilbage fra min <anchor type="lemma" xml:id="koB13_37"/>rejse i <HIS:hisRef type="place" target="Navneregister_HISe.xml#plEg">Egypten</HIS:hisRef>, hvor jeg ifølge <anchor type="lemma" xml:id="koB13_38"/>officiel indbydelse var tilstede ved <HIS:hisRef type="place" target="Navneregister_HISe.xml#plSuez">Suez-kanalens</HIS:hisRef> åbning, har det behaget den kejserlig <anchor type="lemma" xml:id="koB13_39"/>tyrkiske regering at udnævne mig til kommandør af Medjidiéh-ordenen, hvilken dekoration med dertil hørende diplom i afvigte Maj måned er bleven mig tilstillet gennem <HIS:hisRef type="org" target="Navneregister_HISe.xml#orgKdep">den kongelige norske regerings departement for kirke- og undervisningsvæsenet</HIS:hisRef>.</p>
<p>I henhold hertil ansøger jeg om at det nådigst må blive mig <anchor type="lemma" xml:id="koB13_40"/>tilladt at bære bemeldte dekoration som kommandør af Medjidiéh-ordenen.</p>
<dateline>Dresden den <date>30<hi rend="raised">te</hi> August 1871</date>.</dateline>
<salute>underdanigst</salute>
<signed>Henrik Ibsen.</signed>
</div>
</body>
</text>