<?xml version="1.0" encoding="UTF-8"?><text xmlns="http://www.tei-c.org/ns/1.0" xmlns:HIS="http://www.example.org/ns/HIS" rend="letter" corresp="B18731210FH" xml:lang="da-no">
<body>
<div type="letter">
<dateline>
                            <pb n="[1]"/>Dresden den <date>10<hi rend="raised">de</hi> December 1873</date>. –</dateline>
<salute>Kære herr Hegel!</salute>
<p>Med stor glæde erfarede jeg idag den uventet hurtige <anchor type="lemma" xml:id="koB13_1301"/>afsætning af <HIS:hisRef type="work" target="Navneregister_HISe.xml#woHH">«Hærmændene»</HIS:hisRef>. Jeg skynder mig at vedlægge en liste på de <anchor type="lemma" xml:id="koB13_1302"/>småfejl, som jeg ønsker rettede i <anchor type="lemma" xml:id="koB13_1303"/>det nye oplag. Gid det nu må lykkes at få dette færdigt så betimeligt at efterspørgslen lige foran julen kan tilfredsstilles. Dette i al hast for idag.</p>
<salute>Deres hjertelig hengivne</salute>
<signed>Henrik Ibsen.</signed>
</div>
</body>
</text>