<?xml version="1.0" encoding="UTF-8"?><text xmlns="http://www.tei-c.org/ns/1.0" xmlns:HIS="http://www.example.org/ns/HIS" rend="letter" corresp="B18580604CHo" xml:lang="da-no">
                <front>
<pb n="[a]"/>
<HIS:envelope type="sheet">
<address>
<note resp="author" place="inline">Pr. Dampsk. «Moss» <HIS:hisRef type="tcNote" xml:id="noteT12_133" target="B1844-1871ht_noter.xml" corresp="noteT12_133">1858</HIS:hisRef>
                            </note>
<addrLine>Hr. Universitetssecretær, Kammerherre,</addrLine>
<addrLine>Ridder Chr: Holst.</addrLine>
<addrLine>Christiania</addrLine>
</address>
</HIS:envelope>
</front>
<body>
<div type="letter" subtype="poem">
<div type="letterpart" part="I">
<dateline>
                                <pb n="[1]"/>
                                <anchor type="lemma" xml:id="koB12_403"/>Dampskibet «Christiania» den <date>
                                    <HIS:hisRef type="tcNote" xml:id="noteT12_134" target="B1844-1871ht_noter.xml" corresp="noteT12_134">4<hi rend="raised">de</hi> Juni 1858</HIS:hisRef>
                                </date>.</dateline>
<lg>
<lg>
<l>Naar Birkegrenen bugned</l>
<l>Under Rimblomsters Flor,</l>
<l>Naar Vintrens <HIS:hisRef type="tcNote" xml:id="noteT12_135" target="B1844-1871ht_noter.xml" corresp="noteT12_135">Sølverkaabe</HIS:hisRef>
                                    </l>
<l>Laa fæstet over Fjord, –</l>
<l>Da førtes <anchor type="lemma" xml:id="koB12_404"/>Gyldenkarmen</l>
<l>For Kongsgaardens Port;</l>
<l>Over den blanke Flade</l>
<l>Fløi den lystigt og fort.</l>
                                </lg>
<lg>
<l>Det klang fra Horn og Lurer,</l>
<l>Der ringled Bjelder smaa,</l>
<l>Og <anchor type="lemma" xml:id="koB12_405"/>Bølgens Dække drønned</l>
<l>Under Gangeren graa;</l>
<l>
                                        <anchor type="lemma" xml:id="koB12_406"/>Det var sig Kongens Datter,</l>
<l>Som høit i Karmen sad,</l>
<l>Og Riddersmænd og Fruer</l>
<l>Fulgte efter i Rad.</l>
                                </lg>
<lg>
<l>Nu ligge de gamle Borge</l>
<l>
                                        <anchor type="lemma" xml:id="koB12_407"/>Længst sjunkne i Grus,</l>
<l>Og Gyldenkarmen <HIS:hisRef type="tcNote" xml:id="noteT12_136" target="B1844-1871ht_noter.xml" corresp="noteT12_136">findes</HIS:hisRef>
                                    </l>
<l>Ei meer i Bondens Huus,</l>
<l>
                                        <anchor type="lemma" xml:id="koB12_408"/>De Riddersmænd og Fruer</l>
<l>Slumre under Muld; –</l>
<l>Alt hvad der staar tilbage</l>
<l>Er en Saga vemodsfuld.</l>
                                </lg>
<lg>
<l>Nei, meer end Mindet eier</l>
<l>Dog Norges Folk endnu, –</l>
<l>Meer end de svundne Tider</l>
<l>Det bærer i sin Hu;</l>
<l>
                                        <pb n="[2]"/>
                                        <anchor type="lemma" xml:id="koB12_409"/>En ædel Fyrstedatter</l>
<l>Det eier nu som før,</l>
<l>Vel sømmer sig at Karmen</l>
<l>Stilles for hendes Dør.</l>
                                </lg>
<lg>
<l>Thi hvor hun helst gad fare, –</l>
<l>Gjennem Dalen, over Fjord, –</l>
<l>Folkets varme Hjerter</l>
<l>
                                        <HIS:hisRef type="tcNote" xml:id="noteT12_137" target="B1844-1871ht_noter.xml" corresp="noteT12_137">Dog</HIS:hisRef> <HIS:hisRef type="tcNote" xml:id="noteT12_138" target="B1844-1871ht_noter.xml" corresp="noteT12_138">følge</HIS:hisRef> hendes Spor; –</l>
<l>Og <HIS:hisRef type="tcNote" xml:id="noteT12_139" target="B1844-1871ht_noter.xml" corresp="noteT12_139">som</HIS:hisRef> <anchor type="lemma" xml:id="koB12_410"/>Haarfagerætten</l>
<l>Er knyttet til <anchor type="lemma" xml:id="koB12_411"/>Nordens Drot,</l>
<l>Saa bør og <anchor type="lemma" xml:id="koB12_412"/>Oldtidskarmen</l>
<l>At stande i hans Slot.</l>
                                </lg>
                            </lg>
<figure type="bar"/>
</div>
<div type="letterpart" part="F">
<p>Ovenstaaende Linier tillader jeg mig at fremsende; maatte <anchor type="lemma" xml:id="koB12_413"/>Hr. Kammerherren <anchor type="lemma" xml:id="koB12_414"/>finde dem brugbare, vilde det være mig særdeles smigrende. Jeg vover at haabe at Hr. Kammerherren, <anchor type="lemma" xml:id="koB12_415"/>i Betragtning af Omstændighederne, godhedsfuldt undskylder den mindre nitide Form hvori <anchor type="lemma" xml:id="koB12_416"/>min Billet fremkommer.</p>
<salute>ærbødigst</salute>
<signed>Henr: Ibsen</signed>
</div>
</div>
</body>
</text>