<?xml version="1.0" encoding="UTF-8"?><text xmlns="http://www.tei-c.org/ns/1.0" xmlns:HIS="http://www.example.org/ns/HIS" rend="letter" corresp="B18710415JLH" xml:lang="da-no">
                <front>
<pb n="[a]"/>
<HIS:envelope type="envelope">
<address>
<addrLine>Fru Etatsrådinde Heiberg.</addrLine>
<addrLine>Rosenvænget.</addrLine>
<addrLine>Kopenhagen.</addrLine>
</address>
</HIS:envelope>
</front>
<body>
<div type="letter" subtype="poem">
<dateline>
                            <pb n="[1]"/>Dresden den <date>15<hi rend="raised">de</hi> April 1871</date>.</dateline>
<salute>Til fru <anchor type="lemma" xml:id="koB12_3123"/>etatsrådinde Heiberg!</salute>
<lg>
<l>Havde jeg på engang sendt</l>
<l>alle takkens små <anchor type="lemma" xml:id="koB12_3124"/>billetter,</l>
<l>i de vågne vinternætter</l>
<l rend="indent">sammenskrevne,</l>
<l rend="indent">sønderrevne,</l>
<l>skulde, lig en snesky spændt</l>
<l rend="indent">over himlen,</l>
<l rend="indent">hele vrimlen,</l>
<l rend="indent">
                                <anchor type="lemma" xml:id="koB12_3125"/>stumpen, <anchor type="lemma" xml:id="koB12_3126"/>strimlen,</l>
<l rend="indent">hver bemalet</l>
<l>med et magtløst takkens ord,</l>
<l>som et prosa-<anchor type="lemma" xml:id="koB12_3127"/>snefog dalet</l>
<l>over <anchor type="lemma" xml:id="koB12_3128"/>Rosenvængets <anchor type="lemma" xml:id="koB12_3129"/>flor.</l>
<l rend="line">Kunde jeg på engang sendt,</l>
<l>uden bur af skrift og prent,</l>
<l>alle tankens <anchor type="lemma" xml:id="koB12_3130"/>løse fugle, –</l>
<l rend="indent">ind dem smugle</l>
<l>skulde jeg, hvor stilhed råder,</l>
<l>
                                <pb n="[2]"/>under Rosenvængets tag,</l>
<l>der, hvor åndens dunkle lag,</l>
<l>der, hvor skønheds glade gåder</l>
<l>op imod forklaring stunder</l>
<l>og, som knop en forårsdag,</l>
<l>foldes ud i et vidunder. –</l>
<l>Brydes skulde stuens fred,</l>
<l>der min fugleflok slog ned;</l>
<l>lytte skulde <anchor type="lemma" xml:id="koB12_3130a"/>børn derinde,</l>
<l>som i skog til jagten fjern; –</l>
<l>bag usynlighedens værn</l>
<l>mine fugle skulde tvinde</l>
<l>i en anings trillers rad</l>
<l rend="indent">takkens kvad,</l>
<l>kredse let og vinger ryste</l>
<l>om <anchor type="lemma" xml:id="koB12_3131"/>den store seers byste.</l>
<l rend="indent line">Løse tanker,</l>
<l rend="indent">tørre breve</l>
<l>slår ej til; jeg vælger vers.</l>
<l>Op fra <anchor type="lemma" xml:id="koB12_3132"/>daglig-dækkets planker</l>
<l rend="indent">må jeg hæve</l>
<l>synet vidt og rundt fra <anchor type="lemma" xml:id="koB12_3133"/>mers.</l>
<l>Prosa stil er for ideer,</l>
<l rend="indent">vers for syner;</l>
<l>sindets lyst og sindets veer,</l>
<l>sorg, som på mit hoved sneer,</l>
<l rend="indent">harm, som lyner, –</l>
<l>
                                <pb n="[3]"/>fyldigst liv jeg friest skænker</l>
<l rend="indent">just i versets lænker.</l>
<l rend="line">Men når takken, som mig brænder,</l>
<l rend="indent">nu jeg sender, –</l>
<l>mon det da er blot <anchor type="lemma" xml:id="koB12_3134"/>mit stykkes</l>
<l rend="indent">scene-lykkes</l>
<l rend="indent">skaberinde,</l>
<l rend="indent">hvem jeg fletter</l>
<l>disse versets små buketter?</l>
<l rend="line">Nej, <anchor type="lemma" xml:id="koB12_3135"/>et glansfuldt større minde</l>
<l>lægger ordet på min mund,</l>
<l>mindet om en skønhedsfyldig</l>
<l rend="indent">højtids-stund,</l>
<l>mindet om en rad af timer,</l>
<l rend="indent">langt tilbage,</l>
<l>da jeg så Dem sejrrig drage,</l>
<l>smykket, <anchor type="lemma" xml:id="koB12_3136"/>gratie-fulgt og sand,</l>
<l>gennem kunstens under-land; –</l>
<l>da just blev jeg takken skyldig;</l>
<l>derfor er det nu jeg rimer.</l>
<l rend="line">Se, da jeg <anchor type="lemma" xml:id="koB12_3137"/>ifjor Dem gæsted,</l>
<l rend="indent">var jeg stum;</l>
<l>skønheds-gældens runde sum</l>
<l>bar jeg, i mit hjerte fæstet,</l>
<l rend="indent">med tilbage;</l>
<l rend="indent">
                                <pb n="[4]"/>nætter, dage</l>
<l>har med renter summen øget,</l>
<l>og trods alt, hvad her jeg maler,</l>
<l>får jeg, som en slet betaler,</l>
<l>aldrig denne gældspost strøget.</l>
<l rend="line">Underligt til Danmark bundet</l>
<l>står De altid for mit øje, –</l>
<l>bundet til en dag ved <anchor type="lemma" xml:id="koB12_3138"/>Sundet,</l>
<l>mellem bøgekroner høje.</l>
<l>Sol i luften, sol på fladen.</l>
<l rend="indent">Sejler-gaden</l>
<l>fures af en blålig krusning;</l>
<l rend="indent">sommer-susning,</l>
<l rend="indent">født i <anchor type="lemma" xml:id="koB12_3139"/>«Skoven»,</l>
<l>dirrer lig et digt foroven.</l>
<l>Det er søndag; glade klynger</l>
<l rend="indent">ler og synger;</l>
<l rend="indent">både gynger</l>
<l>under ly af kystens skrænt;</l>
<l rend="indent">lyse kjoler</l>
<l rend="indent">blinker, soler</l>
<l>sig, hvor klokker og violer</l>
<l>har sit danske tæppe spændt.</l>
<l rend="indent line">Men derude,</l>
<l>helt fra nord, hvor <anchor type="lemma" xml:id="koB12_3140"/>Kronborg troner,</l>
<l>indtil syd, hvor fjernt <anchor type="lemma" xml:id="koB12_3141"/>Tre Kroner</l>
<l rend="indent">
                                <pb n="[5]"/>synet raner, –</l>
<l>hvilken rad af ranke svaner,</l>
<l rend="indent">hvilken stimmel,</l>
<l>hvilket tog af hvide sejl!</l>
<l>Skude slutter sig til skude;</l>
<l>lysglans i de <anchor type="lemma" xml:id="koB12_3142"/>hvalte klude,</l>
<l rend="indent">vimplers vrimmel,</l>
<l rend="indent">højdens himmel</l>
<l>ser sig selv i dybets spejl.</l>
<l rend="indent line">Slank og smekker,</l>
<l>drømfyldt jomfru mellem <anchor type="lemma" xml:id="koB12_3143"/>snekker,</l>
<l>glider en mig just forbi.</l>
<l>Hun er lig et sagn, der bæver</l>
<l>bag det slør, det hylles i;</l>
<l>hun er lig et syn, der hæver</l>
<l rend="indent">sig og svæver</l>
<l>ad en lukket gåde-sti.</l>
<l rend="indent">
                                <anchor type="lemma" xml:id="koB12_3144"/>Ellepiger</l>
<l rend="indent">vinker, viger,</l>
<l>svøbt i skum om bougens stavn;</l>
<l rend="indent">alfer følger</l>
<l rend="indent">kølens bølger;</l>
<l>men i flagets folder dølger</l>
<l rend="indent">sig <anchor type="lemma" xml:id="koB12_3145"/>«Agnetes» navn.</l>
<l rend="line">Og se der, – et modsat billed!</l>
<l>Hvilke kække kast i dansen!</l>
<l>
                                <pb n="[6]"/>Lunets gratie-bundne vildhed</l>
<l rend="indent">bær dog kransen.</l>
<l>Vimpler vinder sig langs <anchor type="lemma" xml:id="koB12_3146"/>riggen;</l>
<l>flag fra stranden hilser <anchor type="lemma" xml:id="koB12_3147"/>briggen;</l>
<l>halvvejs hjemlig, halvvejs fremmed,</l>
<l>halvt en havfrue, halvt et tæmmet</l>
<l rend="indent">barn fra <anchor type="lemma" xml:id="koB12_3148"/>heden,</l>
<l>
                                <anchor type="lemma" xml:id="koB12_3149"/>svajer <anchor type="lemma" xml:id="koB12_3150"/>«Dina» op på <anchor type="lemma" xml:id="koB12_3151"/>reden.</l>
<l rend="indent">Som iblinde</l>
<l>ledet frem af milde vinde, –</l>
<l rend="indent">som i drømme</l>
<l>løftet af de lette strømme,</l>
<l rend="indent">se <anchor type="lemma" xml:id="koB12_3152"/>felukken!</l>
<l>Al <anchor type="lemma" xml:id="koB12_3153"/>Provences adel taler</l>
<l>i dens stigen, i dens dukken; –</l>
<l rend="indent">elskovs sukken,</l>
<l rend="indent">dæmpet båren</l>
<l>
                                <anchor type="lemma" xml:id="koB12_3154"/>citharklang, fra dækket maler</l>
<l rend="indent">sjæle-våren;</l>
<l rend="indent">
                                <anchor type="lemma" xml:id="koB12_3155"/>madrigaler</l>
<l>over stumme klynger daler,</l>
<l>som på strandens grønne <anchor type="lemma" xml:id="koB12_3156"/>hynde</l>
<l>vugges i <anchor type="lemma" xml:id="koB12_3157"/>«Jolanthes» ynde.</l>
<l rend="indent line">Hvo kan tælle</l>
<l rend="indent">hele flåden,</l>
<l>som i solskin følger efter,</l>
<l>
                                <pb n="[7]"/>som for medbør skummer frem!</l>
<l rend="indent">Over fråden</l>
<l rend="indent">
                                <anchor type="lemma" xml:id="koB12_3158"/>«Ragnhild» hælder,</l>
<l>som om dybets dulgte kræfter</l>
<l rend="indent">lokked hjem; –</l>
<l>
                                <anchor type="lemma" xml:id="koB12_3159"/>lotos lig på strømme stride,</l>
<l>hist <anchor type="lemma" xml:id="koB12_3160"/>«Ophelia», den fagre,</l>
<l rend="indent">ses at flagre,</l>
<l rend="indent">ses at glide; –</l>
<l rend="indent">rang-<anchor type="lemma" xml:id="koB12_3161"/>fregatter,</l>
<l rend="indent">
                                <anchor type="lemma" xml:id="koB12_3162"/>klipper-skarer,</l>
<l rend="indent">hjemad farer</l>
<l>under landets klap og latter. –</l>
<l>Sådan De til Danmark bundet</l>
<l>står i mindet for mit øje, –</l>
<l>bundet til en dag ved Sundet,</l>
<l>mellem bøgekroner høje.</l>
<l rend="line">Stundom har jeg spurgt mig selv:</l>
<l rend="indent">mon vel slægten</l>
<l>engang, i sin travle fægten</l>
<l rend="indent">og fornægten,</l>
<l>sænke skal i glemsels elv</l>
<l>denne skat af <anchor type="lemma" xml:id="koB12_3163"/>geniers nåde?</l>
<l>Skal en tid, hvem afstand døver,</l>
<l>
                                <anchor type="lemma" xml:id="koB12_3164"/>rane, lig en engelsk røver,</l>
<l>denne danske stormagts-flåde?</l>
<l rend="indent line">
                                <pb n="[8]"/>Se, vi andre,</l>
<l>farve-, form- og ord-poeter,</l>
<l rend="indent">arkitekter,</l>
<l>og hvad vi for resten heder,</l>
<l>vi, som fik det kald at bygge</l>
<l>vore skønheds-skuders rygge</l>
<l>af lidt mer solide <anchor type="lemma" xml:id="koB12_3165"/>lægter, –</l>
<l>
                                <emph>vi</emph> tør ej vor skæbne klandre,</l>
<l rend="indent">om vor flåde</l>
<l>ej blir hver en tid <anchor type="lemma" xml:id="koB12_3166"/>til måde.</l>
<l>Mangen klipper, mangen <anchor type="lemma" xml:id="koB12_3167"/>studser,</l>
<l>
                                <anchor type="lemma" xml:id="koB12_3168"/>rigget til med sang og klang,</l>
<l rend="indent">får engang</l>
<l rend="indent">plads og rang</l>
<l>mellem <anchor type="lemma" xml:id="koB12_3169"/>skibs-Jeronimusser; –</l>
<l>mangt et skrog af form og toner,</l>
<l>af sin samtid assureret,</l>
<l>engang, på de våde veje</l>
<l rend="indent">havareret,</l>
<l>hales ind i flådens leje,</l>
<l>uden <anchor type="lemma" xml:id="koB12_3170"/>takkel og kanoner,</l>
<l>til de andre <anchor type="lemma" xml:id="koB12_3171"/>Magdeloner.</l>
<l>Der vi prise kan vor lykke,</l>
<l rend="indent">hvis en nykke</l>
<l>vore værfters mesterstykke</l>
<l rend="indent">venligst sparer</l>
<l>for de herrer antikvarer.</l>
<l rend="line">
                                <pb n="[9]"/>Man har sagt, at <anchor type="lemma" xml:id="koB12_3171a"/>scenens kunst,</l>
<l rend="indent">født og bunden</l>
<l rend="indent">kun til stunden,</l>
<l>må, som sæbeboblers dunst,</l>
<l>må, som mørkets meteor,</l>
<l rend="indent">blænde, briste,</l>
<l rend="indent">og så friste,</l>
<l rend="indent">uden spor,</l>
<l>hænders værkers lod på jord.</l>
<l rend="line">Sving Dem som en fugl i luften</l>
<l>op fra denne trange tanke!</l>
<l rend="indent">Just fordi</l>
<l>Deres kunst er barn af duften,</l>
<l rend="indent">af beånden,</l>
<l rend="indent">af en stemning,</l>
<l>af person og fantasi, –</l>
<l>ej et værk af sten og planke,</l>
<l rend="indent">ej en tanke,</l>
<l>klistret fast med sort på hvidt,</l>
<l>men en alf på skønheds ranke,</l>
<l>hvor den evig gynger frit, –</l>
<l>just fordi den fattes form,</l>
<l rend="indent">som med hånden</l>
<l>gribes kan, der sættes dæmning</l>
<l>for hvert bid af ældens orm.</l>
<l>
                                <pb n="[10]"/>Underfuldt til Danmark bundet</l>
<l>skal De stå for slægters øje, –</l>
<l>bundet til en nat ved Sundet,</l>
<l>under mindets stjerner høje. –</l>
<l>Hvilke sagnets syner vide!</l>
<l rend="indent">Hele flåden,</l>
<l rend="indent">fra fregatten</l>
<l rend="indent">ned til <anchor type="lemma" xml:id="koB12_3172"/>båden,</l>
<l rend="indent">ser jeg glide</l>
<l rend="indent">gennem natten</l>
<l>langsmed landets lune side;</l>
<l>tågen slører sejl og master,</l>
<l rend="indent">halvlys <anchor type="lemma" xml:id="koB12_3174"/>kaster</l>
<l>over <anchor type="lemma" xml:id="koB12_3173"/>stang og rå tilsammen</l>
<l rend="indent">svanehammen;</l>
<l>hvad i afstand øjet svigter,</l>
<l rend="indent">ind man digter;</l>
<l>kvinder, som fra stranden drømmer,</l>
<l rend="indent">mænd, som dømmer</l>
<l>efter egen fordrings lov,</l>
<l>slægt, som efter slægt befolker</l>
<l rend="indent">kyst og skov, –</l>
<l>synets skønheds-form fortolker</l>
<l>efter skiftende behov.</l>
<l rend="line">
                                <pb n="[11]"/>Og se <emph>det</emph> er livet just,</l>
<l rend="indent">liv i mindet,</l>
<l>
                                <emph>det</emph>, at stå for folkesindet</l>
<l>ren for ældens <anchor type="lemma" xml:id="koB12_3175"/>møl og rust;</l>
<l>
                                <emph>det</emph> er livet, <emph>det</emph>, at bøje</l>
<l>eget indhold, åndigt, rigt,</l>
<l>i den form, som folkets øje</l>
<l>kræver for sit eget digt;</l>
<l rend="indent">
                                <emph>det</emph> er livet:</l>
<l rend="indent">
                                <anchor type="lemma" xml:id="koB12_3176"/>mythe-vorden,</l>
<l>vekselfuld som alfepigen,</l>
<l>følge slægten i dens stigen,</l>
<l>følge tiders krav og orden, –</l>
<l>og se, denne lod på jorden</l>
<l rend="indent">blir Dem givet. –</l>
<l rend="line">I en skønheds-fattig tid</l>
<l>har det <anchor type="lemma" xml:id="koB12_3177"/>kvæget mig at følge</l>
<l>Deres færd på kunstens bølge,</l>
<l>under sol og medbør blid, –</l>
<l>kvæget mig at stirre did,</l>
<l>hvor, i skær af svale nætter,</l>
<l>sagnet sig om færden fletter.</l>
<l rend="line">
                                <pb n="[12]"/>Tag, som tak for synets trøst,</l>
<l>råbet af en seers røst:</l>
<l>underfuldt til Danmark bundet</l>
<l>skal De stå for slægters øje, –</l>
<l>bundet til en nat ved Sundet,</l>
<l>under mindets stjerner høje!</l>
                        </lg>
<signed>Henrik Ibsen.</signed>
</div>
</body>
</text>