<?xml version="1.0" encoding="UTF-8"?><text xmlns="http://www.tei-c.org/ns/1.0" xmlns:HIS="http://www.example.org/ns/HIS" rend="letter" corresp="B18610304JRD" xml:lang="da-no">
                <body>
<div type="letter">
<p>
                            <pb n="[1]"/>Af <HIS:hisRef type="org" target="Navneregister_HISe.xml#orgKNT">det norske Theaters</HIS:hisRef> Kasse bedes for min Regning udbetalt til <HIS:hisRef type="person" target="Navneregister_HISe.xml#peTWH">Hr: Sagfører <HIS:hisRef type="tcNote" xml:id="noteT12_187" target="B1844-1871ht_noter.xml" corresp="noteT12_187">Holtermann</HIS:hisRef>
                            </HIS:hisRef> 7 Sp <HIS:hisRef type="tcNote" xml:id="noteT12_188" target="B1844-1871ht_noter.xml" corresp="noteT12_188">3 ʄ,</HIS:hisRef> hvorfor herved kvitteres.</p>
<dateline>Christiania den <date>4/3. 61</date>.</dateline>
<signed>Henr: Ibsen</signed>
<salute>ST. <HIS:hisRef type="tcNote" xml:id="noteT12_189" target="B1844-1871ht_noter.xml" corresp="noteT12_189">Kassereren</HIS:hisRef> for det norske Theater Hr. Lieutenant J. Daa<unclear reason="writing">e</unclear>
                        </salute>
</div>
</body>
</text>