<?xml version="1.0" encoding="UTF-8"?><text xmlns="http://www.tei-c.org/ns/1.0" xmlns:HIS="http://www.example.org/ns/HIS" rend="letter" corresp="B18550627NTB" xml:lang="da-no">
                <front>
<pb n="[a]"/>
<HIS:envelope type="sheet">
<address>
<addrLine>Til</addrLine>
<addrLine>Bestyrelsen for det norske Theater.</addrLine>
</address>
</HIS:envelope>
</front>
<body>
<div type="letter">
<dateline>
                            <pb n="[1]"/>Bergen den <date>27/6. 55</date>. –</dateline>
<salute>Til Bestyrelsen for det norske Theater!</salute>
<p>Inden jeg seer mig istand til at besvare Bestyrelsens Skrivelse af 23<hi rend="raised">de</hi> d: M:, nødes jeg til at udbede mig den paatænkte Forandring i Instructørstillingerne nærmere betegnet. Af Bestyrelsens Brev fremgaaer, at der <HIS:hisRef type="tcNote" xml:id="noteT12_96" target="B1844-1871ht_noter.xml" corresp="noteT12_96">tilsigtes:</HIS:hisRef> en Ombytning af de mig og <HIS:hisRef type="person" target="Navneregister_HISe.xml#peHLaa">Hr. Laading</HIS:hisRef> for Tiden tillagte Functioner som Instructør. – Da der imidlertid for Tiden er os Begge, som Instructører, tillagt adskillige Functioner, hvilke ifølge deres Begreb ere Instructionsvæsnet uvedkommende, saa er jeg i Uvished om Bestyrelsen har tænkt at lægge enten den hos os hidtil gjældende <pb n="[2]"/>Praxis, eller Forretningernes indre Slægtskab til Grund for den paatænkte Forandring. Det Sidste forekommer mig ubetinget at være det hensigtsmæssigste; det samlede Instructionsvæsen maatte da overdrages til Een, – Regievæsnet, samt hvad dermed naturligen lader sig forene, til en Anden. Angaaende Gagenedsættelsen skal jeg ikke videre yttre mig forinden nærmere Oplysninger fra Bestyrelsen ere blevne mig meddeelte.</p>
<salute>ærb:</salute>
<signed>Henr: Ibsen</signed>
</div>
</body>
</text>