<?xml version="1.0" encoding="UTF-8"?><text xmlns="http://www.tei-c.org/ns/1.0" xmlns:HIS="http://www.example.org/ns/HIS" rend="letter" corresp="B18700306GB" xml:lang="da-no">
                <body>
<div type="letter">
<dateline>
                            <pb n="[1]"/>Dresden den <date>6<hi rend="raised">te</hi> Marts 1870</date>. –</dateline>
<salute>Kjære Herr Brandes!</salute>
<p>Naar jeg først idag besvarer Deres venlige Linjer, – der forøvrigt var blevne oppholdt undervejs, rimeligvis formedelst <anchor type="lemma" xml:id="koB12_2350"/>Isforholdene i Beltet, – saa er Grunden den, at jeg i flere Dage gik og var uenig med mig selv om jeg ikke strax skulde rejse opp till <HIS:hisRef type="place" target="Navneregister_HISe.xml#plKbh">Kjøbenhavn</HIS:hisRef>.</p>
<p>Ved nærmere Overvejelse er jeg imidlertid kommen paa det rene med at dette ikke gaar an da jeg alligevel nødvendigvis maa <anchor type="lemma" xml:id="koB12_2351"/>deropp till Sommeren. Jeg antager desuden at <anchor type="lemma" xml:id="koB12_2352"/>Rejseforberedelserne saa aldeles lægger Beslag paa Dem, at De ikke har Tanke for noget andet.</p>
<p>Jeg har for Øjeblikket ikke <pb n="[2]"/>Anledning till at se de danske Blade. Men <anchor type="lemma" xml:id="koB12_2353"/>nu er De naturligvis Doctor? Modtag min hjerteligste Lykønskning!</p>
<p>De siger at De ingen Venner har hjemme. Det har jeg længe tænkt. Naar man, som De, staar i et inderligt Personlighedsforhold till sin Livsgjerning, saa kan man egentlig ikke gjøre Fordring paa at beholde sine «Venner». Men jeg tror det er i Grunden godt for Dem, at De drager ud uden at efterlade Venner hjemme. Venner er en kostbar Luxus; og naar man sætter sin Kapital paa en Kaldelse og en Mission her i Livet, saa har man ikke Raad till at holde Venner. Det <anchor type="lemma" xml:id="koB12_2354"/>kostspielige ved at holde Venner ligger jo ikke i hvad man gjør for dem, men i hvad man af Hensyn till dem undlader at gjøre. Derved forkrøbles mange aandelige Spirer i en. Jeg har gjennemgaaet det, og derfor har jeg bag mig en Del Aar, hvori jeg ikke naaede frem till at blive mig selv.</p>
<p>
                            <pb n="[3]"/>Hermed vil jeg slutte for dennegang. Jeg beskjæftiger mig ofte med Dem, og har dannet mig et Billede af Dem baade i Nuet og i Fremtiden; thi saa lidet jeg end personligt kjender Dem, saa nær hænger De dog sammen med det, som jeg aandeligt ejer, lever paa og digter paa.</p>
<p>Jeg havde en hel Del at sige Dem forresten; men det faar være. – Takk for <anchor type="lemma" xml:id="koB12_2355"/>Deres Anmeldelse af <HIS:hisRef type="work" target="Navneregister_HISe.xml#woUF">
                                <anchor type="lemma" xml:id="koB12_3286"/>«De unges Forbund»</HIS:hisRef> og Takk for Deres Brev! Nu vil jeg ønske Dem Lykke og Glæde till alt det dejlige, der forestaar Dem. Skriv mig saa engang till dernede fra Solskinnet.</p>
<p>Kjære Ven, De maa tro mig, – jeg fordrer ikke den Slags Enighed, der i Almindelighed afgjør om et Forhold skal bevares.</p>
<salute>Deres hengivne</salute>
<signed>Henrik Ibsen.</signed>
</div>
</body>
</text>