<?xml version="1.0" encoding="UTF-8"?><text xmlns="http://www.tei-c.org/ns/1.0" xmlns:HIS="http://www.example.org/ns/HIS" rend="letter" corresp="B18741230FH" xml:lang="da-no">
<body>
<div type="letter">
<dateline>
                            <pb n="[1]"/>Dresden den <date>30<hi rend="raised">te</hi> December 1874</date>. –</dateline>
<salute>Kære herr Hegel!</salute>
<p>Herved tillader jeg mig at frembære min forbindtligste tak for den indholdsrige <anchor type="lemma" xml:id="koB13_1649"/>bogpakke, som jeg iforgårs havde den glæde at modtage. Det var mig en tilfredsstillelse at se at der også til denne jul er fremkommet så meget smukt i literaturen. Min egen deltagelse i vort boglige julemarked må jo dennegang desværre betragtes som mislykket. Af de norske aviser, hvis seneste nummer indbefatter den 24<hi rend="raised">de</hi>, ser jeg at <HIS:hisRef type="work" target="Navneregister_HISe.xml#woF2">
                                <anchor type="lemma" xml:id="koB13_1650"/>«Fru Inger til Østråt»</HIS:hisRef> ikke er ankommen til rette tid derop, idet bogen ikke averteres fra nogen boghandler og således ikke kommer til at deltage i den almindelige konkurrence. Dette kan ikke have sin grund i den <anchor type="lemma" xml:id="koB13_1651"/>særegne skriftsort, der er benyttet; thi <anchor type="lemma" xml:id="koB13_1652"/>andet oplag af <HIS:hisRef type="work" target="Navneregister_HISe.xml#woKG">«Kejser og Galilæer»</HIS:hisRef> blev trykt i omtrent 6 uger. Jeg kan derfor ikke andet end højlig beklage <anchor type="lemma" xml:id="koB13_1653"/>den mangelfulde tilstand, hvori de <HIS:hisRef type="place" target="Navneregister_HISe.xml#plKbh">københavnske</HIS:hisRef> papirfabrikker, bogtrykkerier og bogbinderværksteder for tiden synes at befinde <pb n="[2]"/>sig. – Medens jeg endnu levede i håbet om at alting også dennegang vilde gå med sædvanlig punktlighed, gav jeg mig til, af det først modtagne exemplar af «Fru Inger», at optage <anchor type="lemma" xml:id="koB13_1654"/>en ikke ganske kort fortegnelse over de i den nye udgave forekommende trykfejl, til brug ved et forventet nyt oplag. Med fremsendelsen af denne fortegnelse vil det vel nu desværre ikke have nogen hast. Dog, på det indtrufne uheld nytter det ikke mere at tænke. Jeg er jo <anchor type="lemma" xml:id="koB13_1655"/>ikke den eneste skadelidende, og jeg behøver naturligvis ikke at forsikkre, at jeg er fuldkommen forvisset om at der fra Deres side er gjort alt, hvad gøres kunde. <anchor type="lemma" xml:id="koB13_1656"/>Heller ikke falder det mig ind at tro at <HIS:hisRef type="person" target="Navneregister_HISe.xml#peAuLa">herr bogholder Larsen</HIS:hisRef> ikke også dennegang med sædvanlig samvittighedsfuldhed skulde have besørget korrekturlæsningen. Grunden til de mange fejl og unøjagtigheder må ene og alene søges i skødesløshed hos firmaet <anchor type="lemma" xml:id="koB13_1657"/>Jørgensen &amp; Comp. Herom har <anchor type="lemma" xml:id="koB13_1658"/>et fra herr Larsen modtaget brev tilfulde overtydet mig. –</p>
<p>Efterat have lettet mit hjerte i denne klagesang, vil jeg nu kun meddele at <anchor type="lemma" xml:id="koB13_1659"/>manuskriptet til <HIS:hisRef type="work" target="Navneregister_HISe.xml#woC2">«Catilina»</HIS:hisRef> snart er færdigt og skal være i Deres hænder senest inden midten af Januar. <pb n="[3]"/>Det vilde være mig kært om bogen kunde udkomme i slutningen af Marts eller i begyndelsen af April; thi omkring den tid <anchor type="lemma" xml:id="koB13_1660"/>udkom bogen første gang. Herom skal jeg fra <HIS:hisRef type="place" target="Navneregister_HISe.xml#plKri">Kristiania</HIS:hisRef> indhente nøjagtig oplysning.</p>
<p>Derhos tillader jeg mig at bede Dem vise mig den store tjeneste, for <anchor type="lemma" xml:id="koB13_1661"/>honoraret for «Fru Inger» at ville indkøbe for min regning nogle gode rentebærende papirer. Jeg tager gerne <HIS:hisRef type="tcNote" xml:id="noteT13_257" target="B1871-1879ht_noter.xml" corresp="noteT13_257">
                                <anchor type="lemma" xml:id="koB13_1662"/>sjællandske</HIS:hisRef> prioriterte jernbane-obligationer, såfremt disse kan erholdes til en kurs af nogle og <anchor type="lemma" xml:id="koB13_1663"/>halvfems. Hovedsagen for mig er at papirerne har utvivlsom sikkerhed.</p>
<p>Med tak for det gamle år og med de bedste ønsker om et glædeligt nytår for Dem og Deres kære tegner jeg mig</p>
<salute>Deres hengivne</salute>
<signed>Henrik Ibsen.</signed>
</div>
</body>
</text>