<?xml version="1.0" encoding="UTF-8"?><text xmlns="http://www.tei-c.org/ns/1.0" xmlns:HIS="http://www.example.org/ns/HIS" rend="letter" corresp="Budat185306RHo" xml:lang="da-no">
<body>
<div type="letter" subtype="poem">
<div type="letterpart" part="I">
<head type="letter">
                                <pb n="[1]"/>
                                <HIS:hisRef type="work" target="Navneregister_HISe.xml#woDiRose">Med en Rose</HIS:hisRef>.</head>
<lg>
<l>Min lille Rose! tilgiv, tilgiv!</l>
<l>Jeg bryder din Stengel, jeg ender dit Liv</l>
<l>Mellem Søskende smaa i Vrimlen!</l>
<l>Men sørg ei, – thi vid at jeg sender dig hen</l>
<l>For at vaagne, som Mennesket vaagner igjen, –</l>
<l rend="centre">– <emph>I Himlen</emph>!</l>
                            </lg>
</div>
<div type="letterpart" part="F">
<p>For at min stakkels lille Blomst ei skal blive skuffet, saa beder jeg Dem om ikke at <anchor type="lemma" xml:id="koB12_189"/>forsmaa den!</p>
<signed>H. I.</signed>
</div>
</div>
</body>
</text>