<?xml version="1.0" encoding="UTF-8"?><text xmlns="http://www.tei-c.org/ns/1.0" xmlns:HIS="http://www.example.org/ns/HIS" rend="letter" corresp="B18730223LDa" xml:lang="da-no">
<body>
<div type="letter">
<dateline>
                            <pb n="[1]"/>Dresden den <date>23<hi rend="raised">de</hi> Februar 1873</date>.</dateline>
<salute>Kære ven!</salute>
<p>At jeg, ved at henvende mig til Dig, henvendte mig til den rette, var jeg på forhånd viss på. Fuld bekræftelse her på fik jeg da også ved den hurtighed og udførlighed, hvormed Du var så god at <anchor type="lemma" xml:id="koB13_755"/>besvare mit brev.</p>
<p>Jeg selv var derimod forrige gang ikke ganske udførlig; jeg glemte at bemærke noget væsentligt, nemlig, at jeg nok gerne vilde vide den rette græske skrivemåde, men, vel at mærke, ikke for at bruge den i dens fulde renhed, men for at kunne afgøre, hvor langt jeg med berettigelse tør gå i at <anchor type="lemma" xml:id="koB13_756"/>skandinavisere de græske navne. – Jeg stræber nemlig efter en viss konformitet og vil nødig at de mange navne skal <anchor type="lemma" xml:id="koB13_757"/>stikke af imod hinanden indbyrdes. Da jeg nu benytter de forkortede, hos os naturaliserede former, <HIS:hisRef type="person" target="Navneregister_HISe.xml#peJu">Julian</HIS:hisRef>, <HIS:hisRef type="person" target="Navneregister_HISe.xml#peGreg">Gregor</HIS:hisRef>, o. s. v. så kan jeg ikke skrive rent <HIS:hisRef type="tcNote" xml:id="noteT13_122" target="B1871-1879ht_noter.xml" corresp="noteT13_122">græsk</HIS:hisRef> Basileios. Da nu Romerne har gjort dette navn til Basilius, – kan jeg så ikke <pb n="[2]"/>gøre det til Basilios? Dette vilde være mig så meget mere ønskeligt, som navnet (i mit stykke) stadigt nævnes sammen med mandens fødested: <HIS:hisRef type="place" target="Navneregister_HISe.xml#plCaes">
                                <anchor type="lemma" xml:id="koB13_758"/>Cæsaræa</HIS:hisRef>, og dette ords skrivemåde tør jeg igen ikke røre ved af den grund at <anchor type="lemma" xml:id="koB13_759"/>den romerske titel Cæsar så ofte forekommer i bogen.</p>
<p>Heraf, kære ven, vil <HIS:hisRef type="tcNote" xml:id="noteT13_123" target="B1871-1879ht_noter.xml" corresp="noteT13_123">Du</HIS:hisRef> have klargjort Dig mit synspunkt, hvilket ikke er noget <anchor type="lemma" xml:id="koB13_760"/>filologisk, men, som jeg tror, et for mig berettiget. <anchor type="lemma" xml:id="koB13_761"/>Hvad jeg, som altfor fremmed, ønsker at undgå er de græske tvelyde, ai, ei og oi. Jeg vil således gerne skrive Ædesios, Basilios, Ødipos.</p>
<p>Endvidere: Kan jeg skrive <HIS:hisRef type="person" target="Navneregister_HISe.xml#peCaes">Cæsari<emph>os</emph>
                            </HIS:hisRef>, eller hed manden (en broder af Gregor af Nazianz) Cæsari<emph>on</emph>? Bogstavet C<note resp="author">i nysnævnte navn.</note> <anchor type="lemma" xml:id="koB13_762"/>tør jeg af ovenstående grund ikke ombytte med K. (naturligvis!) – <anchor type="lemma" xml:id="koB13_763"/>Tør jeg skrive: kejser Konstanzios? Hed byen: Pergamon? Hed hundestjernen: Sirios? Er Hilari<emph>on</emph> rigtig græsk form?</p>
<p>Skulde der i ovenstående være noget altfor vanvittigt barbari, så vis mig den store tjeneste at <anchor type="lemma" xml:id="koB13_764"/>sende <HIS:hisRef type="person" target="Navneregister_HISe.xml#peFH">Hegel</HIS:hisRef> de fornødne rettelser; men vær sparsom dermed; thi <anchor type="lemma" xml:id="koB13_765"/>principet er det mig meget magtpåliggende at holde fast, såfremt det på nogen måde ved subtile argumenter kan forsvares.</p>
<p>
                            <HIS:hisRef type="person" target="Navneregister_HISe.xml#peEun">
                                <anchor type="lemma" xml:id="koB13_766"/>Eunapios</HIS:hisRef> har altså dog skrevet sin bog på latin; <anchor type="lemma" xml:id="koB13_767"/>min boghandler her forsikrede <pb n="[3]"/>mig at den var på græsk. Det glæder mig at se at biografien intet indeholder, som står i strid med hvad jeg forud kendte og havde benyttet.</p>
<p>
                            <HIS:hisRef type="work" target="Navneregister_HISe.xml#woKG">Det arbejde, jeg nu udgiver</HIS:hisRef>, blir mit hovedværk. Det <anchor type="lemma" xml:id="koB13_768"/>fører titelen: <anchor type="lemma" xml:id="koB13_769"/>«Kejser og Galilæer», og indeholder 1.) «Cæsars frafald», 2.) «Kejser Julian». Hvert af disse er et stort drama i fem akter. Stykket <HIS:hisRef type="tcNote" xml:id="noteT13_124" target="B1871-1879ht_noter.xml" corresp="noteT13_124">behandler</HIS:hisRef> en brydning mellem to uforsonlige magter i verdenslivet, som til alle tider vil gentage sig, og på grund af denne universalitet kalder jeg bogen <anchor type="lemma" xml:id="koB13_770"/>«et verdenshistorisk skuespil». Forresten findes der i karakteren Julian, ligesom i det meste af hvad jeg i de modnere år har <HIS:hisRef type="tcNote" xml:id="noteT13_125" target="B1871-1879ht_noter.xml" corresp="noteT13_125">skrevet</HIS:hisRef>, <anchor type="lemma" xml:id="koB13_771"/>mere åndeligt gennemlevet, end jeg gider gøre publikum rede for. Men det er på samme tid hel, fuld realistisk digtning; jeg har set skikkelserne for mine øjne i tidens lys, – og vil håbe at læserne gør det samme. –</p>
<p>Hjertelig tak for <anchor type="lemma" xml:id="koB13_772"/>det tilsendte om <HIS:hisRef type="person" target="Navneregister_HISe.xml#peLuH">Holberg</HIS:hisRef>! Det har været os en fest at læse denne lille bog, og vi vil endnu mangen god gang kunne begynde den forfra. At vi med en lignende lyst og glæde har læst dine forskellige <anchor type="lemma" xml:id="koB13_773"/>arbejder i Morgenbladet behøver jeg ikke at forsikre Dig om. Min tak for hjælpen imod <HIS:hisRef type="person" target="Navneregister_HISe.xml#peHJJ">Jensen</HIS:hisRef> håber jeg <anchor type="lemma" xml:id="koB13_774"/>fremkom gennem en tredjemand.</p>
<p>Jeg sidder og skriver dette sent på aftenen; <pb n="[4]"/>thi min hele dag er optagen af <HIS:hisRef type="tcNote" xml:id="noteT13_126" target="B1871-1879ht_noter.xml" corresp="noteT13_126">renskriverarbejde</HIS:hisRef>. – Lev vel! Jeg skal aldrig glemme den beredvillighed, hvormed Du i denne sag har villet hjælpe mig.</p>
<salute>Din hengivne ven</salute>
<signed>Henrik Ibsen.</signed>
</div>
</body>
</text>