<?xml version="1.0" encoding="UTF-8"?><text xmlns="http://www.tei-c.org/ns/1.0" xmlns:HIS="http://www.example.org/ns/HIS" rend="letter" corresp="B18660304BB" xml:lang="da-no">
<body>
<div type="letter">
<dateline>
                            <pb n="[1]"/>Rom den <date>4<hi rend="raised">de</hi> Marts 1866</date>.</dateline>
<salute>Kjære Bjørnson!</salute>
<p>Igaar modtog jeg fra <HIS:hisRef type="place" target="Navneregister_HISe.xml#plN">Norge</HIS:hisRef> et <anchor type="lemma" xml:id="koB12_1036"/>memento, saa bittert og saa saarende, at jeg hverken kan eller vil tro andet, end at der maa hvile en Misforstaaelse bagved. Sig mig, har Du i Midten af December modtaget et Brev fra mig, afsendt herfra indlagt i en Skrivelse fra <HIS:hisRef type="person" target="Navneregister_HISe.xml#peNR">Ravnkilde</HIS:hisRef> til Student <HIS:hisRef type="person" target="Navneregister_HISe.xml#peFB">F. Bætzman</HIS:hisRef>? Jeg skrev deri at jeg, i Henhold til hvad Du kort iforvejen havde underrettet mig om angaaende Dækkelsen af min Gjæld til <HIS:hisRef type="person" target="Navneregister_HISe.xml#peJB">Bravo</HIS:hisRef>, havde troet at turde vise Ravnkilde den Tjeneste at udstede en Anvisning paa Dig til Beløb 25 Sp:, hvilket Beløb jeg af ham modtog og indbetalte til Bravo. Endvidere skrev jeg at hvis en saadan Sum, tvertimod den Forhaabning Du tidligere havde udtalt, endnu ikke til Dig var indkommen, da anmodede jeg Dig om personlig at gjøre Udlægget, underrette mig derom og af mig erholde <anchor type="lemma" xml:id="koB12_1037"/>Kontraanvisning paa <HIS:hisRef type="person" target="Navneregister_HISe.xml#peFH">Hegel</HIS:hisRef>, hos hvem jeg intet har <anchor type="lemma" xml:id="koB12_1038"/>oppebaaret udenfor hvad Du ihøst sendte mig. Kjære Bjørnson, har dette krænket Dig, saa lad mig ikke pines i Uvished og i allehaande bittre og fortærende Formodninger, men skriv mig til og lad mig uforbeholdent vide hvorledes mit Brev har kunnet have en saadan Virkning. I Forhold til alt, <pb n="[2]"/>hvad Du saa varmt og <anchor type="lemma" xml:id="koB12_1039"/>højhjertet har gjort for mig derhjemme, <HIS:hisRef type="tcNote" xml:id="noteT12_282" target="B1844-1871ht_noter.xml" corresp="noteT12_282">var</HIS:hisRef> det jo dog kun som en Draabe i Havet at regne, hvad jeg dengang anmodede Dig om. Men nu igaar modtager Ravnkilde et i højeste Grad haanligt og uforskammet samt dertil i visse Maader uforklarligt Brev fra Bætzmann, hvori denne tilbagesender Anvisningen idet han bla<unclear reason="writing">ndt</unclear> andet betjener sig af Udtrykket «Sligt gaar ikke her». Dette Udtryk er det almindelige, naar man griber en Bedrager paa færsk Gjerning i Begreb med at forsøge paa en Kjæltringstreg, som man gjennemskuer og som derfor mislykkes! Men sligt maa ikke siges om mig; blev det sagt i min Nærværelse, slog jeg Vedkommende ihjæl paa Stedet. Kjære Bjørnson, hvis Du ved det, saa sig mig uforbeholdent hvad der har kunnet foranledige ham til at skrive saaledes. En Fejl har jeg maaske begaaet <HIS:hisRef type="tcNote" xml:id="noteT12_283" target="B1844-1871ht_noter.xml" corresp="noteT12_283">ved</HIS:hisRef> ikke strax at vedlægge Kontraanvisningen paa Hegel; hermed følger den og nu maa Du hjælpe mig til at faa Sagen fremmet; thi jeg kan ikke staa vanæret ligeover for Ravnkilde. Kjære Ven, at Du skulde kunne føle Dig foranlediget til engang at bryde med mig, ligger naturligvis ikke udenfor Mulighedernes Grænser; men at det skulde ske paa Grund af en Sag, som foranstaaende, <HIS:hisRef type="tcNote" xml:id="noteT12_284" target="B1844-1871ht_noter.xml" corresp="noteT12_284">det</HIS:hisRef> ved jeg er umuligt, dertil er Du for højsindet. Men derfor er det mig ogsaa saa uforklarligt at Du ikke med et Par Ord har svaret paa det mangt og meget, som jeg i mit Brev spurgte om. Gjør <pb n="[3]"/>det nu og hjælp mig ud af min Uvisshed. – Til <HIS:hisRef type="org" target="Navneregister_HISe.xml#orgStort">Storthing</HIS:hisRef> eller Regjering har jeg ifølge din Taushed om dette Punkt ikke indgivet nogen Ansøgning; jeg ved jo nok det vilde have været en spildt Ydmygelse. Om fornyet Rejsestipendium vil jeg dog søge, hvis Du tror det kan nytte til Noget. Sig mig tillige, gjælder <anchor type="lemma" xml:id="koB12_1040"/>den til <HIS:hisRef type="org" target="Navneregister_HISe.xml#orgKNVS">Trondhjem</HIS:hisRef> indsendte Ansøgning fremdeles, eller maa en ny indgives?</p>
<p>
                            <anchor type="lemma" xml:id="koB12_1041"/>I disse Dage udkommer formodentlig min Bog. Du kalder Hegel en nobel Mand, og det samme gjør <HIS:hisRef type="person" target="Navneregister_HISe.xml#peMT">Fru Thoresen</HIS:hisRef>; men jeg synes at hans Nobelhed er af <anchor type="lemma" xml:id="koB12_1042"/>den <HIS:hisRef type="person" target="Navneregister_HISe.xml#peDiM">ditmar-mejdelske</HIS:hisRef> Slags; han er hensynsfuld og rædd for at støde; jeg har havt <anchor type="lemma" xml:id="koB12_1043"/>tusende Vanskeligheder med ham og givet efter i alt for at faa <HIS:hisRef type="work" target="Navneregister_HISe.xml#woBr">min Bog</HIS:hisRef> ud til Jul, og saa udkom den dog ikke. Blandt andet sagde han, længe efter at Trykningen var begyndt, at Du havde betegnet ham mit Digt som henlagt til Oldtiden. Er der en Misforstaaelse heri? Jeg husker med Bestemthed at jeg engang tilskrev Dig at Stoffet var taget fra Nutidslivet, men at det <anchor type="lemma" xml:id="koB12_1044"/>ikke var nogen <HIS:hisRef type="work" target="Navneregister_HISe.xml#woKK">«Kjærlighedens Komedie»</HIS:hisRef>. At jeg under alt dette hverken har begjæret eller modtaget noget yderligere Forskudd fra ham kan Du vel begribe, og hvorledes jeg altsaa nu er situeret, ventende, fortæret af Spænding og Uro, imødeseende Bogen og dermed maaske Kamp og Anfald af alle Slags, ude af Stand til midt i alt dette at tage fat paa <pb n="[4]"/>noget nyt, som dog allerede ligger fuldbaaret i mig, – ja derom vil jeg ikke videre skrive. – Kjære Bjørnson, jeg synes at jeg ligesom ved et stort uendeligt Øde <HIS:hisRef type="tcNote" xml:id="noteT12_285" target="B1844-1871ht_noter.xml" corresp="noteT12_285">er</HIS:hisRef> skilt fra <anchor type="lemma" xml:id="koB12_1045"/>baade Gud og <HIS:hisRef type="tcNote" xml:id="noteT12_286" target="B1844-1871ht_noter.xml" corresp="noteT12_286">Mennesker</HIS:hisRef>; <anchor type="lemma" xml:id="koB12_1046"/>isommer, da jeg digtede mit Stykke, var jeg midt under Nøden og Pinagtighederne saa ubeskrivelig lykkelig, jeg følte en Korstogsjubel i mig, jeg ved ikke den Ting jeg skulde manglet Mod til at gaa imøde; men der er intet saa slappende og udhulende som denne trøstesløse Venten. Naa, det er vel en Overgang; jeg vil og skal have en Sejr engang. Har man villet mig saa ilde, som <anchor type="lemma" xml:id="koB12_1047"/>at sætte mig ind i denne Verden og gjort mig til den jeg er, saa faar det gaa derefter. – Ikke mere om de Sager. –</p>
<p>Et glædeligt og godt Aar vil jeg da, skjønt sent, ønske Dig og <HIS:hisRef type="person" target="Navneregister_HISe.xml#peKBj">Dine</HIS:hisRef> og <anchor type="lemma" xml:id="koB12_1048"/>al din Gjerning. Fra Dig har vi allerede modtaget den bedste Nytaarshilsen Du kunde sende; vi har faaet <anchor type="lemma" xml:id="koB12_1049"/>«<HIS:hisRef type="tcNote" xml:id="noteT12_287" target="B1844-1871ht_noter.xml" corresp="noteT12_287">De</HIS:hisRef> Nygifte» herned. Det er blevet forelæst hos <HIS:hisRef type="person" target="Navneregister_HISe.xml#peAnM">A. Munchs</HIS:hisRef> for en skandinavisk Kreds, som allesammen sender Dig sin gladeste Tak. Ja, saaledes maa Nutidsskuespillet forme sig hos os. Er det ikke forunderligt; det gryr og kviddrer og glittrer deroppe; <anchor type="lemma" xml:id="koB12_1050"/>Løftestænger, baade <HIS:hisRef type="tcNote" xml:id="noteT12_288" target="B1844-1871ht_noter.xml" corresp="noteT12_288">mægtige</HIS:hisRef> og blomstersmykkede, rækkes vort Folk, saaledes som intet andet Folk har dem i Samtiden; men de rejser sig ikke. Der er en Angst over mig som siger at <pb n="[5]"/>
                            <HIS:hisRef type="tcNote" xml:id="noteT12_289" target="B1844-1871ht_noter.xml" corresp="noteT12_289">
                                <supplied>d</supplied>er</HIS:hisRef> for vort Folk ikke er stillet Evigheden men kun en Termin. Naar jeg læser Beretningerne deroppe fra, naar jeg ser paa al denne respektable og agtværdige <anchor type="lemma" xml:id="koB12_1051"/>Trangbrystighed og Jordvendthed, da sker det med den samme Følelse, som den, hvormed den Afsindige stirrer ind i et eneste koncentreret, haabløst mørkt Punkt. – Hvad skeer der i og med <HIS:hisRef type="org" target="Navneregister_HISe.xml#orgChrTh">Theatret</HIS:hisRef>? Af Aviserne bliver jeg ikke klogere paa det, hvorom det gjælder, paa Stemningen. <HIS:hisRef type="person" target="Navneregister_HISe.xml#peLoB">
                                <anchor type="lemma" xml:id="koB12_1052"/>Fru Brun</HIS:hisRef> er død; det var et stort Tab; men <anchor type="lemma" xml:id="koB12_1053"/>
                            <HIS:hisRef type="person" target="Navneregister_HISe.xml#peJFB">Bruns</HIS:hisRef> Frelse maa være meget værd, siden den kunde kjøbes saa dyrt – og vil Prisen endda strække til? Jeg tror det ikke. – Min Bog faar Du saasnart den udkommer; det er mere end en Vennetjeneste Du viser mig, hvis Du derom siger mig helt og alt hvad Du derom har at sige. – <HIS:hisRef type="person" target="Navneregister_HISe.xml#peBD">
                                <anchor type="lemma" xml:id="koB12_1053a"/>Dunker</HIS:hisRef> sendte mig en Vexel til Nytaar; den kom i en god Stund. Glem ikke hvad jeg i mit forrige Brev bad Dig om: Oplysninger angaaende <anchor type="lemma" xml:id="koB12_1054"/>Kilden til den store Sum <HIS:hisRef type="tcNote" xml:id="noteT12_290" target="B1844-1871ht_noter.xml" corresp="noteT12_290">Du</HIS:hisRef> sidst sendte mig og som indtraf her saa velsignet belejligt. Gjentagende Tak derfor; men nogle <anchor type="lemma" xml:id="koB12_1055"/>gaadefulde Ord fulgte med; hvorledes skal jeg tyde dem? Sig mig ogsaa om jeg har <anchor type="lemma" xml:id="koB12_1056"/>noget at takke <HIS:hisRef type="person" target="Navneregister_HISe.xml#peFBPS">Pastor Sverdrup</HIS:hisRef> for; han opholder sig her og det er mig pinligt at omgaaes ham i Uvisshed om jeg muligens skulde skylde ham en Taksigelse som jeg ikke kan fremføre forinden jeg ved det. I <HIS:hisRef type="person" target="Navneregister_HISe.xml#peAMu">Fru Munch</HIS:hisRef> vil Du finde en beundrende Sjæl; hun har en <pb n="[6]"/>baade varm og fin Følelse og tusinde Gange <HIS:hisRef type="tcNote" xml:id="noteT12_291" target="B1844-1871ht_noter.xml" corresp="noteT12_291">m<supplied>e</supplied>re</HIS:hisRef> Højsind end Gemalen. – <anchor type="lemma" xml:id="koB12_1057"/>Min Rejseberetning samt Andragende om fornyet Stipendium indsender jeg hvis Du tror det kan nytte; støt mig og raad mig i denne Sag. Indlagte Brev er Du maaske saa god at give til Dunker. Sagen angaaende indlagte dobbele Anvisning er en Æressag; for Guds Skyld lad den blive ordnet og lad mig saa ved et godt Brev fra Dig rives ud af den pinlige Uvisshed hvori jeg gaar; <HIS:hisRef type="tcNote" xml:id="noteT12_292" target="B1844-1871ht_noter.xml" corresp="noteT12_292">Du er</HIS:hisRef> den eneste jeg har, Du ved ikke hvad det vil sige kun at have en eneste. – <anchor type="lemma" xml:id="koB12_1058"/>Til <HIS:hisRef type="person" target="Navneregister_HISe.xml#peCP">Clemens Petersen</HIS:hisRef> har jeg skrevet og bedet ham tage sig af min Bog forsaavidt hans Samvittighed tillader ham det. Af Kritiken i Norge venter jeg intet til Klargjørelse af Sagen; <anchor type="lemma" xml:id="koB12_1059"/>Anfaldene er jeg naturligvis vis paa. Naa, det faar gaa sin Gang, jeg har Retten paa min Side og de skal ikke faa mig bøjet. <HIS:hisRef type="tcNote" xml:id="noteT12_293" target="B1844-1871ht_noter.xml" corresp="noteT12_293">Farvel.</HIS:hisRef> Hils din Kone paa det Hjerteligste fra os og skriv snart til</p>
<salute>Din hengivne</salute>
<signed>Henrik Ibsen</signed>
</div>
<div type="postscript">
<p>P. S.</p>
<p>Min kjære Bjørnson! For dennegangs Skyld benytter jeg mig af <anchor type="lemma" xml:id="koB12_1060"/>dit Tilbud ikke at frankere; det sker nødtvungent – ikke frivilligt.</p>
<signed>H. I.</signed>
</div>
<div type="postscript">
<p>
                            <anchor type="lemma" xml:id="koB12_1061"/>
                            <HIS:hisRef type="person" target="Navneregister_HISe.xml#peRiN">Nordraachs</HIS:hisRef> Komposition til «Sigurd Slembe» opføres j<unclear reason="writing">æ</unclear>vnligt som Yndlingsstykke i <anchor type="lemma" xml:id="koB12_1062"/>Foreningen. Jeg ved at han desværre er eller har været syg. Hils ham.</p>
</div>
</body>
</text>