<?xml version="1.0" encoding="UTF-8"?><text xmlns="http://www.tei-c.org/ns/1.0" xmlns:HIS="http://www.example.org/ns/HIS" rend="letter" corresp="B18720421Kdep" xml:lang="da-no">
<body>
<div type="letter">
<salute>
                            <pb n="[1]"/>Til den kgl: norske regerings departement for kirke- og undervisnings-væsnet.</salute>
<p>Som tillæg til mit i afvigte Februar måned til det høje departement <anchor type="lemma" xml:id="koB13_440"/>indgivne andragende, gående ud på at erholde bevilget et stipendium af <anchor type="lemma" xml:id="koB13_441"/>det Schæfferske legat, stort 450 spdlr:, tillader jeg mig herved at anholde om at nævnte andragende også må komme i betragtning ved uddelingen af <anchor type="lemma" xml:id="koB13_442"/>de til videnskabsmænds og kunstneres rejser i udlandet bevilgede midler.</p>
<dateline>Dresden den <date>21<hi rend="raised">de</hi> April 1872</date>.</dateline>
<salute>Ærbødigst</salute>
<signed>Henrik Ibsen.</signed>
</div>
</body>
</text>