<?xml version="1.0" encoding="UTF-8"?><text xmlns="http://www.tei-c.org/ns/1.0" xmlns:HIS="http://www.example.org/ns/HIS" rend="letter" corresp="B18701220JB" xml:lang="da-no">
                <body>
<div type="letter">
<dateline>
                            <pb n="[1]"/>Dresden den <date>20<hi rend="raised">de</hi> December 1870</date> –</dateline>
<salute>Kjære og højstærede herr etatsråd!</salute>
<p>Ved at oversende <anchor type="lemma" xml:id="koB12_2717"/>indlagte brev, som jeg håber De med sædvanlig velvilje vil lade besørge, griber jeg anledningen til at underrette Dem om at jeg både personligt og skriftligt har gjort hvad der stod i min magt for at få udbetalt <anchor type="lemma" xml:id="koB12_2718"/>Deres tilgodehavende hos <HIS:hisRef type="person" target="Navneregister_HISe.xml#peAtD">hr: tom Dick</HIS:hisRef>, – men alt forgjæves. Hjemme har han ikke været at træffe og på mit brev har han ikke svaret. Dersom han ikke direkte har <HIS:hisRef type="tcNote" xml:id="noteT12_700" target="B1844-1871ht_noter.xml" corresp="noteT12_700">afgjort</HIS:hisRef> sagen med Dem, så er det mit råd at De henvender Dem til <HIS:hisRef type="person" target="Navneregister_HISe.xml#peCKas">vor herværende generalkonsul, baron Kaskel</HIS:hisRef>, som muligens kunde bringe den i orden.</p>
<p>Hvad restbeløbet af <anchor type="lemma" xml:id="koB12_2720"/>min gjæld til lånekassen angår, så skal den uopholdelig blive berigtiget når jeg ved årets udgang har fået bestemt at vide fra <HIS:hisRef type="place" target="Navneregister_HISe.xml#plKri">Christiania</HIS:hisRef> hvor meget «Morgenbladet» har kostet. –</p>
<p>Både <HIS:hisRef type="person" target="Navneregister_HISe.xml#peSuI">min kone</HIS:hisRef> og <HIS:hisRef type="tcNote" xml:id="noteT12_701" target="B1844-1871ht_noter.xml" corresp="noteT12_701">jeg</HIS:hisRef> længes stærkt efter <HIS:hisRef type="place" target="Navneregister_HISe.xml#plRom">det gamle kjære Rom</HIS:hisRef>, og det er <pb n="[2]"/>sandsynligt at vi <anchor type="lemma" xml:id="koB12_2721"/>på ny tager vort blivende ophold dernede. Det eneste, som volder os betænkeligheder, er uvisheden om hvorvidt der i <HIS:hisRef type="tcNote" xml:id="noteT12_702" target="B1844-1871ht_noter.xml" corresp="noteT12_702">Rom</HIS:hisRef> findes nogen ordentlig <anchor type="lemma" xml:id="koB12_2722"/>protestantisk skole. Skulde De ved lejlighed kunne og ville give mig nogen oplysning herom, så vilde jeg være Dem uendelig forbunden.</p>
<p>For øvrigt må jeg idag fatte mig i al korthed. Hvis det går an gjennem <HIS:hisRef type="person" target="Navneregister_HISe.xml#peSpi">Herr Spithöfer</HIS:hisRef> at få <anchor type="lemma" xml:id="koB12_2723"/>min bogpakke hertil, så ønskede jeg det snarest muligt.</p>
<p>En glad jul og et lykkeligt nyt år ønsker jeg Dem af ganske hjerte. Mange hilsener til mine venner og bekjendte blandt Skandinaverne. En forbindtligst kompliment til Dem fra min kone.</p>
<salute>Deres altid forbundne og hengivne</salute>
<signed>Henrik Ibsen.</signed>
</div>
</body>
</text>