<?xml version="1.0" encoding="UTF-8"?><text xmlns="http://www.tei-c.org/ns/1.0" xmlns:HIS="http://www.example.org/ns/HIS" rend="letter" corresp="B18700113RW" xml:lang="da-no">
<body>
<div type="letter">
<dateline>
                            <pb n="[1]"/>Dresden den <date>13<hi rend="raised">de</hi> Januar 1870</date>. –</dateline>
<salute>Kjære Watt!</salute>
<p>Jeg beder Dig tillgive at jeg først nu besvarer dit venlige Brev. Till min Undskyldning kan jeg kun anføre, at jeg er en meget daarlig Brevskriver, og at jeg siden min Hjemkomst har havt over 50 Breve at besvare.</p>
<p>Det glæder mig særdeles at høre at <anchor type="lemma" xml:id="koB12_2260"/>dit Blad trives saa godt. <anchor type="lemma" xml:id="koB12_2261"/>Rejsebrevene har jeg endnu ikke modtaget, men venter dem med Længsel.</p>
<p>
                            <anchor type="lemma" xml:id="koB12_2262"/>Den belovede Dedication er mig baade smigrende og et kjært Bevis paa dit venlige Sindelag. – Jeg kommer, imod Formodning, dog till at <anchor type="lemma" xml:id="koB12_2263"/>skrive nogle Rejseskildringer fra <HIS:hisRef type="place" target="Navneregister_HISe.xml#plEg">Egypten</HIS:hisRef>; men det bliver blot enkelte Episoder.</p>
<p>Jeg tænker ofte med Fornøjelse tillbage paa vort Samvær. <anchor type="lemma" xml:id="koB12_2264"/>Till <pb n="[2]"/>Sommeren agter jeg at gjæste <HIS:hisRef type="place" target="Navneregister_HISe.xml#plKbh">Kjøbenhavn</HIS:hisRef>, og da haaber jeg vi træffes der. Hils imidlertid <HIS:hisRef type="person" target="Navneregister_HISe.xml#peEBo">Erik Bøgh</HIS:hisRef> og takk ham tusinde Gange for <anchor type="lemma" xml:id="koB12_2265"/>hans Anmeldelse af <HIS:hisRef type="work" target="Navneregister_HISe.xml#woUF">
                                <anchor type="lemma" xml:id="koB12_3281"/>«De unges Forbund»</HIS:hisRef>. –</p>
<p>Tiden siden min Hjemkomst har været en ren <anchor type="lemma" xml:id="koB12_2266"/>Spægelsestid for alle Specialdjævle; selv Julen har ikke gjort noget synderligt Afbrækk heri.</p>
<p>Angaaende <anchor type="lemma" xml:id="koB12_2267"/>biografiske Notitser m.m. om mig, maa jeg først og fremst anbefale det af Universitetsbibliothekar <HIS:hisRef type="person" target="Navneregister_HISe.xml#pePBH">P: Botten-Hansen</HIS:hisRef> i <HIS:hisRef type="place" target="Navneregister_HISe.xml#plKri">Christiania</HIS:hisRef> paa Fransk udgivne Værk: <anchor type="lemma" xml:id="koB12_2268"/>
                            <HIS:hisRef type="tcNote" xml:id="noteT12_604" target="B1844-1871ht_noter.xml" corresp="noteT12_604">«la</HIS:hisRef> Norvége literaire», samt en <anchor type="lemma" xml:id="koB12_2269"/>paa tydsk skreven Biografi, <HIS:hisRef type="tcNote" xml:id="noteT12_605" target="B1844-1871ht_noter.xml" corresp="noteT12_605">der</HIS:hisRef>, som jeg hører, om ganske kort Tid vil blive trykket i «Leipziger Illustrirte Zeitung». <anchor type="lemma" xml:id="koB12_2270"/>En Oversættelse af <HIS:hisRef type="work" target="Navneregister_HISe.xml#woBr">«Brand»</HIS:hisRef> vil om kort Tid udkomme, rimeligvis ogsaa i <HIS:hisRef type="place" target="Navneregister_HISe.xml#plLei">Leipzig</HIS:hisRef>.</p>
<p>Og hermed Farvel for dennegang. Hils alle fælles Venner og Bekjendte fra</p>
<salute>din hengivne</salute>
<signed>Henrik Ibsen.</signed>
</div>
</body>
</text>