<?xml version="1.0" encoding="UTF-8"?><text xmlns="http://www.tei-c.org/ns/1.0" xmlns:HIS="http://www.example.org/ns/HIS" rend="letter" corresp="B18680427FH" xml:lang="da-no">
                <body>
<div type="letter">
<dateline>
                            <pb n="[1]"/>Rom den <date>27<hi rend="raised">de</hi> April 1868</date>.–</dateline>
<salute>Kjære Hr: Cancelliraad Hegel!</salute>
<p>Med den opprigtigste Deltagelse erfarer jeg af Aviserne <anchor type="lemma" xml:id="koB12_1715"/>den tunge Sorg, som i denne Tid har rammet Dem. Under saadanne Tillskikkelser ligger der kun ringe Trøst i hvad Tredjemand kan have at sige, og jeg skal derfor indskrænke mig till rett inderligt af Hjertet at ønske <HIS:hisRef type="tcNote" xml:id="noteT12_483" target="B1844-1871ht_noter.xml" corresp="noteT12_483">Dem</HIS:hisRef> Kraft og Styrke.</p>
<p>Det skulde ikke have faldet mig ind under disse sørgelige Forholde at besvære Dem med Forrettningsbreve, dersom jeg ikke allerede havde indrettet mig paa den 9<hi rend="raised">de</hi> Mai at afrejse herfra for at tillbringe Sommeren i <HIS:hisRef type="place" target="Navneregister_HISe.xml#plNoIt">Norditalien</HIS:hisRef> eller <HIS:hisRef type="place" target="Navneregister_HISe.xml#plTy">Tyrol</HIS:hisRef>. Af denne Grund nødes jeg till at besvære Dem med en Anmodning om med omgaaende Post at maatte erholde en <anchor type="lemma" xml:id="koB12_1716"/>Vexel <emph>paa <HIS:hisRef type="place" target="Navneregister_HISe.xml#plPa">Paris</HIS:hisRef>
                            </emph> till Beløb 357 Rd. 39, <pb n="[2]"/>(saaledes nemlig, at de resterende 400 Rd. blive henstaaende hos Dem for engang senere at kunne hæves.)</p>
<p>Deres venlige Brev af 19<hi rend="raised">de</hi> Marts med <anchor type="lemma" xml:id="koB12_1717"/>vedlagt Aarsregning har jeg modtaget og takker Dem paa det forbindtligste for begge Dele. <anchor type="lemma" xml:id="koB12_1718"/>Den omskrevne Bogpakke er derimod endnu ikke kommen mig ihænde; jeg agter derfor at tillskrive <HIS:hisRef type="person" target="Navneregister_HISe.xml#peHLo">Hr. Loescher</HIS:hisRef> derom. <anchor type="lemma" xml:id="koB12_1719"/>Norsk Folkeblad <HIS:hisRef type="tcNote" xml:id="noteT12_484" target="B1844-1871ht_noter.xml" corresp="noteT12_484">og</HIS:hisRef> de mange andre kjærkomne <anchor type="lemma" xml:id="koB12_1720"/>Avisuddrag, samt først og fremst <anchor type="lemma" xml:id="koB12_1721"/>«Fiskerjenten» har jeg faaet; den sidste dog først igaar (jeg ser af Stemplet at den har henligget flere Dage paa Postkontoret her) og har derfor ikke endnu faaet læst den tillende.</p>
<p>Saasnart jeg, efter et kortere Opphold i <HIS:hisRef type="place" target="Navneregister_HISe.xml#plFir">Florentz</HIS:hisRef> og andre Steder undervejs, er kommen till Ro for Sommeren, skal jeg tillskrive Dem og lade Dem vide hvorledes det gaar med <anchor type="lemma" xml:id="koB12_1722"/>mit nye Arbejde.</p>
<p>Hilsen till <HIS:hisRef type="person" target="Navneregister_HISe.xml#peBB">Bjørnson</HIS:hisRef>, <HIS:hisRef type="person" target="Navneregister_HISe.xml#peGB">Brandes</HIS:hisRef> og andre Venner; og till Dem selv gjentagen Forsikkring om al hjertelig Deltagelse.</p>
<salute>Deres hengivne</salute>
<signed>Henrik Ibsen.</signed>
</div>
</body>
</text>