<?xml version="1.0" encoding="UTF-8"?><text xmlns="http://www.tei-c.org/ns/1.0" xmlns:HIS="http://www.example.org/ns/HIS" rend="letter" corresp="B18731110JHT" xml:lang="da-no">
<body>
<div type="letter">
<dateline>
                            <pb n="[1]"/>Dresden den <date>10<hi rend="raised">de</hi> November 1873</date>. –</dateline>
<salute>Kære svoger!</salute>
<p>Undskyld at jeg idag ulejliger Dem med en forespørgsel i et forretningsanliggende.</p>
<p>Som De ved havde jeg allerede for lang tid siden afsluttet <anchor type="lemma" xml:id="koB13_1183"/>kontrakt med <HIS:hisRef type="org" target="Navneregister_HISe.xml#orgGyl">Gyldendalske boghandel</HIS:hisRef> om udgivelsen af en ny udgave af <HIS:hisRef type="work" target="Navneregister_HISe.xml#woHH">«Hærmændene på Helgeland»</HIS:hisRef>. Da kom <anchor type="lemma" xml:id="koB13_1184"/>den <HIS:hisRef type="person" target="Navneregister_HISe.xml#peHJJ">Jensenske</HIS:hisRef> eftertryksaffære imellem, og sagen blev indtil videre stillet i bero i påvente af at det betræffende retsspørgsmål inden kort tid vilde være løst. Der er nu imidlertid to år forløbne og endnu er der <anchor type="lemma" xml:id="koB13_1185"/>ingen dom falden. Jeg kan imidlertid ikke længere vente med den nye udgave, <emph>der allerede <anchor type="lemma" xml:id="koB13_1186"/>længe har ligget færdig</emph>. Hertil har jeg forskellige grunde. Først min forpligtelse lige over for <HIS:hisRef type="person" target="Navneregister_HISe.xml#peFH">Hegel</HIS:hisRef>. Dernæst hensynet til tidspunktet, nemlig nu, da <HIS:hisRef type="work" target="Navneregister_HISe.xml#woKG">
                                <anchor type="lemma" xml:id="koB13_1187"/>«Kejser og Galilæer»</HIS:hisRef> er udkommet. Det er nemlig <anchor type="lemma" xml:id="koB13_1188"/>et fast princip i den rationelle måde, hvorpå Hegel og jeg <pb n="[2]"/>driver udgivelsen af mine bøger, at vi altid lader et nyt oplag af et ældre skrift følge umiddelbart ovenpå offentliggørelsen af et forhen utrykt; thi netop da er opmærksomheden i forøget grad henvendt på mine arbejder, <anchor type="lemma" xml:id="koB13_1189"/>hvorved afsætningen går så meget hurtigere og rigeligere <anchor type="lemma" xml:id="koB13_1190"/>fra hånden. Endelig frygter jeg for at «Hærmændene», <anchor type="lemma" xml:id="koB13_1191"/>ved længere at holdes ude af boghandelen, skal som herreløst gods hjemfalde til hvilkensomhelst spekulant; thi en sådan bestemmelse findes jo i vor barbariske lovgivning betræffende den literære ejendomsret.</p>
<p>Jeg kan ikke antage at sagernes juridiske stilling for mig vil undergå nogen forandring til det værre derved at jeg, følgende min modparts exempel, udgiver bogen forinden retten har afgivet sin kendelse. Jeg beder Dem meddele <HIS:hisRef type="person" target="Navneregister_HISe.xml#peESta">advokat <anchor type="lemma" xml:id="koB13_1192"/>Stang</HIS:hisRef> dette brev, håber at De vil drøfte spørgsmålet med ham og vil være Dem meget taknemmelig for ret snart at erfare <anchor type="lemma" xml:id="koB13_1193"/>resultatet.</p>
<p>Tillad mig derhos det spørgsmål om der ikke tiltrænges penge til processens fremme? Jeg vilde nødig at De eller advokat Stang skulde <anchor type="lemma" xml:id="koB13_1194"/>stå i forskud for mig. Ethvert somhelst fornødent beløb <pb n="[3]"/>kan til enhver tid på forlangende <anchor type="lemma" xml:id="koB13_1195"/>præsteres fra <HIS:hisRef type="place" target="Navneregister_HISe.xml#plKbh">København</HIS:hisRef>.</p>
<p>Jeg <anchor type="lemma" xml:id="koB13_1196"/>ser af aviserne at også <HIS:hisRef type="person" target="Navneregister_HISe.xml#peAI">skuespiller Isachsen</HIS:hisRef>, ved oplæsninger, forsøger på, ligesom bogtrykker Jensen, at udbytte min literære virksomhed til fordel for sig selv. Kan sådant hos os virkelig ikke forbydes? <anchor type="lemma" xml:id="koB13_1197"/>I andre lande vilde det være ligefrem ulovligt.</p>
<p>Forhåbentlig er <anchor type="lemma" xml:id="koB13_1198"/>min nye bog kommen Dem rigtig ihænde. Tak for den i begyndelsen af Oktober modtagne veksel. Hjertelig hilsen fra os alle gennem</p>
<salute>Deres altid hengivne</salute>
<signed>Henrik Ibsen.</signed>
</div>
</body>
</text>