<?xml version="1.0" encoding="UTF-8"?><text xmlns="http://www.tei-c.org/ns/1.0" xmlns:HIS="http://www.example.org/ns/HIS" rend="letter" corresp="B18650120SF" xml:lang="da-no">
<body>
<div type="letter">
<salute>
                            <pb n="[1]"/>Til Direktionen for den skandinaviske Forening i Rom!</salute>
<p>Undertegnede, Henr: Ibsen, tillader sig herved ærbødigst at fremsætte følgende Forslag til Behandling og eventuel Vedtagelse af den forestaaende extraordinære Generalforsamling:</p>
<p>1.) I <anchor type="lemma" xml:id="koB12_865"/>
                            <HIS:hisRef type="org" target="Navneregister_HISe.xml#orgSF">Foreningens</HIS:hisRef> Loves § XI b, saalydende «Finner have Adgang til Foreningen som Skandinaver» indskydes mellem «Finner» og «have» Ordene og <anchor type="lemma" xml:id="koB12_866"/>
                            <emph>
                                <HIS:hisRef type="tcNote" xml:id="noteT12_213" target="B1844-1871ht_noter.xml" corresp="noteT12_213">«danske</HIS:hisRef> Slesvigere».</emph>
                        </p>
<p>2.) § XII saalydende: «Det Medlem, som tilfældigvis ønsker <HIS:hisRef type="tcNote" xml:id="noteT12_214" target="B1844-1871ht_noter.xml" corresp="noteT12_214">at indføre</HIS:hisRef> en Fremmed i Foreningen, maa dertil have Tilladelse af Bestyrelsens Formand» faar følgende <HIS:hisRef type="tcNote" xml:id="noteT12_755" target="B1844-1871ht_noter.xml" corresp="noteT12_755">Tillæg:</HIS:hisRef>
                        </p>
<p>
                            <pb n="[2]"/>
                            <emph>
                                <anchor type="lemma" xml:id="koB12_867"/>«Tydskere kunne ikke indføres i Foreningen».</emph>
                        </p>
<dateline>Rom den <date>20<hi rend="raised">de</hi> Januar 1865</date>.</dateline>
<signed>Henr: Ibsen</signed>
</div>
<div type="postscript">
<p>Ovenstaaende tvende Forslag vedtages af:</p>
<signed>Carl Bloch</signed> <signed>Vilh. Petersen.</signed>
<signed>Prior</signed> <signed>S. Falkm<unclear>an</unclear>
                        </signed>
<signed>Albert Rubenson.</signed> <signed>Valdemar Sthyr.</signed>
<signed>L. Dietrichson.</signed>
</div>
</body>
</text>