<?xml version="1.0" encoding="UTF-8"?><text xmlns="http://www.tei-c.org/ns/1.0" xmlns:HIS="http://www.example.org/ns/HIS" rend="letter" corresp="B18671015MT" xml:lang="da-no">
<body>
<div type="letter">
<dateline>
                            <pb n="[1]"/>Sorrento den <date>15<hi rend="raised">de</hi> October 1867</date>. –</dateline>
<salute>Kjære Svigermoder!</salute>
<p>Jeg vil ganske visst ikke forsøge at rettfærdiggjøre min lange Taushed; jeg kan kun bede Dig tillgive. Fra Uge till anden har jeg foresatt mig at skrive et langt Brev; men her, som i al min øvrige Brevvexling er jeg bleven staaende ved Forsættet.</p>
<p>Till <anchor type="lemma" xml:id="koB12_1559"/>
                            <HIS:hisRef type="person" target="Navneregister_HISe.xml#peSaLu">Saras</HIS:hisRef> Giftermaal lykkønsker jeg Dig paa det Hjerteligste og beder Dig bringe hende min bedste Hilsen. Det glæder mig opprigtigt for hendes Skyld at hun faar sit Hjem i <HIS:hisRef type="place" target="Navneregister_HISe.xml#plKbh">Kjøbenhavn</HIS:hisRef>; for de norske Livsforholde tror jeg ikke at hun var særligt anlagt, og ligger heri nogen Forklejnelse, saa rammer den Forholdene og ikke hende. – Jeg begriber mangegange ikke hvorledes Du holder ud deroppe! Livet deroppe, saaledes som det nu staar for mig har noget ubeskrivelig kjedende ved sig; det kjeder Aanden ud af ens Væsen, kjeder Dygtigheden ud af ens Vilje; det er det forbandede ved de smaa Forholde, at de gjør Sjælene smaa. – Nu bliver vel <anchor type="lemma" xml:id="koB12_1560"/>
                            <HIS:hisRef type="person" target="Navneregister_HISe.xml#peDFa">Dorothea</HIS:hisRef> ogsaa <pb n="[2]"/>snart hentet hjemmefra, og saa er Du jo ikke saa fast bunden. <HIS:hisRef type="place" target="Navneregister_HISe.xml#plIt">Italien</HIS:hisRef> bør og maa Du se, ikke paa en flygtig Gjennemrejse, men under et længere Opphold. Faa <anchor type="lemma" xml:id="koB12_1561"/>Rejsestipendium, ikke <emph>søg</emph>, men kræv, forlang; paa anden Maade gaar det ikke; sætt Penne og Munde igang; der burde jo ikke behøves saa mange <anchor type="lemma" xml:id="koB12_1562"/>Anstalter; men uden dem faar man intet frem hjemme; – ja vel heller ikke andetsteds.</p>
<p>Om min Rejse kan jeg ikke fortælle stort i et Brev. <anchor type="lemma" xml:id="koB12_1563"/>Omtrent i Midten af Mai tog vi till <HIS:hisRef type="place" target="Navneregister_HISe.xml#plIsc">Ischia</HIS:hisRef>, blev der till midt i August og har siden færdedes paa denne <anchor type="lemma" xml:id="koB12_1564"/>sydlige Side af Golfen, manøvrerende for at undgaa <anchor type="lemma" xml:id="koB12_1565"/>Kolera o. s. v. I Slutningen af denne Maaned tager vi tillbage till <HIS:hisRef type="place" target="Navneregister_HISe.xml#plRom">Rom</HIS:hisRef>; <anchor type="lemma" xml:id="koB12_1566"/>
                            <HIS:hisRef type="place" target="Navneregister_HISe.xml#plVat">Pavestaten</HIS:hisRef> er, som Du vel ved, i Oprør og vi vil jo gjerne se lidt af de Affærer. –</p>
<p>Jeg har fuldført et nyt dramatisk Digt, som udkommer till Jul; det skal højlig interessere mig at vide hvad Du synes derom. Digtet heder <HIS:hisRef type="work" target="Navneregister_HISe.xml#woPG">«Peer Gynt»</HIS:hisRef> efter Hovedpersonen, om hvem der staar at læse i <anchor type="lemma" xml:id="koB12_1567"/>
                            <HIS:hisRef type="person" target="Navneregister_HISe.xml#pePCA">Asbjørnsens</HIS:hisRef> Huldreeventyr. Det er ikke meget, jeg har havt at bygge paa, men desto friere har jeg da ogsaa kunnet tumle med Stoffet efter mit eget Behov.</p>
<p>Af <HIS:hisRef type="person" target="Navneregister_HISe.xml#peFH">Hegel</HIS:hisRef> hører jeg, at <anchor type="lemma" xml:id="koB12_1568"/>din nye Bog først kommer till Vaaren og at det bliver en stor Bog. <pb n="[3]"/>Mere vides ikke; men jeg glæder mig <HIS:hisRef type="tcNote" xml:id="noteT12_449" target="B1844-1871ht_noter.xml" corresp="noteT12_449">og</HIS:hisRef> længes efter at faa den. Den Fordel har man dog ved at leve i Udlandet, at man modtager det nationale Liv hjemmefra renset og i Extrakt; hvad der foregaar paa Gader og Stræder forskaanes man for, og det er en Vinding. Norske Aviser, yngre end Begyndelsen af Mai Maaned, har vi ikke seet.</p>
<p>Hvorledes gaar det <HIS:hisRef type="person" target="Navneregister_HISe.xml#peTK">
                                <anchor type="lemma" xml:id="koB12_1569"/>Thomas</HIS:hisRef>? Holder han fast ved sit <anchor type="lemma" xml:id="koB12_1570"/>Forsætt at gaa till Theatret, og er han i saa Fald opptraadt? Forholdene for en Kunstner er jo ikke meget lokkende i <HIS:hisRef type="place" target="Navneregister_HISe.xml#plN">Norge</HIS:hisRef>, men gaar hans virkelige Kald i den Rettning, saa er jo derimod intet at sige. – <HIS:hisRef type="person" target="Navneregister_HISe.xml#peAxT">
                                <anchor type="lemma" xml:id="koB12_1571"/>Axel</HIS:hisRef> er jo en flink Gut. Han har vel nu ikke lang Tid af Skolegangen tillbage? –</p>
<p>At <HIS:hisRef type="person" target="Navneregister_HISe.xml#peCT">Bogtrykker <anchor type="lemma" xml:id="koB12_1572"/>Tønsberg</HIS:hisRef> anmoder mig om Bidrag till en Bog, som han vil udgive, har i høj Grad forundret mig. Da jeg rejste fra Norge ernærede bemeldte Tønsberg sig blandt andet ogsaa som Udgiver af <anchor type="lemma" xml:id="koB12_1573"/>et Smudsblad, hvori jeg, som saa mange andre, jævnlig blev æreskjændt paa den for deslige Aviser almindelige Maade. Hvorvidt han fremdeles fortsætter denne Bedrift, er mig ubekjendt. Men jeg agter ikke at kjøbe mine Fiender, og Hr. Tønsberg faar aldrig en Linje fra min Haand.</p>
<p>
                            <HIS:hisRef type="person" target="Navneregister_HISe.xml#peSuI">Susannas</HIS:hisRef> Brev fra Ischia haaber jeg <pb n="[4]"/>Du har modtaget. Hun og <HIS:hisRef type="person" target="Navneregister_HISe.xml#peSiI">Sigurd</HIS:hisRef> lever vel. Nogle forbigaaende Feberanfald ere heldigt overstaaede efter faa Dage. Begge færdes meget ude i Bjergene og imidlertid arbejder jeg. – Nu har vi kun <anchor type="lemma" xml:id="koB12_1574"/>
                            <HIS:hisRef type="place" target="Navneregister_HISe.xml#plPom">Pompeji</HIS:hisRef> og Museet i Neapel igjen og saa, som vi haaber, till det kjære <HIS:hisRef type="tcNote" xml:id="noteT12_450" target="B1844-1871ht_noter.xml" corresp="noteT12_450">Rom.</HIS:hisRef> Det skulde gjøre mig ondt om Politiken og Vrøvlet ogsaa der fik Indpass; dog, sent eller tidligt vil det sagtens ske.</p>
<p>Gid Du nu maa beholde fuld og kraftig Helbred mens du arbejder paa din Bog; hvorledes Du kan arbejde under <HIS:hisRef type="tcNote" xml:id="noteT12_451" target="B1844-1871ht_noter.xml" corresp="noteT12_451">Sygdom</HIS:hisRef> og Lidelser, er mig ufatteligt. – En Bemærkning maa Du ikke blive vred over: Vær omhyggelig med Sproget i <HIS:hisRef type="tcNote" xml:id="noteT12_452" target="B1844-1871ht_noter.xml" corresp="noteT12_452">din</HIS:hisRef> nye Bog; der findes i <anchor type="lemma" xml:id="koB12_1575"/>«Signes Historie» og dine øvrige Fortællinger mange Udtrykk og Vendinger, der paa Norsk betyder noget ganske andet, end hvad Du har ment; og endnu flere findes der, som hverken er eller nogensinde har været Norske. <anchor type="lemma" xml:id="koB12_1576"/>Provindsforvanskninger, som ingen Rod har i Oldsproget, maa man ikke opptage; raadfør Dig, hvor Du ikke er sikker, og tag ikke ilde opp at jeg gjør oppmærksom herpaa; det er bedre at faa det privat i et Brev, <HIS:hisRef type="tcNote" xml:id="noteT12_453" target="B1844-1871ht_noter.xml" corresp="noteT12_453">end</HIS:hisRef> offentlig i en Kritik; og sent eller tidligt vil jo en og anden kunne kaste sig over denne Sag som jo er <anchor type="lemma" xml:id="koB12_1577"/>et Stridsemne for Tiden; vi maa ikke give <anchor type="lemma" xml:id="koB12_1578"/>Modstanderne Vaaben ihænde. – Hjertelig Hilsen till eder alle fra Din hengivne</p>
<signed>Henrik Ibsen.</signed>
</div>
</body>
</text>