<?xml version="1.0" encoding="UTF-8"?><text xmlns="http://www.tei-c.org/ns/1.0" xmlns:HIS="http://www.example.org/ns/HIS" rend="letter" corresp="B18500210OS" xml:lang="da-no">
<front>
<pb n="[a]"/>
<HIS:envelope type="sheet">
<address>
<addrLine>Til</addrLine>
<addrLine>Herr Stud: jur: O. Schulrud.</addrLine>
<addrLine>Addr. Madame Sæther</addrLine>
<addrLine>Pipervigen</addrLine>
<addrLine>Christiania.</addrLine>
</address>
<stamp>Betalt</stamp>
</HIS:envelope>
</front>
<body>
<div type="letter">
<dateline>Grimstad <date>10/2. 50</date>.</dateline>
<salute>Min kjære Ven!</salute>
<p>Nogle Ord i største Hast. –</p>
<p>Indlagte Digt som jeg i <emph>vemodig Begeistring</emph> nedskrev ved Efterretningen om <HIS:hisRef type="person" target="Navneregister_HISe.xml#peAGOe">
                                <anchor type="lemma" xml:id="koB12_55"/>Oehlenschlägers</HIS:hisRef> Død beder jeg dig at lade <anchor type="lemma" xml:id="koB12_56"/>indrykke i Chr:posten snarest muligt. – I din Skrivelse til <HIS:hisRef type="person" target="Navneregister_HISe.xml#peCLD">Due</HIS:hisRef> for en Maaned siden siger du at du tilskriver mig <anchor type="lemma" xml:id="koB12_57"/>med <emph>næste</emph> Post, jeg er følgelig i min fulde Ret naar jeg forventer dit Brev med næste Post; jeg behøver vel ikke at forsikkre dig med hvilken Længsel det imødesees.</p>
<p>Lev vel</p>
<salute>Din Ven</salute>
<signed>Henr. Ibsen.</signed>
</div>
</body>
</text>