<?xml version="1.0" encoding="UTF-8"?><text xmlns="http://www.tei-c.org/ns/1.0" xmlns:HIS="http://www.example.org/ns/HIS" rend="letter" corresp="B18720229JL" xml:lang="da-no">
<body>
<div type="letter">
<p>
                            <pb n="[1]"/>I Anledning af <anchor type="lemma" xml:id="koB13_305"/>Deres igår modtagne skrivelse, dateret 14<hi rend="raised">de</hi> Febr, må jeg beklage at samme i flere fornødne punkter er for lidet oplysende til at jeg skulde kunne se mig istand til at afgive noget bestemt svar paa den fremsatte anmodning.</p>
<p>De henvender Dem til mig som medlem af <anchor type="lemma" xml:id="koB13_306"/>Haralds-komitéen, men jeg får ikke vide, om henvendelsen er at betragte som udgaaet fra Dem personlig, eller i følge en fattet komité-beslutning. Jeg maa forudsætte det første, thi i modsat fald turde jeg have kunnet forvente en henvendelse fra den samlede komité.</p>
<p>Dernæst savner jeg kundskab om hvorvidt Haralds-komitéens kompetence strækker sig udenfor <anchor type="lemma" xml:id="koB13_307"/>Anskaffelsen af monumentet samt udenfor den med sammes <pb n="[2]"/>indvielse forbundne lokale festligheder, – med andre ord, om hvorvidt Haraldskomitéen er at betragte som <anchor type="lemma" xml:id="koB13_308"/>festkomité for det hele land. – Hvis dette ikke er tilfældet indser jeg ikke at nævnte komité vil have den <anchor type="lemma" xml:id="koB13_309"/>fornødne myndighed til at foranstalte en af mig muligens digtet kantate afsungen i landets samtlige kirker.</p>
<p>Endelig forstaar jeg ikke ganske hensigten med Deres yttring at De tror <HIS:hisRef type="tcNote" xml:id="noteT13_44" target="B1871-1879ht_noter.xml" corresp="noteT13_44">Herr</HIS:hisRef> <HIS:hisRef type="person" target="Navneregister_HISe.xml#peJLi">
                                <anchor type="lemma" xml:id="koB13_310"/>Jonas Lie</HIS:hisRef> også vil indsende en sang. Hvis hermed skal antydes at man har henvendt sig til flere for gjennem et slags <HIS:hisRef type="tcNote" xml:id="noteT13_45" target="B1871-1879ht_noter.xml" corresp="noteT13_45">konkurrance</HIS:hisRef> at udvælge det formentlig bedste så tjener hermed til Underretning at jeg ønsker at forblive udenfor.</p>
<p>Under alle omstændigheder forekommer mig tiden for festforberedelserne og for <pb n="[3]"/>programmets endelige vedtagelse nu at være rykket så nær, at jeg må reservere mig imod ethvert ansvar lige over for de ulemper, som en muligen fortsat og tilsidst muligen resultatløs korrespondence med mig om denne sag kunde foranledige.</p>
<dateline>Dresden den <date>29<hi rend="raised">de</hi> Febr 1872</date>.</dateline>
<signed>Henrik Ibsen</signed>
<salute>Til Hr Joh Lorange Skudesnæshavn.</salute>
</div>
</body>
</text>