<?xml version="1.0" encoding="UTF-8"?><text xmlns="http://www.tei-c.org/ns/1.0" xmlns:HIS="http://www.example.org/ns/HIS" rend="letter" corresp="B18690922RK" xml:lang="da-no">
                <body>
<div type="letter">
<dateline>
                            <pb n="[1]"/>Stockholm den <date>22<hi rend="raised">de</hi> Sept<hi rend="raised">br</hi> 1869</date>.</dateline>
<salute>Herr Richard Kaufmann!</salute>
<p>Som Svar paa Deres meget ærede Skrivelse af 18<hi rend="raised">de</hi> dennes beklager jeg at maatte meddele at jeg af flere Grunde ikke ser mig istand till at yde noget Bidrag till <anchor type="lemma" xml:id="koB12_2163"/>den paatænkte Nytaarsgave.</p>
<p>Idet jeg beder Dem modtage Forsikringen om min Paaskjønnelse af Deres smigrende Oppfordring tegner jeg mig</p>
<salute>med Højagtelse ærbødigst</salute>
<signed>Henrik Ibsen.</signed>
</div>
</body>
</text>