<?xml version="1.0" encoding="UTF-8"?><text xmlns="http://www.tei-c.org/ns/1.0" xmlns:HIS="http://www.example.org/ns/HIS" rend="letter" corresp="B18730823NN_Samtidigt" xml:lang="da-no">
<body>
<div type="letter">
<p>
                            <HIS:hisRef type="tcNote" xml:id="noteT13_164a" target="B1871-1879ht_noter.xml" corresp="noteT13_164a">
                                <gap/>
                            </HIS:hisRef>
                        </p>
<p>Samtidigt med dette Brev vil rimeligvis <anchor type="lemma" xml:id="koB13_997"/>Prisfordelingens Resultat være <HIS:hisRef type="tcNote" xml:id="noteT13_165" target="B1871-1879ht_noter.xml" corresp="noteT13_165">Dem</HIS:hisRef> bekjendt. At de af vor Jury-Gruppe fattede Beslutninger skulde ved Behandlingen i <anchor type="lemma" xml:id="koB13_998"/>Præsidenternes Raad have undergaaet nogen Forandring, er ikke tænkeligt. Dette Raad har nemlig efter Dokument No. 76 § XII kun Myndighed til at beslutte angaaende Æresdiplomer, medens efter samme Dokuments § XI Gruppejuryen selv har den afgjørende Stemme for alle andre Prisbelønningers Vedkommende.</p>
<p>For det Tilfælde, at det muligens kunde interessere et større Publikum, og da de paa Forhaand meddelte officielle Fortegnelser ere unøiagtige, skal jeg tillade mig at opregne de Personer, af hvilke Jury-Funktionen i 25<hi rend="raised">de</hi> Gruppe faktisk blev udøvet:</p>
<p>Præsident: Grev <HIS:hisRef type="person" target="Navneregister_HISe.xml#peFGFdC">
                                <anchor type="lemma" xml:id="koB13_999"/>F. de <HIS:hisRef type="tcNote" xml:id="noteT13_165a" target="B1871-1879ht_noter.xml" corresp="noteT13_165a">Crenneville</HIS:hisRef>
                            </HIS:hisRef>, østerrigsk General og Hofmarchal; Vicepræsidenter: <HIS:hisRef type="person" target="Navneregister_HISe.xml#peEMe">Hr. <HIS:hisRef type="tcNote" xml:id="noteT13_165b" target="B1871-1879ht_noter.xml" corresp="noteT13_165b">Meisonnier</HIS:hisRef>
                            </HIS:hisRef> og <HIS:hisRef type="person" target="Navneregister_HISe.xml#peVHvR">Hertugen af Ratibor</HIS:hisRef>; Jurymedlemmer: for <HIS:hisRef type="place" target="Navneregister_HISe.xml#plBelg">Belgien</HIS:hisRef>, <HIS:hisRef type="person" target="Navneregister_HISe.xml#peBell">Mr. Bellefroid</HIS:hisRef>, Generaldirektør ved de offentlige Kunstsamlinger, og <HIS:hisRef type="person" target="Navneregister_HISe.xml#peJong">Vikomte de Jonghe d’Ardoye</HIS:hisRef>, belgisk <anchor type="lemma" xml:id="koB13_1000"/>Gesandt i <HIS:hisRef type="place" target="Navneregister_HISe.xml#plWien">Wien</HIS:hisRef>; <anchor type="lemma" xml:id="koB13_1001"/>for <HIS:hisRef type="place" target="Navneregister_HISe.xml#plDk">Danmark</HIS:hisRef>, Arkitekten <HIS:hisRef type="person" target="Navneregister_HISe.xml#peTHa">Theophilus Hansen</HIS:hisRef>; for <HIS:hisRef type="place" target="Navneregister_HISe.xml#plFr">Frankrige</HIS:hisRef>, <HIS:hisRef type="person" target="Navneregister_HISe.xml#peLBo">Historiemaleren Bonnat</HIS:hisRef>, <HIS:hisRef type="person" target="Navneregister_HISe.xml#peMC">Mr. M. Cottier</HIS:hisRef>, Medlem af Komiteen for de skjønne Kunster, <HIS:hisRef type="person" target="Navneregister_HISe.xml#pePDu">Mr. Paul Dubois</HIS:hisRef> ligesaa, samt <HIS:hisRef type="person" target="Navneregister_HISe.xml#peADa">Mr. Darcel</HIS:hisRef>, Bestyrer af de offentlige Gobelins-Fabriker; for <HIS:hisRef type="place" target="Navneregister_HISe.xml#plHe">Grækenland</HIS:hisRef> <HIS:hisRef type="person" target="Navneregister_HISe.xml#peND">Hr. <anchor type="lemma" xml:id="koB13_1001a"/>Dumba</HIS:hisRef>; for <HIS:hisRef type="place" target="Navneregister_HISe.xml#plHoll">Holland</HIS:hisRef> Genremaleren <HIS:hisRef type="person" target="Navneregister_HISe.xml#peHtK">H. ten Kate</HIS:hisRef>; for <HIS:hisRef type="place" target="Navneregister_HISe.xml#plIt">Italien</HIS:hisRef> <HIS:hisRef type="person" target="Navneregister_HISe.xml#peCBoi">Signore Boito</HIS:hisRef>, Professor i Arkitektur ved Kunstakademiet i <HIS:hisRef type="place" target="Navneregister_HISe.xml#plMil">Milano</HIS:hisRef>, Billedhuggeren Professor <HIS:hisRef type="person" target="Navneregister_HISe.xml#peGDu">Giovanni Dupré</HIS:hisRef> i <HIS:hisRef type="place" target="Navneregister_HISe.xml#plFir">Florens</HIS:hisRef>, <HIS:hisRef type="person" target="Navneregister_HISe.xml#peCMar">Cavaliere Mariani</HIS:hisRef>, Professor ved Akademiet San Luca i <HIS:hisRef type="place" target="Navneregister_HISe.xml#plRom">Rom</HIS:hisRef>, Maleren <HIS:hisRef type="person" target="Navneregister_HISe.xml#peFPa">Cavaliere Palizzi</HIS:hisRef> i <HIS:hisRef type="place" target="Navneregister_HISe.xml#plNa">Neapel</HIS:hisRef> og <HIS:hisRef type="person" target="Navneregister_HISe.xml#peGSt">
                                <anchor type="lemma" xml:id="koB13_1002"/>Cavaliere Giov. Strazza</HIS:hisRef>, Billedhugger og Prof. i Milano; for <HIS:hisRef type="place" target="Navneregister_HISe.xml#plN">Norge</HIS:hisRef> Henrik Ibsen (der tillige repræsenterede Danmark i Sektionerne for Billedhuggerkunst og Maleri); for <HIS:hisRef type="place" target="Navneregister_HISe.xml#plRus">Rusland</HIS:hisRef> Hr. <HIS:hisRef type="person" target="Navneregister_HISe.xml#peAPB">A. Bogolouboff</HIS:hisRef>, Professor ved Kunstakademiet i <HIS:hisRef type="place" target="Navneregister_HISe.xml#plStP">St. Petersburg</HIS:hisRef>, samt Maleren <HIS:hisRef type="person" target="Navneregister_HISe.xml#pePAB">P. <anchor type="lemma" xml:id="koB13_1003"/>Bruloff</HIS:hisRef>, for <HIS:hisRef type="place" target="Navneregister_HISe.xml#plSv">Schweitz</HIS:hisRef> Mr. <HIS:hisRef type="person" target="Navneregister_HISe.xml#peTdS">Theodore de Saussure</HIS:hisRef> i <HIS:hisRef type="place" target="Navneregister_HISe.xml#plGenf">Genf</HIS:hisRef>; for <HIS:hisRef type="place" target="Navneregister_HISe.xml#plSE">Sverige</HIS:hisRef> Overintendant Kabinetskammerherre <HIS:hisRef type="person" target="Navneregister_HISe.xml#peDard">v. Dardel</HIS:hisRef>; for <HIS:hisRef type="place" target="Navneregister_HISe.xml#plD">Tyskland</HIS:hisRef> Billedhuggeren <HIS:hisRef type="person" target="Navneregister_HISe.xml#peBA">Afinger</HIS:hisRef>, Malerne <HIS:hisRef type="person" target="Navneregister_HISe.xml#peLKn">Knaus</HIS:hisRef>, <HIS:hisRef type="person" target="Navneregister_HISe.xml#peKvP">Piloty</HIS:hisRef>, <HIS:hisRef type="person" target="Navneregister_HISe.xml#peESchl">Schleich</HIS:hisRef> og <HIS:hisRef type="person" target="Navneregister_HISe.xml#peCCHS">Steffeck</HIS:hisRef> samt Direktør ved Kobberstiksamlingen i <HIS:hisRef type="place" target="Navneregister_HISe.xml#plBerl">Berlin</HIS:hisRef>, Professor <HIS:hisRef type="person" target="Navneregister_HISe.xml#peHWe">Hermann Weiss</HIS:hisRef>; for <HIS:hisRef type="place" target="Navneregister_HISe.xml#plSpa">Spanien</HIS:hisRef> Maleren <HIS:hisRef type="person" target="Navneregister_HISe.xml#peDTPT">Don Dioscoro Puebla</HIS:hisRef>; for <HIS:hisRef type="place" target="Navneregister_HISe.xml#plUng">Ungarn</HIS:hisRef> <HIS:hisRef type="person" target="Navneregister_HISe.xml#peFPvCuL">Ridder v. Pulszky</HIS:hisRef>, Direktør ved Nationalmuseet i Pesth, og <HIS:hisRef type="person" target="Navneregister_HISe.xml#peGRa">Hr. G. Ráht</HIS:hisRef>, Medlem af <anchor type="lemma" xml:id="koB13_1004"/>Hofretten sammesteds; for <HIS:hisRef type="place" target="Navneregister_HISe.xml#plOst">Østerrige</HIS:hisRef> Billedhuggeren <HIS:hisRef type="person" target="Navneregister_HISe.xml#peKCo">C. Costenoble</HIS:hisRef>, Regjeringsraad <HIS:hisRef type="person" target="Navneregister_HISe.xml#peEvE">Eduard Engerth</HIS:hisRef>, Professor <HIS:hisRef type="person" target="Navneregister_HISe.xml#peHvF">H. v. Ferstel</HIS:hisRef>, Maleren <HIS:hisRef type="person" target="Navneregister_HISe.xml#peFF">F. Friedländer</HIS:hisRef>, Profor <HIS:hisRef type="person" target="Navneregister_HISe.xml#peLJac">L. Jacoby</HIS:hisRef>, Professor <HIS:hisRef type="person" target="Navneregister_HISe.xml#peCKu">C. Kundmann</HIS:hisRef>, Maleren <HIS:hisRef type="person" target="Navneregister_HISe.xml#peAO">Adolf <anchor type="lemma" xml:id="koB13_1005"/>Obernmüllner</HIS:hisRef> og Maleren <HIS:hisRef type="person" target="Navneregister_HISe.xml#peHRo">H. von Rodakowsky</HIS:hisRef>. <HIS:hisRef type="place" target="Navneregister_HISe.xml#plEng">England</HIS:hisRef> og <HIS:hisRef type="place" target="Navneregister_HISe.xml#plAm">Amerika</HIS:hisRef> havde ikke udnævnt Jurymænd i 25<hi rend="raised">de</hi> Gruppe. Juryen valgte derfor en Komite inden sin Midte til at gjøre Indstilling angaaende disse Lande.</p>
<p>Af de for Maleri tilkjendte Medaljer erholdt Østerrige 81, <anchor type="lemma" xml:id="koB13_1006"/>Tyskland 152, Ungarn 14, Frankrige 138, Schweitz 26, <anchor type="lemma" xml:id="koB13_1007"/>Belgien 76, Holland 24, <anchor type="lemma" xml:id="koB13_1008"/>Danmark 7, <anchor type="lemma" xml:id="koB13_1009"/>Norge 9, <anchor type="lemma" xml:id="koB13_1010"/>Sverige 9, Spanien 14, Grækenland 2, Amerika 2, Italien 48, England 29, Rusland 29. Landene ere her opregnede i den Orden, hvori deres Udstillinger kom under Bedømmelse.</p>
<p>Jeg kunde her med Lethed meddele forskjellige statistiske Talstørrelser til Sammenligning; men noget sandt Indblik i de internationale Kunstforhold vilde disse ikke give. Det gaar ikke an saaledes, som <anchor type="lemma" xml:id="koB13_1011"/>nogle Tidningskorrespondenter har gjort, at sammenligne det paa de enkelte Lande faldne Antal af Medaljer med Antallet af de fra hvert Land udstillede Malerier; thi medens enkelte Landes Malere i Regelen kun er repræsenterede med et Billede, saa har andre Lande fremsendt et større Antal Billeder for hver Maler; men i begge Tilfælde erholder den udstillende Kunstner jo kun en Medalje. Heller ikke vilde en Sammenligning mellem Medaljernes og de udstillende Maleres Antal for hvert Land give noget korrekt Billede af det forholdsvise kunstneriske Høidepunkt, hvorpaa de forskjellige Nationer fortiden befinder sig. Mange andre Omstændigheder maa nemlig tages med i Beregningen. Saaledes har f. Ex. nogle Lande stillet sine bedste udstillende Kunstnere udenfor Konkurranse ved at udnævne dem til Jurymænd, medens andre Landes Jurymedlemmer ere valgte udenfor Kunstnerstanden. Hertil kommer desuden, at Medaljer kun kunde tildeles nulevende Kunstnere, og det kun for Verker, der ere tilblevne efter Aaret 1863, en Omstændighed, hvorpaa enkelte Lande, især England, ikke har lagt nogen Vegt, og hvoraf ogsaa Følgen var, at <anchor type="lemma" xml:id="koB13_1012"/>den engelske Udstilling, skjønt næsten udelukkende bestaaende af Mesterverker, kun erholdt et forholdsvis ringe Antal Medaljer. Særligt maa ogsaa lægges Mærke til den høist forskjellige Grad af Strenghed, som de respektive <anchor type="lemma" xml:id="koB13_1013"/>Komiteer paa Hjemstederne har udvist ligeoverfor anmeldte Udstillingsgjenstande. Fra nogle Lande synes man at have modtaget omtrent alt, hvad der er blevet tilbudt, medens man paa andre Steder, især i Rusland og Belgien, kun har udstillet de Arbeider, der i sig selv indebar ialfald en Mulighed for ogsaa at kunne prisbelønnes. I flere af disse Omstændigheder tilsammen maa man søge Forklaringen til den Kjendsgjerning, at f. Ex. Belgien erholdt forholdsvis 50 pCt. flere Prismedaljer end Frankrige. At dette Forholdstal ingenlunde udtrykker det sande Forhold mellem de to Landes kunstneriske Udviklingsgrad, vil være indlysende for enhver Sagkyndig.</p>
<p>Tiltrods for disse tildels uundgaaelige <HIS:hisRef type="tcNote" xml:id="noteT13_165c" target="B1871-1879ht_noter.xml" corresp="noteT13_165c">Uoverensstemmelser</HIS:hisRef> maa det dog siges, at den nuværende internationale Kunstudstilling i Wien frembyder et overordentlig rigt Materiale til kulturhistorisk Belysning af vor Samtid. Navnlig vil den mægtigt bidrage til at berigtige visse feilagtige Meninger og til at bortrydde visse Fordomme, som hidtil har været gjældende. Jeg sigter her nærmest til den gjængse Lære om, at den slaviske <anchor type="lemma" xml:id="koB13_1014"/>Folkestamme liden eller ingen Del tager i det store fælles civiliserende Samarbeide. Det <anchor type="lemma" xml:id="koB13_1015"/>Bekjendtskab, som <HIS:hisRef type="place" target="Navneregister_HISe.xml#plEu">Europa</HIS:hisRef> i de senere Aar har gjort med den russiske Digtning, syntes at burde have afkræftet en saadan Paastand; men er dette end ikke hidtil lykkes, saa nærer jeg ingen Tvivl om, at Wienerudstillingen vil kalde en ganske anden og rigtigere Anskuelse tillive. Udstillingen lærer os, <anchor type="lemma" xml:id="koB13_1016"/>at Rusland indenfor alle den bildende Kunsts Omraader staar fuldstændig paa Samtidens Høider. Den friskeste og mest energiske nationale Opfatning er her forbunden med en uovertræffelig Teknik, og det er ingenlunde en Vildfarelse, grundet paa den slaaende Virkning af de <anchor type="lemma" xml:id="koB13_1017"/>uvanlige Motiver, naar jeg paastaar, at Rusland har en <anchor type="lemma" xml:id="koB13_1018"/>Malerskole, fuldt jevnbyrdig med Tysklands, <anchor type="lemma" xml:id="koB13_1019"/>Frankriges eller hvilketsomhelst andet Lands.</p>
<p>Noget Lignende kan med god <anchor type="lemma" xml:id="koB13_1020"/>Føie siges om <anchor type="lemma" xml:id="koB13_1021"/>Ungarn, ialfald for Figurmaleriets Vedkommende. Den Fristelse, som Forekomsten af <anchor type="lemma" xml:id="koB13_1022"/>prunkende Nationaldragter stiller for en dygtig Kolorist, har de ungarske Malere lykkelig vidst at undgaa; intetsteds i den ungarske Afdeling vil man støde paa Billeder, der har faaet sin Tilblivelse i det Øiemed at sammenstille virkningsfulde Farvemodsætninger i Klædningsstykker, Smykker og lignende.</p>
<p>Jeg har her væsentlig dvælet ved Maleriafdelingen, der jo for os maa have den meste Interesse, og hvori jeg tror, at vi med Ære har været repræsenterede, omend <anchor type="lemma" xml:id="koB13_1023"/>ikke samtlige af vore udstillende Kunstnere er mødt frem med sine bedste Billeder. At vore yngre Malere, tiltrods for al Dygtighed, vilde kunne lære overordentlig meget ved et <HIS:hisRef type="tcNote" xml:id="noteT13_166" target="B1871-1879ht_noter.xml" corresp="noteT13_166">Besøg</HIS:hisRef> i Wien er ubestrideligt, og en stor og for vor Kunst frugtbringende Gjerning vilde det være, om man paa nogen Maade kunde sætte nogle af dem istand til at foretage en saadan Udflugt. Ledige Stipendier er, saavidt jeg ved, ikke forhaanden, men jeg tænker paa, om ikke <anchor type="lemma" xml:id="koB13_1024"/>Kunstforeningen, baade i <HIS:hisRef type="place" target="Navneregister_HISe.xml#plKri">Christiania</HIS:hisRef> og i andre Byer, kunde hjælpe gjennem Bestillinger paa Billeder <HIS:hisRef type="tcNote" xml:id="noteT13_166c" target="B1871-1879ht_noter.xml" corresp="noteT13_166c">
                                <supplied>saalede</supplied>s</HIS:hisRef> at Beløbene udbetaltes forskudsvis med Forpligtelse for Vedkommende til at anvende ialfald en Del af Pengene til en Wienerreise. Hvem ved, dersom dette Forslag bragtes offentlig paa Bane, om ikke ogsaa nogle af vore Rigmænd kunde træde hjælpende til.</p>
<p>
                            <HIS:hisRef type="tcNote" xml:id="noteT13_166a" target="B1871-1879ht_noter.xml" corresp="noteT13_166a">
                                <gap/>
                            </HIS:hisRef>
                        </p>
</div>
</body>
</text>