<?xml version="1.0" encoding="UTF-8"?><text xmlns="http://www.tei-c.org/ns/1.0" xmlns:HIS="http://www.example.org/ns/HIS" rend="letter" corresp="B18731230FH" xml:lang="da-no">
<body>
<div type="letter">
<dateline>
                            <pb n="[1]"/>Dresden den <date>30<hi rend="raised">te</hi> December 1873</date>.</dateline>
<salute>Kære herr Hegel!</salute>
<p>Tillad mig herved med et par ord at sende Dem min forbindtligste tak såvel for Deres sidste venlige brev med vedlagt <anchor type="lemma" xml:id="koB13_1317"/>bevis for de 1200 Thaler, som især for den store værdifulde og righoldige <anchor type="lemma" xml:id="koB13_1318"/>bogpakke, hvilken jeg havde den glæde at modtage julaften og som i så væsentlig grad har <HIS:hisRef type="tcNote" xml:id="noteT13_202" target="B1871-1879ht_noter.xml" corresp="noteT13_202">bidraget</HIS:hisRef> til at skaffe os en hyggelig og interessant højtid.</p>
<p>Og nu da året med stærke skridt nærmer sig sin ende, vil jeg med det samme sende Dem min varmeste tak og hilsen for alt godt i dette snart forløbne tidsrum! Det har været et godt år for mig og jeg beder Dem være forvisset om at jeg fuldt erkender at netop forbindelsen med Dem har havt en væsentlig andel heri. Det er mit håb og ønske at også det kommende år må for os begge bringe gode resultater af vor samvirken. Jeg har <anchor type="lemma" xml:id="koB13_1319"/>adskillig <pb n="[2]"/>nyt i tankerne og det klarner sig mere og mere, så jeg synes det ikke kan vare længe før jeg begynder at skrive. Men under alle omstændigheder – et godt og glædeligt nyt-år! Og i dette ønske, der omfatter både Dem selv, <HIS:hisRef type="person" target="Navneregister_HISe.xml#peJH">Deres søn</HIS:hisRef> og Deres familjekreds, beder <HIS:hisRef type="person" target="Navneregister_HISe.xml#peSuI">min hustru</HIS:hisRef> at måtte deltage, idet hun, og ikke mindre <HIS:hisRef type="person" target="Navneregister_HISe.xml#peSiI">min lille gut</HIS:hisRef>, herved frembærer sin varmeste taksigelse for de modtagne bøger.</p>
<p>I håb om at disse linjer må træffe Dem sund og glad på årets første dag, tegner jeg mig</p>
<salute>Deres hjertelig hengivne</salute>
<signed>Henrik Ibsen.</signed>
</div>
</body>
</text>