<?xml version="1.0" encoding="UTF-8"?><text xmlns="http://www.tei-c.org/ns/1.0" xmlns:HIS="http://www.example.org/ns/HIS" rend="letter" corresp="B18730430FH" xml:lang="da-no">
<body>
<div type="letter">
<dateline>
                            <pb n="[1]"/>Dresden den <date>30<hi rend="raised">te</hi> April 1873</date>.</dateline>
<salute>Kære herr Hegel!</salute>
<p>Atter har jeg den fornøjelse at <anchor type="lemma" xml:id="koB13_857"/>oversende Dem 48 sider manuskript, hvoraf jeg nu har et så stort forråd liggende færdigt at det resterende kun vil medtage 8–14 dages arbejde. Jeg håber at forrige pakke, senere end afsendelsen af <HIS:hisRef type="tcNote" xml:id="noteT13_136" target="B1871-1879ht_noter.xml" corresp="noteT13_136">Deres</HIS:hisRef> venlige brev af 25<hi rend="raised">de</hi> dennes, er kommen Dem rigtig ihænde. Skulde nogen uvedkommende anmode om at få læse manuskriptet, beder jeg Dem om ikke at tillade sådant.</p>
<p>Det er mig kært at arbejdet med <HIS:hisRef type="work" target="Navneregister_HISe.xml#woKK">
                                <anchor type="lemma" xml:id="koB13_858"/>«Kærlighedens komedie»</HIS:hisRef> allerede er så langt fremmet. <anchor type="lemma" xml:id="koB13_859"/>Typerne til den nye bog vil forhåbentlig ikke ret længe lade vente på sig.</p>
<p>Det er ganske <anchor type="lemma" xml:id="koB13_860"/>rigtigt at de to navne: «en vagtfører» og «en soldat» <emph>ikke</emph> udstryges. Når de to nye navne er indsatte på den angivne plads i personlisten, så er alt i orden.</p>
<p>Til <HIS:hisRef type="place" target="Navneregister_HISe.xml#plWien">Wien</HIS:hisRef> afrejser jeg antageligvis herfra den 12<hi rend="raised">te</hi> Juni – <anchor type="lemma" xml:id="koB13_861"/>juryens sammentræden er fastsat til den 16<hi rend="raised">de</hi> – og skal jeg da tillade mig snarest muligt at opgive Dem min adresse dersteds.</p>
<p>Forberedelserne til denne rejse kræver adskillige udlæg, hvilke jeg først senere – og det kun delvis – kan vente refunderede. I henhold til Deres godhedsfulde tidligere tilbud tillader jeg mig <pb n="[2]"/>at forespørge om De vil komme mig til hjælp med et forskud til beløb 300 (tre hundrede) rdlr. dansk, forsendte i veksel eller preussiske penge. Når jeg allerede nu anmoder Dem herom, så er det fordi <anchor type="lemma" xml:id="koB13_862"/>opførelsen af «Kærlighedens komedie» på <HIS:hisRef type="org" target="Navneregister_HISe.xml#orgChrTh">Kristiania theater</HIS:hisRef> fremdeles lader vente på sig.</p>
<p>Fra <HIS:hisRef type="person" target="Navneregister_HISe.xml#peGB">G: Brandes</HIS:hisRef> havde jeg brev igår og tilskriver ham idag. Til hans <anchor type="lemma" xml:id="koB13_863"/>nye bog glæder jeg mig meget.</p>
<p>Efter flere måneders sommervejr har vi igen fåt det bitterlig koldt, til stor skade for <anchor type="lemma" xml:id="koB13_864"/>frugtavlen, som her er af overordentlig vigtighed. Idag synes vejret dog igen at ville bedre sig. Mange danske passerer <HIS:hisRef type="place" target="Navneregister_HISe.xml#plDre">Dresden</HIS:hisRef> i denne tid. <HIS:hisRef type="person" target="Navneregister_HISe.xml#peRW">R: Watt</HIS:hisRef> og maleren <HIS:hisRef type="person" target="Navneregister_HISe.xml#peCBogh">C. Bøgh</HIS:hisRef> har besøgt mig på gennemrejsen til Wien. Jeg glæder mig meget til dernede at træffe Deres <anchor type="lemma" xml:id="koB13_865"/>udstillingskommissær, kammerherre <HIS:hisRef type="person" target="Navneregister_HISe.xml#peFWo">Wolfhagen</HIS:hisRef>, som er en gammel romersk bekendt og en i alle måder særdeles elskværdig mand.</p>
<p>Med de forbindtligste hilsener til Dem og <HIS:hisRef type="person" target="Navneregister_HISe.xml#peJH">Deres søn</HIS:hisRef> tegner jeg mig</p>
<salute>Deres hjertelig hengivne</salute>
<signed>Henrik Ibsen.</signed>
</div>
</body>
</text>