<?xml version="1.0" encoding="UTF-8"?><text xmlns="http://www.tei-c.org/ns/1.0" xmlns:HIS="http://www.example.org/ns/HIS" rend="letter" corresp="B18620303KNT" xml:lang="da-no">
                <body>
<div type="letter">
<p>
                            <pb n="[1]"/>Til <HIS:hisRef type="person" target="Navneregister_HISe.xml#peCPN">Hr: Nyblinn</HIS:hisRef> bedes leveret 4 <HIS:hisRef type="org" target="Navneregister_HISe.xml#orgKNT">
                                <HIS:hisRef type="tcNote" xml:id="noteT12_191" target="B1844-1871ht_noter.xml" corresp="noteT12_191">
                                    <anchor type="lemma" xml:id="koB12_705"/>Amfitheaterbilletter</HIS:hisRef>
                            </HIS:hisRef> paa <anchor type="lemma" xml:id="koB12_706"/>Mellemregningen</p>
<dateline>Chr. <date>3/3. 62</date>.</dateline>
<signed>Henr: Ibsen</signed>
<salute>S T. <HIS:hisRef type="person" target="Navneregister_HISe.xml#peWick">Hr. <anchor type="lemma" xml:id="koB12_707"/>Wickstrøm</HIS:hisRef>.</salute>
</div>
</body>
</text>