<?xml version="1.0" encoding="UTF-8"?><text xmlns="http://www.tei-c.org/ns/1.0" xmlns:HIS="http://www.example.org/ns/HIS" rend="letter" corresp="B18730320AS" xml:lang="da-no">
<body>
<div type="letter">
<dateline>
                            <pb n="[1]"/>Dresden den <date>20<hi rend="raised">de</hi> Marts 1873</date>. Wettiner-Strasse, 22. 2. Etage.</dateline>
<salute>Højstærede herr Dr: Strodtmann!</salute>
<p>Uge efter uge og måned efter måned har jeg opsat med at tilskrive Dem, væsentlig af den grund at <anchor type="lemma" xml:id="koB13_805"/>min herværende boghandler gentagende gange har forsikret mig at nu vilde <anchor type="lemma" xml:id="koB13_806"/>Deres værk over de skandinaviske kunst- og literaturforholde snart udkomme. Jeg ønskede nemlig at læse bogen før jeg tilskrev Dem. Af <anchor type="lemma" xml:id="koB13_807"/>artiklerne i «Hamb: Corresp.» var <HIS:hisRef type="tcNote" xml:id="noteT13_129" target="B1871-1879ht_noter.xml" corresp="noteT13_129">det</HIS:hisRef> kun lykkets mig at komme i besiddelse af enkelte brudstykker, men de fuldendt mesterlige <anchor type="lemma" xml:id="koB13_808"/>oversættelser af <HIS:hisRef type="work" target="Navneregister_HISe.xml#woDi">mine digte</HIS:hisRef>, samt den for mig så hædrende <anchor type="lemma" xml:id="koB13_809"/>omtale af mine dramatiske arbejder, havde gjort, at jeg med glad spænding imødeså udgivelsen af den samlede bog, hvilken, som jeg hørte, desuden vilde blive betydelig forøget.</p>
<p>Deres bladartikler om mig havde været mig til umådelig gavn for min herværende stilling. I <anchor type="lemma" xml:id="koB13_810"/>den literære forening var de blevne lagte til grund for <anchor type="lemma" xml:id="koB13_811"/>tre forskellige foredrag, der tillige behandlede <HIS:hisRef type="work" target="Navneregister_HISe.xml#woKE woUF">
                                <anchor type="lemma" xml:id="koB13_812"/>de to af Dem oversatte skuespil</HIS:hisRef>. Jeg var derved <anchor type="lemma" xml:id="koB13_813"/>igen kommen på en god fod med mine omgivelser og følte mig <pb n="[2]"/>atter vel tilmode her i <HIS:hisRef type="place" target="Navneregister_HISe.xml#plDre">Dresden</HIS:hisRef>, – det eneste hjem, jeg kan tænke mig muligt nord for Alperne.</p>
<p>Men så modtog jeg igår den så længselsfuldt forventede bog. Og hvad blev det til med min glæde?! De har deri <anchor type="lemma" xml:id="koB13_814"/>udtydet <anchor type="lemma" xml:id="koB13_815"/>mit digt <HIS:hisRef type="work" target="Navneregister_HISe.xml#woNS">
                                <HIS:hisRef type="tcNote" xml:id="noteT13_130" target="B1871-1879ht_noter.xml" corresp="noteT13_130">Nordens Signaler</HIS:hisRef>
                            </HIS:hisRef> på en sådan måde, at jeg nu ikke længer har noget blivende sted i <HIS:hisRef type="place" target="Navneregister_HISe.xml#plD">Tyskland</HIS:hisRef>. Thi når <emph>De</emph>, med Deres ædle, humane og mådeholdne opfatning, kan dømme således, hvad må jeg da ikke vente af andre?</p>
<p>Hvor er det mulig at De kan betragte <HIS:hisRef type="tcNote" xml:id="noteT13_131" target="B1871-1879ht_noter.xml" corresp="noteT13_131">digtet</HIS:hisRef> «Nordens signaler» som en forhånelse mod Tyskland? Jeg udtaler jo udtrykkelig at vi ikke står imod eder som fiender, men som en <anchor type="lemma" xml:id="koB13_816"/>ambulance, der søger at redde så mange som muligt af sine. Kan nogen fortænke os deri? Gør ikke Tyskerne selv noget lignende i <anchor type="lemma" xml:id="koB13_817"/>de grænselande, hvor deres nationalitet svæver i fare? Og nu det øvrige af digtet? Det sigter jo ikke med et ord til Tyskerne, men til de Skandinaver, der kunde bekvemme sig til frivilligt at give slip på sit eget. I Deres bog siger De <anchor type="lemma" xml:id="koB13_818"/>pag: 6–7 at det ikke sømmer sig den overvundne at række <HIS:hisRef type="tcNote" xml:id="noteT13_132" target="B1871-1879ht_noter.xml" corresp="noteT13_132">sejerherren</HIS:hisRef> hånd til forsoning. Jeg siger i mit digt det samme og ikke et ord mere. Et andet sted i Deres bog siger De at <HIS:hisRef type="place" target="Navneregister_HISe.xml#plSka">Skandinavien</HIS:hisRef> med begejstring vilde kaste sig i Tysklands arme så snart <anchor type="lemma" xml:id="koB13_819"/>det <pb n="[3]"/>slesvigske spørgsmål var bragt på det rene. Ja, intet er vissere end dette, og just for at virke did hen vil jeg for enhver pris modarbejde <anchor type="lemma" xml:id="koB13_820"/>enhver anden afgørelse.</p>
<p>Jeg har nemlig ikke skiftet sindelag lige over for Tyskland, og vil aldrig gøre det. Jeg er, ligesom de fleste norske Skandinaver, <anchor type="lemma" xml:id="koB13_821"/>Pangermanist. Jeg betragter Skandinavismen kun som et gennemgangsstadium til en sammenslutning af hele den store germanniske stamme. Ifald jeg vidste at vi endeligen vilde blive stående ved en isoleret skandinavisk forening, så gad jeg aldrig dyppe min pen i et blækhus for at fremme den sag.</p>
<p>At jeg ikke har frafaldt min opfatning af <anchor type="lemma" xml:id="koB13_822"/>Tysklands verdenshistoriske mission i vort århundrede, vil De også se af <anchor type="lemma" xml:id="koB13_823"/>indlagte digt, der ikke er mere end 8 måneder gammelt, og hvad jeg deri har udtalt, vil jeg fremdeles fastholde og udtale ved enhver anledning. –</p>
<p>Kære herr Strodtmann! Tilgiv at jeg besværer Dem med dette skriveri; men jeg vilde så såre nødig miste den plads i Deres venlige omdømme, som jeg hidtil har glædet mig ved. Jeg står usigelig ensom, idag – det er netop min fødselsdag – mere end nogensinde. Kan og vil De med venligt sind læse disse linjer, så beder jeg Dem være forvisset om at De har gjort en god gerning.</p>
<salute>Deres altid hengivne</salute>
<signed>Henrik Ibsen.</signed>
</div>
</body>
</text>