<?xml version="1.0" encoding="UTF-8"?><text xmlns="http://www.tei-c.org/ns/1.0" xmlns:HIS="http://www.example.org/ns/HIS" rend="letter" corresp="B18730904WSS" xml:lang="ger">
<body>
<div type="letter">
<dateline>
                            <pb n="[1]"/>Dresden <date>4. September 1873</date>. –</dateline>
<salute>Hochgeehrter Herr Director!</salute>
<p>Nachdem ich Ende Juli <HIS:hisRef type="place" target="Navneregister_HISe.xml#plWien">Wien</HIS:hisRef> verlassen hatte, habe ich die Zwischenzeit unter einem zurückgezogenen Aufenthalt in <HIS:hisRef type="place" target="Navneregister_HISe.xml#plPil">Pillnitz</HIS:hisRef>, ohne irgend eine schriftliche Verbindung mit der Heimath, verbracht. Erst nach meiner Ankunft hierher am 1<hi rend="raised">ten</hi> September empfing ich von dem <anchor type="lemma" xml:id="koB13_1027"/>Ausstellungscomité in <HIS:hisRef type="place" target="Navneregister_HISe.xml#plKri">Christiania</HIS:hisRef> <anchor type="lemma" xml:id="koB13_1028"/>Ihre zwei geehrten Schreiben von 15<hi rend="raised">ten</hi> und 19<hi rend="raised">ten</hi> Juli, von deren Dasein ich bis dahin keine Ahnung hatte.</p>
<p>Dies wird Ihnen den Grund erklären, weshalb ich mich nicht in <anchor type="lemma" xml:id="koB13_1029"/>der Angelegenheit «Brackeleer» ausgesprochen habe. Dass ich <HIS:hisRef type="tcNote" xml:id="noteT13_166b" target="B1871-1879ht_noter.xml" corresp="noteT13_166b">im</HIS:hisRef> entgegengesetzten Falle mein zustimmendes Votum sogleich <pb n="[2]"/>abgegeben hätte, folgt von sich selbst.</p>
<p>Ich benutze die Gelegenheit, Ihnen meinen herzlichsten Dank für alle bewiesene Zuvorkommenheit unter meinem Aufenthalt in Wien <HIS:hisRef type="tcNote" xml:id="noteT13_167" target="B1871-1879ht_noter.xml" corresp="noteT13_167">abzulegen</HIS:hisRef>, und indem ich mich in Ihrer freundlichen Erinnerung empfehle, zeichne ich mich</p>
<salute>mit vorzüglicher Hochachtung Ihr ganz ergebener</salute>
<signed>Henrik Ibsen.</signed>
</div>
</body>
</text>