<?xml version="1.0" encoding="UTF-8"?><text xmlns="http://www.tei-c.org/ns/1.0" xmlns:HIS="http://www.example.org/ns/HIS" rend="letter" corresp="B18710219FGK" xml:lang="da-no">
                <body>
<div type="letter">
<dateline>
                            <pb n="[1]"/>Dresden den <date>19<hi rend="raised">de</hi> Februar 1871</date>.</dateline>
<salute>Kære Knudtzon!</salute>
<p>Idag har jeg endelig en ledig time tilovers, og den synes jeg ikke jeg kan anvende bedre, end til at sende Dem et par linjer.</p>
<p>Først og fremst hjertelig tak for al den elskværdige forekommenhed, hvormed jeg af Dem og Deres ærede familje blev mødt under <anchor type="lemma" xml:id="koB12_3029"/>mit ophold i <HIS:hisRef type="place" target="Navneregister_HISe.xml#plDk">Danmark</HIS:hisRef>, en opmærksomhed, som min hurtige afrejse forhindrede mig fra personligt at takke for ved en <anchor type="lemma" xml:id="koB12_3030"/>pligtskyldig afskedsvisit.</p>
<p>Nu sidder De vel i fuld <anchor type="lemma" xml:id="koB12_3031"/>forberedelse til disputatsen? At disputere er jo en af de stærkeste blandt Deres mange stærke sider, og jeg kan derfor ikke tvivle om at alt vil gå fortræffeligt. Hvad mig angår, så har jeg siden jul været beskæftiget med <anchor type="lemma" xml:id="koB12_3032"/>udgivelsen af <HIS:hisRef type="work" target="Navneregister_HISe.xml#woDi">min digtsamling</HIS:hisRef>, og om ikke før, saa dog når denne er udkommen, haaber jeg at høre fra Dem. Husk endelig på dette! Jeg lægger megen vægt derpå; thi De er en af de såre få, i hvem man på engang har en læser og en kritiker. Denne syslen med en hel del tilbagelagte standpuncter har været mig mindre end <pb n="[2]"/>behagelig, men nu, da arbejdet er færdigt, finder jeg dog at alt det spredte tilsammen taget udgør et helt. Hovedspørgsmålet bliver imidlertid, om læseverdenen vil finde det samme.</p>
<p>Med vor fælles ven, <HIS:hisRef type="person" target="Navneregister_HISe.xml#peGB">G: Brandes</HIS:hisRef>, har jeg i denne tid stået i nogen, om end ikke fra min side meget livlig, brevveksling. Det bliver altid en <anchor type="lemma" xml:id="koB12_3033"/>mislig sag skriftligt at skulde udtale sig for en person, hvem man personligt ikke kender; det leder i almindelighed ind i misforståelser; man maa kunne forestille sig den skrivendes stemme, blik, betoning, o.s.v., for at få den sande menings-nuance ud af ordene. Brandes er unegtelig en rigt begavet natur; men jeg kan ikke værge mig mod en viss ængstelse for at han skal gå hen og <anchor type="lemma" xml:id="koB12_3033a"/>gøre affærer med sin begavelse. Og sker dette, så er personlighedens sanddruhed fløjten. Den eneste opgave er jo dog at ville hvad man <emph>må</emph>. Publikum har også et mærkelig fint instinkt for dette, og ingen ideens udfører slipper helskindet fra en letfærdighed af det slags. De må ikke tro at jeg holder mig selv for lydefri paa dette felt; men jeg tør dog sige at jeg regelmæssigt vågner til erkendelse af situationen og rusker mig selv i ørerne.</p>
<p>Og hvad siger De så om den politiske tilstand? Med Preusserne har jeg det fornødne slægtskab til at kunne hade <pb n="[3]"/>dem; men heri ligger ikke Frigørelse nok. Hovedlærdommen, jeg får ud af det moderne uvæsen, er at statsinstitutionen må falde. Ombytning af statsformer leder til intet. Den moderne stat henter sin styrke fra individets svaghed. <anchor type="lemma" xml:id="koB12_3034"/>
                            <HIS:hisRef type="place" target="Navneregister_HISe.xml#plPr">Preussens</HIS:hisRef> udmærkede hær skyldes Preussernes <anchor type="lemma" xml:id="koB12_3035"/>kellner-natur. Derfor tror jeg den næste store revolution vil komme til at gå ud på at omstyrte selve statsbegrebet. Det har jo heller ikke sin rod i nogen indre altid gældende nødvendighed. – Under alle omstændigheder må jeg sige at jeg anfægtes på en højst ubehagelig måde af det bestående. Jeg kan <anchor type="lemma" xml:id="koB12_3036"/>ikke øjne nogen Lov deri; kun vedtægter, traditioner og alt andet utøj.</p>
<p>Ak, <anchor type="lemma" xml:id="koB12_3037"/>carissimo, der er tider, da jeg med længsel tænker tilbage på <anchor type="lemma" xml:id="koB12_3038"/>min romerske sturm- und drang-periode! Det var så inderlig nemt at kunne rase al verdens dårlighed fra sig. Men hvem kan tage livet <anchor type="lemma" xml:id="koB12_3039"/>bacchantisk sublimt her, hvor man åndeligt og legemligt lever af <anchor type="lemma" xml:id="koB12_3040"/>Knackwurst og Bier! Årsagen ligger dog nok forøvrigt dybere, deri nemlig, at ens eget væsen <anchor type="lemma" xml:id="koB12_3041"/>wurstificeres. Men ogsaa dette er en overgang, som jeg vil håbe.</p>
<p>Ja, kære ven, her sidder jeg nu i naboskabet af <anchor type="lemma" xml:id="koB12_3042"/>Gert Westphalers fødeland og snakker op og ned om mig selv. Lad mig nu se, at De følger exemplet. Jeg står i denne vinter næsten uden al forbindelse med livet i Danmark, da jeg <anchor type="lemma" xml:id="koB12_3043"/>ingen aviser får derfra. Men alt, hvad som foregår hjemme hos eder, omfatter jeg med den højeste interesse. Har De ikke, siden jeg reiste, skrevet noget i kritisk eller kunsthistorisk retning? <anchor type="lemma" xml:id="koB12_3044"/>Nekrologen over <HIS:hisRef type="person" target="Navneregister_HISe.xml#peLASc">L. Schou</HIS:hisRef> var så klar, sand, og gribende anskuelig, at De umuligt kan lade det blive dermed. Jeg vil håbe <pb n="[4]"/>at ikke nogen så sørgelig anledning igen skal frembyde sig; men De har jo dog hundrede emner for Dem. Der ligger også for en selv en stor frigørelse i produktionen. Hvad man har kastet fra sig på tryk, det tynges man aldrig mere af; men på noget andet vilkår slipper man ikke fra det, som man bærer fuldfærdigt og opgjort i sig. Hjertelige hilsener til Dem og Deres fra mig og mine!</p>
<salute>Deres hengivne</salute>
<signed>Henrik Ibsen.</signed>
</div>
<div type="postscript">
<p>Når De engang glæder mig med et brev, så er min adresse: Königsbrücker-Strasse, Nr 33.</p>
</div>
</body>
</text>