<?xml version="1.0" encoding="UTF-8"?><text xmlns="http://www.tei-c.org/ns/1.0" xmlns:HIS="http://www.example.org/ns/HIS" rend="letter" corresp="B18690529Tho" xml:lang="da-no">
<body>
<div type="letter">
<dateline>
                            <pb n="[1]"/>Dresden, <date>29<hi rend="raised">de</hi> Maj 1869</date>. –</dateline>
<salute>Herr Kunsthandler Torkilsen Kjøbenhavn.</salute>
<p>Det gjør mig meget ondt at maatte meddele Dem at jeg ikke, trods den bedste Vilje, ser mig istand till iaar at levere noget <anchor type="lemma" xml:id="koB12_2027"/>Bidrag till Deres Kalender. Da jeg gav Dem mit Løfte, skede det under den sikre Forudsætning at jeg vilde kunne have Frist indtill udover Høsten. Jeg sidder for Øjeblikket saaledes opptagen af forskjellige literære Anliggender at der ikke i de nærmeste Uger vil kunne være Tale om den fornødne Sindsro, som Udformningen af et Digt kræver. Jeg beder Dem derfor for dennegang at henvende Dem till en Anden, hvilket jo i <HIS:hisRef type="place" target="Navneregister_HISe.xml#plKbh">Kjøbenhavn</HIS:hisRef> ikke vil kunne falde vanskeligt.</p>
<salute>ærbødigst</salute>
<signed>Henrik Ibsen.</signed>
</div>
</body>
</text>