<?xml version="1.0" encoding="UTF-8"?><text xmlns="http://www.tei-c.org/ns/1.0" xmlns:HIS="http://www.example.org/ns/HIS" rend="letter" corresp="B18741201KT" xml:lang="da-no">
<body>
<div type="letter">
<dateline>
                            <pb n="[1]"/>Dresden den <date>1<hi rend="raised">ste</hi> December 1874</date>.</dateline>
<salute>Til <anchor type="lemma" xml:id="koB13_1625"/>chefen for det kgl: theater og <anchor type="lemma" xml:id="koB13_1626"/>kapel i København.</salute>
<p>Idet jeg giver mig den ære at oversende et exemplar af mit skuespil <HIS:hisRef type="work" target="Navneregister_HISe.xml#woF2">«Fru Inger til Østråt»</HIS:hisRef>, der i denne nye udgave foreligger i en, navnlig for <anchor type="lemma" xml:id="koB13_1627"/>
                            <HIS:hisRef type="tcNote" xml:id="noteT13_251" target="B1871-1879ht_noter.xml" corresp="noteT13_251">replikbehandlingens</HIS:hisRef> vedkommende, <HIS:hisRef type="tcNote" xml:id="noteT13_252" target="B1871-1879ht_noter.xml" corresp="noteT13_252">gennemarbejdet</HIS:hisRef> og, som jeg tror, forbedret skikkelse, tillader jeg mig at forespørge, om man måtte være villig til i sin tid at lade samme komme til <anchor type="lemma" xml:id="koB13_1628"/>opførelse på den kgl: scene.</p>
<salute>Ærbødigst</salute>
<signed>Henrik Ibsen.</signed>
</div>
</body>
</text>