<?xml version="1.0" encoding="UTF-8"?><text xmlns="http://www.tei-c.org/ns/1.0" xmlns:HIS="http://www.example.org/ns/HIS" rend="letter" corresp="B18700203PFS" xml:lang="da-no">
<body>
<div type="letter">
<dateline>
                            <pb n="[1]"/>Dresden den <date>3<hi rend="raised">die</hi> Februar 1870</date>. –</dateline>
<salute>Højstærede Herr Siebold!</salute>
<p>Det var i Sandhed ganske ejendommelige Meddelelser, jeg i Deres sidste venlige Brev modtog angaaende <HIS:hisRef type="person" target="Navneregister_HISe.xml#peHCTh">Herr Thaulow</HIS:hisRef>. Jeg kan imidlertid ikke sige at det egentlig overraskede mig; thi Herr Thaulow er uberegnelig og undertiden opplagt till de besynderligste Ting.</p>
<p>Hans Plan, at lade <anchor type="lemma" xml:id="koB12_2308"/>Deres Oversættelse trykke i <HIS:hisRef type="place" target="Navneregister_HISe.xml#plKri">Christiania</HIS:hisRef>, er dog, selv i Forhold till Herr Thaulow, mere end almindelig forrykt og jeg raader Dem paa det indstændigste ikke at tillade noget saadant. Indgaar De paa hans Forslag, saa vil hele Deres Arbejde være spildt; thi der findes ingen norsk Boghandler, der har saa udbredte Forbindelser, at han skulde kunne skaffe <pb n="[2]"/>Bogen <anchor type="lemma" xml:id="koB12_2309"/>Indgang i <HIS:hisRef type="place" target="Navneregister_HISe.xml#plD">Tydskland</HIS:hisRef>. Hernede maa den udkomme; herfra maa den sendes till Anmeldelse i Aviser og Tidsskrifter; kort sagt, der maa tages en hel Del Foranstaltninger, som kun en tydsk Forlægger vil kunne være i Stand till.</p>
<p>Jeg betragter derfor Herr Thaulows Forslag som meget samvittighedsløst ligeover for Dem; thi han maa jo dog vide at han vil skade Dem derved. Hans Motiver skal jeg ikke videre indlade mig paa at undersøge; men jeg kan ikke frigjøre mig for den Tanke, at der maa <anchor type="lemma" xml:id="koB12_2310"/>stikke noget bagved. Forhaabentlig vil dog Deres personlige Nærværelse i Christiania være tillstrækkelig till at bringe Sagen i Rigtighed.</p>
<p>For den <anchor type="lemma" xml:id="koB12_2311"/>Umage, De har havt med min Biografi, takker jeg Dem forbindtligst og længes meget efter at faa den at se. Paa min egyptiske Rejse har <HIS:hisRef type="tcNote" xml:id="noteT12_611" target="B1844-1871ht_noter.xml" corresp="noteT12_611">jeg</HIS:hisRef> gjort mange <anchor type="lemma" xml:id="koB12_2312"/>værdifulde tydske Bekjendtskaber, navnlig blandt literære Personer, og jeg tror dette vil være <anchor type="lemma" xml:id="koB12_2313"/>till stor Gavn, naar Oversættelsen af <HIS:hisRef type="work" target="Navneregister_HISe.xml#woBr">«Brand»</HIS:hisRef> engang udkommer. I Haab om at dette Tidspunkt ikke vil være fjernt tegner jeg mig</p>
<salute>med Højagtelse Deres hengivne</salute>
<signed>Henrik Ibsen.</signed>
</div>
</body>
</text>