<?xml version="1.0" encoding="UTF-8"?><text xmlns="http://www.tei-c.org/ns/1.0" xmlns:HIS="http://www.example.org/ns/HIS" rend="letter" corresp="B18730609JHT" xml:lang="da-no">
<body>
<div type="letter">
<dateline>
                            <pb n="[1]"/>Dresden den <date>9<hi rend="raised">de</hi> Juni 1873</date>.</dateline>
<salute>Kære svoger!</salute>
<p>Tak for <anchor type="lemma" xml:id="koB13_929a"/>Deres venskabelige linjer, som jeg først idag modtog.</p>
<p>
                            <anchor type="lemma" xml:id="koB13_930"/>Indlagt følger til advokat <HIS:hisRef type="person" target="Navneregister_HISe.xml#peESta">Stang</HIS:hisRef> en besvarelse af de omspurgte punkter.</p>
<p>På Thorsdag afrejser jeg til <HIS:hisRef type="place" target="Navneregister_HISe.xml#plWien">Wien</HIS:hisRef>. Skulde De eller nogen anden af mine venner ville tilskrive mig under opholdet dernede, så er min adresse: «Bureau für Schweden und Norwegen. Weltausstellungsplatz. <HIS:hisRef type="tcNote" xml:id="noteT13_147c" target="B1871-1879ht_noter.xml" corresp="noteT13_147c">Wien.»</HIS:hisRef> <anchor type="lemma" xml:id="koB13_931"/>Juryens arbejde skal være tilendebragt den 1<hi rend="raised">ste</hi> August.</p>
<p>Tør jeg bede Dem ved forfaldstid godhedsfuldt sende <HIS:hisRef type="person" target="Navneregister_HISe.xml#peSuI">Susanna</HIS:hisRef> postanvisninger for min gage, lydende på <emph>hendes</emph> navn, og under vor nuværende adresse? Senere rejser hun og <HIS:hisRef type="person" target="Navneregister_HISe.xml#peSiI">Sigurd</HIS:hisRef> til et eller andet <anchor type="lemma" xml:id="koB13_932"/>badested, hvor jeg på hjemvejen fra Wien <anchor type="lemma" xml:id="koB13_933"/>støder til dem.</p>
<p>Den sidste <anchor type="lemma" xml:id="koB13_934"/>Bjørne-skandale er ganske i overensstemmelse med alt det øvrige.</p>
<p>Med hjertelige hilsener fra os alle</p>
<salute>Deres stedse hengivne</salute>
<signed>Henrik Ibsen.</signed>
</div>
</body>
</text>