<?xml version="1.0" encoding="UTF-8"?><text xmlns="http://www.tei-c.org/ns/1.0" xmlns:HIS="http://www.example.org/ns/HIS" rend="letter" corresp="B18680331MT" xml:lang="da-no">
<front>
<pb n="[a]"/>
<HIS:envelope type="sheet">
<address>
<addrLine>Fru Magdalene Thoresen.</addrLine>
</address>
</HIS:envelope>
</front>
<body>
<div type="letter">
<dateline>
                            <pb n="[1]"/>Rom den <date>31<hi rend="raised">te</hi> Marts 1868</date>.
 –</dateline>
<salute>Kjære Svigermoder!</salute>
<p>Nogle faa Linjer beder jeg Dig tage venligt imod, saa udygtig en Brevskriver jeg end er. Jeg synes jeg kunde have en Uendelighed af Ting at sige, men skriftligt blir det aldrig till noget, gid det mundtligt maatte blive bedre; jeg baade tror og haaber det imidlertid, skjønt jeg godt forstaar at jeg egentlig <HIS:hisRef type="tcNote" xml:id="noteT12_479" target="B1844-1871ht_noter.xml" corresp="noteT12_479">først</HIS:hisRef> i Enrum med mine Tanker er mig selv. –</p>
<p>
                            <anchor type="lemma" xml:id="koB12_1703"/>Hvorledes det skal gaa an at leve udenfor <HIS:hisRef type="place" target="Navneregister_HISe.xml#plIt">Italien</HIS:hisRef>, og især, hvorledes det skal gaa an at leve i <HIS:hisRef type="place" target="Navneregister_HISe.xml#plKri">Kristiania</HIS:hisRef>, det forstaar jeg næsten ikke! Men det maa jo ske. Isolere sig føler jeg imidlertid at man maa deroppe (jeg ialfald), hvis jeg ikke vil gjøre mig hvertandet Menneske till Uven. Lad gaa med alt det Øvrige; men <anchor type="lemma" xml:id="koB12_1704"/>Lefleriet for Svenskerne kan <pb n="[2]"/>jeg ikke døje. Svenskerne ere, ifølge deres Kulturgrund, vore Aandsfiender, og saa mener man at kunne flikke det fiendtlige sammen ved gjensidig Føjelighed eller sligt! Heldigt for <anchor type="lemma" xml:id="koB12_1705"/>de Karle, der befatter sig med dette Væsen, er <HIS:hisRef type="tcNote" xml:id="noteT12_480" target="B1844-1871ht_noter.xml" corresp="noteT12_480">det</HIS:hisRef> at vor Presse staar paa et saadant Standpunkt, at intet skikkeligt Menneske kan tage fat deri uden <HIS:hisRef type="tcNote" xml:id="noteT12_481" target="B1844-1871ht_noter.xml" corresp="noteT12_481">først</HIS:hisRef> at trække Handsker paa, men med dem er det ubekvemt at polemisere. Og hvem vilde man faa med sig? Ingen. Man vilde staa alene. For mig er det ofte klart at ingen deroppe, af dem der har Aand og Følelse, har igrunden andet at gjøre end ligesom det anskudte Dyr at trække sig ind i Tykkningen, i Ensomheden og Stillheden for at dø. Det bedste der kunde times <HIS:hisRef type="place" target="Navneregister_HISe.xml#plN">vort Land</HIS:hisRef> var en stor Nationalulykke. Kan man ikke staa den ud saa har man ingen Rett till at leve. Jeg har hernede <anchor type="lemma" xml:id="koB12_1706"/>været Vidne till Oppoffrelser, som sætter mig istand till at anstille Sammenligninger, og vort Land gaar ikke med Ære ud derfra. – – –</p>
<p>Tillykke med <anchor type="lemma" xml:id="koB12_1707"/>Opplæsningerne! At det vilde gaa godt, vidste jeg jo paa Forhaand. Forøvrigt hører vi intet hjemmefra. <pb n="[3]"/>
                            <HIS:hisRef type="tcNote" xml:id="noteT12_482" target="B1844-1871ht_noter.xml" corresp="noteT12_482">Norske</HIS:hisRef> Aviser har vi ikke hidtill faaet i dette Aar. Ogsaa betegnende! Medens <anchor type="lemma" xml:id="koB12_1708"/>danske og svenske Redaktioner, af Hensyn till deres herværende Landsmænd, ikke alene skjænker os deres Blade gratis, men endog af egen Lomme <anchor type="lemma" xml:id="koB12_1709"/>betaler Postportoen till <HIS:hisRef type="place" target="Navneregister_HISe.xml#plVat">Pavestatens</HIS:hisRef> Grænse, har <HIS:hisRef type="person" target="Navneregister_HISe.xml#peJdB">Morgenbladets Ejer, Kongens Livlæge Dr: De Besche</HIS:hisRef>, <anchor type="lemma" xml:id="koB12_1710"/>standset Bladets Forsendelse fordi Portoen ved Nytaarstid af <HIS:hisRef type="org" target="Navneregister_HISe.xml#orgSF">den skandinaviske Forening</HIS:hisRef> ikke var erlagt <emph>forskudsvis</emph>! Der er noget fortærende harmeligt i mellem Fremmede at maatte skamme sig over sine Landsmænd.</p>
<p>
                            <HIS:hisRef type="person" target="Navneregister_HISe.xml#peTK">
                                <anchor type="lemma" xml:id="koB12_1711"/>Thomas</HIS:hisRef> er vel nu i <HIS:hisRef type="place" target="Navneregister_HISe.xml#plSthlm">Stokholm</HIS:hisRef>? Gid det maa gaa ham godt. <HIS:hisRef type="person" target="Navneregister_HISe.xml#peAxT">
                                <anchor type="lemma" xml:id="koB12_1712"/>Axel</HIS:hisRef> har Du vel snart den Glæde at se som flink Student. Hils dem allesammen og tag selv de hjerteligste Hilsener fra</p>
<salute>Din hengivne</salute>
<signed>Henrik Ibsen.</signed>
</div>
<div type="postscript">
<p>
                            <anchor type="lemma" xml:id="koB12_1713"/>Summa Summarum af ovenstaaende Snakk er dette: Se at komme ud! Rejs! Gjør det enten det er muligt eller umuligt. Umuligt er forresten ingenting, som man <anchor type="lemma" xml:id="koB12_1714"/>ubændigt vil!</p>
<signed>H. I.</signed>
</div>
</body>
</text>