<?xml version="1.0" encoding="UTF-8"?><text xmlns="http://www.tei-c.org/ns/1.0" xmlns:HIS="http://www.example.org/ns/HIS" rend="letter" corresp="B18720808FH" xml:lang="da-no">
<body>
<div type="letter">
<dateline>
                            <pb n="[1]"/>Berchtesgaden i Bayern, den <date>8<hi rend="raised">de</hi> August 1872</date>. –</dateline>
<salute>Kære herr Hegel!</salute>
<p>Jeg erindrer ikke om jeg i mit sidste brev fortalte Dem at jeg agtede at afrejse til <HIS:hisRef type="place" target="Navneregister_HISe.xml#plTy">Tyrol</HIS:hisRef>? Under alle omstændigheder befinder <HIS:hisRef type="tcNote" xml:id="noteT13_82" target="B1871-1879ht_noter.xml" corresp="noteT13_82">vi</HIS:hisRef> os nu her, i denne dejlige egn, hvor vi <anchor type="lemma" xml:id="koB13_570"/>tilbragte sommeren 1868 på tilbagerejsen fra <HIS:hisRef type="place" target="Navneregister_HISe.xml#plIt">Italien</HIS:hisRef>, og hvor vi denne gang agter at forblive indtil slutningen af denne måned.</p>
<p>Idag tilskriver jeg Dem fordi jeg begynder at befinde mig i pengeforlegenhed, og beder Dem derfor bevise mig den store godhed at sende mig <emph>150 Thaler</emph> preussisk.(<anchor type="lemma" xml:id="koB13_571"/>For vekslingens skyld vilde jeg være Dem meget taknemmelig, hvis jeg kunde erholde sedler ikke større end på 10–20 Thaler pr: stykke.) Min <anchor type="lemma" xml:id="koB13_572"/>regnskabsbog har jeg ladet blive tilbage i <HIS:hisRef type="place" target="Navneregister_HISe.xml#plDre">Dresden</HIS:hisRef>, og jeg ved således ikke for øjeblikket om jeg har nogen slags adkomst til at trække et så stort beløb hos Dem; men jeg stoler på Deres venlighed, og i ethvert fald skal vort mellemværende snart igen blive bragt i ballance.</p>
<p>Jeg kan nemlig melde Dem at jeg nu har tilendebragt 2<hi rend="raised">den</hi> del af <HIS:hisRef type="work" target="Navneregister_HISe.xml#woKG">
                                <anchor type="lemma" xml:id="koB13_573"/>trilogien</HIS:hisRef>. <pb n="[2]"/>Første del: «Julian og visdoms-vennerne», skuespil i 3 akter udgør omtrent 100 sider trykt; den anden del, som jeg nu renskriver, «Julians frafald», skuespil i 3 akter, er af et lignende omfang. Det tredje stykke, «Julian på kejserstolen», blir i 5 akter, <HIS:hisRef type="tcNote" xml:id="noteT13_83" target="B1871-1879ht_noter.xml" corresp="noteT13_83">og</HIS:hisRef> er så betydelig forberedt at det <HIS:hisRef type="tcNote" xml:id="noteT13_84" target="B1871-1879ht_noter.xml" corresp="noteT13_84">vil</HIS:hisRef> gå ulige hurtigere fra hånden end det foregående. Hvad der er færdigt danner et afsluttet helt for sig, og kunde godt udgives særskilt; men for det samlede indtryks skyld holder jeg det dog for hensigtsmæssigt at alle tre stykker kommer på engang. <anchor type="lemma" xml:id="koB13_574"/>Skulde De være af en anden mening, håber jeg De lader mig det vide.</p>
<p>Jeg ved ikke om De har læst en række <anchor type="lemma" xml:id="koB13_575"/>feuilletoner over den nyere dansk-norske literatur i «Hamb: Corresp:» af <HIS:hisRef type="person" target="Navneregister_HISe.xml#peAS">Adolf Strodtmann</HIS:hisRef>? Er det sandt, hvad literære folk i <HIS:hisRef type="place" target="Navneregister_HISe.xml#plD">Tyskland</HIS:hisRef> har sagt mig, nemlig at <anchor type="lemma" xml:id="koB13_576"/>danske blade (man har specielt nævnt «Fædrelandet») har taget til genmæle imod disse så velvillige og rosende skildringer? Hvis dette ikke beroer på en misforståelse og De <emph>ved lejlighed</emph> skulde se Dem istand til at kunne skaffe mig de pågældende nummere, vilde jeg være Dem særdeles taknemmelig.</p>
<p>Fra min gamle ven <HIS:hisRef type="person" target="Navneregister_HISe.xml#peJLi">Jonas Lie</HIS:hisRef> har jeg havt et langt <anchor type="lemma" xml:id="koB13_577"/>brev; men om der er noget <anchor type="lemma" xml:id="koB13_578"/>nyt arbejde i vente fra hans hånd, derom taler han ikke. Til vor <anchor type="lemma" xml:id="koB13_579"/>tusendårs-fest havde jeg <pb n="[3]"/>skrevet <HIS:hisRef type="work" target="Navneregister_HISe.xml#woTF">et længere digt</HIS:hisRef>, der, efter anmodning fra festkomiteen, var stillet <HIS:hisRef type="tcNote" xml:id="noteT13_85" target="B1871-1879ht_noter.xml" corresp="noteT13_85">til</HIS:hisRef> dens disposition; men da det kom til stykket <anchor type="lemma" xml:id="koB13_580"/>vovede de fejge karle ikke at lade det oplæse! Værdige efterkommere af <HIS:hisRef type="person" target="Navneregister_HISe.xml#peHHfag">den gamle <anchor type="lemma" xml:id="koB13_581"/>heltekonge</HIS:hisRef>!</p>
<p>Nu er vel <anchor type="lemma" xml:id="koB13_582"/>udstillingen i sin fulde gang, og <HIS:hisRef type="place" target="Navneregister_HISe.xml#plKbh">København</HIS:hisRef> overfyldt af fremmede? Har De anledning dertil beder jeg Dem hilse <HIS:hisRef type="person" target="Navneregister_HISe.xml#peGB">
                                <anchor type="lemma" xml:id="koB13_583"/>Brandes</HIS:hisRef>. Ligeså <HIS:hisRef type="person" target="Navneregister_HISe.xml#pePHa">P. Hansen</HIS:hisRef> og alle andre gode venner. Direkte frembærer jeg de hjerteligste hilsener til Dem selv og til <HIS:hisRef type="person" target="Navneregister_HISe.xml#peJH">Deres søn</HIS:hisRef>.</p>
<salute>Deres stedse hengivne</salute>
<signed>Henrik Ibsen.</signed>
</div>
<div type="postscript">
<p>P. S.</p>
<p>Min adresse er som foranstående, blot og bart: Berchtesgaden in Bayern.</p>
</div>
</body>
</text>