<?xml version="1.0" encoding="UTF-8"?><text xmlns="http://www.tei-c.org/ns/1.0" xmlns:HIS="http://www.example.org/ns/HIS" rend="letter" corresp="Budat18661117BB" xml:lang="da-no">
<body>
<div type="letter">
<salute>
                            <pb n="[1]"/>Kjære Bjørnson!</salute>
<p>Indlagt i <anchor type="lemma" xml:id="koB12_1438"/>mit officielle Svar maa jeg tillskrive Dig nogle Linjer og takke Dig for <anchor type="lemma" xml:id="koB12_1439"/>dit sidste Brev, som jeg endnu ikke har besvaret. Korrespondancen havde rigtignok taget en saadan Vending at en hurtig Expedition fra min Side skulde synes nødvendig; men jeg har forudsatt at Du i <anchor type="lemma" xml:id="koB12_1440"/>vort lille Sammenstød ikke har seet andet eller mere end noget Forbigaaende – og min Misstemning var jo heller ikke direkte rettet mod Dig. Nej, kjære velsignede Bjørnson – jeg ved med Visshed at der aldrig vil kunne komme <emph>det</emph> imellem os, som isandhed skal kunne skille mit Sind fra Dig og hvad Dit er. Men at det maatte være mig et ubeskrivelig <anchor type="lemma" xml:id="koB12_1441"/>bittert Budskab at modtage, vil Du indrømme mig. Jeg har ikke hylet over Tabet af Møblement og deslige, men at vide mine private <HIS:hisRef type="tcNote" xml:id="noteT12_415" target="B1844-1871ht_noter.xml" corresp="noteT12_415">Breve,</HIS:hisRef> Papirer, Udkast o.s.v i hvilkesomhelst Menneskers Hænder, det var mig en i højeste Grad fortrædelig Tanke, for ikke at tale om Tabet af mangt der havde en anden Værdi end Taxationssummen. Man har ikke sagt Dig Sandhed <pb n="[2]"/>naar man har berettet Dig at Auktionen blev holdt fordi jeg ikke havde oppgivet mit Oppholdssted; den blev holdt fordi <anchor type="lemma" xml:id="koB12_1442"/>
                            <HIS:hisRef type="person" target="Navneregister_HISe.xml#peHJN">Nandrup</HIS:hisRef>, lige fra min Afrejse, blev paa <HIS:hisRef type="person" target="Navneregister_HISe.xml#peBD">Dunkers</HIS:hisRef> Kontor <anchor type="lemma" xml:id="koB12_1443"/>affærdiget paa en afvisende og irriterende Maade, som jeg ikke nøjere skal detaljere. Men lad forresten den hele Affære være glemt! – Hils Dunker fra mig (jeg haaber at Forholdet er godt) og sig ham at jeg efter Løfte skal sende ham nogle gode Fotografier. Sig ham tillige at det <anchor type="lemma" xml:id="koB12_1444"/>lille røde Stykke, som jeg ivaar sendte ham, har jeg taget fra <anchor type="lemma" xml:id="koB12_1445"/>
                            <HIS:hisRef type="person" target="Navneregister_HISe.xml#peCic">Ciceros</HIS:hisRef> nylig udgravede Villa i Tusculum.</p>
<p>Takk for dit gode Tillbud om at skrive noget i <anchor type="lemma" xml:id="koB12_1446"/>dit Blad; skriver jeg noget af det Slags hernede, skal jeg sende Dig det; der har i <anchor type="lemma" xml:id="koB12_1447"/>Nyhedsbladet staaet noget om <HIS:hisRef type="place" target="Navneregister_HISe.xml#plRom">Roms</HIS:hisRef> Paladser eller sligt; jeg har ingen Andel i <anchor type="lemma" xml:id="koB12_1448"/>Autorskabet eller nogen Befattning dermed. – Du vilde gjøre <HIS:hisRef type="org" target="Navneregister_HISe.xml#orgSF">
                                <anchor type="lemma" xml:id="koB12_1449"/>Foreningen</HIS:hisRef> en stor Glæde om Du fra Nytaar forærede os et Expl: af dit Blad, Postportoen blev naturligvis betalt herfra. Skriv mig till om denne Sag, da den vil have Indflydelse paa Generalforsamlingens Bladbestillinger till Jul for det kommende Aar. <anchor type="lemma" xml:id="koB12_1450"/>Din nye Fortælling imødeser jeg med Længsel. – Hils <HIS:hisRef type="person" target="Navneregister_HISe.xml#peKBj">din Kone</HIS:hisRef> fra os, ligesaa <pb n="[3]"/>
                            <anchor type="lemma" xml:id="koB12_1451"/>
                            <HIS:hisRef type="person" target="Navneregister_HISe.xml#peMT">min Svigermoder</HIS:hisRef>, fra hvem jeg ikke har hørt et Ord siden hendes Ankomst till Norge. Træffer Du min <HIS:hisRef type="person" target="Navneregister_HISe.xml#peMTh">Svigerinde <anchor type="lemma" xml:id="koB12_1452"/>Marie</HIS:hisRef>, saa bed hende ikke i Breve till <HIS:hisRef type="person" target="Navneregister_HISe.xml#peSuI">min Kone</HIS:hisRef> at berøre Auktion eller slige Grejer hvilket jeg ved vilde gjøre hende meget ondt; jeg haaber at skulle faa alt opprettet igjen. – Nu er Du vel <anchor type="lemma" xml:id="koB12_1453"/>enestaaende i Styrelsen af <HIS:hisRef type="org" target="Navneregister_HISe.xml#orgChrTh">Theatret</HIS:hisRef>; men tror Du det tjener <HIS:hisRef type="tcNote" xml:id="noteT12_416" target="B1844-1871ht_noter.xml" corresp="noteT12_416">Dig</HIS:hisRef> i Længden? Ja, <anchor type="lemma" xml:id="koB12_1454"/>slutt ikke heraf at jeg <anchor type="lemma" xml:id="koB12_1455"/>attraar nogen Befattning med de Sager, – tvertimod! <anchor type="lemma" xml:id="koB12_1456"/>Om et Aar eller to tænker jeg at vende nordover, men neppe længere end till <HIS:hisRef type="place" target="Navneregister_HISe.xml#plKbh">Kjøbenhavn</HIS:hisRef>; kan jeg saa fra og till gjøre en Sommerrejse i <HIS:hisRef type="place" target="Navneregister_HISe.xml#plN">Norge</HIS:hisRef>, mener jeg at det er det raadeligste Arrangement. – Et Par Ord privat om <anchor type="lemma" xml:id="koB12_1457"/>
                            <HIS:hisRef type="org" target="Navneregister_HISe.xml#orgStud">Oppførelsen</HIS:hisRef> af <HIS:hisRef type="work" target="Navneregister_HISe.xml#woBr">Brand</HIS:hisRef> 4<hi rend="raised">de</hi> Akt. Jeg skulde meget have ønsket i dit Brev <HIS:hisRef type="tcNote" xml:id="noteT12_417" target="B1844-1871ht_noter.xml" corresp="noteT12_417">at</HIS:hisRef> have faaet et Fingerpeg betræffende <anchor type="lemma" xml:id="koB12_1458"/>Din Mening derom; da jeg ikke det har faaet, har jeg sat mit Svar saaledes at Du kan gjøre og lade hvad Du vil; jeg er forvisset om at Du ordner det paa det Bedste.</p>
<p>Hjertelig Hilsen, og tillskriv mig saasnart Du kan.</p>
<salute>Din hengivne</salute>
<signed>Henrik Ibsen.</signed>
</div>
<div type="postscript">
<p>P. S. For at faa Ende paa <anchor type="lemma" xml:id="koB12_1459"/>den <HIS:hisRef type="person" target="Navneregister_HISe.xml#peFB">Bætzmannske</HIS:hisRef> Affære har jeg tillbagebetalt <HIS:hisRef type="person" target="Navneregister_HISe.xml#peNR">Ravnkilde</HIS:hisRef> Beløbet kontant. – Den Sag er altsaa oppgjort. –</p>
<signed>H. I.</signed>
</div>
</body>
</text>