<?xml version="1.0" encoding="UTF-8"?><text xmlns="http://www.tei-c.org/ns/1.0" xmlns:HIS="http://www.example.org/ns/HIS" rend="letter" corresp="B18740206LJ" xml:lang="da-no">
<body>
<div type="letter">
<dateline>
                            <pb n="[1]"/>Dresden den <date>6<hi rend="raised">te</hi> Februar 1874</date>. –</dateline>
<salute>Herr theaterdirektør Josephson, Kristiania. –</salute>
<p>I anledning af at der om nogen tid vil udkomme et <anchor type="lemma" xml:id="koB13_1371"/>3<hi rend="raised">die</hi> oplag af mit dramatiske digt <HIS:hisRef type="work" target="Navneregister_HISe.xml#woPG">«Peer Gynt»</HIS:hisRef> har jeg i denne vinter beskæftiget mig adskilligt med dette stykke og <anchor type="lemma" xml:id="koB13_1372"/>af samme foretaget en <emph>bearbejdelse</emph>, således at det i en <emph>forkortet</emph> skikkelse bliver brugbart til opførelse på scenen. Stykket indrettes som musikalsk drama og den fornødne musik vil blive komponeret af <HIS:hisRef type="person" target="Navneregister_HISe.xml#peEGr">herr Edvard Grieg</HIS:hisRef>, til hvem jeg i dette anliggende har henvendt mig. Den plan, hvorefter jeg ved bearbejdelsen er gået frem, har jeg i et brev udviklet for herr Grieg, og denne vil efter min anmodning meddele Dem samme.</p>
<p>Forinden jeg i denne sag <anchor type="lemma" xml:id="koB13_1373"/>henvender mig til theatrene i <pb n="[2]"/>Stokholm og København er det nemlig min agt at forespørge om <HIS:hisRef type="org" target="Navneregister_HISe.xml#orgChrTh">Kristiania theater</HIS:hisRef> måtte ønske at benytte stykket, og om De i så fald vilde lægge vægt på at Deres theater blev det, der <emph>først</emph> bragte stykket til opførelse.</p>
<p>
                            <anchor type="lemma" xml:id="koB13_1374"/>Når herr Grieg herom har talt med Dem, tillader jeg mig at forvente Deres foreløbige svar. Falder dette imødekommende ud, så skal jeg sende Dem et rettet og forkortet exemplar af stykket. <anchor type="lemma" xml:id="koB13_1375"/>Musiken vil blive komponeret i løbet af sommeren; samtidigt hermed kunde theatret træffe sine dekorative dispositioner, og stykket vilde således kunne haves færdigt til <anchor type="lemma" xml:id="koB13_1376"/>den bedste tid i det kommende spille-år.</p>
<p>Det er min sikre overbevisning at dette stykke, under Deres kyndige opsætning, vil være af megen virkning på scenen, navnlig når det ledsages af god musik. Da det imidlertid er både herr Grieg og mig af vigtighed at vide, hvilket theater vi nærmest og først må have for øje, så tillader jeg mig at forvente Deres ærede svar, så snart De tilstrækkeligt har sat Dem ind <pb n="[3]"/>i sagen. Tiltaler idéen Dem i sin almindelighed, da vil der jo senere være anledning til at træffe aftale om enkelthederne; ethvert <anchor type="lemma" xml:id="koB13_1377"/>af Dem i så fald fremsat ønske eller forslag vil <HIS:hisRef type="tcNote" xml:id="noteT13_211" target="B1871-1879ht_noter.xml" corresp="noteT13_211">det</HIS:hisRef> være mig kært at kunne tage hensyn til.</p>
<salute>Deres venskabeligst forbundne</salute>
<signed>Henrik Ibsen.</signed>
</div>
<div type="postscript">
<p>P. S. Gennem <HIS:hisRef type="person" target="Navneregister_HISe.xml#peEJo">
                                <anchor type="lemma" xml:id="koB13_1378"/>Deres brodersøn</HIS:hisRef> havde jeg i høst den fornøjelse at modtage <anchor type="lemma" xml:id="koB13_1379"/>Deres venlige linjer, for hvilke jeg håber han i mit navn har takket Dem. Desværre var jeg netop i de dage lidende af en stærk forkølelse, så det var mig en umulighed at kunne være ham til nogen nytte her. En anden <HIS:hisRef type="person" target="Navneregister_HISe.xml#peJSN">
                                <anchor type="lemma" xml:id="koB13_1380"/>ung rejsende kunstner</HIS:hisRef>, som Deres brodersøn omtalte, <HIS:hisRef type="tcNote" xml:id="noteT13_212" target="B1871-1879ht_noter.xml" corresp="noteT13_212">og</HIS:hisRef> hvem De ligeledes skulde have medgivet et brev til mig, har jeg intet hørt fra. – Forbindtligst hilsen til <anchor type="lemma" xml:id="koB13_1381"/>de øvrige herrer af theaterstyrelsen!</p>
<signed>H. I. –</signed>
</div>
</body>
</text>