<?xml version="1.0" encoding="UTF-8"?><text xmlns="http://www.tei-c.org/ns/1.0" xmlns:HIS="http://www.example.org/ns/HIS" rend="letter" corresp="Budat18600821JRD" xml:lang="da-no">
<front>
<pb n="[a]"/>
<HIS:envelope type="sheet">
<address>
<addrLine>ST.</addrLine>
<addrLine>Hr. Lieutnant Daae –</addrLine>
                        </address>
</HIS:envelope>
</front>
<body>
<div type="letter">
<p>
                            <pb n="[1]"/>Jeg maa have Penge idag hvor Du tager dem fra, da jeg er tilsagt til <HIS:hisRef type="person" target="Navneregister_HISe.xml#peKongK4">Kongen</HIS:hisRef> iaften! Jeg stoler paa at De gjør selv Umuligheder hvis det behøves. – Med 4–5 Sp hjælper jeg mig.</p>
<dateline>Tirsdag middag</dateline>
<salute>venskabeligst.</salute>
<signed>Henr: Ibsen</signed>
<salute>ST. Hr. Lieutnant Daae.</salute>
</div>
</body>
</text>