<?xml version="1.0" encoding="UTF-8"?><text xmlns="http://www.tei-c.org/ns/1.0" xmlns:HIS="http://www.example.org/ns/HIS" rend="letter" corresp="B18741007AuLa" xml:lang="da-no">
<body>
<div type="letter">
<dateline>
                            <pb n="[1]"/>Dresden den <date>7<hi rend="raised">de</hi> Oktober 1874</date>.</dateline>
<salute>Herr bogholder Larsen!</salute>
<p>Jeg glemte, da jeg sendte Dem <anchor type="lemma" xml:id="koB13_1496"/>manuskriptet til <HIS:hisRef type="work" target="Navneregister_HISe.xml#woBryl">bryllupssangen</HIS:hisRef>, at bemærke at den er skreven til <anchor type="lemma" xml:id="koB13_1497"/>melodien «Danmark, dejligst vang og vænge». Hvis <HIS:hisRef type="tcNote" xml:id="noteT13_228" target="B1871-1879ht_noter.xml" corresp="noteT13_228">den</HIS:hisRef> ikke <anchor type="lemma" xml:id="koB13_1498"/>allerede er trykt kunde dette måske på sædvanlig måde anføres ovenover første vers. – <anchor type="lemma" xml:id="koB13_1499"/>Indlagte kort bedes leveret <HIS:hisRef type="tcNote" xml:id="noteT13_229" target="B1871-1879ht_noter.xml" corresp="noteT13_229">til</HIS:hisRef> <HIS:hisRef type="person" target="Navneregister_HISe.xml#peJH">herr Jakob Hegel</HIS:hisRef>.</p>
<salute>Deres særdeles forbundne</salute>
<signed>Henrik Ibsen.</signed>
</div>
</body>
</text>