<?xml version="1.0" encoding="UTF-8"?><text xmlns="http://www.tei-c.org/ns/1.0" xmlns:HIS="http://www.example.org/ns/HIS" rend="letter" corresp="B18710513JB" xml:lang="da-no">
<body>
<div type="letter">
<dateline>
                            <pb n="[1]"/>Dresden den <date>13<hi rend="raised">de</hi> Maj 1871</date>. –</dateline>
<salute>Kære herr etatsråd Bravo!</salute>
<p>Jeg håber De ikke tager mig det altfor ilde op at jeg så længe har nølet med at sende Dem de <anchor type="lemma" xml:id="koB12_3220"/>hos <HIS:hisRef type="person" target="Navneregister_HISe.xml#peAtD">herr tom Dieck</HIS:hisRef> indkasserede penge; men jeg har i den grad været optaget af literære anliggender, at jeg har måttet sætte næsten alt andet til side.</p>
<p>Summen var, som De ved, 16 thaler 20 <anchor type="lemma" xml:id="koB12_3221"/>sgr; jeg sender Dem herved 17 thaler i <anchor type="lemma" xml:id="koB12_3222"/>assureret brev, og fører Dem det overskydende <HIS:hisRef type="tcNote" xml:id="noteT12_749" target="B1844-1871ht_noter.xml" corresp="noteT12_749">samt</HIS:hisRef> omkostninger i regning. <anchor type="lemma" xml:id="koB12_3223"/>Min egen gæld skal senere hen blive berigtiget; for øjeblikket har jeg ikke disponible penge her; hvad jeg har opsparet, <anchor type="lemma" xml:id="koB12_3224"/>står fast i bankindretninger i <HIS:hisRef type="place" target="Navneregister_HISe.xml#plKbh">København</HIS:hisRef> og <HIS:hisRef type="place" target="Navneregister_HISe.xml#plKri">Kristiania</HIS:hisRef>; men i årets løb skal den sag blive bragt i orden.</p>
<p>
                            <anchor type="lemma" xml:id="koB12_3225"/>Bogpakken har jeg nu endelig modtaget; den faldt mig desværre temmelig dyr; men det måtte jeg jo vente, og jeg takker <pb n="[2]"/>Dem forbindtligst for Deres ulejlighed i denne henseende.</p>
<p>Ligeledes takker jeg venligst for Deres lykønskning i anledning af min udnævnelse til <anchor type="lemma" xml:id="koB12_3226"/>ridder af Dannebrog, en udnævnelse, som jeg sætter megen pris på. Dette var forresten ikke den første udmærkelse af det slags, der er blevet mig tildel; allerede i forrige år erholdt jeg <anchor type="lemma" xml:id="koB12_3227"/>Wasa-ordenens ridderkors, og nu for nogle dage siden modtog jeg gennem <anchor type="lemma" xml:id="koB12_3228"/>
                            <HIS:hisRef type="person" target="Navneregister_HISe.xml#peCaWa">vor udenrigsminister</HIS:hisRef> den tyrkiske <anchor type="lemma" xml:id="koB12_3229"/>Medjidieh-ordens kommandør-stjerne med diplom fra <anchor type="lemma" xml:id="koB12_3230"/>
                            <HIS:hisRef type="person" target="Navneregister_HISe.xml#peAbd">sultanen</HIS:hisRef>, – naturligvis i anledning af min rejse i <HIS:hisRef type="place" target="Navneregister_HISe.xml#plEg">Egypten</HIS:hisRef>. <HIS:hisRef type="person" target="Navneregister_HISe.xml#peJDCL">Herr Lieblein</HIS:hisRef> blev ridder af samme orden, og <HIS:hisRef type="person" target="Navneregister_HISe.xml#peOvK">kaptein Knorring</HIS:hisRef>, der jo også var i <HIS:hisRef type="place" target="Navneregister_HISe.xml#plRom">Rom</HIS:hisRef>, kommandør, ligesom jeg.</p>
<p>
                            <anchor type="lemma" xml:id="koB12_3231"/>Hvorledes går det min ven, <HIS:hisRef type="person" target="Navneregister_HISe.xml#peGB">Dr: Brandes</HIS:hisRef>? Tør jeg bede Dem <HIS:hisRef type="tcNote" xml:id="noteT12_750" target="B1844-1871ht_noter.xml" corresp="noteT12_750">hilse ham</HIS:hisRef> fra mig; jeg tilskriver ham om kort tid og håber han ikke er altfor vred, fordi jeg har forsømt det så længe. Mine gamle romerske venner, <HIS:hisRef type="person" target="Navneregister_HISe.xml#peNR">Ravnkilde</HIS:hisRef>, <HIS:hisRef type="person" target="Navneregister_HISe.xml#peHJBu">Budal</HIS:hisRef>, <HIS:hisRef type="person" target="Navneregister_HISe.xml#peJLHB">Börjesson</HIS:hisRef> o. s. v, må De ligeledes <pb n="[3]"/>hilse, og sige dem at jeg ofte tænker på samlivet med de kære mennesker dernede.</p>
<p>Med et hjerteligt levvel, og navnlig med ønsket om en behagelig og forfriskende <anchor type="lemma" xml:id="koB12_3232"/>villegiatura efter vinterens anstrængelser, tegner jeg mig</p>
<salute>Deres ærbødigst hengivne og forbundne</salute>
<signed>Henrik Ibsen.</signed>
</div>
</body>
</text>