<?xml version="1.0" encoding="UTF-8"?><text xmlns="http://www.tei-c.org/ns/1.0" xmlns:HIS="http://www.example.org/ns/HIS" rend="letter" corresp="B18700312RW" xml:lang="da-no">
                <body>
<div type="letter">
<dateline>
                            <pb n="[1]"/>Dresden den <date>12<hi rend="raised">te</hi> Marts 1870</date>. –</dateline>
<salute>Kjære Watt!</salute>
<p>Noget <anchor type="lemma" xml:id="koB12_2401"/>Arrangement med <HIS:hisRef type="person" target="Navneregister_HISe.xml#peHCFS">Herr Boghandler Steen</HIS:hisRef> er i det omskrevne Anliggende umuligt, da jeg allerede har truffet <anchor type="lemma" xml:id="koB12_2402"/>Overenskomst med <HIS:hisRef type="person" target="Navneregister_HISe.xml#peFH">Herr Hegel</HIS:hisRef>, hos hvem et Bind af <HIS:hisRef type="work" target="Navneregister_HISe.xml#woDi">mine Digte</HIS:hisRef> vil udkomme till Efteraaret. – Vær af den Godhed snarest muligt at underrette Herr Steen herom og bring ham tillige min forbindtligste Takk for det gjorte Tillbud.</p>
<p>Mit Brev af 9<hi rend="raised">de</hi> Marts haaber jeg er fremkommet. Forresten intet nyt. Hils alle gode Venner!</p>
<salute>venskabeligst</salute>
<signed>Henrik Ibsen.</signed>
</div>
</body>
</text>