<?xml version="1.0" encoding="UTF-8"?><text xmlns="http://www.tei-c.org/ns/1.0" xmlns:HIS="http://www.example.org/ns/HIS" rend="letter" corresp="B18610725CB" xml:lang="da-no">
                <body>
<div type="letter">
<p>Undertegnede samtykker herved i, at den af <HIS:hisRef type="person" target="Navneregister_HISe.xml#peTWH">
                                <anchor type="lemma" xml:id="koB12_701"/>Exam. jur. Holtermann</HIS:hisRef> til idag berammede <anchor type="lemma" xml:id="koB12_702"/>Execution afholdes paa Byfogedcontoret. Som <anchor type="lemma" xml:id="koB12_703"/>Udlæg tillader jeg mig at opgive: En Mahogny Sovesopha, et stort Spisebord med Udtræk, 18 Sølvspiseskeer, 6 Stole med <anchor type="lemma" xml:id="koB12_704"/>Rørsæder, samt 2 Senge i fuld Stand og 12 Sølvtheskeer. –</p>
<dateline>Chr. <date>25/7 61</date>.</dateline>
<salute>Ærb.</salute>
<signed>H. Ibsen.</signed>
<salute>Til Christiania Byfogedcontor.</salute>
</div>
</body>
</text>