<?xml version="1.0" encoding="UTF-8"?><text xmlns="http://www.tei-c.org/ns/1.0" xmlns:HIS="http://www.example.org/ns/HIS" rend="letter" corresp="B18700411FH" xml:lang="da-no">
                <body>
<div type="letter">
<dateline>
                            <pb n="[1]"/>Dresden den <date>11<hi rend="raised">te</hi> April 1870</date>. –</dateline>
<salute>Kjære Herr Cancelliraad Hegel!</salute>
<p>Forhaabentlig er <anchor type="lemma" xml:id="koB12_2414"/>det gjennemsete Expl: af <HIS:hisRef type="work" target="Navneregister_HISe.xml#woKE">«Kongs-Emnerne»</HIS:hisRef> kommet Dem ihænde; jeg afsendte det i Lørdags. Der er ikke rettet meget; thi jeg maa sige, at jeg fandt Dialogen saa grundmuret, Replikerne saa konsekvent byggede paa hverandre, at det ikke stod i min Magt at sammentrænge eller forbedre. Ifølge vor tidligere Aftale har jeg lagt <anchor type="lemma" xml:id="koB12_2415"/>Sprogkongressens Beslutninger til Grund for Retskrivningen; men mine Rettelser i Bogen er vistnok meget ufuldstændige, saaledes har jeg f: Ex: intet anmærket ved de store Begyndelsesbogstaver eller ved Tegnet å, – naar undtages paa Personlisten. Jeg henviser till <anchor type="lemma" xml:id="koB12_2416"/>
                            <HIS:hisRef type="person" target="Navneregister_HISe.xml#peJLo">J: Løkkes</HIS:hisRef> Redegjørelse for Retskrivningsmødets Beslutninger, der er udkommen ogsaa hos <HIS:hisRef type="person" target="Navneregister_HISe.xml#peGECG">Gad</HIS:hisRef> i <HIS:hisRef type="place" target="Navneregister_HISe.xml#plKbh">Kjøbenhavn</HIS:hisRef>, og forøvrigt stoler jeg ganske paa Deres fortræffelige <HIS:hisRef type="person" target="Navneregister_HISe.xml#peAuLa">
                                <anchor type="lemma" xml:id="koB12_2417"/>Korrektør</HIS:hisRef>, der jo besidder <pb n="[2]"/>selvstændigt Skjøn paa de Sager. Et Par Steder frygter jeg for at have rettet galt; det er saaledes min Mening at <anchor type="lemma" xml:id="koB12_2418"/>det stumme h i Ordene «thi» og «Thing» bør bibeholdes; ligeledes bør formentlig skrives «sees» «seet» «gået» o. s. v. Kunde jeg <HIS:hisRef type="tcNote" xml:id="noteT12_634" target="B1844-1871ht_noter.xml" corresp="noteT12_634">uden</HIS:hisRef> at forsinke Trykningen faa et korrigeret Aftryk af det 1<hi rend="raised">ste</hi> Ark til Gjennemsyn, vilde det være mig kjært. <anchor type="lemma" xml:id="koB12_2419"/>«Bagler», «Birkebejner» o. s. v. bør skrives med stort. <anchor type="lemma" xml:id="koB12_2420"/>Det vedføjede Musikbilag er De vel enig med mig i at udelade. Mere husker jeg ikke at anføre for Øjeblikket; kun at det er mig meget kjært at faa Bogen trykt med <anchor type="lemma" xml:id="koB12_2421"/>noget større Typer.</p>
<p>Deres <HIS:hisRef type="tcNote" xml:id="noteT12_635" target="B1844-1871ht_noter.xml" corresp="noteT12_635">tre</HIS:hisRef> venlige Breve af <HIS:hisRef type="tcNote" xml:id="noteT12_636" target="B1844-1871ht_noter.xml" corresp="noteT12_636">18<hi rend="raised">de</hi> Marts,</HIS:hisRef> 21<hi rend="raised">de</hi> Marts og 2<hi rend="raised">den</hi> April har jeg modtaget. Jeg mindes ikke om jeg har takket Dem for <anchor type="lemma" xml:id="koB12_2422"/>
                            <HIS:hisRef type="person" target="Navneregister_HISe.xml#peGB">Brandes’s</HIS:hisRef> Bog; hvis ikke, saa gjør jeg det her. – Foreløbig ønsker jeg kun at spille i <anchor type="lemma" xml:id="koB12_2423"/>Lotteriet i de første 6 Trækninger. – Fra <anchor type="lemma" xml:id="koB12_2424"/>
                            <HIS:hisRef type="person" target="Navneregister_HISe.xml#peJAAFD">Dahl</HIS:hisRef> har jeg intet hørt. Det glæder mig meget at Sagen er ordnet og jeg takker og modtager med Glæde <anchor type="lemma" xml:id="koB12_2425"/>Deres Tilbud angaaende den nye Udgave.</p>
<p>
                            <anchor type="lemma" xml:id="koB12_2426"/>Mit nye Skuespil er endnu ikke kommet længere end til Udkastet og med Ordningen af <anchor type="lemma" xml:id="koB12_2427"/>mine Rejseoptegnelser har det lange Udsigter. – Det er min Hensigt at <pb n="[3]"/>indlevere <anchor type="lemma" xml:id="koB12_2428"/>«Kongs-Emnerne» til <HIS:hisRef type="org" target="Navneregister_HISe.xml#orgKT">det kgl: danske Theater</HIS:hisRef> saa snart den nye Udgave er færdig. Antages det, som jeg haaber, vil det da kunne gives i Begyndelsen af næste Sæson og derved tillige fremme Bogens Udbredelse.</p>
<p>Jeg beder Dem tilgive at jeg saa længe har ladet vente paa Svar. Et maa jeg spørge Dem om. Har man paa det kgl: Theater spillet <anchor type="lemma" xml:id="koB12_2429"/>«Et rigt Parti»? Det er af <HIS:hisRef type="person" target="Navneregister_HISe.xml#peMT">min Svigermoder</HIS:hisRef> (anonymt); men De er naturligvis indviet i Hemmeligheden. Hun tænker nu paa at <anchor type="lemma" xml:id="koB12_2430"/>forlade <HIS:hisRef type="place" target="Navneregister_HISe.xml#plKri">Christiania</HIS:hisRef>, og deri gjør hun ret. Fra <anchor type="lemma" xml:id="koB12_2431"/>
                            <HIS:hisRef type="person" target="Navneregister_HISe.xml#peBB">Bjørnson</HIS:hisRef> hører jeg intet; han har rimeligvis travelt med det forestaaende Feldttog til <HIS:hisRef type="place" target="Navneregister_HISe.xml#plIsl">Island</HIS:hisRef>. Det gjør mig forresten ondt at det er kommet til <anchor type="lemma" xml:id="koB12_2432"/>Brudd imellem os; jeg haaber dog at det ikke skal blive <HIS:hisRef type="tcNote" xml:id="noteT12_637" target="B1844-1871ht_noter.xml" corresp="noteT12_637">af Varighed</HIS:hisRef>. Vidste jeg at De ikke havde noget imod det eller af Grunde, som jeg ikke kjender, fandt det utilraadeligt, saa skulde jeg ikke være utilbøjelig til at <anchor type="lemma" xml:id="koB12_2433"/>tilegne ham den nye Udgave af «Kongs-Emnerne», muligens med et Par Verslinjer. I bekræftende Fald saa jeg gjerne om De ved Lejlighed gjorde ham en Forespørgsel eftersom den <pb n="[4]"/>direkte diplomatiske Forbindelse imellem os er afbrudt. –</p>
<p>Med de venligste Hilsener tegner jeg mig</p>
<salute>Deres ærbødigst hengivne</salute>
<signed>Henrik Ibsen.</signed>
</div>
</body>
</text>