<?xml version="1.0" encoding="UTF-8"?><text xmlns="http://www.tei-c.org/ns/1.0" xmlns:HIS="http://www.example.org/ns/HIS" rend="letter" corresp="B18690615ALi" xml:lang="da-no">
<body>
<div type="letter">
<dateline>
                            <pb n="[1]"/>Dresden, <date>15<hi rend="raised">de</hi> Juni 1869</date>. –</dateline>
<p>Herved giver jeg mig den Ære at indlevere till <HIS:hisRef type="org" target="Navneregister_HISe.xml#orgKT">det kgl: Theater</HIS:hisRef> mit nye Lystspil <HIS:hisRef type="work" target="Navneregister_HISe.xml#woUF">«De unges Forbund»</HIS:hisRef> med ærbødigst Forespørgsel om <HIS:hisRef type="tcNote" xml:id="noteT12_567" target="B1844-1871ht_noter.xml" corresp="noteT12_567">hvorvidt</HIS:hisRef> samme kan blive antaget till Oppførelse.</p>
<p>Sproget vil formentlig ingen Hindring lægge i Vejen. Hist og her forekommer vistnok specifict <anchor type="lemma" xml:id="koB12_2052"/>norske Vendinger; men jeg er villig till heri at lade rette hvad man maatte finde nødvendigt eller ønskeligt.</p>
<p>Ihvorvel Handlingen foregaar i <HIS:hisRef type="place" target="Navneregister_HISe.xml#plN">Norge</HIS:hisRef>, formenes dog saavel Charakterer som Situationer at passe ogsaa for <HIS:hisRef type="place" target="Navneregister_HISe.xml#plDk">Danmarks</HIS:hisRef> Vedkommende.</p>
<p>Stykket <anchor type="lemma" xml:id="koB12_2053"/>vil komme i Boghandelen till Efteraaret og rimeligvis samtidigt dermed blive <anchor type="lemma" xml:id="koB12_2054"/>oppført i <HIS:hisRef type="place" target="Navneregister_HISe.xml#plKri">Christiania</HIS:hisRef>. Jeg er derfor forberedt paa at mit Arbejde, for det Tillfælde at det af det kgl: Theater antages, kun bliver <anchor type="lemma" xml:id="koB12_2055"/>honoreret efter den lavere Maalestok, som under saadanne Omstændigheder er den <HIS:hisRef type="tcNote" xml:id="noteT12_758" target="B1844-1871ht_noter.xml" corresp="noteT12_758">gjældende.</HIS:hisRef>
                        </p>
<p>
                            <pb n="[2]"/>Honoraret er mig overhovedet ikke det væsentlige; men det er mig af overordentlig stor Vigtighed <anchor type="lemma" xml:id="koB12_2056"/>ogsaa fra Scenen at vinde hos det danske Publikum den Gunst, som jeg i Læseverdenen glæder mig over at besidde, en Gunst, som jeg ved nærværende Lystspil ikke frygter for at forspilde.</p>
<p>Det <anchor type="lemma" xml:id="koB12_2057"/>Svar, som jeg tillader mig <anchor type="lemma" xml:id="koB12_2058"/>i sin Tid at forvente, bedes afgivet till <HIS:hisRef type="person" target="Navneregister_HISe.xml#peFH">Herr Cancelliraad Hegel</HIS:hisRef> i <HIS:hisRef type="place" target="Navneregister_HISe.xml#plKbh">Kjøbenhavn</HIS:hisRef>.</p>
<salute>ærbødigst</salute>
<signed>Henrik Ibsen.</signed>
<salute>Till Højvelbaarne Herr Etatsraad Linde, <anchor type="lemma" xml:id="koB12_2059"/>R: af D:, Chef for det kongelige Theater i Kjøbenhavn.</salute>
</div>
</body>
</text>