<?xml version="1.0" encoding="UTF-8"?><text xmlns="http://www.tei-c.org/ns/1.0" xmlns:HIS="http://www.example.org/ns/HIS" rend="letter" corresp="B18680224FH" xml:lang="da-no">
                <body>
<div type="letter">
<dateline>
                            <pb n="[1]"/>Rom den <date>24<hi rend="raised">de</hi> Februar 1868</date>.–</dateline>
<salute>Kjære Herr Cancelliraad Hegel!</salute>
<p>Hav ogsaa dennegang Overbærenhed med min Uefterrettelighed i Brevskrivervejen, idet jeg først idag besvarer Deres ærede og venlige Skrivelse af 12<hi rend="raised">te</hi> December f: A. For den indlagte <anchor type="lemma" xml:id="koB12_1685"/>Vexel paa 700 frcs: takkes forbindtligst. –</p>
<p>De omskrevne <anchor type="lemma" xml:id="koB12_1686"/>Rettelser till <HIS:hisRef type="work" target="Navneregister_HISe.xml#woBr">«Brand»</HIS:hisRef> skal om faa Dage blive expederede og fremsendte.</p>
<p>Hvorledes gaar det med <anchor type="lemma" xml:id="koB12_1687"/>
                            <HIS:hisRef type="work" target="Navneregister_HISe.xml#woPG">«Peer Gynt»</HIS:hisRef>? I <HIS:hisRef type="place" target="Navneregister_HISe.xml#plSE">Sverig</HIS:hisRef> er den, saa vidt jeg af Bladanmeldelserne kan slutte, bleven meget vel modtagen; men svarer nu <anchor type="lemma" xml:id="koB12_1688"/>Afsættningen hertill?</p>
<p>
                            <anchor type="lemma" xml:id="koB12_1689"/>I <HIS:hisRef type="place" target="Navneregister_HISe.xml#plN">Norge</HIS:hisRef> erfarer jeg at Bogen har vakt megen Larm; det bekymrer mig ikke det ringeste; men baade <anchor type="lemma" xml:id="koB12_1690"/>dersteds og i <HIS:hisRef type="place" target="Navneregister_HISe.xml#plDk">Danmark</HIS:hisRef> har man fundet meget mere Satire end af mig tillsigtet. <pb n="[2]"/>Hvorfor kan man ikke <anchor type="lemma" xml:id="koB12_1691"/>læse Bogen som et Digt? Thi som et saadant har jeg dog skrevet den. De satiriske Partier staar temmelig isolerede. Men hvis Nutidens Normænd, som det jo lader, gjenkjender sig selv i Peer Gynts Person, faar det blive de Godtfolks egen Sag.</p>
<p>Jeg er Dem hjertelig <anchor type="lemma" xml:id="koB12_1692"/>forbunden for de mange Anmeldelser, De har været saa god at sende mig. «Morgenbladet» er det eneste norske Blad, som holdes her. Skulde det være Dem muligt ved Lejlighed at <HIS:hisRef type="tcNote" xml:id="noteT12_475" target="B1844-1871ht_noter.xml" corresp="noteT12_475">kunne</HIS:hisRef> skaffe mig <anchor type="lemma" xml:id="koB12_1693"/>
                            <HIS:hisRef type="person" target="Navneregister_HISe.xml#peBB">Bjørnsons Artikler i «norsk Folkeblad»</HIS:hisRef> saa gjorde De mig en stor Glæde.</p>
<p>
                            <HIS:hisRef type="work" target="Navneregister_HISe.xml#woUF">Mit næste Arbejde</HIS:hisRef> bliver rimeligvis <anchor type="lemma" xml:id="koB12_1694"/>et Skuespil for Theatret og der vil forhaabenlig ikke hengaa lang Tid før jeg tager alvorligt fatt.</p>
<p>Det piner mig at jeg endnu ikke har tillskrevet <HIS:hisRef type="person" target="Navneregister_HISe.xml#peGB">Hrr <anchor type="lemma" xml:id="koB12_1695"/>G: Brandes</HIS:hisRef> i Anledning af hans Artikkel i dansk Maanedsskrift; men nu skal det ske. Jeg beder Dem ved Lejlighed frembære min Hilsen.</p>
<p>At <anchor type="lemma" xml:id="koB12_1696"/>Udgivelsen af <HIS:hisRef type="person" target="Navneregister_HISe.xml#pePHj">P: Hjorts Breve</HIS:hisRef> har forvoldt Dem Ubehageligheder, gjør mig isandhed ondt, men det forekommer mig dog at <pb n="[3]"/>den Side af Sagen maa være lett at bære da det dog er klart at alt Ansvar falder paa <anchor type="lemma" xml:id="koB12_1697"/>den navngivne Udgiver.</p>
<p>
                            <anchor type="lemma" xml:id="koB12_1698"/>«Maalstrævernes» Hyl over at «Peer Gynt» ikke kom betimeligere till Bergen er vel heller ikke værd at lægge videre paa Hjerte. Efter hvad der senere er passeret, synes det som om <anchor type="lemma" xml:id="koB12_1699"/>de Karle har faaet den tidsnok.</p>
<p>Af <anchor type="lemma" xml:id="koB12_1700"/>mine spredte og utrykkte Digte har jeg nok tænkt at foretage en Samling; men dette kan ikke ske hernede eftersom de Sager maa <anchor type="lemma" xml:id="koB12_1701"/>oppstøves i allehaande spredte Aviser o. s. v. men engang maa jeg vel nordover igjen og gjør da vel ogsaa en Afstikker till <HIS:hisRef type="place" target="Navneregister_HISe.xml#plKri">Christiania</HIS:hisRef>, ved hvilken Lejlighed Foretagendet passende kunde sættes igang. Jeg takker Dem fordi De har bragt dette Anliggende paa Bane!</p>
<p>Med en hjertelig – skjønt visstnok noget sen Nytaarshilsen, og med en ikke mindre varm Takk for det forløbne Aar tegner jeg mig</p>
<salute>Deres ærbødigst hengivne</salute>
<signed>Henrik Ibsen.</signed>
</div>
<div type="postscript">
<p>P: S: Tør jeg, foruden alt det øvrige, endnu i et Anliggende vove at benytte Deres Velvilje? I saa <pb n="[4]"/>Fald beder jeg Dem om for min Regning at lade indkjøbe en Geografi, en almindelig Verdenshistorie, en skandinavisk Historie<unclear reason="endline">,</unclear> en Naturhistorie, en Regnebog samt de till den første Religionsundervisning <HIS:hisRef type="tcNote" xml:id="noteT12_476" target="B1844-1871ht_noter.xml" corresp="noteT12_476">henhørende</HIS:hisRef> Bøger, alt passende for <HIS:hisRef type="person" target="Navneregister_HISe.xml#peSiI">et otteaars Barn</HIS:hisRef>, der dog ikke er aldeles Begynder. Min lille Gut har nemlig læst en hel Del, navnlig Verdens- og Bibelhistorie, men hidtill aldeles usystematisk og dermed maa det ikke vedblive. Skulde det ikke falde for dyrt at sende Bøgerne som Pakgods eller med Posten, saa ønskede jeg dem helst paa den Maade, hvis ikke saa turde der maaske findes en eller anden Rejsende, der havde et ledigt Rum i sin Kuffert. – Bliv ikke vred herover. Dette er for mig et vigtigt Anliggende. –</p>
<salute>Deres</salute>
<signed>H. I.</signed>
</div>
</body>
</text>