<?xml version="1.0" encoding="UTF-8"?><text xmlns="http://www.tei-c.org/ns/1.0" xmlns:HIS="http://www.example.org/ns/HIS" rend="letter" corresp="B18700912AVW" xml:lang="da-no">
                <body>
<div type="letter">
<dateline>
                            <pb n="[1]"/>Kjøbenhavn den <date>12<hi rend="raised">te</hi> September 1870</date>.</dateline>
<salute>Kjære Wiehe!</salute>
<p>Tillad mig at frembære min hjerteligste tak for <anchor type="lemma" xml:id="koB12_2613"/>din mesterlige udførelse af Stensgårds rolle. Alt var fortræffeligt, og jeg ved ikke noget punkt, som jeg skulde ønske anderledes. Du har fattet min mening lige til det allerinderste og gengiver din opfatning med genial sandhed. Gid jeg med en ny rolle kunde vise Dig min taknemmelighed!</p>
<p>Jeg rejser om nogle dage. Farvel og tak!</p>
<salute>Din hengivne</salute>
<signed>Henrik Ibsen.</signed>
</div>
</body>
</text>