<?xml version="1.0" encoding="UTF-8"?><text xmlns="http://www.tei-c.org/ns/1.0" xmlns:HIS="http://www.example.org/ns/HIS" rend="letter" corresp="B18661123FH1" xml:lang="da-no">
                <body>
<div type="letter">
<salute>
                            <pb n="[1]"/>Herr Cancelliraad Hegel i Kjøbenhavn.</salute>
<p>Imod denne Anvisning ville De godhedsfuldt behage for min Regning at udbetale till <HIS:hisRef type="person" target="Navneregister_HISe.xml#peCEH">
                                <HIS:hisRef type="tcNote" xml:id="noteT12_418" target="B1844-1871ht_noter.xml" corresp="noteT12_418">Hr: Chr E. Hornemann</HIS:hisRef>
                            </HIS:hisRef> i <HIS:hisRef type="place" target="Navneregister_HISe.xml#plKbh">Kjøbenhavn</HIS:hisRef> 50 (halvtredsindstyve) Rdlr. –</p>
<dateline>Rom den <date>23<hi rend="raised">de</hi> November 1866</date>. –</dateline>
<signed>Henrik Ibsen</signed>
</div>
</body>
</text>