<?xml version="1.0" encoding="UTF-8"?><text xmlns="http://www.tei-c.org/ns/1.0" xmlns:HIS="http://www.example.org/ns/HIS" rend="letter" corresp="B18731123JLo" xml:lang="da-no">
<body>
<div type="letter">
<p>
                            <HIS:hisRef type="tcNote" xml:id="noteT13_192" target="B1871-1879ht_noter.xml" corresp="noteT13_192">
                                <gap/>
                            </HIS:hisRef>
                        </p>
<p>
                            <anchor type="lemma" xml:id="koB13_1223"/>Min opfatning av <HIS:hisRef type="person" target="Navneregister_HISe.xml#peJu">keiser Julians</HIS:hisRef> karakter, tør jeg paastaa, er i streng overensstemmelse med den historiske sandhet. De nyere historieskrivere alene, navnlig de tyske, kan man ikke stole paa i dette punkt. <HIS:hisRef type="person" target="Navneregister_HISe.xml#peJJWi">
                                <anchor type="lemma" xml:id="koB13_1224"/>
                                <anchor type="lemma" xml:id="koB13_1225"/>Winkelmann</HIS:hisRef>, <HIS:hisRef type="person" target="Navneregister_HISe.xml#peGEL">Lessing</HIS:hisRef>, <HIS:hisRef type="person" target="Navneregister_HISe.xml#peJWGo">Goethe</HIS:hisRef> og <HIS:hisRef type="person" target="Navneregister_HISe.xml#peFSch">Schiller</HIS:hisRef> har <anchor type="lemma" xml:id="koB13_1226"/>kvervet synet paa de godtfolk til fordel for det græske hedenskap, og hertil kommer at <anchor type="lemma" xml:id="koB13_1227"/>kristendommen ikke nyder stor kredit i <HIS:hisRef type="place" target="Navneregister_HISe.xml#plD">Tyskland</HIS:hisRef>. Man maa derfor gaa tilbake til kildene, og det har jeg gjort. <HIS:hisRef type="person" target="Navneregister_HISe.xml#peGreg">
                                <anchor type="lemma" xml:id="koB13_1228"/>Gregor fra Nazianz</HIS:hisRef> kalder Julian i et brev til en samtidig «<anchor type="lemma" xml:id="koB13_1229"/>dette uheldsvangre dyr, som falder over os med ild, sværd og allehaande pinsler». Baade Gregor og <HIS:hisRef type="person" target="Navneregister_HISe.xml#peBas">
                                <anchor type="lemma" xml:id="koB13_1230"/>Basilios</HIS:hisRef> anfører desuten mange navngivne mænd der er blit dræpt eller <anchor type="lemma" xml:id="koB13_1231"/>martret for troens skyld; alle detaljer anføres med stor omstændelighet; jeg vil kun nævne <HIS:hisRef type="person" target="Navneregister_HISe.xml#peMark">
                                <anchor type="lemma" xml:id="koB13_1232"/>biskop Markos</HIS:hisRef> i Arethusa, <anchor type="lemma" xml:id="koB13_1233"/>soldaten i Doristora, <HIS:hisRef type="person" target="Navneregister_HISe.xml#peBasAnc">
                                <anchor type="lemma" xml:id="koB13_1234"/>læreren Kyrillos i Antiochia (han hette egentlig Basilios)</HIS:hisRef>, <anchor type="lemma" xml:id="koB13_1235"/>massakren paa kristenkvindene i Heliopolis under Libanon o.s.v. Overhodet alle de træk jeg har benyttet i stykket, har traditionen for sig; de <anchor type="lemma" xml:id="koB13_1236"/>hitrører fra samtidiges beretninger, og mange av dem ikke blot fra kristne. <HIS:hisRef type="person" target="Navneregister_HISe.xml#peAmm">
                                <anchor type="lemma" xml:id="koB13_1237"/>Ammianus Marcellinus</HIS:hisRef>, selv hedning og Julians beundrende lovtaler, nævner flere der myrdedes, og siger navnlig om den gamle <HIS:hisRef type="person" target="Navneregister_HISe.xml#peUrs">
                                <anchor type="lemma" xml:id="koB13_1238"/>Ursulos</HIS:hisRef> at retfærdighetens gudinde aldrig kunde tilgi denne mands henrettelse, men at hun maatte fælde taarer derover. Meddel <HIS:hisRef type="person" target="Navneregister_HISe.xml#peMB">Birkeland</HIS:hisRef> dette.</p>
<p>Du siger at «<anchor type="lemma" xml:id="koB13_1239"/>Sennones» burde gjengives med «i Sennonernes land». Dette er urigtig. «Sennones» kan vistnok paa latin betegne folkeslaget; men det er ogsaa et bynavn. Jeg har ikke længer Ammian ved haanden; men stedet er ikke til at misforstaa; ti der tales om at Julian maatte indeslutte sig i S., som han befæstet med en grav og en forskansning o.s.v. Hos <HIS:hisRef type="person" target="Navneregister_HISe.xml#peCas">
                                <anchor type="lemma" xml:id="koB13_1240"/>Cæsar</HIS:hisRef> (De bello Gall.) kap. LIV heter det desuten: <anchor type="lemma" xml:id="koB13_1241"/>Tamen Sennones, quae est civitas in primis firma et magnae inter Gallos auctoritatis etc. etc., og i en anmerkning hertil heter det: <anchor type="lemma" xml:id="koB13_1242"/>Caput Agedincum, hodie a gentis nomine <emph>Sens</emph>.</p>
<p>Forøvrig er jeg særdeles glad over og tilfreds med <anchor type="lemma" xml:id="koB13_1243"/>den mottagelse som <HIS:hisRef type="work" target="Navneregister_HISe.xml#woKG">mit nye arbeide</HIS:hisRef> later til at ha fundet i <HIS:hisRef type="place" target="Navneregister_HISe.xml#plN">Norge</HIS:hisRef>. At der i mange henseender debatteres for og imot, kan ikke andet end være mig kjært. Nu kommer jeg ganske sikkert <anchor type="lemma" xml:id="koB13_1244"/>hjem til sommeren, <anchor type="lemma" xml:id="koB13_1245"/>at sige hvis min indtægt av <HIS:hisRef type="work" target="Navneregister_HISe.xml#woKK">Kjærlighedens Komedie</HIS:hisRef> ved opførelsen, hvad jeg haaber, skaffer mig de fornødne reisepenger. Der er da min agt at <anchor type="lemma" xml:id="koB13_1246"/>drage saa langt nordover som mulig, og ialfald forlænge mit ophold hjemme til utover høsten.</p>
<p>
                            <HIS:hisRef type="tcNote" xml:id="noteT13_192a" target="B1871-1879ht_noter.xml" corresp="noteT13_192a">
                                <gap/>
                            </HIS:hisRef>
                        </p>
</div>
</body>
</text>