<?xml version="1.0" encoding="UTF-8"?><text xmlns="http://www.tei-c.org/ns/1.0" xmlns:HIS="http://www.example.org/ns/HIS" rend="letter" corresp="B18741115SuI" xml:lang="da-no">
<body>
<div type="letter">
<dateline>
                            <pb n="[1]"/>Dresden den <date>15<hi rend="raised">de</hi> November 1874</date>.</dateline>
<salute>Kære Suzannah!</salute>
<p>Igår eftermiddag modtog vi dit brev med den sørgelige efterretning om vor kære <HIS:hisRef type="person" target="Navneregister_HISe.xml#peMTh">
                                <anchor type="lemma" xml:id="koB13_1568"/>Maries</HIS:hisRef> bortgang. Hun er altså ikke længer personlig iblandt os; men vi vil beholde hende i kærlig erindring.</p>
<p>
                            <HIS:hisRef type="person" target="Navneregister_HISe.xml#peSiI">Sigurd</HIS:hisRef> har underrettet <anchor type="lemma" xml:id="koB13_1569"/>hendes nærmeste venner her i <HIS:hisRef type="place" target="Navneregister_HISe.xml#plDre">Dresden</HIS:hisRef> om det indtrufne; <HIS:hisRef type="person" target="Navneregister_HISe.xml#peTK">
                                <anchor type="lemma" xml:id="koB13_1570"/>Thomas</HIS:hisRef> kom hen til os igåraftes, og fik det da at vide.</p>
<p>Nu er det din opgave at bære <anchor type="lemma" xml:id="koB13_1571"/>de sidste foranstaltninger med ro og fatning. Du siger ikke i dit brev, hvad tid Du tænker at blive færdig i <HIS:hisRef type="place" target="Navneregister_HISe.xml#plKbh">København</HIS:hisRef>. <anchor type="lemma" xml:id="koB13_1572"/>«Titania» går på Onsdag. Rejser Du med dette skib, så underret mig med et par ord derom iforvejen. Men føler Du Dig altfor udmattet, så må Du ikke rejse så hastigt.</p>
<p>Mit forrige brev håber jeg Du har modtaget idag, søndag. Også dette adresserer jeg til <anchor type="lemma" xml:id="koB13_1573"/>hospitalet, skønt jeg ikke <pb n="[2]"/>ved <anchor type="lemma" xml:id="koB13_1574"/>om Du endnu bor der; men i al fald har Du vel der opgivet din nye adresse.</p>
<p>Du sørger naturligvis for at <anchor type="lemma" xml:id="koB13_1575"/>Maries efterladte breve o. s. v. ikke kommer i uvedkommendes hænder; og blandt uvedkommende tænker jeg først og fremst på <anchor type="lemma" xml:id="koB13_1576"/>hendes danske slægtninge.</p>
<p>
                            <anchor type="lemma" xml:id="koB13_1577"/>Forsyn Dig rigeligt med rejsepenge og med rejsetøj. Det vil blive bitterlig koldt på turen nedover. Rejs i 2<hi rend="raised">den</hi> klasses <HIS:hisRef type="tcNote" xml:id="noteT13_244" target="B1871-1879ht_noter.xml" corresp="noteT13_244">damekupé</HIS:hisRef>, og tag blandt andet en flaske god portvin med Dig. <anchor type="lemma" xml:id="koB13_1578"/>Rejserouten har jeg i <anchor type="lemma" xml:id="koB13_1579"/>et tidligere brev beskrevet. –</p>
<p>Dette skriver jeg <HIS:hisRef type="tcNote" xml:id="noteT13_245" target="B1871-1879ht_noter.xml" corresp="noteT13_245">Søndag</HIS:hisRef> formiddag. Sigurd er hos Thomas. Lad mig endelig, hvis det er muligt, vide tiden for din afrejse fra København. Om vi kan modtage Dig her på banegården, ved jeg ikke, da det jo altid bliver usikkert med hvilket tog <HIS:hisRef type="tcNote" xml:id="noteT13_246" target="B1871-1879ht_noter.xml" corresp="noteT13_246">Du</HIS:hisRef> ankommer.</p>
<p>Hvem skal sende meddelelse til <anchor type="lemma" xml:id="koB13_1580"/>Maries slægt og venner i <HIS:hisRef type="place" target="Navneregister_HISe.xml#plN">Norge</HIS:hisRef>? Jeg fordrer på det bestemteste at det ikke overlades til <HIS:hisRef type="person" target="Navneregister_HISe.xml#peMT">
                                <anchor type="lemma" xml:id="koB13_1581"/>din moder</HIS:hisRef>, og deri er Du visst enig med mig.</p>
<salute>Din hengivne</salute>
<signed>Henrik Ibsen.</signed>
</div>
</body>
</text>