<?xml version="1.0" encoding="UTF-8"?><text xmlns="http://www.tei-c.org/ns/1.0" xmlns:HIS="http://www.example.org/ns/HIS" rend="letter" corresp="B18690126RS" xml:lang="da-no">
                <front>
<pb n="[a]"/>
<HIS:envelope type="envelope">
<address>
<addrLine>Hr: Cand: magist: Rudolf Schmidt.</addrLine>
<addrLine>Klareboderne. 16. 2.</addrLine>
<addrLine>Kopenhagen.</addrLine>
</address>
<stamp>fr:</stamp>
</HIS:envelope>
</front>
<body>
<div type="letter">
<dateline>
                            <pb n="[1]"/>Dresden den <date>26<hi rend="raised">de</hi> Januar 1869</date>. –</dateline>
<salute>Hr: <anchor type="lemma" xml:id="koB12_1836"/>Cand: mag: Rudolf Schmidt!</salute>
<p>Som Svar paa Deres meget ærede Brev af 16<hi rend="raised">de</hi> dennes maa jeg meddele at jeg ikke ønsker at staa nævnt som fremtidig Bidragsyder till <anchor type="lemma" xml:id="koB12_1837"/>det paatænkte Tidsskrift, da jeg ikke vil se mig istand till at nyde godt af Deres hædrende Tillbud.</p>
<p>Grunden till denne min Beslutning er den, at jeg ikke kan bekvemme mig till at virke sammen med <anchor type="lemma" xml:id="koB12_1839"/>Mænd, om hvilke jeg har en paa Erfaring bygget Formodning om, at de, ved første frembudte Lejlighed, ville bruge deres respektive Aviser og Penne imod mig. I en Kjøbenhavnerkorrespondence till det norske Morgenblad ser jeg <anchor type="lemma" xml:id="koB12_1840"/>
                            <HIS:hisRef type="person" target="Navneregister_HISe.xml#peBB">Herr B: Bjørnson</HIS:hisRef> nævnt som formentlig Medudgiver af «For Ide og Virkelighed»; allerede denne Omstændighed <HIS:hisRef type="tcNote" xml:id="noteT12_511" target="B1844-1871ht_noter.xml" corresp="noteT12_511">vilde</HIS:hisRef> i og for sig være afgjørende for mig, selv om ikke andre Motiver till Overflod forelaa.</p>
<p>Jeg er forvisset om Deres Samstemmighed <pb n="[2]"/>naar jeg holder paa at Klarhed bør være den første Betingelse i alle Forholde, og haaber derfor tryggt at De ikke tager mig det <HIS:hisRef type="tcNote" xml:id="noteT12_512" target="B1844-1871ht_noter.xml" corresp="noteT12_512">ilde</HIS:hisRef> opp naar jeg med et Afslag tegner mig</p>
<salute>Deres ærbødige og forbundne</salute>
<signed>Henrik Ibsen.</signed>
</div>
</body>
</text>