<?xml version="1.0" encoding="UTF-8"?><text xmlns="http://www.tei-c.org/ns/1.0" xmlns:HIS="http://www.example.org/ns/HIS" rend="letter" corresp="B18700413FH" xml:lang="da-no">
                <body>
<div type="letter">
<dateline>
                            <pb n="[1]"/>Dresden den <date>13<hi rend="raised">de</hi> April 1870</date>. –</dateline>
<salute>Kjære Herr Cancelliraad Hegel!</salute>
<p>En idag fra <HIS:hisRef type="place" target="Navneregister_HISe.xml#plKri">Christiania</HIS:hisRef> modtagen <anchor type="lemma" xml:id="koB12_2434"/>Skrivelse oplyser mig om Ting, som foranlediger mig til at tilbagekalde min i mit <HIS:hisRef type="tcNote" xml:id="noteT12_638" target="B1844-1871ht_noter.xml" corresp="noteT12_638">sidste</HIS:hisRef> Brev fremsatte Anmodning til Dem om at rette en Forespørgsel til <HIS:hisRef type="person" target="Navneregister_HISe.xml#peBB">Bjørnson</HIS:hisRef>.</p>
<p>I Haab om at denne Tilbagekaldelse vil fremkomme i betimelig Tid tegner jeg mig</p>
<salute>Deres ærbødigst hengivne</salute>
<signed>Henrik Ibsen.</signed>
</div>
</body>
</text>