<?xml version="1.0" encoding="UTF-8"?><text xmlns="http://www.tei-c.org/ns/1.0" xmlns:HIS="http://www.example.org/ns/HIS" rend="letter" corresp="B18720630MB" xml:lang="da-no">
<body>
<div type="letter">
<dateline>
                            <pb n="[1]"/>Dresden den <date>30<hi rend="raised">te</hi> Juni 1872</date>. –</dateline>
<salute>Kære ven!</salute>
<p>Tak for <anchor type="lemma" xml:id="koB13_519"/>dine sidste breve, og undskyld at jeg til dato ikke har besvaret dem. Idag et par ord.</p>
<p>Den 27<hi rend="raised">de</hi> sendte jeg <HIS:hisRef type="work" target="Navneregister_HISe.xml#woTF">mit <anchor type="lemma" xml:id="koB13_520"/>digt</HIS:hisRef> til festkomiteen; jeg håber at Du ikke vil finde noget betænkeligt deri. Skulde Du ville drage omsorg for en absolut fejlfri korrektur, vilde jeg takke Dig meget. Hvis tiden tillod det ønskede jeg gerne et <anchor type="lemma" xml:id="koB13_521"/>revisionsaftryk; men det er sagtens ikke muligt. Jeg stoler på dig!</p>
<p>Med valget af hr: <HIS:hisRef type="person" target="Navneregister_HISe.xml#peMBey">M: Beyer</HIS:hisRef> til oplæser i <HIS:hisRef type="place" target="Navneregister_HISe.xml#plHau">Haugesund</HIS:hisRef> er jeg vel fornøjet; jeg kender ham personligt og ved at han har alle fornødne betingelser til dette hverv. <anchor type="lemma" xml:id="koB13_522"/>I <HIS:hisRef type="place" target="Navneregister_HISe.xml#plKri">Kristiania</HIS:hisRef> må man vel også kunne opdrive en habil mand; – blot ingen skuespiller!</p>
<p>Digtets plads i rækken af talerne må I selv bestemme; jeg tror ikke at indholdet vil give anledning til megen tvivlrådighed i så henseende. Jeg er enig med Dig i at det bør forelægges <HIS:hisRef type="person" target="Navneregister_HISe.xml#peKongO2">
                                <anchor type="lemma" xml:id="koB13_523"/>prins Oskar</HIS:hisRef>.</p>
<p>
                            <pb n="[2]"/>
                            <anchor type="lemma" xml:id="koB13_524"/>Udfaldet af stipendieuddelingen har ikke overrasket mig. Jeg søgte oprindelig det Schæfferske legat men anholdt senere om at ansøgningen også måtte komme i betragtning ved uddelingen af de til kunstneres og videnskabsmænds rejser i udlandet bevilgede midler. – Du kan være rolig; jeg føler ikke min <HIS:hisRef type="tcNote" xml:id="noteT13_75" target="B1871-1879ht_noter.xml" corresp="noteT13_75">
                                <anchor type="lemma" xml:id="koB13_525"/>honnør</HIS:hisRef> i mindste måde afficeret; <HIS:hisRef type="org" target="Navneregister_HISe.xml#orgKdep">det norske kirkedepartement</HIS:hisRef> formår overhovedet ikke at afficere min honnør. Men jeg kan ikke være enig med Dig i at man må søge grunden til forbigåelsen i at jeg længe har opholdt mig i udlandet. En af mine heldigere medansøgere, kandidat <HIS:hisRef type="person" target="Navneregister_HISe.xml#peLBS">Stenersen</HIS:hisRef>, (en nær slægtning af <HIS:hisRef type="tcNote" xml:id="noteT13_76" target="B1871-1879ht_noter.xml" corresp="noteT13_76">statsråd</HIS:hisRef> <HIS:hisRef type="person" target="Navneregister_HISe.xml#peHRi">Riddervold</HIS:hisRef>) har også længe opholdt sig i udlandet, og har tidligere mindst <emph>en</emph> gang havt stipendium. Til herr <HIS:hisRef type="person" target="Navneregister_HISe.xml#peJLi">Jonas Lie</HIS:hisRef> har man i løbet af noget over et år bevilget <anchor type="lemma" xml:id="koB13_526"/>4 forskellige stipendier til et samlet beløb af 1050 Sp. Alt dette er ganske naturligt; hr: <anchor type="lemma" xml:id="koB13_528"/>Lie hører til det parti, som ikke må <anchor type="lemma" xml:id="koB13_527"/>stødes for hovedet, og <anchor type="lemma" xml:id="koB13_529"/>jeg til det parti, som man ikke må gøre noget for «for ikke at irritere stemningen». Jeg kunde have den største lyst til at skrive offentligt om denne vor regerings <anchor type="lemma" xml:id="koB13_530"/>erbarmelighed; men da jeg <anchor type="lemma" xml:id="koB13_531"/>betragter statsråd <pb n="[3]"/>Riddervold som min personlige fiende, må jeg naturligvis af <anchor type="lemma" xml:id="koB13_532"/>æreshensyn lade det være. –</p>
<p>Du vilde bevise mig en overordentlig stor tjeneste, hvis Du kunde skaffe mig <HIS:hisRef type="tcNote" xml:id="noteT13_77" target="B1871-1879ht_noter.xml" corresp="noteT13_77">
                                <anchor type="lemma" xml:id="koB13_533"/>et</HIS:hisRef> exemplar af <HIS:hisRef type="work" target="Navneregister_HISe.xml#woF1">
                                <HIS:hisRef type="tcNote" xml:id="noteT13_78" target="B1871-1879ht_noter.xml" corresp="noteT13_78">«Fru</HIS:hisRef> Inger til Østeråd»</HIS:hisRef> og vilde sende mig samme under korsbånd i posten. Men lad dette af <anchor type="lemma" xml:id="koB13_534"/>visse grunde holdes hemmeligt!</p>
<p>Den 20<hi rend="raised">de</hi> Juli begynder skoleferierne og da afrejser vi herfra for at tilbringe en 6 ugers tid i <HIS:hisRef type="place" target="Navneregister_HISe.xml#plGa">
                                <anchor type="lemma" xml:id="koB13_535"/>Gastein</HIS:hisRef> eller ved et andet badested i <HIS:hisRef type="place" target="Navneregister_HISe.xml#plTy">Tyrol</HIS:hisRef>; <anchor type="lemma" xml:id="koB13_536"/>mine literære arbejder vil ikke lide noget derved; jeg tager alle mine <anchor type="lemma" xml:id="koB13_537"/>apparater med, og touren er jo kun en fornøjelsestur. Til <anchor type="lemma" xml:id="koB13_538"/>næste år tænker jeg ganske visst at komme hjem. – En hjertelig hilsen til Dig og dine!</p>
<salute>Venskabeligst</salute>
<signed>Henrik Ibsen.</signed>
</div>
</body>
</text>