<?xml version="1.0" encoding="UTF-8"?><text xmlns="http://www.tei-c.org/ns/1.0" xmlns:HIS="http://www.example.org/ns/HIS" rend="letter" corresp="B18750104LJ" xml:lang="da-no">
<body>
<div type="letter">
<dateline>
                            <pb n="[1]"/>Dresden den <date>4<hi rend="raised">de</hi> Januar <HIS:hisRef type="tcNote" xml:id="noteT13_258" target="B1871-1879ht_noter.xml" corresp="noteT13_258">1875</HIS:hisRef>
                            </date>.</dateline>
<salute>Kære herr Josephson!</salute>
<p>Tillad mig først og fremst at ønske Dem et glædeligt nytår og dernæst at takke Dem hjerteligst for al Deres venlige <anchor type="lemma" xml:id="koB13_1671"/>forekommenhed under mit ophold i <HIS:hisRef type="place" target="Navneregister_HISe.xml#plKri">Kristiania</HIS:hisRef>.</p>
<p>Antageligvis har De gennem <HIS:hisRef type="person" target="Navneregister_HISe.xml#peFH">
                                <anchor type="lemma" xml:id="koB13_1672"/>min forlægger</HIS:hisRef> i <HIS:hisRef type="place" target="Navneregister_HISe.xml#plKbh">København</HIS:hisRef> nu modtaget en <anchor type="lemma" xml:id="koB13_1673"/>skrivelse fra mig, hvilken i formen var stilet til den samlede theaterdirektion, og hvori jeg indleverer <HIS:hisRef type="work" target="Navneregister_HISe.xml#woF2">«Fru Inger»</HIS:hisRef> til opførelse på Deres scene.</p>
<p>For det tilfælde at stykket godkendes, hvilket jeg håber, tager jeg mig den frihed at vedlægge et forslag til rollebesætning. Jeg tror ikke at der vil være stor uenighed imellem os i dette punkt. <HIS:hisRef type="person" target="Navneregister_HISe.xml#peOJB">Herr <anchor type="lemma" xml:id="koB13_1674"/>Bucher</HIS:hisRef> vilde jeg gerne have holdt borte, da det forekommer mig at han fordærver alt, hvad han får med at bestille.</p>
<p>Jeg <anchor type="lemma" xml:id="koB13_1675"/>er meget begærlig efter at høre, hvad De mener om stykket og om dets fremtidsudsigter på <HIS:hisRef type="org" target="Navneregister_HISe.xml#orgChrTh">Kristiania <pb n="[2]"/>theater</HIS:hisRef>. Min tro er at det under Deres indstudering og med den foreslåede rollebesætning vil slå godt an og <anchor type="lemma" xml:id="koB13_1676"/>holde sig længe på repertoiret. Men en hovedbetingelse er det jo at det ikke kommer frem altfor langt udover våren.</p>
<p>
                            <anchor type="lemma" xml:id="koB13_1677"/>Indlagte billet til <HIS:hisRef type="person" target="Navneregister_HISe.xml#peLG">fru Gundersen</HIS:hisRef> er en lykønskning til hende i anledning af <anchor type="lemma" xml:id="koB13_1678"/>hendes jubilæum. Tør jeg bede at den må blive hende overleveret på selve dagen.</p>
<p>Med hilsen til alle fælles venner og bekendte, og i håb om snart at modtage nogle linjer fra Dem, tegner jeg mig</p>
<salute>Deres hengivne</salute>
<signed>Henrik Ibsen.</signed>
</div>
</body>
<back>
<div type="attachment">
<head type="letter">
                            <pb n="[3]"/>
                            <anchor type="lemma" xml:id="koB13_1679"/>Forslag til rollebesætning i «Fru Inger til Østråt».</head>
<p>
                            <table rend="settesManuelt">
<row>
                                    <cell role="data">Fru Inger Gyldenløve</cell>
                                    <cell role="filler"/>
                                    <cell role="data">Fru Gundersen.</cell>
                                </row>
<row>
                                    <cell role="data">Eline Gyldenløve</cell>
                                    <cell role="filler"/>
                                    <cell role="data">
                                        <HIS:hisRef type="person" target="Navneregister_HISe.xml#peJRJ">
                                            <anchor type="lemma" xml:id="koB13_1680"/>Fru Juel</HIS:hisRef>.</cell>
                                </row>
<row>
                                    <cell role="data">Nils Lykke</cell>
                                    <cell role="filler"/>
                                    <cell role="data">
                                        <HIS:hisRef type="person" target="Navneregister_HISe.xml#peARei">Herr Reimers</HIS:hisRef>.</cell>
                                </row>
<row>
                                    <cell role="data">Olaf Skaktavl</cell>
                                    <cell role="filler"/>
                                    <cell role="data">
                                        <HIS:hisRef type="person" target="Navneregister_HISe.xml#peJFB">
                                            <HIS:hisRef type="tcNote" xml:id="noteT13_259" target="B1871-1879ht_noter.xml" corresp="noteT13_259">H<unclear>r</unclear>
                                            </HIS:hisRef> Joh<hi rend="raised">s</hi> Brun</HIS:hisRef>.</cell>
                                </row>
<row>
                                    <cell role="data">Nils Stenssøn</cell>
                                    <cell role="filler"/>
                                    <cell role="data">
                                        <HIS:hisRef type="person" target="Navneregister_HISe.xml#peJSel">
                                            <HIS:hisRef type="tcNote" xml:id="noteT13_260" target="B1871-1879ht_noter.xml" corresp="noteT13_260">Herr</HIS:hisRef> Selmer</HIS:hisRef>.</cell>
                                </row>
<row>
                                    <cell role="data">Jens Bjelke</cell>
                                    <cell role="filler"/>
                                    <cell role="data">
                                        <HIS:hisRef type="person" target="Navneregister_HISe.xml#peSG">Herr Gundersen</HIS:hisRef>.</cell>
                                </row>
<row>
                                    <cell role="data">Bjørn</cell>
                                    <cell role="filler"/>
                                    <cell role="data">
                                        <HIS:hisRef type="person" target="Navneregister_HISe.xml#pePNi">
                                            <anchor type="lemma" xml:id="koB13_1681"/>Herr Nielsen</HIS:hisRef>.</cell>
                                </row>
<row>
                                    <cell role="data">Finn</cell>
                                    <cell role="filler"/>
                                    <cell role="data">
                                        <HIS:hisRef type="person" target="Navneregister_HISe.xml#peHeKl">
                                            <anchor type="lemma" xml:id="koB13_1682"/>Herr Clausen</HIS:hisRef>.</cell>
                                </row>
<row>
                                    <cell role="data">Ejnar Huk</cell>
                                    <cell role="filler"/>
                                    <cell role="data">
                                        <HIS:hisRef type="person" target="Navneregister_HISe.xml#peHBru">Herr H: Brun</HIS:hisRef>.</cell>
                                </row>
<row>
                                    <cell role="data">En svensk krigsknægt</cell>
                                    <cell role="filler"/>
                                    <cell role="data">
                                        <HIS:hisRef type="person" target="Navneregister_HISe.xml#peHFHa">
                                            <anchor type="lemma" xml:id="koB13_1683"/>Herr Hammer</HIS:hisRef>.</cell>
                                </row>
</table>
                        </p>
</div>
</back>
</text>