<?xml version="1.0" encoding="UTF-8"?><text xmlns="http://www.tei-c.org/ns/1.0" xmlns:HIS="http://www.example.org/ns/HIS" rend="letter" corresp="B18711015NN_Til_Oplysning" xml:lang="da-no">
<body>
<div type="letter">
<head type="letter">Til Oplysning om Attentatet paa min literaire Eiendom.</head>
<p>
                            <anchor type="lemma" xml:id="koB13_114"/>I Begyndelsen af Aaret 1857 tilstillede jeg fra <HIS:hisRef type="place" target="Navneregister_HISe.xml#plBerg">Bergen</HIS:hisRef>, hvor jeg dengang opholdt mig, norsk <HIS:hisRef type="org" target="Navneregister_HISe.xml#orgIN">«Illustreret Nyhedsblad»’s</HIS:hisRef> daværende Redakteur <HIS:hisRef type="person" target="Navneregister_HISe.xml#pePBH">P. Botten-Hansen</HIS:hisRef> Manuskriptet til mit Skuespil <HIS:hisRef type="work" target="Navneregister_HISe.xml#woF1">«Fru Inger til Østeraad»</HIS:hisRef>, for ved hans Medvirkning at faae det trykt i <HIS:hisRef type="place" target="Navneregister_HISe.xml#plKri">Christiania</HIS:hisRef>. Som Svar paa min Henvendelse foreslog Botten-Hansen mig, imod et opgivet ubetydeligt Honorar, at lade Stykket trykke i «Nyhedsbladet», i hvis Spalter Arbeidet da ogsaa fremkom, samtidig med at Bladets Eier, Bogtrykker <HIS:hisRef type="person" target="Navneregister_HISe.xml#peHJJ">H. J. Jensen</HIS:hisRef>, lod tage <anchor type="lemma" xml:id="koB13_115"/>nogle Hundrede Separat-Aftryk, der for hans Regning solgtes i Boghandelen. Af det tilbudte Honorar maatte jeg ved min <anchor type="lemma" xml:id="koB13_116"/>paafølgende Ankomst til Christiania lade mig nøie med <anchor type="lemma" xml:id="koB13_117"/>lidt over det halve, da Bladets Eier til enhver Tid, naar Betaling skulde skee, viste sig ude af Stand til at opfylde sine Forpligtelser.</p>
<p>Strax efter Nyaar 1858 indleverede jeg til <HIS:hisRef type="org" target="Navneregister_HISe.xml#orgChrTh">Christiania Theater</HIS:hisRef> mit, da netop fuldførte, Skuespil <HIS:hisRef type="work" target="Navneregister_HISe.xml#woHH">«Hærmændene paa Helgeland»</HIS:hisRef>, men fik det nogen Tid efter <anchor type="lemma" xml:id="koB13_118"/>paa Grund af Omstændighederne tilbagesendt. Manuskriptet blev derefter af mig overladt til «Illustreret Nyhedsblad» for at benyttes til et <anchor type="lemma" xml:id="koB13_119"/>Præmiehefte eller en <anchor type="lemma" xml:id="koB13_120"/>Nyaarsgave for Bladets Abonnenter, hvorhos Bladets Eier begjærede og erholdt mit Samtykke til, imod det fastsatte <anchor type="lemma" xml:id="koB13_121"/>Honorar, at trykke Bogen i et Oplag paa 2200 Exemplarer, deri iberegnet det Antal Exemplarer, som skulde tildeles Abonnenterne.</p>
<p>Foranstaaende er, for de to omhandlede Skuespils Vedkommende, den fulde og hele Sandhed betræffende mit literaire og juridiske Forhold til «Illustreret Nyhedsblad» og dets Eier. At Udgiveren af en Tidende, naar ikke anderledes er bestemt, ingensomhelst Ret har til at disponere over et literairt Bidrag udenfor Bladets Omraade og overhovedet udenfor den Begrændsning, hvorunder Bidraget er blevet ham overladt, vil være indlysende for Enhver og kan belægges med utallige Exempler fra det praktiske Liv. Jeg skal her anføre nogle faa. Mit Skuespil <HIS:hisRef type="work" target="Navneregister_HISe.xml#woKK">
                                <anchor type="lemma" xml:id="koB13_122"/>«Kjærlighedens Komedie»</HIS:hisRef> har i sin Tid været overdraget «Illustreret Nyhedsblad» i samme Øiemed som «Hærmændene paa Helgeland», og dog har jeg upaatalt kunnet foranstalte en <anchor type="lemma" xml:id="koB13_123"/>ny Udgave af Bogen. Det Samme er Tilfældet bl. A. med mine to større Digte <HIS:hisRef type="work" target="Navneregister_HISe.xml#woPVi">
                                <anchor type="lemma" xml:id="koB13_124"/>«Paa Vidderne»</HIS:hisRef> og <HIS:hisRef type="work" target="Navneregister_HISe.xml#woTV">
                                <anchor type="lemma" xml:id="koB13_125"/>«Terje Vigen»</HIS:hisRef>. Heller ikke har «Morgenbladet» gjort Fordring paa Eiendomsretten til mit <HIS:hisRef type="work" target="Navneregister_HISe.xml#woBall">
                                <anchor type="lemma" xml:id="koB13_126"/>«Ballonbrev»</HIS:hisRef>, som mod <anchor type="lemma" xml:id="koB13_127"/>Honorar har været optaget i dets Spalter. Ligesaa uanfægtet af <HIS:hisRef type="org" target="Navneregister_HISe.xml#orgAftb">
                                <anchor type="lemma" xml:id="koB13_128"/>«Aftenbladet»</HIS:hisRef> og <HIS:hisRef type="org" target="Navneregister_HISe.xml#orgCPo">
                                <anchor type="lemma" xml:id="koB13_129"/>«Christianiaposten»</HIS:hisRef> har Herr <HIS:hisRef type="person" target="Navneregister_HISe.xml#peBB">B. Bjørnson</HIS:hisRef> i sine <anchor type="lemma" xml:id="koB13_130"/>«Smaastykker» kunnet optage <anchor type="lemma" xml:id="koB13_131"/>«En glad Gut» og <anchor type="lemma" xml:id="koB13_132"/>«Mellem Slagene», hvoraf det ene fra først af udkom som Feuilleton og det andet som Tillægshefte til de nysnævnte Aviser. Endelig skal jeg nævne Herr <HIS:hisRef type="person" target="Navneregister_HISe.xml#peVB">V. Bergsøes</HIS:hisRef> <anchor type="lemma" xml:id="koB13_133"/>«I Sabinerbjergene», der uden Forhindringer har kunnet gaae fra nærværende Blad over i Boghandelen. Og dog er det under aldeles analoge Forhold, at man for Tiden i Christiania eftertrykker mine Arbeider!</p>
<p>Men selv for det aldeles umulige Tilfælde, at «Nyhedsbladet»’s Eier ved de mellem mig og hans Blad foregaaede Transaktioner skulde have erhvervet en saa extraordinair Ret, vilde dog hans Foretagende være en grov Forgribelse paa fremmed Gods.</p>
<p>For nogle Aar siden gik nemlig Bogtrykker Jensen <anchor type="lemma" xml:id="koB13_134"/>fallit. Eet af to maa altsaa være Tilfældet. Enten har han, da han overgav sit Bo til Skifteretten, opført Forlagsretten til mine Værker blandt Boets Aktiva, – og i saa Fald er Retten gaaet over paa andre Hænder; eller han har lagt <anchor type="lemma" xml:id="koB13_135"/>Dølgsmaal paa denne Eiendomsgjenstand; men hans fuldstændige Mangel paa Ret er i begge Tilfælde lige klar.</p>
<p>Jeg tillader mig derfor at gjentage min tidligere <anchor type="lemma" xml:id="koB13_136"/>Opfordring til samtlige danske Boghandlere, og særlig til den danske Boghandlerforening, om ikke at række Haanden til denne vistnok enestaaende Spekulation, der af mig vil blive indanket for de norske Domstole.</p>
<dateline>Dresden, den <date>15<hi rend="raised">de</hi> Oktober 1871</date>.</dateline>
<signed>Henrik Ibsen.</signed>
</div>
</body>
</text>