<?xml version="1.0" encoding="UTF-8"?><text xmlns="http://www.tei-c.org/ns/1.0" xmlns:HIS="http://www.example.org/ns/HIS" rend="letter" corresp="B18591025Stort2" xml:lang="da-no">
                <body>
<div type="letter">
<salute>
                            <pb n="[1]"/>Fra Bestyrelsen for det norske Theater i Kristiania. Til Storthinget.</salute>
<p>Nationalitetens Betydning for Folkets hele aandelige Livsretning og Udvikling har i de sidste 15 til 20 Aar vundet mærkeligt fremad i Klarhed og Forstaaelse. Det er <anchor type="lemma" xml:id="koB12_452"/>navnlig i disse senere Aar mere og mere gaaet op for den almindelige Bevidsthed, at den politiske Frihed alene ingenlunde gjør et Folk <anchor type="lemma" xml:id="koB12_453"/>i Aand og Sandhed frit, men at denne høiere <anchor type="lemma" xml:id="koB12_454"/>aandige Frihed først tilegnes gjennem Løsningen af de Baand, der fængsler Folkets Selvbetragtning indenfor en fremmed Forestillingskreds, – at denne Frihed først erhverves, naar Folket har faaet Sigte paa sig selv og hele den omgivende Verden netop under den eiendommelige Form og i den eiendommelige Belysning, der er os, som <anchor type="lemma" xml:id="koB12_455"/>Nation, medfødt og naturlig. Denne Kamp i den høiere Friheds Tjeneste udkjæmpes her, som andetsteds, væsentlig af vore Kunstnere og Forfattere, disse Folkets aandelige Øine, der fremfor Mængden har faaet <anchor type="lemma" xml:id="koB12_456"/>Klarsyn for det i denne Forstand <anchor type="lemma" xml:id="koB12_457"/>ene Fornødne. Og det er ikke med Theorier der kjæmpes, derfor er ogsaa Virkningen øieblikkeligt slaaende. Vore Digtere har gjennem sine Værker lært Folket at kjende og elske sin Fortid med alle dens Omskiftelser, de har under <anchor type="lemma" xml:id="koB12_458"/>sande og forædlede Former stillet <anchor type="lemma" xml:id="koB12_459"/>Billeder af Folkets Liv frem for vore Øine, og midt under alt det <HIS:hisRef type="tcNote" xml:id="noteT12_149" target="B1844-1871ht_noter.xml" corresp="noteT12_149">Forskjelligtartede</HIS:hisRef>, midt ud af de afvigende Træk og Skikkelser lært os at skimte og erkjende <emph>Et</emph>, der ligger karakteriserende paa Bunden, – Folkets Fællestanke, den eiendommelige Grundbetragtning, der tilhører os og ingen Anden, fordi vi ligeoverfor Udenverdenen udgiør et Helt, ikke blot ifølge politisk Overenskomst, men paa Grund af fælles Oprindelse, fælles Traditioner, fælles Sprog og fælles Skjæbne gjennem <pb n="[2]"/>gode og onde Tider, – med et Ord, fordi vi i Begrebets sande Betydning udgjør en Nation. Ikke mindre vækkende har vore bildende Kunstneres Virksomhed været. De har digtet for os i Farver og Former, som hine i Ord; de har lært os at omfatte med Forstaaelsens Inderlighed den Natur, under hvis Paavirkning vi er opvoxet, og som i sin Eiendommelighed saa nøie hænger sammen med vort hele aandelige Præg. Ogsaa paa Musikens Mark har der været ryddet og dyrket; <HIS:hisRef type="person" target="Navneregister_HISe.xml#peOBull">
                                <anchor type="lemma" xml:id="koB12_460"/>en enkelt fremragende Størrelse</HIS:hisRef> har endog paa dette Feldt baaret vort Lands Navn med Ære langt ud over Grændserne. Vil vi nu tænke os al denne Kunstneraandens Gjerning ugjort, eller vel endog udøvet af Fremmede, saa bliver det et i Sandhed mørkt Billede af Tilstanden, der stilles os for Øie; da bliver det os først tilfulde indlysende, hvad Betydning der ligger i den <emph>nationale</emph> Virksomhed paa Poesiens og Kunstens Omraade. Det vil blive os klart, at det for en væsentlig Deel er herfra vor <anchor type="lemma" xml:id="koB12_461"/>Folkeaand har hentet Vækkelse og Styrke, at det er heraf Kjærligheden til vort Land og <anchor type="lemma" xml:id="koB12_462"/>vore folkelige Institutioner suger sin sundeste Næring, at vi af denne Virksomhed henter en levende Erkjendelse af at udgjøre et organisk Helt med Forpligtelse til <anchor type="lemma" xml:id="koB12_463"/>endrægtig Stræben i Fredens Dage saavelsom til Forsvar mod fremmed Tryk.</p>
<p>Denne Erkjendelse af den nationale Kunsts høie Betydning for vore vigtigste og dybeste Interesser sees ogsaa at have staaet Folkets Repræsentanter klart for Øie, idet der <anchor type="lemma" xml:id="koB12_464"/>i den senere Tid ved ikke ubetydelige Bidrag fra Statens Side er sørget for at sætte vore yngre fremadstræbende Kunstnere, navnlig Malere, Billedhuggere og Træskjærere, istand til at uddanne sig under længere eller kortere Ophold ved fremmede Kunstanstalter, ligesom der ogsaa ved Reisestipendier er aabnet dem Anledning til at delagtiggjøres i den Belærelse, som Studiet af Naturen og Kunstens Frembringelser, enten hjemme eller i fremmede Lande, har at tilbyde. Ogsaa vore Musikere <pb n="[3]"/>er denne Liberalitet kommet tilgode; flere af dem har for en Deel paa offentlig Bekostning modtaget Veiledning ved fremmede Conservatorier, og endelig har i det forløbne Aar enkelte Forfattere ved større Reiseunderstøttelser nydt godt af den ogsaa i vort Samfund vaagnende Erkjendelse af Aandsbedriftens Betydning for den nationale Velvære.</p>
<p>Her indtræder imidlertid det <anchor type="lemma" xml:id="koB12_465"/>Særsyn, at, medens Hjælp og Bistand i alle hine ovennævnte Retninger har været ydet, saa er den dramatiske Kunst hos os tilsidesat og overladt til sig selv. Grunden hertil kan <anchor type="lemma" xml:id="koB12_466"/>fornuftigviis ikke ligge i nogen Benægtelse eller endog blot Undervurdering af denne Kunsts Betydning fra Nationalforsamlingens Side. Thi har den sat sit anerkjendende Stempel paa den nationale Virksomhed i Poesie, Malerie, <anchor type="lemma" xml:id="koB12_467"/>Plastik og Musik, saa kan den umuligt benægte Skuespilkunstens Gyldighed. Denne Kunst er jo netop ifølge sin Natur at betragte som en høiere Forbindelse af alle hine enkelte Kunstarter, idet den fremtræder som en Enhed af Poesiens, Maleriets, Plastikens og Musikens Elementer. <anchor type="lemma" xml:id="koB12_468"/>Middelbart har altsaa Storthinget ved at understøtte de øvrige Kunstarter udtalt sin Anerkjendelse af den dramatiske Kunsts Berettigelse; men, er først dens Berettigelse anerkjendt, saa følger ogsaa heraf, at den ubestrideligt maa tillægges en i sin Indflydelse paa Folket langt mere fremtrædende Betydning end nogen anden Kunstart; thi, medens enhver af disse ifølge sin Idee <anchor type="lemma" xml:id="koB12_469"/>stedse virker mere eller mindre abstrakt, – Digtekunsten ved Ordet alene, Malerkunsten alene gjennem Tegning og Farve, Plastiken gjennem den blotte Form osv, saa forener alle disse kunstneriske Meddelelsesmidler sig i Skuespilkunsten til et fuldstændigt Helt, til en ligefrem Gjengivelse af Livet og Virkeligheden, renset og hævet, <HIS:hisRef type="tcNote" xml:id="noteT12_150" target="B1844-1871ht_noter.xml" corresp="noteT12_150">saaledes</HIS:hisRef> som den kunstneriske Forædlingsproces fører det med sig. For tilfulde at forstaae den dramatiske <pb n="[4]"/>Kunsts fremtrædende Indflydelse og Betydningen af, at den i Sandhed er national, maa det endvidere betænkes, at i den er den skabende Kunstnerpersonlighed tillige det kunstneriske Virkemiddel; Maleren betjener sig af Lærred og Farver, Billedhuggeren af Marmor og Meisel, men Skuespilleren ligefrem af sig selv, sin Stemme, sine Bevægelser, sit Ansigtsudtryk, sin Gang og Holdning, kort sagt af Alt, hvad der tilsammen danner det for Individet Karakteriserende i Livet, og hvorved Udenverdenen motiverer sin Opfatning af den Enkelte i Modsætning til alle Andre.</p>
<p>En i Aand og Sandhed <emph>national</emph> Kunstvirksomhed i denne Retning maa altsaa af Enhver, der iforveien har anerkjendt Betydningen af national Kunst i Almindelighed, tillægges den høieste Vægt som et <anchor type="lemma" xml:id="koB12_471"/>hovedsageligt Middel for Folket til renset at gjenfinde sig selv, til at forædles og belæres, til at styrkes og slutte sig sammen. Derfor nyder ogsaa Skuespilkunsten i de fleste nogenlunde udviklede <anchor type="lemma" xml:id="koB12_472"/>Statssamfund en høi Anseelse som aandeligt Opdragelsesmiddel for Folket; paa mangfoldige Steder er Theatrets Virksomhed gjort til en Statssag, og saa godt som overalt vedligeholdes det ved tildels overordentlig store Tilskud fra det Offentliges Side, hvorover nærmere statistiske Oplysninger herved vedlægges.</p>
<p>Men, naar det saaledes overalt, saavel gjennem Erfaring som gjennem Tingens egen fornuftige Grund, tilstrækkeligt er godtgjort, at ingen Kunstart i den Grad som den dramatiske griber virksomt og betydningsfuldt ind i Folkets Udvikling, saa følger ogsaa nødvendigvis heraf, at netop denne Kunstart ved, tvungen af Omstændigheder og trykkende Forhold, at slaae ind paa en falsk Bane, kan komme til i høiere Grad end nogen anden at bekjæmpe det Maal, den skulde virke for, eller det kan ialfald indtræffe, at den, for i sin store Almindelighed at kunne stævne mod Maalet, kommer til i det enkelte Moment at opgive det. Dette har <pb n="[5]"/>til sine Tider hyppigt viist sig at være Tilfældet ved Theatre, hvor det offentlige Tilskud ikke har været stort nok, og hvor naturligt er det da ikke, om det ogsaa viser sig ved vor Scene, der udelukkende bæres af den daglige Indtægt? Under en saadan Tingenes Tilstand nødes et Theater altfor ofte til at <emph>følge</emph> Publicum istedetfor at <emph>lede</emph> det, til i det Enkelte at lade sig rive med af den gjældende, ofte fordærvede Smagsretning, istedetfor at beherske den. Besad vort Theater større Virkemidler, vilde det ogsaa være istand til at forøge og forbedre sit Personale, samt til at <anchor type="lemma" xml:id="koB12_473"/>forskaffe det en grundigere forberedende Uddannelse; det vilde være istand til at anvende større Omhu paa Valget og Udførelsen af Forestillingerne, til bedre at lønne originale Forfattere og derved ophjælpe vor dramatiske Literatur, samt i det Hele taget til at virke i en mere kunstnerisk og national Aand, end man hidindtil paa nogen Maade har seet sig istand til.</p>
<p>
                            <HIS:hisRef type="org" target="Navneregister_HISe.xml#orgKNT">Det norske Theater</HIS:hisRef> er et <anchor type="lemma" xml:id="koB12_474"/>Folketheater, der har sat sig som Opgave, saavidt muligt at virke ogsaa for <anchor type="lemma" xml:id="koB12_475"/>Almueklassen; det har derfor et overveiende Antal billige Pladse; men som Følge heraf er den daglige Indtægt for ringe til, uden en for Kunsten skadelig Sparsomhed, at holde Indretningen igang. Heri har man dog ikke troet at burde gjøre nogen Forandring, da det, som sagt, ligger i Theatrets Plan, saavidt muligt, at gjøre det tilgjængeligt for Alle. Denne Eiendommelighed ved den dramatiske Kunst bør visselig ikke oversees. Vore Maleres og Billedhuggeres Værker kan kun Enkelte tilegne sig og nyde godt af, og deres største og bedste Frembringelser forblive desuden som oftest i Udlandet, hvor de skabtes; og dog føler Staten sig forpligtet til at understøtte denne Virksomhed, der ifølge sin Natur ikke egentlig kan siges at komme Folket tilgode. Denne <anchor type="lemma" xml:id="koB12_476"/>Liberalitet er visselig fuldt begrundet; men Theatrets Krav paa en lignende turde være støttet paa ligesaa urokkelige Grunde; de Bidrag, <pb n="[6]"/>der <emph>her</emph> ydes, forblive i Landet, og Udbyttet er Alles fælles Eiendom.</p>
<p>Den vaagnende Erkjendelse af Trangen til og Betydningen af en national Scene er derfor ogsaa i den sidste Tid paa en umiskjendelig Maade bleven udtalt over det hele Land, idet den for nylig aabnede <anchor type="lemma" xml:id="koB12_477"/>Nationalsubscription til Anskaffelsen af en passende Bygning for det norske Theater har mødt <anchor type="lemma" xml:id="koB12_478"/>Sympathi saavel hos <HIS:hisRef type="person" target="Navneregister_HISe.xml#peKongK4">Landets Konge</HIS:hisRef> og hans Slægt som hos Bonden oppe i Fjeldbygderne. Saasnart denne paatænkte Bygning kommer istand, vil unægteligt den dramatiske Kunsts Fremtid hos os være betrygget; men Tidspunktet ligger endnu temmelig fjernt, og indtil da gjælder det, ikke blot at holde <anchor type="lemma" xml:id="koB12_479"/>Anstalten oppe, men ogsaa at virke med Kraft og uden at tabe det kunstneriske Maal af Sigte. Denne Opgave er for det norske Theater dobbelt vanskelig at løse; thi Forholdene har gjennem Tiden artet sig saa, at det ikke blot har et Maal at kjæmpe for, men ogsaa en Modstand at overvinde; – for at naae frem, maa den dramatiske Kunst hos os ikke blot lære, men ogsaa glemme.</p>
<p>Den Humanitetens og Intelligentsens Aand, hvori Nationalforsamlingen under <anchor type="lemma" xml:id="koB12_480"/>vor Selvstændighedsperiode har virket ud over Landet, maa i væsentlig Grad komme i Betragtning som <anchor type="lemma" xml:id="koB12_481"/>Løftestang for de høiere Ideer, Tiden har kaldt til Live i vort Statssamfund. Men blandt disse staaer Ideen om et Nationaltheater i første Række. Det er derfor med fuld Fortrøstning, vi henvender os til Norges Storthing, idet vi herved andrager om, at der af Statskassen maa bevilges Kristiania norske Theater et aarligt Tilskud af <anchor type="lemma" xml:id="koB12_482"/>2000 Spd. for mere frit og uhindret end hidtil at kunne virke i Kunstens Tjeneste.</p>
<dateline>Kristiania den <date>25<hi rend="raised">de</hi> Oktober 1859</date>.</dateline>
<signed>J. Gamborg</signed> <signed>C: Hansteen</signed> <signed>M. K. Holfeldt</signed>
<signed>Henr: Ibsen</signed> <signed>K. Knudsen</signed> <signed>Siegw. Petersen</signed>
</div>
</body>
<back>
<div type="attachment">
<head type="letter">
                            <pb n="[1]"/>
                            <handShift new="B18591025Stort2-HI" medium="pen"/>Oplysninger vedkommende endeel af de vigtigste Theatre i <HIS:hisRef type="place" target="Navneregister_HISe.xml#plEu">Europa</HIS:hisRef>.</head>
<figure type="bar"/>
<table rend="settesManuelt">
<row>
                                <cell/>
                                <cell role="label">Aarligt Tilskud af Staterne. –</cell>
                            </row>
<row>
                                <cell role="data">De keiserlige Theatre i <HIS:hisRef type="place" target="Navneregister_HISe.xml#plPa">Paris</HIS:hisRef>.</cell>
                                <cell/>
                            </row>
<row>
                                <cell role="data">a.) Den store Opera: rummer 1800 Personer, giver 182–85 Forestillinger i Saisonen og indbringer ved Billetsalg omtrent <HIS:hisRef type="tcNote" xml:id="noteT12_151" target="B1844-1871ht_noter.xml" corresp="noteT12_151">1,000,000</HIS:hisRef> Frcs:</cell>
                                <cell role="data">680,000 Frcs:</cell>
                            </row>
<row>
                                <cell role="data">b.) Theatre française: rummer 1500 Personer, giver 360 Forestillinger aarlig og indbringer ved Billetsalg omtrent 681,000 Frcs:</cell>
                                <cell role="data">240,000 Frcs:</cell>
                            </row>
<row>
                                <cell role="data">c.) Opera comique: rummer 2000 Personer, giver 360 Forestillinger aarlig og indbringer ved Billetsalg omtrent 850,000 Frcs:</cell>
                                <cell role="data">240,000 Frcs:</cell>
                            </row>
<row>
                                <cell role="data">d.) Odéon: rummer 1550 Personer og indbringer omtrent 138,000 Frcs:</cell>
                                <cell role="data">100,000 Frcs:</cell>
                            </row>
<row>
                                <cell role="data">e.) Italiensk Opera: rummer 1300 Personer; indbringer omtrent 400,000 Frcs:</cell>
                                <cell role="data">100,000 Frcs:</cell>
                            </row>
<row>
                                <cell role="data">De keiserlige Theatre i <HIS:hisRef type="place" target="Navneregister_HISe.xml#plWien">Wien</HIS:hisRef>.</cell>
                                <cell/>
                            </row>
<row>
                                <cell role="data">a.) <HIS:hisRef type="org" target="Navneregister_HISe.xml#orgBurg">Burgtheatret</HIS:hisRef>: rummer 1670 Personer, giver 315 Forestillinger aarlig og indbringer 175,000 Gylden</cell>
                                <cell role="data">100,000 Gylden</cell>
                            </row>
                        </table>
<table rend="settesManuelt">
<row>
                                <cell/>
                                <cell role="label">
                                    <pb n="[2]"/>Aarligt Tilskud af Staten.</cell>
                            </row>
<row>
                                <cell role="data">b.) Kärnthnerthortheatret: rummer 1800 Personer, giver 345 Forestillinger aarlig og indbringer ved Billetsalg omtrent 210,000 Gylden.</cell>
                                <cell role="data"> 150,000 Gylden.</cell>
                            </row>
<row>
                                <cell role="data">De kongelige Theatre i <HIS:hisRef type="place" target="Navneregister_HISe.xml#plBerl">Berlin</HIS:hisRef>.</cell>
                                <cell/>
                            </row>
<row>
                                <cell role="data">a.) Operahuset, b.) <HIS:hisRef type="org" target="Navneregister_HISe.xml#orgKTB">det kongelige Theater</HIS:hisRef>, c.) Theatret i Charlottenburg, d.) Theatret i Potsdam og e.) Theatret i <HIS:hisRef type="tcNote" xml:id="noteT12_152" target="B1844-1871ht_noter.xml" corresp="noteT12_152">Palæet i</HIS:hisRef> Potsdam. Disse Theatre give tilsammen 520–30 Forestillinger aarligt og indbringe omtrent 200,000 pr: Thaler.</cell>
                                <cell role="data">140,000 pr: Thaler.</cell>
                            </row>
<row>
                                <cell role="data">Hoftheatret i Dresden: <HIS:hisRef type="tcNote" xml:id="noteT12_153" target="B1844-1871ht_noter.xml" corresp="noteT12_153">rummer</HIS:hisRef> 2000 Personer og indbringer omtrent 100,000 Thaler aarlig.</cell>
                                <cell role="data">40,000 pr: Thaler</cell>
                            </row>
<row>
                                <cell role="data">Hoftheatret i München: rummer 2500 Personer og indbringer aarlig omtrent 140,000 Gylden.</cell>
                                <cell role="data">78,000 Gylden.</cell>
                            </row>
<row>
                                <cell role="data">Hoftheatret i Hannover: rummer 2000 Personer, giver aarlig 240 Forestillinger og indbringer omtrent 50,000 pr: Thaler.</cell>
                                <cell role="data">73,000 pr: Thaler.</cell>
                            </row>
<row>
                                <cell role="data">Hoftheatret i Stuttgart: rummer 2000 Personer, giver aarlig 180 Forestillinger og indbringer 55,000 Gylden</cell>
                                <cell role="data">125,000 Gylden.</cell>
                            </row>
<row>
                                <cell role="data">Hoftheatret i Karlsruhe: indbringer omtrent 50,000 Gylden aarlig.</cell>
                                <cell role="data">100,000 Gylden</cell>
                            </row>
                        </table>
<table rend="settesManuelt">
<row>
                                <cell/>
                                <cell role="label">
                                    <pb n="[3]"/>Aarligt Tilskud af Staten.</cell>
                            </row>
<row>
                                <cell role="data">Hoftheatret i Darmstadt indbringer aarlig omtrent 33,000 Gylden.</cell>
                                <cell role="data">100,000 Gylden</cell>
                            </row>
<row>
                                <cell role="data">Hoftheatret i Kassel: indbringer aarlig omtrent 28,000 pr: Thaler, og har som Bidrag af <HIS:hisRef type="person" target="Navneregister_HISe.xml#peFrV">
                                        <anchor type="lemma" xml:id="koB12_483"/>Kurfyrstens</HIS:hisRef> Privatkasse 24,000 Thaler.</cell>
                                <cell role="data">36,000 Thaler.</cell>
                            </row>
<row>
                                <cell role="data">
                                    <HIS:hisRef type="org" target="Navneregister_HISe.xml#orgKDTS">Det kongelige Theater i Stokholm</HIS:hisRef>: indbringer aarlig ved Billetsalg 162,000 Rdl:rmt ved Bidrag fra H. M. Kongen og den kongelige Familie 66,000 Rdlr:rmt.</cell>
                                <cell role="data">33,000 Rdlr:rmt</cell>
                            </row>
<row>
                                <cell role="data">NB: Opgivendet vedkommede Stokholms Theater daterer sig fra 1856 da en ny Ordning iværksattes eftersom det dengang bevilgede Tilskud viste sig ikke at være tilstrækkeligt. Nyere Oplysninger haves imidlertid ikke forhaanden.</cell>
                                <cell role="data"/>
                            </row>
<row>
                                <cell role="data">
                                    <HIS:hisRef type="org" target="Navneregister_HISe.xml#orgKT">Det kongelige Theater i Kjøbenhavn</HIS:hisRef>. indbringer aarlig ved Billetsalg omtrent 130,000 Rdl:</cell>
                                <cell role="data">65,000 Rdlr:</cell>
                            </row>
<row>
                                <cell role="data">NB: Beregningen vedkommende dette sidstnevnte Theater er kun tilnærmelsesviis paalidelig. Tilskuddet formenes at være forøget i det sidste <HIS:hisRef type="tcNote" xml:id="noteT12_754" target="B1844-1871ht_noter.xml" corresp="noteT12_754">Aar.</HIS:hisRef>
                                </cell>
                                <cell role="data"/>
                            </row>
</table>
</div>
<div type="attachment">
<head type="letter">
                            <pb n="[4]"/>Oplysninger vedkommende Kristiania norske Theater.</head>
<p>Theatret rummer 820 Personer og gav i forrige Spilleaar 131 Forestillinger.</p>
<table rend="settesManuelt">
<row>
                                <cell role="data">Billetsalget udgjorde i Saisonen</cell>
                                <cell role="data">1852/53</cell>
                                <cell role="data">"</cell>
                                <cell role="data">6487 Sp</cell>
                                <cell role="data">30ʄ</cell>
                            </row>
<row>
                                <cell role="data">" " " "</cell>
                                <cell role="data">1853/54</cell>
                                <cell role="data">"</cell>
                                <cell role="data">5281 Sp</cell>
                                <cell role="data">34ʄ</cell>
                            </row>
<row>
                                <cell role="data">" " " "</cell>
                                <cell role="data">1854/55</cell>
                                <cell role="data">"</cell>
                                <cell role="data">7280 Sp</cell>
                                <cell role="data">68ʄ</cell>
                            </row>
<row>
                                <cell role="data">" " " "</cell>
                                <cell role="data">1855/56</cell>
                                <cell role="data">"</cell>
                                <cell role="data">8373 Sp</cell>
                                <cell role="data">24ʄ</cell>
                            </row>
<row>
                                <cell role="data">" " " "</cell>
                                <cell role="data">1856/57</cell>
                                <cell role="data">"</cell>
                                <cell role="data">8788 Sp</cell>
                                <cell role="data">44ʄ</cell>
                            </row>
<row>
                                <cell role="data">" " " "</cell>
                                <cell role="data">1857/58</cell>
                                <cell role="data">"</cell>
                                <cell role="data">9002 Sp</cell>
                                <cell role="data">32ʄ</cell>
                            </row>
<row>
                                <cell role="data">" " " "</cell>
                                <cell role="data">1858/59</cell>
                                <cell role="data">"</cell>
                                <cell role="data">11,062 Sp</cell>
                                <cell role="data">18ʄ</cell>
                            </row>
</table>
<p>I det sidst forløbne Spilleaar har der været solgt:</p>
<table rend="settesManuelt">
<row>
                                <cell role="data">7292</cell>
                                <cell role="data">Billetter</cell>
                                <cell role="data">a</cell>
                                <cell role="data">48ʄ</cell>
                            </row>
<row>
                                <cell role="data">7846</cell>
                                <cell role="data">"</cell>
                                <cell role="data">"</cell>
                                <cell role="data">36ʄ</cell>
                            </row>
<row>
                                <cell role="data">12,633</cell>
                                <cell role="data">"</cell>
                                <cell role="data">"</cell>
                                <cell role="data">30ʄ</cell>
                            </row>
<row>
                                <cell role="data">3392</cell>
                                <cell role="data">"</cell>
                                <cell role="data">"</cell>
                                <cell role="data">24ʄ</cell>
                            </row>
<row>
                                <cell role="data">19,137</cell>
                                <cell role="data">"</cell>
                                <cell role="data">"</cell>
                                <cell role="data">12ʄ</cell>
                            </row>
</table>
<p>Tilsammen 50,300 Billetter.</p>
<dateline>Kristiania <date>den 25<hi rend="raised">de</hi> October 1859</date>.</dateline>
<signed>Henr: Ibsen artistisk Direktør.</signed>
</div>
</back>
</text>