<?xml version="1.0" encoding="UTF-8"?><text xmlns="http://www.tei-c.org/ns/1.0" xmlns:HIS="http://www.example.org/ns/HIS" rend="letter" corresp="B18720502FH" xml:lang="da-no">
<body>
<div type="letter">
<dateline>
                            <pb n="[1]"/>Dresden den <date>2<hi rend="raised">den</hi> Maj 1872</date>. –</dateline>
<salute>Kære herr Hegel!</salute>
<p>Det var mig overmåde kært af Deres venlige brev at erfare at <anchor type="lemma" xml:id="koB13_493"/>bogpakken til <HIS:hisRef type="place" target="Navneregister_HISe.xml#plLon">London</HIS:hisRef> allerede var afsendt. Jeg har nemlig i denne sag været noget <anchor type="lemma" xml:id="koB13_494"/>forsømmelig og begyndte nu at frygte for at denne forsømmelighed kunde have sine følger.</p>
<p>En lignende forsømmelighed har bragt mig til alt for længe <HIS:hisRef type="tcNote" xml:id="noteT13_68" target="B1871-1879ht_noter.xml" corresp="noteT13_68">at opsætte med</HIS:hisRef> at rekvirere penge fra <HIS:hisRef type="place" target="Navneregister_HISe.xml#plKri">Kristiania</HIS:hisRef>, og jeg nødes derfor til igen at ulejlige Dem. Tør jeg altså anmode Dem om at vise mig den godhed at sende mig 150 Thaler preussisk?</p>
<p>I al hast en hjertelig hilsen til Dem og <HIS:hisRef type="person" target="Navneregister_HISe.xml#peJH">Deres søn</HIS:hisRef> fra</p>
<salute>Deres inderlig hengivne</salute>
<signed>Henrik Ibsen.</signed>
</div>
</body>
</text>