<?xml version="1.0" encoding="UTF-8"?><text xmlns="http://www.tei-c.org/ns/1.0" xmlns:HIS="http://www.example.org/ns/HIS" rend="letter" corresp="B18531108NTB" xml:lang="da-no">
                <body>
<div type="letter">
<p>
                            <pb n="[1]"/>Paa den igaaraftes <HIS:hisRef type="tcNote" xml:id="noteT12_70" target="B1844-1871ht_noter.xml" corresp="noteT12_70">afholdte</HIS:hisRef> Prøve paa <anchor type="lemma" xml:id="koB12_216"/>«<HIS:hisRef type="tcNote" xml:id="noteT12_71" target="B1844-1871ht_noter.xml" corresp="noteT12_71">Den</HIS:hisRef> gode Tone» behagede det <HIS:hisRef type="person" target="Navneregister_HISe.xml#peAI">Hr. Isachsen</HIS:hisRef> ganske skjødesløst at fremplapre sin Rolle paa en Maade, der gjorde Prøven saagodtsom aldeles unyttig for hans Medspillende, navnlig <HIS:hisRef type="person" target="Navneregister_HISe.xml#peBJH">M<hi rend="raised">dm</hi> Hundevadt</HIS:hisRef> og <HIS:hisRef type="person" target="Navneregister_HISe.xml#peHaNi">Hr. Nielsen</HIS:hisRef>, der begge have nye og betydelige Partier at indstudere i Stykket, uden at turde paaregne noget stort Antal Prøver. Ved at adspørge ham om Grunden til denne hans Fremfærd, erholdt jeg til Svar, at han ikke fandt sig beføiet til at prøve anderledes, samt at han «i høi Grad forundrede sig over, at Theatret ikke viste ham den Opmærksomhed, at fritage ham for Prøver» paa en Tid, da <HIS:hisRef type="tcNote" xml:id="noteT12_72" target="B1844-1871ht_noter.xml" corresp="noteT12_72">
                                <anchor type="lemma" xml:id="koB12_217"/>hans</HIS:hisRef> Bryllup var forhaanden. – Jeg kjender ikke Udstrækningen af de <anchor type="lemma" xml:id="koB12_218"/>Forbindtlighedshensyn den ærede Bestyrelse troer at skylde Theatrets «<HIS:hisRef type="tcNote" xml:id="noteT12_73" target="B1844-1871ht_noter.xml" corresp="noteT12_73">uundværlige</HIS:hisRef> Kunstnere», – men vover dog for mit Vedkommende at formene, at jeg ingenlunde er traadt disse Hensyn for nær, ved at lade ovennævnte Prøver afholde. Ved Formiddagsprøven idag er Hr. Isachsen aldeles udebleven, hvorom han allerede igaaraftes gav mig en foreløbig Meddelelse med Tilføiende at han naturligviis var villig til at udrede <anchor type="lemma" xml:id="koB12_219"/>den lovbefalede Mulct for Udeblivelsen. <pb n="[2]"/>Da jeg imidlertid nu har Erfaring for at det for Theatrets Functionærer ikke lader sig gjøre, ustraffet at anvende Lovens Ord mod denne heromhandlede Kunstner, samt da Mulcten kun vilde ramme det enkelte Factum, Udeblivelse fra Prøve, – men ingenlunde danne noget <anchor type="lemma" xml:id="koB12_220"/>Præservativ mod den Opsætsighedens Gift, som Hr. Isachsen synes at have gjort sig til Opgave at udbrede inden Theatret, saa er det at jeg herved maa anmode Bestyrelsen om at gribe ind saa snart som muligt.</p>
<p>Jeg skal ikke undlade at bemærke: Isachsens Scener i «<HIS:hisRef type="tcNote" xml:id="noteT12_74" target="B1844-1871ht_noter.xml" corresp="noteT12_74">Den</HIS:hisRef> gode Tone» kan gjennemprøves i 20 Minutter, og under Indstuderingen af <anchor type="lemma" xml:id="koB12_221"/>«Feldtgiftermaalet» har han havt rigelig Anledning til at lære sin Rolle. Indeværende Uges Prøveliste er forøvrigt kun en naturlig Følge af Beneficeforestillingen, der i de forløbne 8 Dage optog alle ledige Timer. Dette er naturligviis Isachsen bekjendt, og det er altsaa med <anchor type="lemma" xml:id="koB12_222"/>Beneficeforestillingen for Øie at Hr Isachsen mener der fra Theatrets Side ikke vises ham den tilbørlige Opmærksomhed. Hr. Isachsen har her opstillet en meget betegnende Maalestok for sine Fordringer, – og da Skylden for den paaklagede, hensynsløse Behandling i dette Tilfælde maa søges hos mig, der gjennem Prøvelisten har tilsagt ham til de omhandlede Prøver, <pb n="[3]"/>saa er det at jeg herved anmoder den ærede Bestyrelse om snarest muligt at undersøge Sagen.</p>
<dateline>d: <date>8/11. 53. –</date>
                        </dateline>
<salute>ærbødigst</salute>
<signed>Henr: Ibsen</signed>
<salute>Til Bestyrelsen for det norske Theater!</salute>
</div>
</body>
</text>