<?xml version="1.0" encoding="UTF-8"?><text xmlns="http://www.tei-c.org/ns/1.0" xmlns:HIS="http://www.example.org/ns/HIS" rend="letter" corresp="B18720207FH" xml:lang="da-no">
<body>
<div type="letter">
<dateline>
                            <pb n="[1]"/>Dresden den <date>7<hi rend="raised">de</hi> Februar 1872</date>. –</dateline>
<salute>Kære herr Hegel!</salute>
<p>Som svar på Deres venlige skrivelse af 4<hi rend="raised">de</hi> dennes skynder jeg mig at meddele at jeg <anchor type="lemma" xml:id="koB13_219"/>ingen rettelser finder at burde foretage i <HIS:hisRef type="work" target="Navneregister_HISe.xml#woKE">«Kongs-emnerne»</HIS:hisRef>, hvorfor trykningen altså straks kan påbegyndes. Skulde muligens en eller anden trykfejl findes i 2<hi rend="raised">det</hi> oplag, stoler jeg i så henseende på Deres omhyggelige og kyndige <HIS:hisRef type="person" target="Navneregister_HISe.xml#peAuLa">
                                <anchor type="lemma" xml:id="koB13_220"/>korrektør</HIS:hisRef>.</p>
<p>Til de i Deres brev nævnte <anchor type="lemma" xml:id="koB13_221"/>venner beder jeg Dem overbringe min varmeste genhilsen. Jeg lever temmelig ensomt her, og glæder mig altid ved at erfare at man har mig i venlig erindring hjemme. <anchor type="lemma" xml:id="koB13_222"/>«Den skotske Kvinde» har jeg læst med stor interesse, mest for de fortrinlige skildringer af tid, sæder og skikke; der er i alt dette en sandhed og nøjagtighed, som vistnok hidindtil står uovertruffen. Karaktererne forekommer mig derimod mindre ejendommelige, skønt vistnok fuldkommen svarende til tid og omstændigheder. Jeg kan imidlertid ikke nægte <pb n="[2]"/>at jeg for mit vedkommende foretrækker Evalds romaner af nutidslivet, især <anchor type="lemma" xml:id="koB13_223"/>«Johannes Falk» og <HIS:hisRef type="tcNote" xml:id="noteT13_37" target="B1871-1879ht_noter.xml" corresp="noteT13_37">«Familien</HIS:hisRef> Norby.» –</p>
<p>Tør jeg bede Dem vise mig den store tjeneste at lade købe for min regning og sende mig under korsbånd et exemplar af <anchor type="lemma" xml:id="koB13_224"/>
                            <emph>
                                <HIS:hisRef type="person" target="Navneregister_HISe.xml#peFBr">Bresemanns</HIS:hisRef> danske gramatik for tysktalende</emph>. Der er nemlig påkommet vor <anchor type="lemma" xml:id="koB13_225"/>omgangskreds af damer et <anchor type="lemma" xml:id="koB13_226"/>raseri efter at lære dansk, og et sådant hjælpemiddel savnes.</p>
<p>Med de bedste hilsener til Dem og <HIS:hisRef type="person" target="Navneregister_HISe.xml#peJH">Deres søn</HIS:hisRef> tegner jeg mig</p>
<salute>Deres hjertelig hengivne</salute>
<signed>Henrik Ibsen.</signed>
</div>
<div type="postscript">
<p>P. s. Skulde mod formodning min hukommelse slå mig fejl og den ovennævnte bog ikke existere ønskede jeg gerne en anden til øjemedet svarende.</p>
<signed>H. I.</signed>
</div>
</body>
</text>