<?xml version="1.0" encoding="UTF-8"?><text xmlns="http://www.tei-c.org/ns/1.0" xmlns:HIS="http://www.example.org/ns/HIS" rend="letter" corresp="B18720108FH" xml:lang="da-no">
<body>
<div type="letter">
<dateline>
                            <pb n="[1]"/>Dresden den <date>8<hi rend="raised">de</hi> Januar 1872</date>. –</dateline>
<salute>Kære herr Hegel!</salute>
<p>Bliv ikke vred fordi jeg atter ulejliger Dem med et par ord!</p>
<p>I mit brev af 27<hi rend="raised">de</hi> December, hvilket De forhåbentlig har modtaget, tillod jeg mig at anmode Dem om godhedsfuldt at sende mig 36 Thaler preussisk. Da jeg imidlertid i denne anledning endnu <anchor type="lemma" xml:id="koB13_197"/>intet har hørt fra Dem, begynder jeg at blive urolig og tænker mig muligheden af at pengene kunde være bortkomne undervejs.</p>
<p>
                            <anchor type="lemma" xml:id="koB13_198"/>Fra <HIS:hisRef type="place" target="Navneregister_HISe.xml#plKri">Kristiania</HIS:hisRef> har jeg, af mig uforklarlige grunde, heller ingen remisse modtaget, og befinder mig derfor i forlegenhed. Hvis De med <anchor type="lemma" xml:id="koB13_199"/>omgående post vilde sende mig 75 Thaler, beviste De mig en stor tjeneste.</p>
<p>Undskyld, at jeg i denne travle tid volder Dem ulejlighed! Modtag de hjerteligste ønsker for Dem og <HIS:hisRef type="person" target="Navneregister_HISe.xml#peJH">Deres søn</HIS:hisRef> i det nye år!</p>
<salute>Deres stedse hengivne</salute>
<signed>Henrik Ibsen.</signed>
</div>
</body>
</text>