<?xml version="1.0" encoding="UTF-8"?><text xmlns="http://www.tei-c.org/ns/1.0" xmlns:HIS="http://www.example.org/ns/HIS" rend="letter" corresp="B18741201EaE" xml:lang="da-no">
<body>
<div type="letter">
<dateline>
                            <pb n="[1]"/>Dresden den <date>1<hi rend="raised">ste</hi> December 1874</date>. –</dateline>
<salute>Til herr hofmarskalken E: af Edholm.</salute>
<p>Idet jeg hermed giver mig den ære at oversende et exemplar af mit skuespil <HIS:hisRef type="work" target="Navneregister_HISe.xml#woF2">«Fru Inger til Østråt»</HIS:hisRef>, der i denne nye udgave foreligger i en, navnlig <anchor type="lemma" xml:id="koB13_1636"/>for replikbehandlingens vedkommende, gennemarbejdet skikkelse, tillader jeg mig ærbødigst at forespørge, om man måtte være villig til at lade dette stykke komme til <anchor type="lemma" xml:id="koB13_1637"/>opførelse på <HIS:hisRef type="org" target="Navneregister_HISe.xml#orgKDTS">det kgl: svenske theater</HIS:hisRef>.</p>
<p>Forventende i sin tid at vorde meddelt herr hofmarskalkens beslutning i denne sag, og forbindtligst takkende for al mig hidtil vist godhed og velvilje, tegner jeg mig</p>
<salute>med udmærket højagtelse</salute>
<salute>ærbødigst</salute>
<signed>Henrik Ibsen.</signed>
</div>
</body>
</text>