<?xml version="1.0" encoding="UTF-8"?><text xmlns="http://www.tei-c.org/ns/1.0" xmlns:HIS="http://www.example.org/ns/HIS" rend="letter" corresp="B18630306AkKoll1" xml:lang="da-no">
<body>
<div type="letter">
<dateline>Christiania den <date>6<hi rend="raised">te</hi> Marts 1863</date>.</dateline>
<salute>Til det akademiske Collegium!</salute>
<p>Idet jeg herved ærbødigst indberetter til det høje Collegium, at det mig i forrige Aar tildelte Stipendium er benyttet i Overensstemmelse med den af mig derom i sin Tid indgivne Ansøgning, tillader jeg mig at bemærke, at Grunden til, at <anchor type="lemma" xml:id="koB12_741"/>den mig paahvilende Indberetning ikke tidligere er afgiven, er at jeg strax efter min Tilbagekomst afsluttede <anchor type="lemma" xml:id="koB12_742"/>Kontrakt med <HIS:hisRef type="person" target="Navneregister_HISe.xml#peJAAFD">en af Byens Forlæggere</HIS:hisRef> om Udgivelsen af <anchor type="lemma" xml:id="koB12_744"/>en Samling norske Folkesagn, der var bestemt til allerede i Vinterens Løb at skulle udkomme, og hvoraf Udbyttet af min Rejse tydeligst vilde fremgaa. <anchor type="lemma" xml:id="koB12_743"/>Omstændighederne har imidlertid hindret Værkets Udgivelse, og jeg tillader mig derfor herved, indtil denne vil kunne finde Sted, ærbødigst at meddele, at det paa min Rejse, væsentlig i <HIS:hisRef type="place" target="Navneregister_HISe.xml#plNFjrd">Nordfjord</HIS:hisRef> og <HIS:hisRef type="place" target="Navneregister_HISe.xml#plSMre">Søndmør</HIS:hisRef>, er lykkedes mig at faa optegnet 70–80 forskjellige og hidtil utrykte Folkesagn, hvoraf flere Prøver har været <anchor type="lemma" xml:id="koB12_745"/>trykte i <HIS:hisRef type="org" target="Navneregister_HISe.xml#orgIN">«Illustr. Nyhedsblad»</HIS:hisRef>. Af Folkeviser og Eventyr har jeg ogsaa <anchor type="lemma" xml:id="koB12_746"/>forefundet en Del, men for det meste kun Varianter af, hvad der allerede er kjendt fra <HIS:hisRef type="person" target="Navneregister_HISe.xml#peMaLa">Landstads</HIS:hisRef> eller <HIS:hisRef type="person" target="Navneregister_HISe.xml#peJMoe">Moes</HIS:hisRef> og <HIS:hisRef type="person" target="Navneregister_HISe.xml#pePCA">Asbjørnsens</HIS:hisRef> respektive Samlinger. Min under Arbejde værende Sagnsamling vil, saasnart den udkommer, blive det høje Collegium tilstillet.</p>
<salute>Ærbødigst</salute>
<signed>Henr: Ibsen.</signed>
</div>
</body>
</text>