<?xml version="1.0" encoding="UTF-8"?><text xmlns="http://www.tei-c.org/ns/1.0" xmlns:HIS="http://www.example.org/ns/HIS" rend="letter" corresp="B18510125HerrA" xml:lang="da-no">
<body>
<div type="letter">
<salute>Til Herr A.</salute>
<p>Som Gjensvar paa <anchor type="lemma" xml:id="koB12_73a"/>Ovenstaaende har jeg kun at bemærke, at jeg ingen Andeel har i <anchor type="lemma" xml:id="koB12_73b"/>den omhandlede Opsats, da jeg ikke engang blev bekjendt med dens hele Indhold forinden flere Dage efterat <anchor type="lemma" xml:id="koB12_73c"/>Bladet var oplæst. Det bliver saaledes <HIS:hisRef type="person" target="Navneregister_HISe.xml#peAI">
                                <anchor type="lemma" xml:id="koB12_73d"/>Forfatterens</HIS:hisRef> Sag selv at forsvare, hvad han i sin <HIS:hisRef type="tcNote" xml:id="noteT12_37" target="B1844-1871ht_noter.xml" corresp="noteT12_37">Artikel</HIS:hisRef> har fremsat.</p>
<signed>Henrik Ibsen</signed>
</div>
</body>
</text>