<?xml version="1.0" encoding="UTF-8"?><text xmlns="http://www.tei-c.org/ns/1.0" xmlns:HIS="http://www.example.org/ns/HIS" rend="letter" corresp="B18690122FH" xml:lang="da-no">
                <body>
<div type="letter">
<dateline>
                            <pb n="[1]"/>Dresden den <date>22<hi rend="raised">de</hi> Januar 1869</date>.</dateline>
<salute>Kjære Herr Cancelliraad Hegel!</salute>
<p>Endelig har jeg da faaet Rede paa den Löscherske <anchor type="lemma" xml:id="koB12_1826"/>Bogpakke! Det vil sige, jeg ved nu hvor den er. I <HIS:hisRef type="tcNote" xml:id="noteT12_509" target="B1844-1871ht_noter.xml" corresp="noteT12_509">mit</HIS:hisRef> Brev af 21<hi rend="raised">de</hi> December f. A., hvori fulgte indlagt <HIS:hisRef type="person" target="Navneregister_HISe.xml#peHLo">Hr: Löschers</HIS:hisRef> Skrivelse af 2<hi rend="raised">den</hi> Juli, og hvori jeg gav en udførlig Skildring af Sagens Gang, vil De forhaabentlig se at jeg var undskyldt, naar jeg ikke kunde begribe Sammenhængen. Idag modtog jeg Brev fra <HIS:hisRef type="person" target="Navneregister_HISe.xml#peJB">Etatsraad Bravo</HIS:hisRef> i <HIS:hisRef type="place" target="Navneregister_HISe.xml#plRom">Rom</HIS:hisRef>, hvori han fortæller <HIS:hisRef type="tcNote" xml:id="noteT12_510" target="B1844-1871ht_noter.xml" corresp="noteT12_510">mig</HIS:hisRef> at Hr. Löscher har sendt Pakken till <HIS:hisRef type="person" target="Navneregister_HISe.xml#peSpi">Boghandler Spithöver</HIS:hisRef> dersteds og at denne stadigt har ventet at jeg skulde afhente den og derfor har ladet den ligge. Nu haaber jeg med en eller anden Rejsende at faa Pakken og dermed er den Ting forbi.</p>
<p>Mit sidste Brev haaber jeg De modtog till Jul. Men uagtet hvad jeg deri skrev, ser jeg at De fremdeles <anchor type="lemma" xml:id="koB12_1827"/>er saa god ogsaa efter Nytaar at sende mig Dagbladet. Skulde De have glemt at give nogen Ordre desangaaende? Morgenbladet kommer nu regelmæssigt.</p>
<p>
                            <pb n="[2]"/>
                            <HIS:hisRef type="work" target="Navneregister_HISe.xml#woUF">
                                <anchor type="lemma" xml:id="koB12_1828"/>Mit nye Arbejde</HIS:hisRef> gaar raskt fremad, jeg haaber sikkert at det till den forhen nævnte Tid vil være færdigt. Hvorledes modtages <anchor type="lemma" xml:id="koB12_1829"/>
                            <HIS:hisRef type="person" target="Navneregister_HISe.xml#peMT">Fru Thoresens</HIS:hisRef> Bog? Jeg har tillskrevet hende et langt Brev om mangt og meget. Det er min bestemte Mening at <anchor type="lemma" xml:id="koB12_1830"/>hun maa slaa om i en anden Rettning og jeg frygter at jeg faar denne Mening bekræftet ved engang at læse hendes sidste Fortælling. <HIS:hisRef type="person" target="Navneregister_HISe.xml#peKAWi">
                                <anchor type="lemma" xml:id="koB12_1831"/>Dagbladets Anmeldelse</HIS:hisRef> gaar udenom Sagen med en paafaldende Varsomhed.</p>
<p>Dette i al Korthed for idag. Jeg længes meget efter at høre et Par Ord fra Dem. – Dog endnu et: Ved De tillfældigvis hvem det er, som har <anchor type="lemma" xml:id="koB12_1832"/>udgivet «Norsk Lyrik», hvori ogsaa jeg er bleven plyndret? Den er <anchor type="lemma" xml:id="koB12_1833"/>i Kommission hos Dhrr <HIS:hisRef type="person" target="Navneregister_HISe.xml#peJWC">
                                <anchor type="lemma" xml:id="koB12_1834"/>Kappellen</HIS:hisRef> og <HIS:hisRef type="person" target="Navneregister_HISe.xml#peGECG">Gad</HIS:hisRef>; men Udgiverens Navn kjender jeg ikke.</p>
<p>
                            <HIS:hisRef type="person" target="Navneregister_HISe.xml#peRS">Hr. Rudolf Schmidt</HIS:hisRef> har bedet mig om Bidrag till <anchor type="lemma" xml:id="koB12_1835"/>et nyt Tidsskrift; men derpaa indlader jeg mig ikke; jeg troede i Førstningen at det skulde udkomme paa Deres Forlag og gav ham derfor et ubestemt Svar; men nu faar han et bestemt Afslag.</p>
<p>Med de venligste Hilsener og en hjertelig Takk for det forløbne Aar saavelsom alle gode Ønsker for det kommende tegner jeg mig</p>
<salute>Deres stedse hengivne og forbundne</salute>
<signed>Henrik Ibsen.</signed>
</div>
</body>
</text>