<?xml version="1.0" encoding="UTF-8"?><text xmlns="http://www.tei-c.org/ns/1.0" xmlns:HIS="http://www.example.org/ns/HIS" rend="letter" corresp="B18660516HCTh" xml:lang="da-no">
<body>
<div type="letter">
<dateline rend="opener">
                            <pb n="[1]"/>Rom den <date>16<hi rend="raised">de</hi> Mai 1866</date>.</dateline>
<salute rend="opener">Kjære Hr. Apotheker Thaulov!</salute>
<p>Min hjerteligste og varmeste Takk for <anchor type="lemma" xml:id="koB15_3546"/>Telegrammet! Jeg takker Dem baade fordi det bragte mig en glædelig Efterretning og fordi jeg deri tror at turde se et Vidnesbyrd om <HIS:hisRef type="tcNote" xml:id="noteT15_1038" target="B1844-1871ht_noter.xml" corresp="noteT15_1038">
                                <gap/>
                            </HIS:hisRef> <anchor type="lemma" xml:id="koB15_3547"/>min nye Bog ikke har svækket <gap/> Velvilje for mig. Dette trenger <gap/> at bede om Deres Raad og Bi<gap/> <unclear>i</unclear> følgende Anliggende: Jeg har <gap/> Underretning om at <anchor type="lemma" xml:id="koB15_3548"/>«Kongs-Emnerne» er blevet oversat paa Tydsk og fo<supplied>r</supplied>mentlig snart vil udkomme. Hvis jeg nu turde haabe at De godhedsfuldt vilde <anchor type="lemma" xml:id="koB15_3549"/>anvende Deres vistnok udbredte literære Bekjendtskab i Tydskland till at fremme ovennævnte Foretagende, saa vilde jeg være Dem i højeste Grad forbunden. Saavidt jeg ved, behandler <anchor type="lemma" xml:id="koB15_3550"/>
                            <HIS:hisRef type="person" target="Navneregister_HISe.xml#peREP">Robert Prutz</HIS:hisRef> i sit Tidsskrift <anchor type="lemma" xml:id="koB15_3551"/>fra og till den skandinaviske Literaturs Frembringelser, men neppe uden Impuls udenfra. Hvorledes en saadan till Fordel for mig paa bedste Maade skulde kunne gives <HIS:hisRef type="tcNote" xml:id="noteT15_1039" target="B1844-1871ht_noter.xml" corresp="noteT15_1039">ved jeg ikke</HIS:hisRef>, men dersom <pb n="[2]"/>noget kunde udrettes, saa beder <gap/> Deres velvillige Raad og Bis<unclear>t</unclear>
                            <supplied>and</supplied> <gap/> er en Selvfølge at jeg med den<gap/> Glæde vilde betale Omkostning<unclear>e</unclear>
                            <gap reason="damage"/> <supplied>saa</supplied>fremt De vilde, i Forbindelse <unclear reason="damage">m</unclear>
                            <supplied>ed</supplied> anbefalende Skrivelse, sende till Anmeldelse de af mine Bøger, som De de<unclear>r</unclear>till maatte <HIS:hisRef type="tcNote" xml:id="noteT15_1040" target="B1844-1871ht_noter.xml" corresp="noteT15_1040">finde</HIS:hisRef> passende, og forøvrigt orientere Vedkommende <HIS:hisRef type="tcNote" xml:id="noteT15_1041" target="B1844-1871ht_noter.xml" corresp="noteT15_1041">med</HIS:hisRef> Hensyn till min literære Virksomhed overhovedet. En Hr. <anchor type="lemma" xml:id="koB15_3552"/>Heinr: Helm<gap/> i Leipzig, og vistnok flere, har ogs<supplied>aa</supplied> bidraget till at udbrede Kjen<unclear>d</unclear>
                            <supplied>skab til</supplied> den skandinaviske Literatu<supplied>r</supplied> <gap/> nærmere Detail i disse Anlig<unclear>g</unclear>
                            <supplied>ender</supplied> <gap/>der jeg ikke.</p>
<p>Det er vistnok et stærkt Stykke at henvende sig till Dem, højstærede Hr. Thaulov, med en slig Anmodning, men jeg ved at De har et varmt Hjerte som Faa hos os, og jeg ved derfor ogsaa at jeg ikke har henvendt mig forgjæves till Dem, saafremt De tror at noget virkelig kan udrettes paa den antydede Vej. Jeg beder Dem ifald ikke vredes, og at modtage mi<supplied>n</supplied> gjentagne inderlige og opprigtige Tak for det modtagne Telegram.</p>
<salute rend="opener">Deres hengivne og forbundne</salute>
<signed>Henrik Ibsen.</signed>
</div>
</body>
</text>