<?xml version="1.0" encoding="UTF-8"?><text xmlns="http://www.tei-c.org/ns/1.0" xmlns:HIS="http://www.example.org/ns/HIS" rend="letter" corresp="B18730820CH" xml:lang="da-no">
<body>
<div type="letter">
<dateline>
                            <pb n="[1]"/>Pillnitz den <date>20<hi rend="raised">de</hi> August 1873</date>.</dateline>
<salute>Herr kunsthandler Hammer!</salute>
<p>Herved tillader jeg mig at anmode Dem om, <emph>med omgående post</emph> eller så snart som muligt, at sende mig en <anchor type="lemma" xml:id="koB13_992"/>miniatur-dekoration til <emph>
                                <anchor type="lemma" xml:id="koB13_993"/>St: Olafs-ordenen</emph>, svarende i størrelse til de fra Dem <anchor type="lemma" xml:id="koB13_994"/>tidligere modtagne; for <anchor type="lemma" xml:id="koB13_995"/>Danebrogsordenen betalte jeg, så vidt jeg erindrer, 24 rdlr: svensk; kært skulde det være mig om deslige ting nu var blevne billigere. Under alle omstændigheder skal jeg <HIS:hisRef type="tcNote" xml:id="noteT13_163" target="B1871-1879ht_noter.xml" corresp="noteT13_163">straks</HIS:hisRef>, <HIS:hisRef type="tcNote" xml:id="noteT13_164" target="B1871-1879ht_noter.xml" corresp="noteT13_164">efter</HIS:hisRef> opgivende af prisen, sørge for at beløbet bliver Dem <anchor type="lemma" xml:id="koB13_996"/>tilstillet. Min adresse er indtil videre: <emph>Pillnitz bei Dresden</emph>.</p>
<salute>Med højagtelse Deres særdeles forbundne</salute>
<signed>Henrik Ibsen.</signed>
</div>
</body>
</text>