<?xml version="1.0" encoding="UTF-8"?><text xmlns="http://www.tei-c.org/ns/1.0" xmlns:HIS="http://www.example.org/ns/HIS" rend="letter" corresp="Budat18591122JS" xml:lang="da-no">
<front>
<pb n="[a]"/>
<HIS:envelope type="sheet">
<address>
<addrLine>Til</addrLine>
<addrLine>Hr Sverdrup</addrLine>
<addrLine>Sagføreren</addrLine>
<note resp="author" place="inline">magtpåliggende</note>
</address>
<note resp="author" place="inline">Mødet holdes i <anchor type="lemma" xml:id="koB12_485"/>Dramatiken</note>
</HIS:envelope>
</front>
<body>
<div type="letter">
<salute>
                            <pb n="[1]"/>Hr Sverdrup!</salute>
<p>
                            <HIS:hisRef type="person" target="Navneregister_HISe.xml#peRO">Rolf Olsen</HIS:hisRef> er som norsk Forfatter bleven særskilt indbudt. Gjennem <HIS:hisRef type="person" target="Navneregister_HISe.xml#peDCD">Hr Danielssen</HIS:hisRef> er DHrr <HIS:hisRef type="person" target="Navneregister_HISe.xml#peOGU">Ueland</HIS:hisRef> og <HIS:hisRef type="person" target="Navneregister_HISe.xml#peJSte">Steen</HIS:hisRef> indbudne; men mind dem alle Tre derom. <HIS:hisRef type="person" target="Navneregister_HISe.xml#peOLH">Hammerstad</HIS:hisRef> er indbuden; tag med <HIS:hisRef type="tcNote" xml:id="noteT12_154" target="B1844-1871ht_noter.xml" corresp="noteT12_154">hvem</HIS:hisRef> som vil <emph>og som vi kan have Gavn af</emph>.</p>
<salute>Deres</salute>
<signed>Henr: Ibsen</signed> <signed>Bjørnson</signed>
</div>
</body>
</text>