<?xml version="1.0" encoding="UTF-8"?><text xmlns="http://www.tei-c.org/ns/1.0" xmlns:HIS="http://www.example.org/ns/HIS" rend="letter" corresp="B18650912EB" xml:lang="da-no">
                <body>
<div type="letter">
<dateline>
                            <pb n="[1]"/>Ariccia d: <date>12<hi rend="raised">te</hi> Sept<hi rend="raised">br</hi> 1865</date>.</dateline>
<salute>Kjære Bloch!</salute>
<p>Gjør mig den store Venskabstjeneste at <anchor type="lemma" xml:id="koB12_915"/>
                            <emph>frankere</emph> indlagte Breve <emph>efter Vægten</emph>, som jeg her ude ikke kan faa Rede paa, og lade <HIS:hisRef type="person" target="Navneregister_HISe.xml#peGuB">
                                <anchor type="lemma" xml:id="koB12_916"/>Konsulens Tjener</HIS:hisRef> besørge dem paa Posten endnu idag. Deres Udlæg skal jeg tilbagebetale Dem om nogle Dage naar jeg i et Ærinde kommer ind til <HIS:hisRef type="place" target="Navneregister_HISe.xml#plRom">Rom</HIS:hisRef>. – <anchor type="lemma" xml:id="koB12_917"/>Aviserne bleve fundne og bragt os 8 Dage efter. I den Anledning skal jeg fortælle Dem et Træk af <HIS:hisRef type="person" target="Navneregister_HISe.xml#peLH">
                                <anchor type="lemma" xml:id="koB12_918"/>Hansen</HIS:hisRef>, som er ubetaleligt, – men skriftligt vil jeg ikke behandle det. – Hils <HIS:hisRef type="person" target="Navneregister_HISe.xml#peCBl">Deres Broder</HIS:hisRef> og de øvrige Skandinaver. Er der Anledning til at sende flere Aviser, saa gjør det. Undskyld det Bryderi jeg volder Dem.</p>
<salute>venskabeligst Deres</salute>
<signed>Henr: Ibsen</signed>
</div>
</body>
</text>