<?xml version="1.0" encoding="UTF-8"?><text xmlns="http://www.tei-c.org/ns/1.0" xmlns:HIS="http://www.example.org/ns/HIS" rend="letter" corresp="B18580208CHau" xml:lang="da-no">
                <body>
<div type="letter">
<dateline>
                            <pb n="[1]"/>Christiania, <date>8<hi rend="raised">de</hi> Februar 1858</date>. –</dateline>
<salute>Hr. Etatsraad, <anchor type="lemma" xml:id="koB12_398"/>Ridder C: Hauch.</salute>
<p>Vedlagt tillader jeg mig at oversende <HIS:hisRef type="org" target="Navneregister_HISe.xml#orgKT">det kgl: danske Theater</HIS:hisRef> en Afskrift af mit nye Skuespil <HIS:hisRef type="work" target="Navneregister_HISe.xml#woHH">«Hærmændene paa Helgeland»</HIS:hisRef> med ærbødigst Forespørgsel om hvorvidt det sammesteds maatte findes skikket til Opførelse. Jeg vover at udbede mig Hr. Etatsraadens godhedsfulde Tilgivelse for det Tilfælde at jeg ved en direkte Oversendelse af Stykket skulde have forseet mig mod den ved det kgl: Theater <anchor type="lemma" xml:id="koB12_399"/>sædvanlige Forretningsvei. Med Hensyn til Stykkets <anchor type="lemma" xml:id="koB12_400"/>Sujet skal jeg bemærke at det ikke er bygget paa nogen historisk Grund ligesom dets samtlige Personer ere <pb n="[2]"/>opdigtede, derimod har jeg tildannet Indholdet af forskjellige Træk hentede ud fra flere af <anchor type="lemma" xml:id="koB12_401"/>de islandske Familiesagaer, f. Ex: Njals Saga og Egil Skallagrimssøns Saga, ligesom ogsaa Indvirkningen af Vølsungssaga i flere Puncter vil spores. Hvad jeg har tilsigtet er at give et Billede af Sagatidens Liv i Almindelighed. <anchor type="lemma" xml:id="koB12_402"/>Forudsat at Stykket findes brugbart til Opførelse i <HIS:hisRef type="place" target="Navneregister_HISe.xml#plKbh">Kjøbenhavn</HIS:hisRef> vil jeg naturligviis med Glæde finde mig i at den ærede Direktion foretager de Sprogforandringer der maatte ansees nødvendige saavel med Hensyn til enkelte Ord som til hele Vendinger.</p>
<salute>med Høiagtelse ærbødigst</salute>
<signed>Henr: Ibsen</signed>
</div>
</body>
</text>