<?xml version="1.0" encoding="UTF-8"?><text xmlns="http://www.tei-c.org/ns/1.0" xmlns:HIS="http://www.example.org/ns/HIS" rend="letter" corresp="B18660304BD" xml:lang="da-no">
<front>
<pb n="[a]"/>
<HIS:envelope type="sheet">
<address>
<addrLine>Herr Regjeringsadvokat Dunker.</addrLine>
<addrLine>Christiania.</addrLine>
</address>
</HIS:envelope>
</front>
<body>
<div type="letter">
<dateline>
                            <pb n="[1]"/>Rom den <date>4<hi rend="raised">de</hi> Marts 1866</date>.</dateline>
<salute>Kjære Hr. Advokat Dunker!</salute>
<p>Jeg skulde for længe siden have aflagt Dem min hjerteligste Tak for den <anchor type="lemma" xml:id="koB12_1062a"/>tilsendte Vexel, som jeg modtog Nytaarsdag og som var mig ubeskrivelig kjærkommen baade for Beløbet selv og fordi jeg deri saa et fornyet Bevis for Deres Velvillie for mig, en Velvillie som jeg alle mine Dage skal gjøre alt hvad der staar i min Magt for at bevare. – Hvis <HIS:hisRef type="work" target="Navneregister_HISe.xml#woBr">
                                <anchor type="lemma" xml:id="koB12_1063"/>min Bog</HIS:hisRef> ikke allerede er udkommen, vil det ske med det første; jeg har allerede ihøst hos <HIS:hisRef type="person" target="Navneregister_HISe.xml#peFH">
                                <anchor type="lemma" xml:id="koB12_1064"/>min Forlægger</HIS:hisRef> givet Ordre til at tilstille Dem et Expl:, og hvis De, efterat have læst den, vilde meddele mig <HIS:hisRef type="tcNote" xml:id="noteT12_294" target="B1844-1871ht_noter.xml" corresp="noteT12_294">
                                <supplied>helt</supplied>
                            </HIS:hisRef> <pb n="[2]"/>og holdent Deres Dom derom, saa vilde det være mig mere end kjært, – i hvilken Retning end Dommen maatte komme til at gaa. Jeg har gjennemlevet meget paa min Rejse, maaske mere i indre end i ydre Forstand, og maaske er det mest Forholdene <HIS:hisRef type="place" target="Navneregister_HISe.xml#plN">hjemme</HIS:hisRef>, sammenlignede med hvad jeg har seet som muligt herude, der har indvirket paa mig. Som Resultat af dette er Bogen fremkommen; men uagtet jeg har den uryggeligste Visshed om at jeg har Ret, saa ved jeg dog ikke om jeg faar mange med mig. Jeg tænker ofte med Spænding paa hvorledes særligt De vil modtage den; thi De har været en af de faa Tilskuere, som jeg i min Fantasi stadigt har seet paa første Bænk under Stykkets Tilblivelse. Vær ikke vred fordi De tiltrods <pb n="[3]"/>for al Skyldighed først nu modtager Tak og Hilsen fra Deres stedse hengivne og erkjendtlige</p>
<signed>Henrik Ibsen</signed>
</div>
</body>
</text>