<?xml version="1.0" encoding="UTF-8"?><text xmlns="http://www.tei-c.org/ns/1.0" xmlns:HIS="http://www.example.org/ns/HIS" rend="letter" corresp="B18690615PFS" xml:lang="da-no">
<body>
<div type="letter">
<dateline>
                            <pb n="[1]"/>Dresden, <date>15<hi rend="raised">de</hi> Juni 1869</date>. –</dateline>
<salute>Højstærede Herr Siebold!</salute>
<p>Deres venlige Skrivelse saavelsom <anchor type="lemma" xml:id="koB12_2060"/>Manuscriptet har jeg havt den Fornøjelse at modtage. Gjennemlæsningen skal jeg tillendebringe saa hurtigt som muligt. Deres Haandskrift falder mig noget vanskelig; men jeg haaber at det nok vil gaa. Et Expl: af Originalen har jeg. Hvis <HIS:hisRef type="person" target="Navneregister_HISe.xml#peLD">
                                <anchor type="lemma" xml:id="koB12_2061"/>Professor Dietrichson</HIS:hisRef> ikke allerede har sendt Dem det omskrevne biografiske Udkast, saa vil De rimeligvis om kort Tid erholde det; han har tillskrevet mig at han netopp samtidigt er bleven anmodet om at levere min Biografi i den svenske «Ny illustr: Tidning», og at han skal gjøre sit bedste.</p>
<p>I næste Uge skal jeg tillade mig udførligere at tillskrive <HIS:hisRef type="tcNote" xml:id="noteT12_568" target="B1844-1871ht_noter.xml" corresp="noteT12_568">Dem</HIS:hisRef>. Mange Steder i Deres Oversættelse forekommer mig forbausende heldigt gjengivne; et Par Repliker, som jeg ved Gjennembladningen har bemærket, tror jeg muligens kunde vinde ved at koncentreres; <pb n="[2]"/>men hvorvidt dette i Tydsk er muligt, derom tør jeg naturligvis ligeover for Dem ikke have nogen Mening.</p>
<p>Jeg ønsker at De maa befinde Dem nogenlunde vel i Deres midlertidige Ungkarlstand; det var ikke umuligt at jeg engang i Sommerens Løb tog mig den Frihed at hilse paa Dem i <HIS:hisRef type="place" target="Navneregister_HISe.xml#plKas">Cassel</HIS:hisRef>.</p>
<salute>Deres hengivne og forbundne</salute>
<signed>Henrik <HIS:hisRef type="tcNote" xml:id="noteT12_569" target="B1844-1871ht_noter.xml" corresp="noteT12_569">Ibsen.</HIS:hisRef>
                        </signed>
</div>
</body>
</text>