<?xml version="1.0" encoding="UTF-8"?><text xmlns="http://www.tei-c.org/ns/1.0" xmlns:HIS="http://www.example.org/ns/HIS" rend="letter" corresp="B18701003JHT" xml:lang="da-no">
<body>
<div type="letter">
<dateline>
                            <pb n="[1]"/>Dresden, <date>3<hi rend="raised">die</hi> Oktober 1870</date>. –</dateline>
<salute>Kjære svoger!</salute>
<p>Tør jeg anmode Dem om med omgående post at sende mig en vexel for <anchor type="lemma" xml:id="koB12_2614"/>min gage i 3<hi rend="raised">die</hi> kvartal dette år?</p>
<p>Jeg er nu kommen tilbage fra min udflugt til <HIS:hisRef type="place" target="Navneregister_HISe.xml#plKbh">Kjøbenhavn</HIS:hisRef>. Det havde været min agt også at besøge <HIS:hisRef type="place" target="Navneregister_HISe.xml#plN">Norge</HIS:hisRef>; men <anchor type="lemma" xml:id="koB12_2615"/>krigsforholdene stillede sig så tvivlsomme at jeg længe måtte befrygte at min tilbagerejse hertil kunde blive mig afskåren, og da denne frygt ikke længere var tilstede, så var årstiden så langt fremrykket at jeg besluttede at opsætte mit <anchor type="lemma" xml:id="koB12_2616"/>besøg indtil næste forår.</p>
<p>De kan tro det er alt andet end behageligt at leve her for tiden. <anchor type="lemma" xml:id="koB12_2617"/>Byen er opfyldt af fanger og sårede, og stemningen både ophidset og trykket.</p>
<p>Hvorledes går det med <anchor type="lemma" xml:id="koB12_2618"/>theatersagerne hjemme? Alt, hvad De kan <pb n="[2]"/>fortælle mig derom, vil være mig af interesse. Skulde De se <HIS:hisRef type="person" target="Navneregister_HISe.xml#peJLo">overlærer Løkke</HIS:hisRef> beder jeg Dem hilse ham og sige at han snart skal høre fra mig.</p>
<p>Vi befinder os alle vel og sender Dem vore bedste hilsener.</p>
<salute>Deres hengivne</salute>
<signed>Henrik Ibsen.</signed>
</div>
</body>
</text>