<?xml version="1.0" encoding="UTF-8"?><text xmlns="http://www.tei-c.org/ns/1.0" xmlns:HIS="http://www.example.org/ns/HIS" rend="letter" corresp="B18541104NTB" xml:lang="da-no">
                <front>
<pb n="[a]"/>
<HIS:envelope type="sheet">
<address>
<addrLine>Til</addrLine>
<addrLine>Bestyrelsen for det norske Theater</addrLine>
</address>
</HIS:envelope>
</front>
<body>
<div type="letter">
<p>
                            <pb n="[1]"/>Fra <HIS:hisRef type="person" target="Navneregister_HISe.xml#peJac">
                                <anchor type="lemma" xml:id="koB12_252"/>Controllør Jacobsen</HIS:hisRef> har jeg modtaget Klage over at <HIS:hisRef type="person" target="Navneregister_HISe.xml#peJoh">
                                <anchor type="lemma" xml:id="koB12_253"/>Skuespiller Johansen</HIS:hisRef> under sidste Forestilling anfaldt ham med grove Skjældsord fordi han (Controlløren) nægtede en uvedkommende Person Adgang til Scenen. Jeg maa i denne Anledning <HIS:hisRef type="tcNote" xml:id="noteT12_95" target="B1844-1871ht_noter.xml" corresp="noteT12_95">andrage</HIS:hisRef> om at Johansen indkaldes for den samlede Bestyrelse og erholder en alvorlig Irettesættelse, da den ønskelige Orden paa Scenen vanskelig vil kunne overholdes saafremt denne Sag hengaaer uden Paatale.</p>
<dateline>d: <date>4/11. 54</date> –</dateline>
<salute>ærb:</salute>
<signed>Henr: Ibsen</signed>
<salute>Til Bestyrelsen for det norske Theater!</salute>
</div>
</body>
</text>