<?xml version="1.0" encoding="UTF-8"?><text xmlns="http://www.tei-c.org/ns/1.0" xmlns:HIS="http://www.example.org/ns/HIS" rend="letter" corresp="B18690502FH" xml:lang="da-no">
                <body>
<div type="letter">
<dateline>
                            <pb n="[1]"/>Dresden, <date>2<hi rend="raised">den</hi> Maj 1869</date>.</dateline>
<salute>Kjære Herr Cancelliraad Hegel!</salute>
<p>Herved har jeg den Fornøjelse at sende Dem <anchor type="lemma" xml:id="koB12_1972"/>Resten af <HIS:hisRef type="work" target="Navneregister_HISe.xml#woUF">Manuscriptet</HIS:hisRef>. Det er trukket noget langt ud med Renskriften; men jeg vil haabe at det i Trykkeriet intet Opphold har forvoldt; og forøvrigt har vi jo Tiden for os. Det sidste Hefte er skrevet noget rummeligere end det øvrige, og vil saaledes fylde forholdsvis mindre i Trykk, hvilket er vel, da <anchor type="lemma" xml:id="koB12_1973"/>et Skuespil, beregnet for Scenen, ikke bør være for langt. Korrekturen besørges, som jeg med Glæde bemærker, særdeles omhyggeligt.</p>
<p>Er det sandt at <anchor type="lemma" xml:id="koB12_1974"/>
                            <HIS:hisRef type="person" target="Navneregister_HISe.xml#peBB">Bjørnson</HIS:hisRef> skriver paa et dramatisk Arbejde? Et Rygte siger noget saadant. For <anchor type="lemma" xml:id="koB12_1975"/>det tillsendte Tidsskriftshefte takker jeg Dem meget; <anchor type="lemma" xml:id="koB12_1976"/>
                            <HIS:hisRef type="person" target="Navneregister_HISe.xml#peCHSch">H. Scharlings</HIS:hisRef> interessante Artikel har jeg læst med stor Fornøjelse og haaber at den vil bidrage till Udbredelsen af <HIS:hisRef type="person" target="Navneregister_HISe.xml#peJSW">Welhavens</HIS:hisRef> Værker i <HIS:hisRef type="place" target="Navneregister_HISe.xml#plDk">Danmark</HIS:hisRef>. Det havde, synes mig, været bedre om <anchor type="lemma" xml:id="koB12_1977"/>Bjørnson og flere andre havde sluttet sig sammen om dette Tidsskrift, istedetfor at splitte og sprede baade Læsekreds og de skrivende Kræfter ved at skabe en Konkurrent, hvortill der sikkerlig ingen Trang har været. – I al Hast. Lev vel!</p>
<salute>Deres stedse hengivne</salute>
<signed>Henrik Ibsen.</signed>
</div>
</body>
</text>