<?xml version="1.0" encoding="UTF-8"?><text xmlns="http://www.tei-c.org/ns/1.0" xmlns:HIS="http://www.example.org/ns/HIS" rend="letter" corresp="B18680728FH" xml:lang="da-no">
                <body>
<div type="letter">
<dateline>
                            <pb n="[1]"/>Berchtesgaden den <date>28<hi rend="raised">de</hi> Juli 1868</date>.</dateline>
<salute>Kjære Hr: Cancelliraad Hegel!</salute>
<p>Det er mig umuligt at erindre om jeg fra <HIS:hisRef type="place" target="Navneregister_HISe.xml#plFir">Florentz</HIS:hisRef> sendte Dem et Par Linjer med Erkjendelse af Deres venlige Brev af 7<hi rend="raised">de</hi> Mai, hvori indlagt <anchor type="lemma" xml:id="koB12_1737"/>Vexel paa fr: 990.93 c. Er det kun blevet ved det gode Forsætt, beder jeg Dem ogsaa dennegang tillgive.</p>
<p>
                            <anchor type="lemma" xml:id="koB12_1738"/>De omtalte Rettelser till <HIS:hisRef type="work" target="Navneregister_HISe.xml#woBr">«Brand»</HIS:hisRef> medfølger; de ere hverken mange eller betydelige; 2<hi rend="raised">det</hi> Opplag bedes benyttet ved Sættningen. Forhaabentlig har det med denne Sag ikke havt noget Hastværk; Sommermaanederne plejer jo ikke være nogen god Tid for nye Bøger eller nye Opplag.</p>
<p>Som De ser, er jeg nu paa Nordsiden af Alperne, men lever i fuldstændig Uvidenhed om Forholdene hjemme i de skandinaviske Lande. Hvorledes er <anchor type="lemma" xml:id="koB12_1739"/>
                            <HIS:hisRef type="person" target="Navneregister_HISe.xml#peBB">Bjørnsons</HIS:hisRef> «Fiskerjenten» bleven modtaget? Den første <pb n="[2]"/>Halvdel synes jeg overordentlig godt om, men Resten er ikke gjennemarbejdet og han har der villet noget, som ligger udenfor hans Begavelse.</p>
<p>
                            <anchor type="lemma" xml:id="koB12_1740"/>Bogpakken har jeg endnu ikke modtaget; muligens bringes den mig af <HIS:hisRef type="person" target="Navneregister_HISe.xml#peJB">Etatsraad Bravo</HIS:hisRef>, som halvvejs har lovet at besøge os her paa en Sommerrejse i <HIS:hisRef type="place" target="Navneregister_HISe.xml#plTy">Tyrol</HIS:hisRef>. Vinteren kommer vi till at tillbringe <anchor type="lemma" xml:id="koB12_1741"/>i <HIS:hisRef type="place" target="Navneregister_HISe.xml#plMun">München</HIS:hisRef> og <HIS:hisRef type="place" target="Navneregister_HISe.xml#plDre">Dresden</HIS:hisRef> og derfra gaar vi rimeligvis hjemover. Jeg haaber at <HIS:hisRef type="person" target="Navneregister_HISe.xml#peLH">Portrætmaler L. Hansen</HIS:hisRef> har overbragt en Hilsen fra os. <anchor type="lemma" xml:id="koB12_1742"/>Noget større Arbejde er jeg endnu ikke for Alvor begyndt med, men nu vil det snart ske.</p>
<p>Med det snareste tager jeg mig den Frihed at tillskrive Dem om adskillige literære Sager. Idag indskrænker jeg mig till at sende <HIS:hisRef type="tcNote" xml:id="noteT12_488" target="B1844-1871ht_noter.xml" corresp="noteT12_488">Dem</HIS:hisRef> en hjertelig Hilsen, – og bede Dem sende mig 200 Rdlr: i <anchor type="lemma" xml:id="koB12_1743"/>Vexel paa <HIS:hisRef type="place" target="Navneregister_HISe.xml#plPa">
                                <emph>Paris</emph>
                            </HIS:hisRef>. Skulde det være Dem muligt at kunne anbefale mig en Bankiere i <HIS:hisRef type="place" target="Navneregister_HISe.xml#plSal">Salzburg</HIS:hisRef>, till hvem jeg kan sælge den, saa takker jeg meget. Er <anchor type="lemma" xml:id="koB12_1744"/>
                            <HIS:hisRef type="person" target="Navneregister_HISe.xml#peMT">min Svigermoder</HIS:hisRef> i <HIS:hisRef type="place" target="Navneregister_HISe.xml#plKbh">Kbhvn</HIS:hisRef>, saa bedes hun hilset; ligesaa alle Venner og Bekjendte. Det er utaaleligt i Længden at være udenfor al Communication med Hjemmet. <anchor type="lemma" xml:id="koB12_1745"/>Forlovelsen i vore Kongefamiljer er omtrent det eneste fra vore Lande <pb n="[3]"/>som jeg har seet omtalt i de herværende tydske Aviser. – Egnen her er herlig; men Klimaet ustadigt; jeg savner det kjære <HIS:hisRef type="place" target="Navneregister_HISe.xml#plIt">Italien</HIS:hisRef> i mere end en Henseende.</p>
<salute>Deres hengivne og forbundne</salute>
<signed>Henrik Ibsen.</signed>
</div>
<div type="postscript">
<p>Min Adresse er: <HIS:hisRef type="person" target="Navneregister_HISe.xml#peAHas">Herrn Anton Hasenknopf.</HIS:hisRef> Berchtesgaden. <HIS:hisRef type="place" target="Navneregister_HISe.xml#plBay">Bayern</HIS:hisRef>.</p>
</div>
</body>
</text>