<?xml version="1.0" encoding="UTF-8"?><text xmlns="http://www.tei-c.org/ns/1.0" xmlns:HIS="http://www.example.org/ns/HIS" rend="letter" corresp="B18610606JKSH" xml:lang="da-no">
                <body>
<div type="letter">
<p>
                            <pb n="[1]"/>
                            <HIS:hisRef type="person" target="Navneregister_HISe.xml#peJJo">
                                <anchor type="lemma" xml:id="koB12_693"/>Pigen Johanne</HIS:hisRef> har jeg nu faaet opspurgt, hun er <anchor type="lemma" xml:id="koB12_694"/>Gangkone paa <anchor type="lemma" xml:id="koB12_695"/>Rigshospitalet og møder efter Tilsigelse. Gaar det an, saa vær saa god at underrette mit Bud om Tiden, han vil da sørge for at hun indfinder sig.</p>
<dateline>Chr: <date>6/6. 61</date>.</dateline>
<salute>venskabeligst</salute>
<signed>Henr: Ibsen</signed>
<salute>ST. Hr. Overretssagfører Heffermehl.</salute>
</div>
</body>
</text>