<?xml version="1.0" encoding="UTF-8"?><text xmlns="http://www.tei-c.org/ns/1.0" xmlns:HIS="http://www.example.org/ns/HIS" rend="letter" corresp="B18730808FH" xml:lang="da-no">
<body>
<div type="letter">
<dateline>
                            <pb n="[1]"/>Pillnitz ved Dresden, <date>8<hi rend="raised">de</hi> August 1873</date>.</dateline>
<salute>Kære herr Hegel!</salute>
<p>Tag ikke ilde op at jeg først nu, efter tilbagekomsten fra <HIS:hisRef type="place" target="Navneregister_HISe.xml#plWien">Wien</HIS:hisRef>, erkender modtagelsen af Deres venlige brev af 14<hi rend="raised">de</hi> f: m: med indlagte 75 Thaler. Og tillad mig tillige at benytte anledningen til hjerteligst at takke Dem for det oversendte smukke <anchor type="lemma" xml:id="koB13_975"/>ordensbånd, hvortil jeg ganske visst ikke vilde kunnet fået magen i udlandet. At jeg ved <anchor type="lemma" xml:id="koB13_976"/>kroningen blev betænkt med <anchor type="lemma" xml:id="koB13_977"/>St: Olafs-ordenen kom mig ganske uventet, da jeg intet har skrevet til festen og heller ikke har været anmodet derom. Meget kærere skulde denne opmærksomhed fra kongens og regeringens side have været mig, hvis <HIS:hisRef type="person" target="Navneregister_HISe.xml#peBB">Bjørnson</HIS:hisRef> samtidigen var bleven delagtig deri; men, som De ved, <anchor type="lemma" xml:id="koB13_978"/>har han selv afskåret <HIS:hisRef type="tcNote" xml:id="noteT13_159" target="B1871-1879ht_noter.xml" corresp="noteT13_159">al</HIS:hisRef> mulighed for sådant, i al fald for den nærmeste fremtid.</p>
<p>Det er mig særdeles kært at høre at De er tilfreds med Deres ophold i <HIS:hisRef type="place" target="Navneregister_HISe.xml#plN">Norge</HIS:hisRef>. Næste gang håber jeg at De <pb n="[2]"/>
                            <anchor type="lemma" xml:id="koB13_979"/>udstrækker Deres rejse videre; thi den egentlige storartede norske natur lærer man egentlig først at kende når man kommer op på højfjeldene og ned på den vestlige side af samme. <anchor type="lemma" xml:id="koB13_980"/>Boghandler-mødets forhandlinger har jeg med interesse fulgt i aviserne og jeg må give Dem medhold i at de <anchor type="lemma" xml:id="koB13_981"/>ikke egentlig synes at yde noget stort udbytte; men jeg tror ligesom De at den mangesidige personlige <anchor type="lemma" xml:id="koB13_982"/>berørelse <HIS:hisRef type="tcNote" xml:id="noteT13_160" target="B1871-1879ht_noter.xml" corresp="noteT13_160">vil</HIS:hisRef> vise sig gavnlig <HIS:hisRef type="tcNote" xml:id="noteT13_161" target="B1871-1879ht_noter.xml" corresp="noteT13_161">på</HIS:hisRef> flere måder.</p>
<p>Arbejdet som jury-medlem i Wien var overmåde trættende omendskønt meget interessant, og jeg kom hid mere overanstrængt end jeg nogensinde før har følt mig. Nu først, herude i den friske skovluft, er jeg kommen til kræfter igen. Hvad der under opholdet i Wien meget glædede mig var at jeg tilfældigvis fik anledning til at være <HIS:hisRef type="place" target="Navneregister_HISe.xml#plDk">Danmark</HIS:hisRef> til nogen nytte. Den danske jurymand, <HIS:hisRef type="person" target="Navneregister_HISe.xml#peTHa">Theofil Hansen</HIS:hisRef>, beskæftigede sig nemlig kun med arkitektur-sektionen, hvori han var præsident, men i hvilken Danmark ingen udstillere havde. I sektionerne for maleri og skulptur <anchor type="lemma" xml:id="koB13_983"/>afgav han ikke engang møde. <HIS:hisRef type="person" target="Navneregister_HISe.xml#peFWo">
                                <anchor type="lemma" xml:id="koB13_984"/>Den danske generalkommissær</HIS:hisRef> overdrog derfor til mig <pb n="[3]"/>at repræsentere også Danmark i disse sektioner og var jeg så heldig at opnå <anchor type="lemma" xml:id="koB13_985"/>9 medaljer for de danske kunstnere. At jeg glædede mig ligeså meget over disse som over de <anchor type="lemma" xml:id="koB13_986"/>9 norske medaljer behøver jeg ikke at forsikre Dem om.</p>
<p>Herude i <HIS:hisRef type="place" target="Navneregister_HISe.xml#plPil">Pillnitz</HIS:hisRef>, en times dampskibsfart fra <HIS:hisRef type="place" target="Navneregister_HISe.xml#plDre">Dresden</HIS:hisRef>, blir vi antagelig måneden ud eller så længe til <anchor type="lemma" xml:id="koB13_987"/>koleratilfældene ophører derinde. Jeg skal nu til at <anchor type="lemma" xml:id="koB13_988"/>lægge alvorlig hånd på <anchor type="lemma" xml:id="koB13_989"/>omskrivningen af <HIS:hisRef type="work" target="Navneregister_HISe.xml#woF1">«Fru Inger»</HIS:hisRef>. Det skulde interessere mig om <HIS:hisRef type="tcNote" xml:id="noteT13_162" target="B1871-1879ht_noter.xml" corresp="noteT13_162">De</HIS:hisRef> havde i Norge talt med nogen om <anchor type="lemma" xml:id="koB13_990"/>processen angående dette stykke samt <HIS:hisRef type="work" target="Navneregister_HISe.xml#woHH">«Hærmændene»</HIS:hisRef>; selv har jeg intet hørt på lang tid; men under alle omstændigheder kan udfaldet umuligt være tvivlsomt.</p>
<p>Det glæder mig meget at trykningen af <HIS:hisRef type="work" target="Navneregister_HISe.xml#woKG">den <anchor type="lemma" xml:id="koB13_991"/>nye bog</HIS:hisRef> går raskt fremad. Den vil da forhåbentlig ikke i ret mange uger lade vente på sig.</p>
<p>Med de venligste hilsener til Dem og <HIS:hisRef type="person" target="Navneregister_HISe.xml#peJH">Deres søn</HIS:hisRef> tegner jeg mig</p>
<salute>Deres hjertelig hengivne</salute>
<signed>Henrik Ibsen.</signed>
</div>
</body>
</text>