<?xml version="1.0" encoding="UTF-8"?><text xmlns="http://www.tei-c.org/ns/1.0" xmlns:HIS="http://www.example.org/ns/HIS" rend="letter" corresp="B18650912JS" xml:lang="da-no">
                <body>
<div type="letter">
<dateline>
                            <pb n="[1]"/>Ariccia pr: Rom, <date>12<hi rend="raised">te</hi> Sept<hi rend="raised">br</hi> 1865</date>. –</dateline>
<salute>Hr: Sagfører Sverdrup!</salute>
<p>Nogen Tid før min Afrejse fra <HIS:hisRef type="place" target="Navneregister_HISe.xml#plKri">Kristiania</HIS:hisRef>, for vel halvandet Aar siden, <anchor type="lemma" xml:id="koB12_948"/>gav De mig uopfordret Tilladelse til, naar jeg i Udlandet maatte komme i Forlegenhed for Penge, at henvende mig til Dem, da De i saafald ved Venners Hjælp skulde komme mig til Undsætning. Dette Tidspunkt er nu indtruffet. Min Ven, <HIS:hisRef type="person" target="Navneregister_HISe.xml#peBB">Bjørnson</HIS:hisRef>, der har været utrættelig for mig har <anchor type="lemma" xml:id="koB12_949"/>udtømt de Hjælpekilder, som det har staaet i hans Magt at udfinde, og paa <anchor type="lemma" xml:id="koB12_950"/>et nyt Arbejde, som er solgt til den <HIS:hisRef type="org" target="Navneregister_HISe.xml#orgGyl">Gyldendalske Boghandel</HIS:hisRef> i <HIS:hisRef type="place" target="Navneregister_HISe.xml#plKbh">Kjøbenhavn</HIS:hisRef>, kan jeg ikke optage <anchor type="lemma" xml:id="koB12_951"/>yderligere Forskud. Jeg benytter mig derfor af Deres <HIS:hisRef type="tcNote" xml:id="noteT12_242" target="B1844-1871ht_noter.xml" corresp="noteT12_242">Tilbud</HIS:hisRef> og underretter Dem om at jeg for Øjeblikket stærkt behøver Bistand. Bjørnson vil yderligere forklare Situationen.</p>
<p>
                            <pb n="[2]"/>
                            <anchor type="lemma" xml:id="koB12_952"/>I et andet Anliggende vil jeg ogsaa om nogen Tid komme til at paakræve Deres afgjørende Indflydelse, men da dette ikke har den Øjeblikkets Betydning for mig, som det, hvorom jeg her har seet mig tvungen til at tilskrive Dem, vil jeg ganske opsætte derom at udtale mig indtil Afgjørelsens Tid er forhaanden, og forventer imidlertid i <HIS:hisRef type="tcNote" xml:id="noteT12_243" target="B1844-1871ht_noter.xml" corresp="noteT12_243">Spænding</HIS:hisRef> at maatte gjennem Bjørnson blive underrettet om hvad De i Følge Deres godhedsfulde Løfte har seet Dem istand til at udrette for mig.</p>
<salute>Deres stedse forbundne</salute>
<signed>Henr: Ibsen</signed>
</div>
</body>
</text>