<?xml version="1.0" encoding="UTF-8"?><text xmlns="http://www.tei-c.org/ns/1.0" xmlns:HIS="http://www.example.org/ns/HIS" rend="letter" corresp="Budat18600318IN" xml:lang="da-no">
                <front>
<pb n="[a]"/>
<HIS:envelope type="sheet">
<address>
<addrLine>Til</addrLine>
<addrLine>Illustreret Nyhedsblad.</addrLine>
<addrLine>Jensens Bogtrykkeri</addrLine>
<addrLine>Storgaden.</addrLine>
</address>
</HIS:envelope>
</front>
<body>
<div type="letter">
<p>
                            <pb n="[1]"/>
                            <emph>
                                <HIS:hisRef type="org" target="Navneregister_HISe.xml#orgKNT">Det norske Theater.</HIS:hisRef>
                            </emph> <anchor type="lemma" xml:id="koB12_623"/>«Fandens Overmand» af <HIS:hisRef type="person" target="Navneregister_HISe.xml#peTO">Overskou</HIS:hisRef> vedbliver fremdeles at trække som Kassestykke. Iaften opføres det for syvende Gang og vil i næste Uge, efter Forlydende, indtil Videre blive henlagt da <HIS:hisRef type="person" target="Navneregister_HISe.xml#peBJH">M<hi rend="raised">d</hi> <HIS:hisRef type="tcNote" xml:id="noteT12_180" target="B1844-1871ht_noter.xml" corresp="noteT12_180">Hundevadts</HIS:hisRef>
                            </HIS:hisRef> <anchor type="lemma" xml:id="koB12_624"/>Beneficeforestilling, Dramaet <anchor type="lemma" xml:id="koB12_625"/>«Herren seer dine Veie» staar for Tour.</p>
<figure type="bar"/>
<p>Ovenstaaende bedes optaget under Chr: Artikler.</p>
<signed>Henr: Ibsen</signed>
</div>
</body>
</text>