<?xml version="1.0" encoding="UTF-8"?><text xmlns="http://www.tei-c.org/ns/1.0" xmlns:HIS="http://www.example.org/ns/HIS" rend="letter" corresp="B18620524HJN" xml:lang="da-no">
                <body>
<div type="letter">
<p>Til Hr Sagfører Nandrup. Jeg anholder herved om Deres Samtykke til at den af Dem hos mig forlangte Execution maa blive holdt paa Christiania Fogedcontor og anviser jeg til Udlæg mit i vedlagte Fortegnelse specificerede Løsøre og ligesaa hvad der <anchor type="lemma" xml:id="koB12_721"/>ved tidligere Forretninger maatte være <anchor type="lemma" xml:id="koB12_722"/>udlagt, forsaavidt noget i Fortegnelsen maatte være udeglemt. Christiania 24 Mai 1862 Ærb: Henr. Ibsen.</p>
</div>
</body>
<back>
<div type="attachment">
                        <p>6 Mahogni Stole med Damaskbetræk, 1 D<hi rend="raised">o</hi> Sofa med D<hi rend="raised">o</hi>, 1 rundt Divanbord, 1 Mahogni Piedestal, 1 D<hi rend="raised">o</hi> Skrivebord, 1 Gyngestol med broderede Puder, 2 store Porcelænsvaser, 1 Bordteppe, 1 Moderatørlampe af Porcelain, 1 stor broderet Tabouret, 2 store broderede Fodskamler, 1 Speil i forgyldt Ramme, 1 Buste af Terrcotta, 1 <HIS:hisRef type="tcNote" xml:id="noteT12_194" target="B1844-1871ht_noter.xml" corresp="noteT12_194">Blomsterskaal</HIS:hisRef> af Glas, 1 Blomsterbord, 1 Maleri i forgyldt Ramme, 5 Daguerotypier, 1 stor Sølvkande med Fad, 12 Spiseskeer af Sølv, 18 Theskeer " D<hi rend="raised">o</hi>, 1 Sukkerskaal " D<hi rend="raised">o</hi>, 3 Sølvgafler, 2 slebne Karafler, 12 D<hi rend="raised">o</hi> Viinglas, 1 stor Punschemugge med Øse, Laag og Fad af matslebet Glas, 12 Punscheglas af D<hi rend="raised">o</hi> D<hi rend="raised">o</hi>, 10 Blomsterpotter med Blomster, 6 Bøgetræesstole med Rørsæder, 1 Birketræes Spisebord med dobbelt Udtræk, 1 Mahogni Sovesofa, 1 Birketræes Bord med Klapper, 1 Bordtæppe, 6 Oliemalerier i forgyldte Rammer, 1 Speil i D<hi rend="raised">o</hi> D<hi rend="raised">o</hi>, 1 Boghylde hvori omtrent 200 Bøger, 1 Vadskeservante med Porcelænstøi, 1 D<hi rend="raised">o</hi> " D<hi rend="raised">o</hi>, 4 lakerede Tabouretter med betrukne Sæder, 10 Fag Gardiner, 1 lakeret Seng med tilhørende Sengklæder, 1 D<hi rend="raised">o</hi> D<hi rend="raised">o</hi> " D<hi rend="raised">o</hi> D<hi rend="raised">o</hi>, 1 malet D<hi rend="raised">o</hi> " D<hi rend="raised">o</hi> D<hi rend="raised">o</hi>, 6 Blomsterpotter med Blomster, 1 Broncelampe, 1 Skrivetøi, 1 Birketræes Kommode, 2 Skjærmbrætte, 1 Toiletspeil, 1 Toiletbord, 1 lidet ovalt Bord, 1 lakeret D<hi rend="raised">o</hi>, 1 Barneseng med tilhørende Sengklæder, 1 stor Egetræes Sekretær, 1 Fiskeskee af Sølv, 1 Thesil af D<hi rend="raised">o</hi>, Kakkelovnstøi til 3 Værelser, 1 stor Kiste med Dækketøi, Linnedslagener, Haandklæder m.m. i 1858 anskaffet nyt for 200 Sp ", 1 stort Kjøkkenbord, 2 malede Vandbøtter, 2 D<hi rend="raised">o</hi> Kjøkkenstole, 12 Par Knive og Gafler, Kjøkkentøi til Beløb 20 Sp ", 1 stor Mahogni Lænestol med Damaskes Betræk, 2 store Sengtepper. Henr. Ibsen.</p>
</div>
</back>
</text>