<?xml version="1.0" encoding="UTF-8"?><text xmlns="http://www.tei-c.org/ns/1.0" xmlns:HIS="http://www.example.org/ns/HIS" rend="letter" corresp="B18731012FH" xml:lang="da-no">
<body>
<div type="letter">
<dateline>
                            <pb n="[1]"/>Dresden den <date>12<hi rend="raised">te</hi> Oktober 1873</date>. –</dateline>
<salute>Kære herr Hegel!</salute>
<p>Det var mig en stor glæde igår af Deres venlige brev at erfare at et <anchor type="lemma" xml:id="koB13_1109"/>nyt oplag af <HIS:hisRef type="work" target="Navneregister_HISe.xml#woKG">«Kejser og Galilæer»</HIS:hisRef> allerede nu gøres nødvendigt. For Deres gode <anchor type="lemma" xml:id="koB13_1110"/>tilbud angående honorar o. s. v. takker jeg forbindtligst.</p>
<p>Indlagt følger en liste på de <anchor type="lemma" xml:id="koB13_1111"/>småfejl, som jeg har opdaget; skulde der være flere, så er jeg viss på at <HIS:hisRef type="person" target="Navneregister_HISe.xml#peAuLa">herr <anchor type="lemma" xml:id="koB13_1112"/>Larsen</HIS:hisRef> finder dem, ligesom jeg herigennem beder ham, hist og her tilføje et komma, hvor han måtte finde sådant ønskeligt.</p>
<p>Når prisen pr: expl: er sat til 3 rdlr: så forekommer denne mig ikke for høj; men i <anchor type="lemma" xml:id="koB13_1113"/>de norske <HIS:hisRef type="tcNote" xml:id="noteT13_179" target="B1871-1879ht_noter.xml" corresp="noteT13_179">boghandleres</HIS:hisRef> bekendtgørelser angives den til <anchor type="lemma" xml:id="koB13_1114"/>1 Spdl. 78 sk:, og dette gjorde mig noget urolig, navnlig for <anchor type="lemma" xml:id="koB13_1115"/>Svenskernes vedkommende, da jeg gentagende har erfaret at disse finder de danske bøger for dyre.</p>
<p>Jeg vurderer fuldkommen de <anchor type="lemma" xml:id="koB13_1116"/>vanskeligheder, som indbindingen m: m: <pb n="[2]"/>har lagt ivejen for bogens tidligere udkomst. – Ved denne lejlighed vil jeg omtale noget, som jeg tidligere har glemt at sige Dem. Samtlige de tre <emph>indbundne</emph> exemplarer af <HIS:hisRef type="work" target="Navneregister_HISe.xml#woPG">
                                <anchor type="lemma" xml:id="koB13_1117"/>Peer Gynt</HIS:hisRef> (2<hi rend="raised">den</hi> udgave), som De i sin tid havde den godhed at sende mig, er <emph>defekte</emph>, idet der i to af dem mangler et forskelligt <anchor type="lemma" xml:id="koB13_1118"/>ark i hver, og i det tredje endog hele to andre ark, hvilke alle sammen kan sees ikke at have været indbundne, så at det synes, som om vedkommende arbejder forsættelig har udeladt dem. Jeg nævner dette for det tilfælde at en kontrol skulde være mulig.</p>
<p>For endnu en ven må jeg bede om et friexemplar, nemlig for <HIS:hisRef type="tcNote" xml:id="noteT13_179a" target="B1871-1879ht_noter.xml" corresp="noteT13_179a">skolebestyrer</HIS:hisRef> <HIS:hisRef type="person" target="Navneregister_HISe.xml#peFG">Fr: Gjertsen</HIS:hisRef> i <HIS:hisRef type="place" target="Navneregister_HISe.xml#plKri">Kristiania</HIS:hisRef>, hvem jeg ikke kan forbigå <anchor type="lemma" xml:id="koB13_1119"/>for det tilfælde at bogen gives til <HIS:hisRef type="person" target="Navneregister_HISe.xml#peLDa">
                                <anchor type="lemma" xml:id="koB13_1120"/>Daae</HIS:hisRef> og <HIS:hisRef type="person" target="Navneregister_HISe.xml#peJLo">Løkke</HIS:hisRef>. Ligeledes beder jeg Dem om <emph>for min regning</emph> at ville sende et expl: til Mr: <HIS:hisRef type="person" target="Navneregister_HISe.xml#peEGo">Edmund W: Gosse</HIS:hisRef>, British Museum, <HIS:hisRef type="place" target="Navneregister_HISe.xml#plLon">London</HIS:hisRef>, samt et til Dr: <HIS:hisRef type="person" target="Navneregister_HISe.xml#peAS">Adolf Strodtmann</HIS:hisRef>, <HIS:hisRef type="place" target="Navneregister_HISe.xml#plSteg">Steglitz</HIS:hisRef> bei <HIS:hisRef type="place" target="Navneregister_HISe.xml#plBerl">Berlin</HIS:hisRef>.</p>
<p>Jeg vilde være Dem forbunden dersom De vilde <anchor type="lemma" xml:id="koB13_1121"/>vente med udgivelsen af <HIS:hisRef type="work" target="Navneregister_HISe.xml#woHH">«Hærmændene»</HIS:hisRef> indtil jeg har <pb n="[3]"/>konfereret med <HIS:hisRef type="person" target="Navneregister_HISe.xml#peESta">
                                <anchor type="lemma" xml:id="koB13_1122"/>min advokat</HIS:hisRef> og fåt ham til at påskynde <anchor type="lemma" xml:id="koB13_1123"/>processens afgørelse.</p>
<p>Tak for al ulejlighed med <anchor type="lemma" xml:id="koB13_1124"/>lotterisedlerne!</p>
<p>Tør jeg bede Dem om for <anchor type="lemma" xml:id="koB13_1125"/>det mig godskrevne beløb at købe <anchor type="lemma" xml:id="koB13_1126"/>svenske Jernbanepapirer til den omskrevne kurs? Fordelagtigere papirer er visstnok ikke at erholde når man <anchor type="lemma" xml:id="koB13_1127"/>ikke vover at spekulere.</p>
<p>
                            <anchor type="lemma" xml:id="koB13_1128"/>Af <HIS:hisRef type="work" target="Navneregister_HISe.xml#woF1">«Fru Inger»</HIS:hisRef> er jeg i besiddelse af et expl: og begynder omarbejdelsen så snart som muligt.</p>
<p>Med venlig hilsen til Dem og <HIS:hisRef type="person" target="Navneregister_HISe.xml#peJH">Deres søn</HIS:hisRef> tegner jeg mig</p>
<salute>Deres hjertelig hengivne</salute>
<signed>Henrik Ibsen.</signed>
</div>
</body>
</text>