<?xml version="1.0" encoding="UTF-8"?><text xmlns="http://www.tei-c.org/ns/1.0" xmlns:HIS="http://www.example.org/ns/HIS" rend="letter" corresp="B18530522RHo" xml:lang="da-no">
<body>
<div type="letter" subtype="poem">
<head type="letter">
                            <pb n="[1]"/>
                            <HIS:hisRef type="work" target="Navneregister_HISe.xml#woDiAur">Til min <anchor type="lemma" xml:id="koB12_179"/>Aurikel</HIS:hisRef>.</head>
<lg>
<lg>
<l>Venlige Blomst med <anchor type="lemma" xml:id="koB12_180"/>de duftende Blade,</l>
<l>Kort, som en Drøm, var din straalende <anchor type="lemma" xml:id="koB12_183"/>Flor, –</l>
<l>Ak, – thi ei længer kan Dugperler bade</l>
<l>Bægret, der bøier sig visnet mod Jord.</l>
                            </lg>
<lg>
<l>Det er mig sagt at i <anchor type="lemma" xml:id="koB12_181"/>Blomsternes Skjød</l>
<l>Leger der <anchor type="lemma" xml:id="koB12_182"/>Alfer med Sommerfuglvinger, –</l>
<l>Knække vi Stænglen, – det bæver og klinger</l>
<l>Mat som et Suk – det er Alfernes Død!</l>
                            </lg>
<lg>
<l>Men i min deilige <anchor type="lemma" xml:id="koB12_184"/>Blomme dog end</l>
<l>Lever en Alf, som en Fugl <anchor type="lemma" xml:id="koB12_185"/>i sin Rede;</l>
<l>Det er Erindringens Alf, og <anchor type="lemma" xml:id="koB12_186"/>med den</l>
<l>Veemodsfuldt sværmende skal jeg mig glæde; –</l>
                            </lg>
<lg>
<l>Her i mit stille, mit eensomme Hjem</l>
<l>Gjæste mig vexlende Syner og Drømme,</l>
<l>Stemmer, der hviske som Vaarvindens <HIS:hisRef type="tcNote" xml:id="noteT12_63" target="B1844-1871ht_noter.xml" corresp="noteT12_63">Strømme</HIS:hisRef>,</l>
<l>Maner da tit jeg af Stilheden frem. –</l>
                            </lg>
<lg>
<l>– Snart er jeg glemt; og naar Vinterens Nat</l>
<l>
                                    <anchor type="lemma" xml:id="koB12_187"/>Ruger som <anchor type="lemma" xml:id="koB12_188"/>Gravhøien over min Lykke,</l>
<l>Da skal jeg tro blandt Erindringens Skat</l>
<l>Gjemme min Blomst som dens dyreste Smykke!</l>
                            </lg>
                        </lg>
<dateline>Bergen <date>22/5. 53</date>.</dateline>
<signed>Henr: Ibsen</signed>
</div>
</body>
</text>