<?xml version="1.0" encoding="UTF-8"?><text xmlns="http://www.tei-c.org/ns/1.0" xmlns:HIS="http://www.example.org/ns/HIS" rend="letter" corresp="B18730607JR" xml:lang="da-no">
<body>
<div type="letter">
<p>Den <HIS:hisRef type="tcNote" xml:id="noteT13_145" target="B1871-1879ht_noter.xml" corresp="noteT13_145">højtærede</HIS:hisRef> <HIS:hisRef type="tcNote" xml:id="noteT13_145a" target="B1871-1879ht_noter.xml" corresp="noteT13_145a">oversætterinde</HIS:hisRef> har ønsket at jeg med nogle ord skal udtale mig om hendes arbejde.</p>
<p>Det er mig i den anledning en <HIS:hisRef type="tcNote" xml:id="noteT13_145b" target="B1871-1879ht_noter.xml" corresp="noteT13_145b">særdeles</HIS:hisRef> glæde at kunne erklære at jeg finder <anchor type="lemma" xml:id="koB13_921"/>oversættelsen helt igennem <HIS:hisRef type="tcNote" xml:id="noteT13_145c" target="B1871-1879ht_noter.xml" corresp="noteT13_145c">præget</HIS:hisRef> <HIS:hisRef type="tcNote" xml:id="noteT13_146" target="B1871-1879ht_noter.xml" corresp="noteT13_146">af</HIS:hisRef> digtets ånd, således som denne åbenbarer sig i <HIS:hisRef type="work" target="Navneregister_HISe.xml#woBr">
                                <HIS:hisRef type="tcNote" xml:id="noteT13_147" target="B1871-1879ht_noter.xml" corresp="noteT13_147">originalen</HIS:hisRef>
                            </HIS:hisRef>, samt med fuld forståelse af alle enkeltheder, der <HIS:hisRef type="tcNote" xml:id="noteT13_147a" target="B1871-1879ht_noter.xml" corresp="noteT13_147a">samtlige</HIS:hisRef> forekommer mig at <HIS:hisRef type="tcNote" xml:id="noteT13_147b" target="B1871-1879ht_noter.xml" corresp="noteT13_147b">være</HIS:hisRef> gengivne med den størst mulige troskab.</p>
<dateline>Dresden, den <date>7. Juni 1873</date>.</dateline>
<signed>Henrik Ibsen.</signed>
</div>
</body>
</text>