<?xml version="1.0" encoding="UTF-8"?><text xmlns="http://www.tei-c.org/ns/1.0" xmlns:HIS="http://www.example.org/ns/HIS" rend="letter" corresp="B18710924GB" xml:lang="da-no">
<body>
<div type="letter">
<dateline>
                            <pb n="[1]"/>Dresden den <date>24<hi rend="raised">de</hi> September 1871</date>. –</dateline>
<salute>Kære Brandes!</salute>
<p>Det er altid med en underlig blandet følelse at jeg læser <anchor type="lemma" xml:id="koB13_46"/>Deres breve. Hvad De skriver er mere digte end <HIS:hisRef type="tcNote" xml:id="noteT13_9" target="B1871-1879ht_noter.xml" corresp="noteT13_9">breve</HIS:hisRef>; det kommer til mig som et nødråb fra en der er bleven ene levende tilbage i et stort uddød strøg. Og så kan jeg jo ikke andet end glæde mig og takke Dem, fordi De retter dette råb netop til mig. Men på den anden side fylder det mig med bekymring idet jeg spørger mig selv: hvad skal <anchor type="lemma" xml:id="koB13_47"/>en sådan stemning føre til? Jeg har da ikke andet at slå mig til ro med end det håb at det kun er en <anchor type="lemma" xml:id="koB13_48"/>gennemgang. Det forekommer mig som om De nu står i den samme krisis som jeg i <anchor type="lemma" xml:id="koB13_49"/>de dage jeg skred til at skrive <HIS:hisRef type="work" target="Navneregister_HISe.xml#woBr">«Brand»</HIS:hisRef>, og jeg er viss på at også De vil vide at finde det lægemiddel, som driver sygdomsstoffet ud af kroppen. En energisk produceren er en fortræffelig kur. Hvad jeg først og fremst vil ønske Dem er en rigtig fuldblods egoisme, der kan drive Dem til for en tid at sætte Deres eget som det eneste, der har værd og betydning, og alt andet som ikke existerende. Optag <pb n="[2]"/>ikke dette som et tegn på noget brutalt i min natur! De kan jo dog ikke gavne Deres samfund på nogen bedre måde, end ved at <anchor type="lemma" xml:id="koB13_50"/>udmynte det metal, De har i Dem selv. Det solidariske har jeg egentlig aldrig havt nogen stærk følelse af; jeg har igrunden kun taget det sådan med som traditionel troessætning; – og havde man mod til fuldt og helt at sætte det ud af betragtning, så blev man kanske kvit den ballast som tynger værst på personligheden. – Overhovedet er der tider da hele verdenshistorien står for mig som et eneste stort skibbrud; det gælder at frelse sig selv. – Specialreformer lover jeg mig intet af. Hele slægten er på vildspor, det er sagen. Eller er der virkelig noget hold i den nuværende situation? Dette med uopnåelige idealer og sligt? Hele rækken af slægter forekommer mig som en ung mand der har <anchor type="lemma" xml:id="koB13_51"/>forladt sin læst og er gået til theatret. Vi har gjort fiasco både i elskerfaget og i det heroiske fag; det eneste vi har vist en smule talent for er det naiv-komiske; men med den mere udviklede selvbevidsthed går heller ikke det længere. At det er bedre bevendt i andre lande, end hjemme, tror jeg ikke; massen står udenfor al forståelse af det højere både ude og hjemme. –</p>
<p>Og så skulde jeg forsøge på at <anchor type="lemma" xml:id="koB13_52"/>stikke en fane ud! Ak, kære ven, det blev en historie som <anchor type="lemma" xml:id="koB13_53"/>da <HIS:hisRef type="person" target="Navneregister_HISe.xml#peNap3">L. Napoleon</HIS:hisRef> gik iland i <HIS:hisRef type="place" target="Navneregister_HISe.xml#plBou">Boulogne</HIS:hisRef> <pb n="[3]"/>med en ørn på hovedet. Senere, da hans missions time slog, behøvede han ingen ørn. – Under beskæftigelsen med <HIS:hisRef type="work" target="Navneregister_HISe.xml#woKG">«Julian»</HIS:hisRef> er jeg på en viss måde bleven <anchor type="lemma" xml:id="koB13_54"/>fatalist; men dette stykke bliver dog et slags fane. Frygt for øvrigt ikke for noget slags tendensvæsen; jeg ser på karaktererne, på de krydsende planer, på <emph>historien</emph>, og giver mig ikke af med «moralen» af det hele – forudsat at De ikke under historiens moral vil forstå <anchor type="lemma" xml:id="koB13_55"/>dens filosofi; thi at en sådan kommer til at skinne frem som den endelige dom over det kæmpende og sejrende, er en selvfølge. Dog alt dette kan kun anskueliggøres praktisk.</p>
<p>
                            <anchor type="lemma" xml:id="koB13_56"/>Deres forrige brev om denne genstand gjorde mig ikke urolig, først fordi jeg fra Deres side var forberedt på deslige betænkeligheder, og dernæst fordi jeg tager stoffet anderledes, end De forudsætter. –</p>
<p>
                            <anchor type="lemma" xml:id="koB13_57"/>Deres bog har jeg modtaget; jeg kan kun sige Dem at den for mig er en læsning, som jeg atter og atter vender tilbage til. – Ja, kære fortræffelige Brandes, det er mig ufatteligt at <emph>De</emph> kan være mismodig. De har jo dog fået <anchor type="lemma" xml:id="koB13_58"/>åndens kald<unclear reason="endline">else</unclear> så klart og utvetydigt som kun få mennesker. Hvad skal så dette mismod til? Har De lov til det? Tro forøvrigt ikke andet, <pb n="[4]"/>end at jeg godt forstår Dem.</p>
<p>De viser mig nok den tjeneste at fremsende indlagte visitkort til <anchor type="lemma" xml:id="koB13_59"/>cand. mag. <HIS:hisRef type="person" target="Navneregister_HISe.xml#peFGK">Fr: Knudtzon</HIS:hisRef>, Amaliegade; – skulde De personlig træffe ham etsteds, så hils ham fra mig; jeg sætter ham i mange henseender højt; – jeg kan også sige at han er en begejstret og ubetinget beundrer af Dem.</p>
<p>Og så tilsidst hjertelig tak for <anchor type="lemma" xml:id="koB13_60"/>besøget i <HIS:hisRef type="place" target="Navneregister_HISe.xml#plDre">Dresden</HIS:hisRef>; det var fest-timer for mig. Lykke, mod, sundhed og alt godt!</p>
<salute>Deres hengivne</salute>
<signed>Henrik Ibsen.</signed>
</div>
</body>
</text>