<?xml version="1.0" encoding="UTF-8"?><text xmlns="http://www.tei-c.org/ns/1.0" xmlns:HIS="http://www.example.org/ns/HIS" rend="letter" corresp="B18690610FH" xml:lang="da-no">
                <body>
<div type="letter">
<dateline>
                            <pb n="[1]"/>Dresden, <date>10<hi rend="raised">de</hi> Juni 1869</date>. –</dateline>
<salute>Kjære Herr Cancelliraad Hegel!</salute>
<p>Grunden till at jeg først nu besvarer Deres venlige Brev af 21<hi rend="raised">de</hi> f. M., er den at jeg i disse Dage har ligget i Flyttning. Jeg er nu rykket ind i min nye Sommerbolig, og er min Adresse herefter: <emph>
                                <HIS:hisRef type="tcNote" xml:id="noteT12_565" target="B1844-1871ht_noter.xml" corresp="noteT12_565">Königsbrücker-Strasse</HIS:hisRef>, N<hi rend="raised">o</hi> 33, 1<hi rend="raised">te</hi> Etage</emph>.</p>
<p>
                            <anchor type="lemma" xml:id="koB12_2037"/>Brevene till de tre Theaterdirektioner skal jeg <anchor type="lemma" xml:id="koB12_2038"/>i betimelig Tid sende Dem. Hvis <HIS:hisRef type="work" target="Navneregister_HISe.xml#woUF">Stykket</HIS:hisRef> antages i <HIS:hisRef type="place" target="Navneregister_HISe.xml#plKbh">Kjøbenhavn</HIS:hisRef>, saa kan det naturligvis <anchor type="lemma" xml:id="koB12_2039"/>ikke nytte at vente paa Oppførelsen dersteds; det er en Selvfølge at Bogen maa i Handelen till Høsten, og at Arbejdet, som <HIS:hisRef type="tcNote" xml:id="noteT12_566" target="B1844-1871ht_noter.xml" corresp="noteT12_566">Følge</HIS:hisRef> heraf, ved Theatret honoreres efter en <anchor type="lemma" xml:id="koB12_2040"/>lavere Skala er noget, som jeg har været forberedt paa.</p>
<p>Turde jeg bede Dem sige <HIS:hisRef type="person" target="Navneregister_HISe.xml#peCHSch">Herr Licent: H. Scharling</HIS:hisRef> at jeg fortiden intet har, der kan være brugeligt for <anchor type="lemma" xml:id="koB12_2041"/>Dansk Tidsskrift; skulde jeg faa noget, skal det være mig en Glæde at sende det till ham. – Af den norske Bestyrelse for <anchor type="lemma" xml:id="koB12_2042"/>Studentermødet har jeg været anmodet om at skrive en Velkomstsang, hvilket jeg imidlertid har afslaaet. –</p>
<p>
                            <pb n="[2]"/>Nu skal jeg da endelig ifærd med <HIS:hisRef type="work" target="Navneregister_HISe.xml#woKG">det store og <anchor type="lemma" xml:id="koB12_2043"/>længe paatænkte Arbejde: «Kejser Julian»</HIS:hisRef>; jeg føler at det nu er voxet frem i tillstrækkelig Klarhed og naar jeg først begynder, vil det gaa strygende. Tør jeg i den Anledning bede Dem bevise mig en stor Tjeneste; i Foraaret 1866 stod der i «Fædrelandet» en fortræffelig <anchor type="lemma" xml:id="koB12_2044"/>Afhandling i 3 Afsnit af <HIS:hisRef type="person" target="Navneregister_HISe.xml#peALCL">Listow</HIS:hisRef>, som giver en sammentrængt Udsigt over Julians Liv. Var det Dem paa nogen Maade muligt at skaffe mig denne, saa vilde jeg være Dem overordentlig taknemlig. – Endnu et; jeg ser at <anchor type="lemma" xml:id="koB12_2045"/>
                            <HIS:hisRef type="person" target="Navneregister_HISe.xml#peGB">G. Brandes</HIS:hisRef> har faaet et Rejsestipendium. Ved De tillfældigvis hvor han rejser hen? Det skulde være mig meget kjært at træffe ham, og hvis han gaar till <HIS:hisRef type="place" target="Navneregister_HISe.xml#plD">Tyskland</HIS:hisRef>, gjorde jeg gjerne i det Øjemed en Afstikker.</p>
<p>Og saa till syvende og sidst! Vil De godhedsfuldt endnu forstrække mig med 100 Rdlr. dansk enten i Vexel eller i preussiske Penge? Flyttningen har paaført mig adskillige forskudsvise Udtællinger, ellers skulde jeg ikke have anmodet herom. Dagbladet er, tilltrods for den forandrede Adresse, regelmæssigt kommet mig ihænde.</p>
<salute>Deres stedse hengivne</salute>
<signed>Henrik Ibsen.</signed>
</div>
</body>
</text>