<?xml version="1.0" encoding="UTF-8"?><text xmlns="http://www.tei-c.org/ns/1.0" xmlns:HIS="http://www.example.org/ns/HIS" rend="letter" corresp="B18690616FH" xml:lang="da-no">
                <body>
<div type="letter">
<dateline>
                            <pb n="[1]"/>Dresden, <date>16<hi rend="raised">de</hi> Juni 1869</date>. –</dateline>
<salute>Kjære Herr Cancelliraad Hegel!</salute>
<p>Indlagt følger <anchor type="lemma" xml:id="koB12_2062"/>min Skrivelse till <HIS:hisRef type="org" target="Navneregister_HISe.xml#orgChrTh">Kristiania Theater</HIS:hisRef>. Till <HIS:hisRef type="org" target="Navneregister_HISe.xml#orgKDTS">Stokholms Theaterdirektion</HIS:hisRef> skriver jeg ikke direkte men giver <HIS:hisRef type="person" target="Navneregister_HISe.xml#peLD">Herr <anchor type="lemma" xml:id="koB12_2063"/>Dietrichson</HIS:hisRef> en Fuldmagt till at handle paa mine Vegne. Jeg beder derfor at det for <HIS:hisRef type="place" target="Navneregister_HISe.xml#plSthlm">Stokholm</HIS:hisRef> bestemte Exemplar maa blive <emph>ham</emph> tillstillet; Resten skal jeg besørge herfra.</p>
<p>Med <anchor type="lemma" xml:id="koB12_2064"/>
                            <HIS:hisRef type="person" target="Navneregister_HISe.xml#peBB">Bjørnsons</HIS:hisRef> «Folkeblad» ser jeg det har taget en bedrøvelig Vending; men jeg kan ikke komme bort fra den Tanke at det igrunden er bedst for ham ganske at henvises till sin Digtervirksomhed. <anchor type="lemma" xml:id="koB12_2065"/>Morgenbladets Artikel, som De vel har set, er ondskabsfuld og overstrømmende af Had; men uden Skyld er Bjørnson ikke. – <anchor type="lemma" xml:id="koB12_2066"/>
                            <HIS:hisRef type="person" target="Navneregister_HISe.xml#peMT">Min Svigermoders</HIS:hisRef> Pensionstillægg er af <HIS:hisRef type="org" target="Navneregister_HISe.xml#orgStort">Storthinget</HIS:hisRef> nægtet; nu vil jeg dog haabe at hun drager till <HIS:hisRef type="place" target="Navneregister_HISe.xml#plKbh">Kjøbenhavn</HIS:hisRef> igjen; det vilde i alle Henseender være det ene rigtige. Till <HIS:hisRef type="place" target="Navneregister_HISe.xml#plKri">Kristiania</HIS:hisRef> skulde hun <pb n="[2]"/>aldrig være rejst; <anchor type="lemma" xml:id="koB12_2067"/>dersteds duer det ikke for en Forfatter at leve medmindre han forstaar koldt at vise alle Partier tillbage og indtage et Standpunkt for sig selv; men <anchor type="lemma" xml:id="koB12_2068"/>dette gjør hun ikke. Jeg er, for mit eget Vedkommende, glad og lykkelig over at jeg kan holde mig udenfor alt dette krydsende og intrigerende Uvæsen som drives deroppe og som altid er uadskilleligt fra smaa og smaalige Forholde.</p>
<p>Lev hjertelig vel og vær paa det varmeste hilset fra</p>
<salute>Deres ærbødigst hengivne</salute>
<signed>Henrik Ibsen.</signed>
</div>
</body>
</text>