<?xml version="1.0" encoding="UTF-8"?><text xmlns="http://www.tei-c.org/ns/1.0" xmlns:HIS="http://www.example.org/ns/HIS" rend="letter" corresp="B18740627FH" xml:lang="da-no">
<body>
<div type="letter">
<dateline>
                            <pb n="[1]"/>Dresden den <date>27<hi rend="raised">de</hi> Juni 1874</date>. –</dateline>
<salute>Kære herr Hegel!</salute>
<p>Idet jeg herved forbindtligst takker for Deres venlige brev af 26<hi rend="raised">de</hi> Maj med deri inlagte 225 Thaler preussisk, nødes jeg, på grund af min nær forestående <HIS:hisRef type="place" target="Navneregister_HISe.xml#plN">Norgesrejse</HIS:hisRef>, til igen at anmode Dem om godhedsfuldt at ville sende mig <emph>en lignende sum</emph>. Ligeledes vilde jeg være Dem særdeles taknemmelig om De, – for at jeg derefter nogenlunde kan regulere mit rejsebudget, opholdets længde, tourens udstrækning, o. s. v, – vil lade mig vide, hvad jeg kan <anchor type="lemma" xml:id="koB13_1451"/>påregne for de nye oplag af <HIS:hisRef type="work" target="Navneregister_HISe.xml#woBr">«Brand»</HIS:hisRef> og <HIS:hisRef type="work" target="Navneregister_HISe.xml#woPG">«Peer Gynt»</HIS:hisRef>. Tag ikke min anmodning ilde op, og undskyld at jeg ulejliger Dem hermed.</p>
<p>
                            <anchor type="lemma" xml:id="koB13_1452"/>Manuskriptet til <HIS:hisRef type="work" target="Navneregister_HISe.xml#woF2">«Fru Inger»</HIS:hisRef> kan jeg aflevere allerede i begyndelsen af August. Dette stykke sætter jeg i dets nuværende skikkelse højt imellem mine arbejder, og jeg tvivler ikke på at det vil blive <anchor type="lemma" xml:id="koB13_1453"/>opført på <HIS:hisRef type="org" target="Navneregister_HISe.xml#orgKT">det kgl: theater</HIS:hisRef>, for hvis personale det passer fortræffeligt.</p>
<p>
                            <HIS:hisRef type="person" target="Navneregister_HISe.xml#peGB">
                                <anchor type="lemma" xml:id="koB13_1454"/>Dr: Brandes</HIS:hisRef> har været på besøg her et par dage; herfra er han rejst til <HIS:hisRef type="place" target="Navneregister_HISe.xml#plMun">München</HIS:hisRef>; <anchor type="lemma" xml:id="koB13_1455"/>opholdet hos <HIS:hisRef type="person" target="Navneregister_HISe.xml#peMLaz">professor Lazarus</HIS:hisRef> i <HIS:hisRef type="place" target="Navneregister_HISe.xml#plLei">Leipzig</HIS:hisRef> <HIS:hisRef type="tcNote" xml:id="noteT13_224" target="B1871-1879ht_noter.xml" corresp="noteT13_224">blev</HIS:hisRef> <pb n="[2]"/>nok intet af.</p>
<p>Hjertelig tak for <anchor type="lemma" xml:id="koB13_1456"/>Deres venlige tilbud om at ville modtage mig på Deres landsted! Men desværre kan jeg ikke benytte mig deraf; thi for det første ledsages jeg af <HIS:hisRef type="person" target="Navneregister_HISe.xml#peSuI">min hustru</HIS:hisRef> og <HIS:hisRef type="person" target="Navneregister_HISe.xml#peSiI">søn</HIS:hisRef>, og dernæst bliver vort ophold i <HIS:hisRef type="place" target="Navneregister_HISe.xml#plKbh">København</HIS:hisRef> kun nogle timer. Jeg beder Dem være forvisset om at jeg ligefuldt påskønner Deres venlighed i dette som i så meget andet.</p>
<p>Endelig takker jeg Dem for <HIS:hisRef type="person" target="Navneregister_HISe.xml#peJLi">
                                <anchor type="lemma" xml:id="koB13_1457"/>Jonas Lies</HIS:hisRef> nye bog, hvori jeg synes der er meget godt; jeg tror imidlertid at det vil blive nødvendigt for ham at <anchor type="lemma" xml:id="koB13_1458"/>udvide sit område, hvis han i længden skal holde sig oppe i publikums gunst.</p>
<p>Med de bedste hilsener til Dem og <HIS:hisRef type="person" target="Navneregister_HISe.xml#peJH">Deres søn</HIS:hisRef> tegner jeg mig</p>
<salute>Deres hjertelig hengivne</salute>
<signed>Henrik Ibsen.</signed>
</div>
<div type="postscript">
<p>P. s.</p>
<p>Indlagt har jeg tilladt mig at vedlægge <anchor type="lemma" xml:id="koB13_1459"/>nogle linjer til <HIS:hisRef type="person" target="Navneregister_HISe.xml#peAuLa">herr bogholder Larsen</HIS:hisRef>.</p>
<signed>H. I.</signed>
</div>
</body>
</text>