<?xml version="1.0" encoding="UTF-8"?><text xmlns="http://www.tei-c.org/ns/1.0" xmlns:HIS="http://www.example.org/ns/HIS" rend="letter" corresp="Budat18701224FL" xml:lang="da-no">
<body>
<div type="letter">
<dateline>
                            <pb n="[1]"/>Dresden, i <date>December 1870</date>. –</dateline>
<salute>Til Fru Fredrika Limnell!</salute>
<div type="letter" subtype="poem">
<lg>
<l rend="indent line">Ja, jeg <anchor type="lemma" xml:id="koB12_2736"/>frister det idag,</l>
<l>jeg, som ved <anchor type="lemma" xml:id="koB12_2737"/>min tausheds længde,</l>
<l>tvert mod alle løfters mængde,</l>
<l>frygter, jeg har tabt min sag, –</l>
<l>jeg, som foer fra landet, bunden</l>
<l>af en <anchor type="lemma" xml:id="koB12_2738"/>takskyld uden lige,</l>
<l>gæsted <anchor type="lemma" xml:id="koB12_2739"/>Faraonens rige,</l>
<l>løfted <anchor type="lemma" xml:id="koB12_2740"/>Isis-slørets flige, –</l>
<l>og til dato kunde svige,</l>
<l>hvad med hånden og med munden</l>
<l>jeg på <anchor type="lemma" xml:id="koB12_2741"/>«Lyran» sidste kvelden</l>
<l>både loved og besvor, –</l>
<l>nemlig: med et skrevet ord</l>
<l>at betale lidt på gælden.</l>
<l rend="indent line">
                                    <pb n="[2]"/>Tør jeg? Har jeg endnu ret?</l>
<l>Ak, <anchor type="lemma" xml:id="koB12_2742"/>Gud-nå’s, hvem spør om retten?</l>
<l>
                                    <anchor type="lemma" xml:id="koB12_2743"/>Nu omstunder skilles tretten</l>
<l>af et magtsprog ret og slet.</l>
<l>Altså, kort og godt: jeg <emph>vil</emph>;</l>
<l>men på anti-preussisk måde, –</l>
<l>ej i kraft af <anchor type="lemma" xml:id="koB12_2744"/>ret for nåde.</l>
<l>Vær mig stumme flygtning mild!</l>
<l rend="indent line">Her jeg lever på en vis,</l>
<l>
                                    <anchor type="lemma" xml:id="koB12_2745"/>som de lever i Paris.</l>
<l>Svære tyske <anchor type="lemma" xml:id="koB12_2746"/>floskelhelte,</l>
<l>som med vold vil verden vælte,</l>
<l>pral og skrål og flag på stang,</l>
<l>
                                    <anchor type="lemma" xml:id="koB12_2747"/>«Wacht am Rhein», som kaldes sang, –</l>
<l>det er mit <anchor type="lemma" xml:id="koB12_2748"/>cernerings-belte.</l>
<l rend="indent line">De kan tro at mangen gang</l>
<l>kendes kredsen krap og trang.</l>
<l rend="indent line">Ølhus-snak, politisering,</l>
<l>er min <anchor type="lemma" xml:id="koB12_2749"/>køterstegs servering;</l>
<l>og i <anchor type="lemma" xml:id="koB12_2750"/>stadsavisens spalter,</l>
<l>hvor den tyske verskunst halter,</l>
<l>diskes op den kost, mig gotter,</l>
<l>som en <anchor type="lemma" xml:id="koB12_2751"/>fransk ragout af rotter.</l>
<l rend="indent line">
                                    <pb n="[3]"/>Værre dog, når genlyds-toner</l>
<l>fra vort Nord hid over slår;</l>
<l>når mit håb mod lys og vår</l>
<l>skydes ned af <anchor type="lemma" xml:id="koB12_2752"/>plebs-kanoner;</l>
<l>når i råheds-kravet hviner</l>
<l>fremtids himmelsprængte miner,</l>
<l>og jeg <anchor type="lemma" xml:id="koB12_2753"/>våbenstækket står</l>
<l>på en brusten drøms ruiner. –</l>
<l rend="indent line">Altså er, for ej at lyve,</l>
<l>nøden det, som nu mig drev</l>
<l>til at sende Dem et brev, –</l>
<l>og jeg lar ballonen flyve.</l>
<l>
                                    <anchor type="lemma" xml:id="koB12_2754"/>Duer har jeg ingen af;</l>
<l>duer er jo håbets fugle,</l>
<l>og i denne klamme grav</l>
<l>bygger bare <anchor type="lemma" xml:id="koB12_2755"/>ravn og ugle.</l>
<l>Men per ravn, per ugle skikke</l>
<l>brev til damer, duger ikke.</l>
<l rend="indent line">Nu da – som De ved, ifjor,</l>
<l>dengang <anchor type="lemma" xml:id="koB12_2756"/>Mälar-himlen mulned,</l>
<l>frosten skar og løvet gulned,</l>
<l>ned til <anchor type="lemma" xml:id="koB12_2757"/>Deltas <anchor type="lemma" xml:id="koB12_2757a"/>vang jeg foer.</l>
<l>Der var sol og sommerdage.</l>
<l>Lyset slog med blink tilbage,</l>
<l>
                                    <pb n="[4]"/>som hos os en bræ fra fjorden.</l>
<l>Palmelunden, <anchor type="lemma" xml:id="koB12_2758"/>sykomoren</l>
<l>skygged blågrøn over jorden;</l>
<l>Beduinen og hans mage,</l>
<l>båren højt på dromedaren,</l>
<l>så vi gennem ørknen drage.</l>
<l>Første gang en uerfaren</l>
<l>nordbo så det, skreg han studsende:</l>
<l>Mine herrer, ser De strudsene?</l>
<l rend="indent line">Fra Cairo opad Nilen</l>
<l>fløj vi på <anchor type="lemma" xml:id="koB12_2759"/>«Ferus» som pilen,</l>
<l>gæsted <anchor type="lemma" xml:id="koB12_2760"/>Cheops-pyramiden,</l>
<l>hvor <anchor type="lemma" xml:id="koB12_2761"/>Napoleon proklamerte,</l>
<l>medens <anchor type="lemma" xml:id="koB12_2762"/>sfinxen mediterte</l>
<l>både før og da og siden.</l>
<l rend="indent line">
                                    <anchor type="lemma" xml:id="koB12_2763"/>Beni Hassans kongegrave</l>
<l>krøb vi ind i på vor mave.</l>
<l>Seklerne har hærget stygt dem;</l>
<l>hver en tidsberegning brister;</l>
<l>kun så meget får man ud, –</l>
<l>
                                    <anchor type="lemma" xml:id="koB12_2764"/>tør man tro egyptologer, –</l>
<l>og, ej sandt, vi tror jo trygt dem –?</l>
<l>de blev til i fortids tåger,</l>
<l>dengang Farao var gud</l>
<l>og herr <anchor type="lemma" xml:id="koB12_2765"/>Potifar minister, –</l>
<l>
                                    <pb n="[5]"/>samt at herr ministrens svoger,</l>
<l>Josef Jakobsen, har bygt dem.</l>
<l rend="indent line">
                                    <anchor type="lemma" xml:id="koB12_2766"/>Memnonstøtten, stenkolossen,</l>
<l>han, De ved, som sang et stykke,</l>
<l>gæsted vi en morgenstund;</l>
<l>men den gamle holdt sin mund.</l>
<l>Det er nu en skaldenykke</l>
<l>fra den tid <anchor type="lemma" xml:id="koB12_2767"/>Kambyses dømmende</l>
<l>gik ham efter lidt i sømmene,</l>
<l>og måske for ubehændigt</l>
<l>
                                    <anchor type="lemma" xml:id="koB12_2768"/>recenserte ham indvendigt.</l>
<l>Sligt gør mangen sanger frossen,</l>
<l>og så svigter mælet <anchor type="lemma" xml:id="koB12_2769"/>tossen.</l>
<l rend="indent">Men så er beundrings-stolen</l>
<l>vederlag for sang mod solen.</l>
<l rend="indent">Sådan gubben Memnon troner</l>
<l>på sit ry for brustne toner,</l>
<l>
                                    <anchor type="lemma" xml:id="koB12_2770"/>stryger ind tributens mynt,</l>
<l>gir i al sin oldtidspynt</l>
<l>audiens, ej blot til stormænd,</l>
<l>men sågar til <anchor type="lemma" xml:id="koB12_2771"/>norske Normænd,</l>
<l>som min ringhed og <anchor type="lemma" xml:id="koB12_2772"/>Peer Gynt.</l>
<l rend="indent line">Dog, hvem mægter gøre rede</l>
<l>for en 6–7 ugers drøm?</l>
<l>Derfor beder jeg Dem, tag</l>
<l>
                                    <pb n="[6]"/>disse løse pennedrag</l>
<l>fra min færd i lys og hede</l>
<l>opad <anchor type="lemma" xml:id="koB12_2773"/>krokodillens strøm.</l>
<l rend="indent">Gal mands værk at spilde ord</l>
<l>på vort <anchor type="lemma" xml:id="koB12_2774"/>pascha-liv ombord</l>
<l>i de fire <anchor type="lemma" xml:id="koB12_2775"/>Noæh arker; –</l>
<l>vi var fire, skal De vide, –</l>
<l>og desuden to par <anchor type="lemma" xml:id="koB12_2776"/>barker</l>
<l>for <anchor type="lemma" xml:id="koB12_2777"/>et genus, kaldt det blide.</l>
<l rend="indent">I «Ferus» var sat på foer</l>
<l>
                                    <anchor type="lemma" xml:id="koB12_2778"/>bjørne tre fra gamle Nord,</l>
<l>elve haner af de franske,</l>
<l>fire hingster, – de var spanske,</l>
<l>lutter fyr- og flamme-foler,</l>
<l>drevne stærkt i <anchor type="lemma" xml:id="koB12_2779"/>kaprioler</l>
<l>og med gester som <anchor type="lemma" xml:id="koB12_2780"/>El Ol’er.</l>
<l>Tar vi med vor skibsbetjening,</l>
<l>fandtes efter fælles mening</l>
<l>flere dyr af slægten: asen.</l>
<l>
                                    <anchor type="lemma" xml:id="koB12_2781"/>Et slags buk fra Schweitzerlandet,</l>
<l>
                                    <anchor type="lemma" xml:id="koB12_2782"/>et amfibium af racen,</l>
<l>der skal bo «lidt under vandet», –</l>
<l>samt naturligvis en skok</l>
<l>
                                    <anchor type="lemma" xml:id="koB12_2783"/>olden- eller old-germanske</l>
<l>vildsvin, næsten ganske tamme,</l>
<l>og, som afart af de samme,</l>
<l>et par militære rovdyr;</l>
<l>
                                    <pb n="[7]"/>et <anchor type="lemma" xml:id="koB12_2784"/>entrüstungs-fæigt skovdyr;</l>
<l>et af de brasilianske</l>
<l>
                                    <anchor type="lemma" xml:id="koB12_2785"/>bogmøl og en hel hob smådyr</l>
<l>under fællesnavnet <emph>rå</emph>dyr;</l>
<l>
                                    <anchor type="lemma" xml:id="koB12_2786"/>item –, nej, nu er det nok!</l>
<l rend="indent line">Tænk Dem så, når <anchor type="lemma" xml:id="koB12_2787"/>dragomanen,</l>
<l>snart mod øst og snart mod vest,</l>
<l>førte hele karavanen</l>
<l>til <anchor type="lemma" xml:id="koB12_2788"/>en oldtids kæmpe-rest.</l>
<l rend="indent">Over ørknens gule slette</l>
<l>fløj vi som på vinger lette,</l>
<l>skønt i virkligheden toget</l>
<l>gik til æsels, og tildels,</l>
<l>for de kække, til kamels.</l>
<l>Hvilken jubel, hvilken broget</l>
<l>stim og stimmel i vor barne-</l>
<l>glade flok! <anchor type="lemma" xml:id="koB12_2789"/>Hin uerfarne</l>
<l>strudse-seer var den eneste,</l>
<l>som for skydsen gjorde styr,</l>
<l>råbte: Æsler! Er det dyr</l>
<l>for en mand i pressens tjeneste!</l>
<l>Jeg vil hae en rigtig ilhest; –</l>
<l>finds her ingen fuldblods Nilhest?</l>
<l rend="indent line">
                                    <anchor type="lemma" xml:id="koB12_2790"/>Luxor, <anchor type="lemma" xml:id="koB12_2791"/>Déndera, <anchor type="lemma" xml:id="koB12_2792"/>Sakkara,</l>
<l>
                                    <anchor type="lemma" xml:id="koB12_2793"/>Edfu, <anchor type="lemma" xml:id="koB12_2794"/>Assuan og <anchor type="lemma" xml:id="koB12_2795"/>Phile</l>
<l>
                                    <pb n="[8]"/>vil i fart forbi jeg ile</l>
<l>og kun foreløbig hvile</l>
<l>ved en skildring fra Sahara.</l>
<l rend="indent">De har sikkert engang hørt</l>
<l>at når karavanen rykker</l>
<l>gennem ørkenhavets bølger,</l>
<l>sandets flom, af <anchor type="lemma" xml:id="koB12_2796"/>samum ført,</l>
<l>viser frem hvad dybet dølger, –</l>
<l>og den ser <anchor type="lemma" xml:id="koB12_2797"/>stillebens-stykker.</l>
<l rend="indent">Eller rettere, den vader</l>
<l>gennem endeløse gader,</l>
<l>hvor den levende natur</l>
<l>har med døden sig forenet,</l>
<l>og i tiden sig forstenet</l>
<l>til en vild arkitektur.</l>
<l rend="indent">Ribben, ryggehvirvler, knokler,</l>
<l>rager op som søjlesokler;</l>
<l>hjerneskaller af kameler</l>
<l>er de faldne <anchor type="lemma" xml:id="koB12_2798"/>kapiteler;</l>
<l>tænders gule, gisne rader</l>
<l>er balkongers <anchor type="lemma" xml:id="koB12_2799"/>balustrader;</l>
<l>
                                    <HIS:hisRef type="tcNote" xml:id="noteT12_705" target="B1844-1871ht_noter.xml" corresp="noteT12_705">fingre</HIS:hisRef>, som ivejret vimser,</l>
<l>er de brustne <anchor type="lemma" xml:id="koB12_2800"/>loftgesimser,</l>
<l>og som <anchor type="lemma" xml:id="koB12_2801"/>mølne ridderfaner</l>
<l>svajer pjalter af <anchor type="lemma" xml:id="koB12_2802"/>kaftaner.</l>
<l rend="indent">
                                    <pb n="[9]"/>Tænk Dem så det hele billed,</l>
<l>dirrende i sol og stilhed,</l>
<l>vokse, vokse, fylde fange,</l>
<l>højnes, højnes tusend gange;</l>
<l>tænk Dem denne gravens verden,</l>
<l>som en oldtids karavane</l>
<l>brat forstenet på sin bane, –</l>
<l>og De har Egypter-færden.</l>
<l rend="indent line">Ja, så er det. I en tidens</l>
<l>morgenstund drog ud et tog;</l>
<l>prester forrest med sin videns</l>
<l>hieroglyfbeskrevne bog;</l>
<l>gudekonger, kongeguder,</l>
<l>red henover seklers vidder; –</l>
<l>
                                    <anchor type="lemma" xml:id="koB12_2803"/>Isis og Osiris sidder</l>
<l>i sin stumheds pragt og luder</l>
<l>på de høje sadelpuder;</l>
<l>
                                    <anchor type="lemma" xml:id="koB12_2804"/>Horus, <anchor type="lemma" xml:id="koB12_2805"/>Hathor, <anchor type="lemma" xml:id="koB12_2806"/>Thme og <anchor type="lemma" xml:id="koB12_2807"/>Ptah,</l>
<l>
                                    <anchor type="lemma" xml:id="koB12_2808"/>Amon Re og <anchor type="lemma" xml:id="koB12_2809"/>Amon Ra,</l>
<l>kaster glans til alle sider,</l>
<l>der de midt i skaren skrider;</l>
<l>
                                    <anchor type="lemma" xml:id="koB12_2810"/>Apis med den gyldne pande</l>
<l>ledes langsmed flodens vande</l>
<l>fulgt af slavers millioner, –</l>
<l>og hvor følget slår sin lejr</l>
<l>
                                    <pb n="[10]"/>rejses sfinxer og <anchor type="lemma" xml:id="koB12_2811"/>pyloner.</l>
<l>Over grav og over sejr</l>
<l>mindetavler, <anchor type="lemma" xml:id="koB12_2812"/>obelisker</l>
<l>står i billedskrift og hvisker;</l>
<l>tusend templers søjlerader</l>
<l>pæler karavanens gader;</l>
<l>tusend pyramiders belte</l>
<l>er dens efterladte telte.</l>
<l rend="indent line">Se, da kom et <anchor type="lemma" xml:id="koB12_2813"/>pust fra nord,</l>
<l>steg til storm på ørkenhavet,</l>
<l>pisked karavanens spor.</l>
<l>Prester tumled, konger raved,</l>
<l>hele guder sank i grus;</l>
<l>Faraonen og hans hus</l>
<l>lå i glemsels sand begravet.</l>
<l>Der, hvor sværmen frem var dragen,</l>
<l>faldt den livløs, stum og stur; –</l>
<l>tusend år i sarkofagen,</l>
<l>gemt for lyset og for dagen,</l>
<l>mumien lig i svøbets bur,</l>
<l>smuldred bort en dømt og slagen</l>
<l>fire tusend års kultur.</l>
<l rend="indent line">
                                    <emph>Denne</emph> karavanes rester</l>
<l>var det, vi, <anchor type="lemma" xml:id="koB12_2814"/>Khedivens gæster,</l>
<l>drog forbi til Nubiens grænse.</l>
<l>
                                    <pb n="[11]"/>
                                    <anchor type="lemma" xml:id="koB12_2815"/>
                                    <anchor type="lemma" xml:id="koB12_2816"/>Fellah-flokken så vi lænse</l>
<l>ørkenbølgen om Abydos,</l>
<l>og lidt længer op mod syd os</l>
<l>mødte <anchor type="lemma" xml:id="koB12_2817"/>Karnaks skog af sokler</l>
<l>som en urtids kæmpeknokler.</l>
<l>
                                    <anchor type="lemma" xml:id="koB12_2818"/>Rhameseums kapitæler</l>
<l>lå som skaller af kameler.</l>
<l>Luxors hal med hundred søjler,</l>
<l>slavers arme lig i bøjler,</l>
<l>vidned stumt om stormens stund i</l>
<l>et <anchor type="lemma" xml:id="koB12_2819"/>«sic transit gloria mundi!»</l>
<l rend="indent">
                                    <HIS:hisRef type="tcNote" xml:id="noteT12_706" target="B1844-1871ht_noter.xml" corresp="noteT12_706">Dette billed</HIS:hisRef> har mig fulgt,</l>
<l>hvor jeg siden gik i landene;</l>
<l>og som <anchor type="lemma" xml:id="koB12_2820"/>ånden over vandene</l>
<l>aned jeg en mening dulgt.</l>
<l rend="indent">
                                    <anchor type="lemma" xml:id="koB12_2821"/>Thor i juleskreden tuder</l>
<l>forrest i det vilde lag;</l>
<l>Grækerfolkets faldne guder</l>
<l>lever jo den dag idag.</l>
<l>
                                    <anchor type="lemma" xml:id="koB12_2822"/>Zeus bor end på Kapitol,</l>
<l>hist som «tonans», her som «stator».</l>
<l>Men Egyptens livs-idol?</l>
<l>Hvor er Horus? Hvor er Hathor?</l>
<l>Intet mærke, intet minde;</l>
<l>ej en sagnstump er at finde.</l>
<l rend="indent">
                                    <pb n="[12]"/>Svaret ligger ganske nær.</l>
<l>Hvor <anchor type="lemma" xml:id="koB12_2822a"/>personligheden mangler,</l>
<l>hvor ej formen i sig bær</l>
<l>hadet, harmen, jublen, glæden,</l>
<l>pulsens slag og blodets skær,</l>
<l>der er hele herligheden</l>
<l>kun en benrads tørre rangler.</l>
<l rend="indent">Hvor er ikke <anchor type="lemma" xml:id="koB12_2823"/>Juno sand,</l>
<l>bleg og høj i vredens brand,</l>
<l>når hun gubben overrasker?</l>
<l>Hvor er ikke <anchor type="lemma" xml:id="koB12_2824"/>Mars en mand –</l>
<l>under garnets gyldne masker?</l>
<l rend="indent line">Men hvad var Egyptens guder?</l>
<l>Tal i rækker og i ruder.</l>
<l>Hvad var deres kald i livet?</l>
<l>Blot og bart at være til;</l>
<l>sidde malet, <anchor type="lemma" xml:id="koB12_2824a"/>strammet, stivet,</l>
<l>på en stol ved altrets ild,</l>
<l>En fik <anchor type="lemma" xml:id="koB12_2825"/>høgenæb at bære,</l>
<l>og en anden <anchor type="lemma" xml:id="koB12_2826"/>strudsefjære;</l>
<l>en var gud for dag og nat,</l>
<l>en for dit og en for dat; –</l>
<l>ingen fik det kald at leve,</l>
<l>ingen det at synde, famle,</l>
<l>og af synden sig at hæve.</l>
<l rend="indent">Derfor ligger nu det gamle</l>
<l>
                                    <pb n="[13]"/>fire tusend års <anchor type="lemma" xml:id="koB12_2827"/>Egypten</l>
<l>som et navnløst lig i krypten. –</l>
<l rend="indent line">Ser De vel, min kære frue, –</l>
<l>i <anchor type="lemma" xml:id="koB12_2828"/>belejrings-ringen spændt</l>
<l>lukker jeg min lune stue</l>
<l>for at leve indadvendt.</l>
<l rend="indent">Ude flyver fra mig trøsten,</l>
<l>som en flytfugl-flok om høsten;</l>
<l>men med øjet mod det indre</l>
<l>ser jeg håbets løvspring tindre.</l>
<l>På begravne karavaner</l>
<l>bygger jeg vor fremtids baner.</l>
<l rend="indent line">Lovfast er jo slægtens gang</l>
<l>ad en evig vindeltrappe;</l>
<l>kredsen blir den samme krappe,</l>
<l>vejen altid lige trang;</l>
<l>viljen blir den samme higende; –</l>
<l>punktet kun bestandig stigende.</l>
<l rend="indent line">Og så står vi nuomstunder</l>
<l>lodret over Faraonen.</l>
<l>Atter er <anchor type="lemma" xml:id="koB12_2829"/>kong Gud på tronen,</l>
<l>atter flyder bort personen</l>
<l>i et mylr, som kaver, stunder,</l>
<l>bryder, bygger, grubler, grunder</l>
<l>
                                    <pb n="[14]"/>rundt omkring og nedenunder.</l>
<l>Atter rejses pyramiden,</l>
<l>som produkt af hele tiden;</l>
<l>atter svulmer alle årer,</l>
<l>atter flyder blod og tårer</l>
<l>for at verden stort skal se</l>
<l>
                                    <anchor type="lemma" xml:id="koB12_2830"/>kongegudens Mausolé.</l>
<l rend="indent line">Det er samtids-karavanen</l>
<l>med sin Hathor, med sin Horus,</l>
<l>og, for alting, med sit <anchor type="lemma" xml:id="koB12_2831"/>chorus,</l>
<l>der i blinde <anchor type="lemma" xml:id="koB12_2832"/>svær til fanen.</l>
<l>Hvilke storværk bygges ej</l>
<l>langs den lige sejers-vej!</l>
<l>Hvilken magt i folkestormen!</l>
<l>Hvor egyptisk hver og en</l>
<l>fuger ind sin lille sten</l>
<l>på dens plads i helheds-formen!</l>
<l>Hvor uklandrelig er tegningen,</l>
<l>og hvor sikker er beregningen!</l>
<l rend="indent line">Ja, i sandhed, det er stort; –</l>
<l>stort, så verden står og gaber.</l>
<l>og dog dirrer der <anchor type="lemma" xml:id="koB12_2833"/>et «aber»</l>
<l>midt i gabets åbne port.</l>
<l>Tvivlen kommer lindt til orde:</l>
<l>Er det rigtig stort, det store?</l>
<l rend="indent">
                                    <pb n="[15]"/>Ja, hvad gør vel stort et værk?</l>
<l>Ikke værkets store følger, –</l>
<l>men personen, klar og stærk,</l>
<l>som i værkets ånd sig dølger.</l>
<l rend="indent line">Godt! Men nu <anchor type="lemma" xml:id="koB12_2835"/>Germanner-skaren</l>
<l>på sin stormgang mod Paris?</l>
<l>Hvem står hel og klar i faren;</l>
<l>hvem bær enligt sejrens pris?</l>
<l>Når slog ud i glans personen,</l>
<l>så at millioners munde</l>
<l>bar ham hjemmet rundt i sang?</l>
<l>
                                    <anchor type="lemma" xml:id="koB12_2836"/>
                                    <HIS:hisRef type="tcNote" xml:id="noteT12_707" target="B1844-1871ht_noter.xml" corresp="noteT12_707">Regimentet</HIS:hisRef>, <anchor type="lemma" xml:id="koB12_2837"/>eskadronen,</l>
<l>
                                    <anchor type="lemma" xml:id="koB12_2838"/>staben, – anonymt spionen –</l>
<l>koblets slupne flok af hunde</l>
<l>sporer vildtet på dets gang.</l>
<l rend="indent line">Derfor ved jeg, glorien svigter.</l>
<l>Denne jagt får ingen digter;</l>
<l>og kun <emph>det</emph> kan evigt leve,</l>
<l>som en digters sang kan hæve.</l>
<l>Tænk på <anchor type="lemma" xml:id="koB12_2839"/>Gustaf Adolf bare,</l>
<l>forrest i sin svenske skare;</l>
<l>husk <anchor type="lemma" xml:id="koB12_2840"/>den fangne mand i Bender, –</l>
<l>
                                    <anchor type="lemma" xml:id="koB12_2841"/>Peder Wessel på <anchor type="lemma" xml:id="koB12_2842"/>fregatten,</l>
<l>
                                    <anchor type="lemma" xml:id="koB12_2843"/>som et lyn i mørke natten;</l>
<l>tænk på <anchor type="lemma" xml:id="koB12_2844"/>Dybbøls sejge helte; –</l>
<l>
                                    <pb n="[16]"/>over dem sig mindet spænder,</l>
<l>som et kor, der høres vælte</l>
<l>sine tonebølgers belte,</l>
<l>under klap af tusend hænder,</l>
<l>fra en vårfests smykte telte.</l>
<l rend="indent line">Og så tænk Dem dagens mænd, –</l>
<l>disse <anchor type="lemma" xml:id="koB12_2845"/>Fritzer, Blumenthaler,</l>
<l>og de andre generaler</l>
<l>nummer den og nummer den!</l>
<l rend="indent">Under <anchor type="lemma" xml:id="koB12_2846"/>Preussens dødning-farver,</l>
<l>sorgens sorte-hvide klud,</l>
<l>bryder dådens lodne larver</l>
<l>ej, som sangens <anchor type="lemma" xml:id="koB12_2847"/>fjæril, ud.</l>
<l>De kan sagtens silke spinde</l>
<l>til en tid, men dør derinde.</l>
<l>Just i sejren bor forliset;</l>
<l>Preusens sværd blir Preuser-riset.</l>
<l>Aldrig svulmer der en løftning</l>
<l>af et regnestykkes drøftning.</l>
<l>Intet dåds-digt lar sig tolke</l>
<l>fra den stund af, da en folke-</l>
<l>rejsning, skønhedsfyldt og fri,</l>
<l>blev et stål-maskineri,</l>
<l>spækket ud med sværd og dolke, –</l>
<l>fra den stund, da herr <anchor type="lemma" xml:id="koB12_2848"/>von Moltke</l>
<l>myrded kampens poesi.</l>
<l rend="indent">
                                    <pb n="[17]"/>Så <anchor type="lemma" xml:id="koB12_2849"/>dæmonisk er den magt,</l>
<l>som fik verdens gang at råde:</l>
<l>
                                    <anchor type="lemma" xml:id="koB12_2849a"/>sfinxen på sin visdoms vagt</l>
<l>dødes af sin egen gåde.</l>
<l rend="indent line">
                                    <anchor type="lemma" xml:id="koB12_2850"/>Ziffer-sejren får sin dom.</l>
<l>Øjeblikkets blæst slår om;</l>
<l>lig en storm på ørken-sletten</l>
<l>vil den fælde afguds-ætten;</l>
<l>Bismark og de andre gubber</l>
<l>vil, som Memnons søjle-stubber,</l>
<l>sidde <anchor type="lemma" xml:id="koB12_2850a"/>sprød på saga-stolen</l>
<l>
                                    <anchor type="lemma" xml:id="koB12_2850b"/>uden sang mod morgensolen. – –</l>
<l rend="indent line">Men som vi, Khedivens gæster,</l>
<l>efter færden blandt de døde,</l>
<l>under lys og klang af fester</l>
<l>drog en nyfødt tid imøde, –</l>
<l>ja, som vi, med flag på stang,</l>
<l>under verdens-korets sang</l>
<l>fejred hist kanalens åbning,</l>
<l>og som vi fra Suez’ strand</l>
<l>fik et glimt af <anchor type="lemma" xml:id="koB12_2851"/>løftets land, –</l>
<l>så vil åndens livs-forhåbning,</l>
<l>ad det vordendes kanaler,</l>
<l>i et verdens festtogs-møde,</l>
<l>
                                    <pb n="[18]"/>under <anchor type="lemma" xml:id="koB12_2852"/>hymner og <anchor type="lemma" xml:id="koB12_2853"/>choraler,</l>
<l>under skønheds-lampers brand,</l>
<l>styre frem til morgenrøde</l>
<l>på sejlads mod løftets land.</l>
<l rend="indent line">Thi mod skønhed hungrer tiden.</l>
<l>Men det ved ej Bismarks viden.</l>
<l rend="indent line">Skal vi med til festen, frue?</l>
<l>Ja, hvem ved når budets due</l>
<l>bringer kortet. Vi får se.</l>
<l>Indtil da jeg i min stue</l>
<l>går med <anchor type="lemma" xml:id="koB12_2854"/>handsker af glacé;</l>
<l>indtil da jeg søger fredning,</l>
<l>digter fornemt på <anchor type="lemma" xml:id="koB12_2855"/>velin; –</l>
<l>det vil ærgre slægt og slæng, –</l>
<l>jeg blir sagtens skældt for hedning;</l>
<l>men jeg har en skræk for sværmen,</l>
<l>vil ej stænkes til af bærmen,</l>
<l>vil forvente tidens nærmen</l>
<l>i <anchor type="lemma" xml:id="koB12_2856"/>en pletfri bryllupsklædning.</l>
<l rend="indent line">Og med disse ord, farvel!</l>
<l>Flyv, ballon! På farten held!</l>
<l>Luften er en digters rige; –</l>
<l>styr mod nord, og sænk dig lige</l>
<l>ned på <anchor type="lemma" xml:id="koB12_2857"/>Mælarstadens strande; –</l>
<l>
                                    <pb n="[19]"/>
                                    <anchor type="lemma" xml:id="koB12_2858"/>
                                    <emph>der</emph> er fuldt så nemt at lande,</l>
<l>som på Telemarkens fjeld!</l>
<l rend="indent line">
                                    <anchor type="lemma" xml:id="koB12_2859"/>Alfen i gondolen spanker.</l>
<l>Gid nu snart mig bud blir bragt,</l>
<l>at han med sin lette fragt –</l>
<l>lette vers og lette tanker –</l>
<l>har på <anchor type="lemma" xml:id="koB12_2860"/>Norrmalm kastet anker!</l>
                            </lg>
</div>
<signed>Henrik Ibsen.</signed>
</div>
</body>
</text>