<?xml version="1.0" encoding="UTF-8"?><text xmlns="http://www.tei-c.org/ns/1.0" xmlns:HIS="http://www.example.org/ns/HIS" rend="letter" corresp="Budat18600926JCG" xml:lang="da-no">
<front>
<pb n="[a]"/>
<HIS:envelope type="sheet">
<address>
<addrLine>ST.</addrLine>
<addrLine>Hr. Overretssagfører Gamborg.</addrLine>
                        </address>
</HIS:envelope>
</front>
<body>
<div type="letter">
<p>
                            <pb n="[1]"/>Følgende Stykker <anchor type="lemma" xml:id="koB12_666"/>bedes forskrevne fra <HIS:hisRef type="place" target="Navneregister_HISe.xml#plKbh">Kjøbenhavn</HIS:hisRef> (<emph>endnu idag</emph> hvis det paa nogen Maade er muligt)</p>
 <list type="numbered">
<item n="1">
                                <anchor type="lemma" xml:id="koB12_667"/>«Et Ægteskab under <HIS:hisRef type="tcNote" xml:id="noteT12_181" target="B1844-1871ht_noter.xml" corresp="noteT12_181">Richelieu.»</HIS:hisRef>
                            </item>
<item n="2">
                                <anchor type="lemma" xml:id="koB12_668"/>«Bajads.»</item>
<item n="3">
                                <anchor type="lemma" xml:id="koB12_669"/>«Et farligt Brev.»</item>
<item n="4">
                                <anchor type="lemma" xml:id="koB12_670"/>«Stegekjælderen»</item>
<item n="5">
                                <anchor type="lemma" xml:id="koB12_671"/>«Han drikker.»</item>
</list>
<p>Stykkerne maa forlanges <HIS:hisRef type="tcNote" xml:id="noteT12_182" target="B1844-1871ht_noter.xml" corresp="noteT12_182">udskrevne</HIS:hisRef> til Gjennemsyn mod Afskriverhonorar med Forpligtelse til ogsaa at betale Forfatter<unclear reason="smudge">-</unclear> eller <HIS:hisRef type="tcNote" xml:id="noteT12_183" target="B1844-1871ht_noter.xml" corresp="noteT12_183">Oversætterhonorar</HIS:hisRef> forsaavidt de blive opførte.</p>
<salute>venskabeligst</salute>
<signed>Henr: Ibsen</signed>
</div>
<div type="postscript">
<p>NB. Anmod endelig <HIS:hisRef type="person" target="Navneregister_HISe.xml#peJLC">Cronborg</HIS:hisRef> om at gjøre al mulig Fortgang.</p>
</div>
</body>
</text>