<?xml version="1.0" encoding="UTF-8"?><text xmlns="http://www.tei-c.org/ns/1.0" xmlns:HIS="http://www.example.org/ns/HIS" rend="letter" corresp="B18540406NN" xml:lang="da-no">
<body>
<div type="letter">
<p>Den ærede Indsender i Adresse-Avisen No. 38 har i Nummeret for 4<hi rend="raised">de</hi> April affordret mig en fornyet Udtalelse over <anchor type="lemma" xml:id="koB12_250"/>Abonnenternes Rettigheder med Hensyn til Benyttelsen af deres Billetter, hvilket Forlangende det herved er mig en Fornøielse at efterkomme.</p>
<p>Som jeg allerede i mit Forrige har bemærket, erholder enhver Abonnent paa engang 6 enslydende Billetter uden derved at sikkres nogen bestemt Plads i Theatret eller forpligtes til at benytte hver enkelt Billet til en bestemt Forestilling i Rækkefølgen, og som en Følge heraf skal jeg tillade mig at gjentage, hvad jeg allerede forrige Gang under en anden Form havde den Ære at antyde: Theatret vil <emph>ikke</emph> for sit Vedkommende anse sig <anchor type="lemma" xml:id="koB12_251"/>forurettet ved at en Abonnent paa samme Forestillingsaften benytter flere end en af de modtagne 6 Abonnementsbilletter.</p>
<signed>Henr. Ibsen.</signed>
</div>
</body>
</text>