<?xml version="1.0" encoding="UTF-8"?><text xmlns="http://www.tei-c.org/ns/1.0" xmlns:HIS="http://www.example.org/ns/HIS" rend="letter" corresp="B18721014EGo" xml:lang="da-no">
<body>
<div type="letter">
<dateline>
                            <pb n="[1]"/>Dresden den <date>14<hi rend="raised">de</hi> Oktober 1872</date>. –</dateline>
<salute>Herr Edmund W. Gosse!</salute>
<p>Endelig er jeg, efter min udflugt til <HIS:hisRef type="place" target="Navneregister_HISe.xml#plTy">Tyrol</HIS:hisRef> i sommer, kommen nogenlunde til ro i min nye bolig her i <HIS:hisRef type="place" target="Navneregister_HISe.xml#plDre">Dresden</HIS:hisRef>, og tør således ikke længere opsætte, hvad der altid er mig en kær pligt, nemlig at tilskrive Dem og på det varmeste og oprigtigste takke Dem for de fornyede beviser på Deres velvilje, som jeg i de sidste måneder til forskellige tider har modtaget.</p>
<p>Allerede i <HIS:hisRef type="place" target="Navneregister_HISe.xml#plBerGad">Berchtesgaden</HIS:hisRef> havde jeg den glæde at erholde <anchor type="lemma" xml:id="koB13_627"/>Deres venlige brev af 1<hi rend="raised">ste</hi> August tilligemed den vedlagte <anchor type="lemma" xml:id="koB13_628"/>recension over <HIS:hisRef type="work" target="Navneregister_HISe.xml#woPG">«Peer Gynt»</HIS:hisRef> i «The Spectator». En bedre, klarere, og velvilligere fortolkning af mit digt kunde jeg aldrig ønske mig. Jeg vilde kun ønske at den ros, De tildeler mit arbejde, var tilfulde fortjent; de <anchor type="lemma" xml:id="koB13_629"/>indvendinger, som De fremfører, er vistnok begrundede; jeg kan selv tildels se manglerne nu, da jeg ved den lange mellemliggende tid er kommen således bort fra bogen, at jeg <pb n="[2]"/>formår at se tilbage på den, som på en fremmed mands arbejde.</p>
<p>Ikke mindre taknemmelig er jeg Dem for det senere modtagne <anchor type="lemma" xml:id="koB13_630"/>nummer af «The Academy» med den deri indeholdte anmeldelse af <HIS:hisRef type="work" target="Navneregister_HISe.xml#woKE">«Kongs-emnerne»</HIS:hisRef>. Hvad jeg ovenfor tillod mig at udtale om recensionen over «Peer Gynt», gælder også i fuldeste mål om denne sidste. En liden literaturhistorisk berigtigelse vil jeg dog ikke tilbageholde: <HIS:hisRef type="person" target="Navneregister_HISe.xml#peAnM">A: Munchs</HIS:hisRef> drama <anchor type="lemma" xml:id="koB13_631"/>«Hertug Skule» udkom ikke samtidigt med «Kongs-emnerne»; det udkom lidt senere. <anchor type="lemma" xml:id="koB13_632"/>«Kongs-emnerne» blev ligeledes fra først af, såvel på scenen, som i den offentlige og almindelige kritik, ubetinget foretrukket for «Hertug Skule». Dette er imidlertid noget ganske uvæsentligt.</p>
<p>Endelig havde jeg for nogle dage siden den glæde at modtage Deres fortræffelige <anchor type="lemma" xml:id="koB13_633"/>afhandling over den norske poesi i «Fraser’s Magazine». Ligesom jeg personlig har den største grund til at være Dem erkendtlig for de to første artikler, således har De ved dette sidste større arbejde sat hele det norske folk i taknemmeligheds-gæld til Dem. Jeg er også viss på at <anchor type="lemma" xml:id="koB13_634"/>den skandinaviske presse vil påskønne og fremhæve dette, hvis det ikke allerede er sket.</p>
<p>Det var mig meget kært af Deres brev <pb n="[3]"/>at erfare at De har fundet Dem tilfreds med <anchor type="lemma" xml:id="koB13_635"/>opholdet i <HIS:hisRef type="place" target="Navneregister_HISe.xml#plKbh">København</HIS:hisRef>, og vil kun ønske at det samme må have været tilfældet under Deres <anchor type="lemma" xml:id="koB13_636"/>besøg i <HIS:hisRef type="place" target="Navneregister_HISe.xml#plKri">Kristiania</HIS:hisRef>, uagtet tidspunktet vistnok ikke var det heldigste for så vidt som byen i den bedste sommertid er forladt <HIS:hisRef type="tcNote" xml:id="noteT13_96" target="B1871-1879ht_noter.xml" corresp="noteT13_96">af</HIS:hisRef> en hel del personer, hvis bekendtskab det måske kunde have interesseret Dem at gøre. Vor fælles ven, <HIS:hisRef type="person" target="Navneregister_HISe.xml#peJLo">overlærer <HIS:hisRef type="tcNote" xml:id="noteT13_97" target="B1871-1879ht_noter.xml" corresp="noteT13_97">
                                    <anchor type="lemma" xml:id="koB13_637"/>Løkke</HIS:hisRef>
                            </HIS:hisRef> håber jeg imidlertid at De har truffet. For min egen skyld beklager jeg meget at <anchor type="lemma" xml:id="koB13_638"/>omstændighederne forbød mig isommer at besøge hjemmet og således betog mig den meget ønskede anledning til at gøre Deres personlige bekendtskab.</p>
<p>Jeg arbejder daglig på <HIS:hisRef type="work" target="Navneregister_HISe.xml#woKG">
                                <anchor type="lemma" xml:id="koB13_639"/>«Julianus Apostata»</HIS:hisRef>, og håber at kunne have det hele færdigt ved dette års udgang. Såsnart bogen er trykt, skal jeg tillade mig at sende Dem den, og vil blot ønske at den må vinde Deres bifald. Det er en del af mit eget åndelige liv, som jeg nedlægger i denne bog; hvad jeg skildrer, har jeg, under andre former, selv gennemlevet, og det valgte historiske thema har også <anchor type="lemma" xml:id="koB13_640"/>en nærmere sammenhæng med vor egen tids bevægelser, end man på forhånd skulde tro. Dette anser jeg også som en uafviselig fordring til enhver moderne behandling af et så fjernt liggende stof, <pb n="[4]"/>hvis det, som digt betragtet, skal kunne vække interesse.</p>
<p>Hermed må jeg for denne gang slutte idet jeg gentager forsikringen om den hjertelige og oprigtige taknemmelighed, hvormed jeg altid forbliver</p>
<salute>Deres hengivne</salute>
<signed>Henrik Ibsen</signed>
</div>
<div type="postscript">
<p>Jeg glemte ovenfor at fremhæve og udtale min tak for Deres, som det forekommer mig, mesterlige <anchor type="lemma" xml:id="koB13_641"/>oversættelse af det lille digt i <HIS:hisRef type="work" target="Navneregister_HISe.xml#woBr">«Brand»</HIS:hisRef>! –</p>
</div>
</body>
</text>