<?xml version="1.0" encoding="UTF-8"?><text xmlns="http://www.tei-c.org/ns/1.0" xmlns:HIS="http://www.example.org/ns/HIS" rend="letter" corresp="B18740115EGo" xml:lang="da-no">
<body>
<div type="letter">
<dateline>
                            <pb n="[1]"/>Dresden den <date>15<hi rend="raised">de</hi> Januar 1874</date>. –</dateline>
<salute>Kære herr Gosse!</salute>
<p>De synes visst at det er meget utaknemmeligt af mig så lang en tid at forblive i taushed efter den skønne <anchor type="lemma" xml:id="koB13_1331"/>gave, som De sendte mig i slutningen af forrige år. Men jeg beder Dem være forsikret om at De hver dag i mellemtiden har været i mine tanker. Grunden til at jeg ikke før har skrevet er den at jeg først vilde have læst Deres bog igennem, og ikke blot gennemlæst den, men studeret den og tilegnet mig dens indhold og ånd så inderligt som muligt. Dette har krævet tid; thi jeg er kun højst mangelfuldt hjemme i <anchor type="lemma" xml:id="koB13_1332"/>det engelske sprog, hvilket jeg har lært mig selv uden fremmed hjælp.</p>
<p>Tillad mig da nu at ønske Dem til lykke med Deres bog, der sikkerlig <HIS:hisRef type="tcNote" xml:id="noteT13_206" target="B1871-1879ht_noter.xml" corresp="noteT13_206">vil</HIS:hisRef> skaffe Dem en hædersplads blandt <pb n="[2]"/>
                            <HIS:hisRef type="tcNote" xml:id="noteT13_207" target="B1871-1879ht_noter.xml" corresp="noteT13_207">vor</HIS:hisRef> tids lyriske digtere; thi den finhed og skønhed, hvoraf disse digte er gennemåndet, ved jeg kun at finde sidestykke til hos yderst få af de nulevende digtere; og navnlig tror jeg at disse fortrin vil påskønnes af den engelske nation, hvis ejendommelige praktiske dygtighed på <HIS:hisRef type="tcNote" xml:id="noteT13_208" target="B1871-1879ht_noter.xml" corresp="noteT13_208">en</HIS:hisRef> så forunderlig måde er forbunden med et rent og ædelt følelsesliv og en nobelhed i stemningen, der gør hele deres nation til en nation af aristokrater – i ordets bedste betydning.</p>
<p>Og lad mig dernæst af hjertet takke Dem for den venlige og for mig smigrende opmærksomhed, som De har vist mig ved i Deres <HIS:hisRef type="tcNote" xml:id="noteT13_209" target="B1871-1879ht_noter.xml" corresp="noteT13_209">digtsamling</HIS:hisRef> at sende mig <anchor type="lemma" xml:id="koB13_1333"/>en særlig hilsen. Gid jeg snart kunde få anledning til personlig at takke Dem herfor og varmere og bedre, end det kan ske gennem disse linjer.</p>
<p>For <anchor type="lemma" xml:id="koB13_1334"/>Deres velvillige anmeldelse af <HIS:hisRef type="work" target="Navneregister_HISe.xml#woKG">mit nye drama</HIS:hisRef> er jeg Dem særdeles forbunden. Der er kun et punkt deri, som jeg med et par ord vil omtale. De mener at mit skuespil <anchor type="lemma" xml:id="koB13_1335"/>burde være skrevet på vers og at det vilde have vundet derved. Heri må jeg <pb n="[3]"/>modsige Dem; thi stykket er, som De vil have bemærket, anlagt i den mest realistiske form; den illusion, jeg vilde frembringe, var virkelighedens; jeg vilde på læseren frembringe det indtryk at det, han læste, var noget virkelig passeret. Skulde jeg have brugt verset, så havde jeg derved modarbejdet min egen hensigt og den opgave jeg havde stillet mig. De mange hverdagslige og ubetydelige karakterer, som jeg med forsæt har lagt ind i stykket, vilde være blevne udviskede og indblandede i hverandre, dersom jeg havde ladet dem tale alle sammen i en rythmisk takt. Vi lever ikke længere i <HIS:hisRef type="person" target="Navneregister_HISe.xml#peWiS">Shakespeares</HIS:hisRef> tid, og mellem billedhuggerne begynder man allerede at <anchor type="lemma" xml:id="koB13_1336"/>tale om at bemale statuerne med naturlige farver. Om den sag kan der siges meget både pro og contra. Jeg vil ikke have <anchor type="lemma" xml:id="koB13_1337"/>Venus fra Milos bemalet, men jeg vil heller se et <anchor type="lemma" xml:id="koB13_1338"/>negerhoved udført i sort end i hvid marmor. I det hele taget må den sproglige form rette sig efter den grad af idealitet, som er udbredt over fremstillingen. Mit nye skuespil er ingen <anchor type="lemma" xml:id="koB13_1339"/>tragedie i den ældre tids betydning; hvad jeg har villet skildre er mennesker <pb n="[4]"/>og just derfor har jeg ikke villet lade dem tale <anchor type="lemma" xml:id="koB13_1340"/>«gudernes tungemål».</p>
<p>Jeg havde i grunden uendelig meget mere at sige Dem både om denne og andre materier, men jeg håber altid på en lejlighed til personlig at få udtale mig for Dem, jeg vil derfor idag afbryde idet jeg gentagende sender Dem min hjerteligste tak og hilsen og tegner mig</p>
<salute>Deres hengivne og forbundne</salute>
<signed>Henrik Ibsen.</signed>
</div>
</body>
</text>