<?xml version="1.0" encoding="UTF-8"?><text xmlns="http://www.tei-c.org/ns/1.0" xmlns:HIS="http://www.example.org/ns/HIS" rend="letter" corresp="B18440520PL" xml:lang="da-no">
<front>
<pb n="[a]"/>
<HIS:envelope type="sheet">
<address>
<addrLine>Herr <HIS:hisRef type="tcNote" xml:id="noteT12_1" target="B1844-1871ht_noter.xml" corresp="noteT12_1">
                                    <anchor type="lemma" xml:id="koB12_10"/>Handelsbetjent</HIS:hisRef> P Lieungh</addrLine>
<addrLine>Skien</addrLine>
</address>
<stamp>frco</stamp>
</HIS:envelope>
</front>
<body>
<div type="letter">
<dateline>
                            <pb n="[1]"/>Grimstad den <date>20 Mai 1844</date>.</dateline>
<salute>Kjære Poul</salute>
<p>Du maa virkelig undskylde, at jeg først nu besvarer Dit Brev, men her har været saameget at bestille i denne Tid, at det har været mig umuligt før, og af Mangel paa Tid kan jeg heller ikke idag skrive noget langt Brev. – <HIS:hisRef type="person" target="Navneregister_HISe.xml#peHeL">
                                <anchor type="lemma" xml:id="koB12_1"/>Hedevall</HIS:hisRef> er vel allerede reist, og han vil vist blive fornøiet, idetmindste er jeg meget vel tilfreds og <HIS:hisRef type="tcNote" xml:id="noteT12_2" target="B1844-1871ht_noter.xml" corresp="noteT12_2">har</HIS:hisRef> aldrig angret at jeg er kommen hid, da <HIS:hisRef type="person" target="Navneregister_HISe.xml#peJAR">Reimann</HIS:hisRef> er meget god imod mig, og gjør alt muligt, for at opvække Lyst hos mig til Apotheket, da denne <HIS:hisRef type="tcNote" xml:id="noteT12_3" target="B1844-1871ht_noter.xml" corresp="noteT12_3">i Begyndelsen</HIS:hisRef> <HIS:hisRef type="tcNote" xml:id="noteT12_4" target="B1844-1871ht_noter.xml" corresp="noteT12_4">ikke</HIS:hisRef> var synderlig stor. <HIS:hisRef type="person" target="Navneregister_HISe.xml#peFLR">Hans Kone</HIS:hisRef> derimod gjør jeg <anchor type="lemma" xml:id="koB12_2"/>langtfra ikke saameget af, og vi ere ofte Uvenner, da det er umuligt at <anchor type="lemma" xml:id="koB12_3"/>gjøre hende Noget tilpas. <anchor type="lemma" xml:id="koB12_4"/>Reimann er ogsaa Postmester, og Du kan derfor gjerne <HIS:hisRef type="tcNote" xml:id="noteT12_5" target="B1844-1871ht_noter.xml" corresp="noteT12_5">lade</HIS:hisRef> min Broder, <HIS:hisRef type="person" target="Navneregister_HISe.xml#peJAAI">Johan</HIS:hisRef>, lægge Dine Breve ind i dem han skriver, da Du paa den Maade undgaaer at betale Noget for dem. Du kan tro at <HIS:hisRef type="place" target="Navneregister_HISe.xml#plGri">Grimstad</HIS:hisRef>, og især Omegnen er ganske vakker; og Damerne, endskjøndt ikke saa <anchor type="lemma" xml:id="koB12_5"/>galante, som <HIS:hisRef type="place" target="Navneregister_HISe.xml#plSki">Skiens</HIS:hisRef>, ere ogsaa ganske <anchor type="lemma" xml:id="koB12_6"/>antagelige, og Du kan være overbeviist om, at jeg gjør alt <HIS:hisRef type="tcNote" xml:id="noteT12_6" target="B1844-1871ht_noter.xml" corresp="noteT12_6">for at erhverve</HIS:hisRef> mig <HIS:hisRef type="tcNote" xml:id="noteT12_7" target="B1844-1871ht_noter.xml" corresp="noteT12_7">deres</HIS:hisRef> Naade, som ogsaa er temmelig let at erholde. Da Dampskibet <HIS:hisRef type="tcNote" xml:id="noteT12_8" target="B1844-1871ht_noter.xml" corresp="noteT12_8">passerer</HIS:hisRef> Grimstad to <HIS:hisRef type="tcNote" xml:id="noteT12_9" target="B1844-1871ht_noter.xml" corresp="noteT12_9">Gange</HIS:hisRef> ugentlig, haaber jeg, at gjøre en Tour med det til Skien, dersom ellers ingen Hindringer kommer iveien, som jeg dog ikke skulle formode. Jeg har adskillige Spørgsmaale at gjøre Dig, som du maa besvare med <HIS:hisRef type="tcNote" xml:id="noteT12_10" target="B1844-1871ht_noter.xml" corresp="noteT12_10">næste</HIS:hisRef> Post: Først og fremst maa <HIS:hisRef type="tcNote" xml:id="noteT12_11" target="B1844-1871ht_noter.xml" corresp="noteT12_11">Du</HIS:hisRef> sige mig hvorledes <HIS:hisRef type="person" target="Navneregister_HISe.xml#peJJos">
                                <anchor type="lemma" xml:id="koB12_7"/>J: J:</HIS:hisRef> optog Efterretningen om <anchor type="lemma" xml:id="koB12_8"/>hendes Kjærestes Død, og lad mig tillige <HIS:hisRef type="tcNote" xml:id="noteT12_12" target="B1844-1871ht_noter.xml" corresp="noteT12_12">vide</HIS:hisRef>, hvem den Lykkelige er, som har indtaget hans Plads; thi jeg kjender hende for godt til at antage at hun endnu sørger for ham. <pb n="[2]"/>Dernest maa Du sige mig om <HIS:hisRef type="person" target="Navneregister_HISe.xml#peCSAa">Carl Aamodt</HIS:hisRef> endnu øver sig i Poesien og hvis <HIS:hisRef type="tcNote" xml:id="noteT12_13" target="B1844-1871ht_noter.xml" corresp="noteT12_13">dette</HIS:hisRef> er Tilfældet maa <HIS:hisRef type="tcNote" xml:id="noteT12_14" target="B1844-1871ht_noter.xml" corresp="noteT12_14">Du</HIS:hisRef> endelig bede ham ikke at forglemme, at sende mig et lille Digt, for at jeg kan see om han har gjordt nogen Fremgang. – Uagtet jeg nok kunde have mere at skrive om, maa jeg dog afbryde af Mangel paa Tid, men Du kan være overbeviist om, næste Gang at faa et længere Brev. – Vær saa god at sende Bogen <anchor type="lemma" xml:id="koB12_9"/>«Wilhelm Tell» som Hedevall har laant, optill os, da den ikke tilhører mig selv. – Lev vel og hils alle gode Venner fra Din hengivne</p>
<signed>Henrik J. Ibsen</signed>
</div>
<div type="postscript">
<p>Lad endelig ikke Nogen see dette da det er skrevet i største Hast.</p>
</div>
</body>
</text>