<?xml version="1.0" encoding="UTF-8"?><text xmlns="http://www.tei-c.org/ns/1.0" xmlns:HIS="http://www.example.org/ns/HIS" rend="letter" corresp="B18591210HOB" xml:lang="da-no">
<body>
<div type="letter" subtype="poem">
<head type="letter">
                            <anchor type="lemma" xml:id="koB12_486"/>Sendebrev til H. Ø. Blom.</head>
<lg>
<lg>
<lg>
<l>
                                        <anchor type="lemma" xml:id="koB12_487"/>Da det tilagters gik for Nordens Guder,</l>
<l>Da <anchor type="lemma" xml:id="koB12_488"/>Balder fældet var og Odin sad</l>
<l>Som sløvet Bedstefaer paa <anchor type="lemma" xml:id="koB12_489"/>Lidskjalfs Puder</l>
<l>Iblandt de blundende <anchor type="lemma" xml:id="koB12_490"/>Einheriers Rad,</l>
<l>Mens selve <anchor type="lemma" xml:id="koB12_491"/>Thor laer staa det fyldte Fad,</l>
<l>Og <anchor type="lemma" xml:id="koB12_492"/>Brage døsig over Harpen luder:</l>
                                </lg>
<lg>
<l>Da spaaede <anchor type="lemma" xml:id="koB12_494"/>Vala: «Snart staar Verden tom».</l>
<l>
                                        <anchor type="lemma" xml:id="koB12_493"/>Nu reiser Wiehe, – nu spaar H. Ø. Blom.</l>
                                </lg>
                            </lg>
<lg>
<lg>
<l>Du er den Vala, som profetisk lyner,</l>
<l>Imens for Folket du poetisk spaar,</l>
<l>Du melder <anchor type="lemma" xml:id="koB12_495"/>metrisk om de sikkre Syner,</l>
<l>Som foran <anchor type="lemma" xml:id="koB12_496"/>Raaheds-Sildestimen gaar,</l>
<l>Af <anchor type="lemma" xml:id="koB12_497"/>Svartalfflokken, som ved Grænsen staar,</l>
<l>Du skimter alt et Glimt af <anchor type="lemma" xml:id="koB12_498"/>Horn og Tryner;</l>
                                </lg>
<lg>
<l>Men hvad Du saa, <anchor type="lemma" xml:id="koB12_499"/>paa Vingehesten flyvende,</l>
<l>Staar trykt i Morgenbladet for den 7<hi rend="raised">de</hi>.</l>
                                </lg>
                            </lg>
<lg>
<lg>
<l>Du ræddes for et <anchor type="lemma" xml:id="koB12_500"/>Ragnarok, som alt</l>
<l>Staar med <anchor type="lemma" xml:id="koB12_501"/>«barbaries» for Døren truende;</l>
<l>Forsaavidt klæber <anchor type="lemma" xml:id="koB12_502"/>Tankehalen luende</l>
<l>Til Digtkometens <anchor type="lemma" xml:id="koB12_503"/>Korpus tyndt og skralt,</l>
<l>Men, tro mig, alle <anchor type="lemma" xml:id="koB12_504"/>Muser finder gruende</l>
<l>Dit <anchor type="lemma" xml:id="koB12_505"/>Billed-Figenblad for kort og smalt,</l>
                                </lg>
<lg>
<l>Hold derfor op, som Skald, vor Kunst at <anchor type="lemma" xml:id="koB12_506"/>kværke,</l>
<l>Gjør Prosa; – Verset <anchor type="lemma" xml:id="koB12_507"/>kommer Dig paatværke.</l>
                                </lg>
                            </lg>
<lg>
<lg>
<l>Husk, <anchor type="lemma" xml:id="koB12_508"/>af Din Gjerning kjendes skal Din Tro,</l>
<l>Lad derfor ei paa <anchor type="lemma" xml:id="koB12_509"/>Glatiis ud Dig narre,</l>
<l>Du tror Dig selv en Smagens Ridder jo,</l>
<l>Og dog Du vil vor gamle Moder <anchor type="lemma" xml:id="koB12_510"/>«parre»</l>
<l>Med en af Kobbelet for <anchor type="lemma" xml:id="koB12_511"/>Thesbis Karre, –</l>
<l>Ja, Gud forlade Dig, med Beggeto!</l>
                                </lg>
<lg>
<l>Den <anchor type="lemma" xml:id="koB12_512"/>Kjøtertanke er i Kjernen raadden,</l>
<l>Den Tankekjøter er paa Vers for <anchor type="lemma" xml:id="koB12_513"/>lodden!</l>
                                </lg>
                            </lg>
<lg>
<lg>
<l>Du digter om <anchor type="lemma" xml:id="koB12_514"/>et Rollefags Doublering,</l>
<l>Mens Folket kræver Krigskvad til sin Kamp,</l>
<l>Du fantaserer over <anchor type="lemma" xml:id="koB12_515"/>Remplacering,</l>
<l>Dit Øie blænder <anchor type="lemma" xml:id="koB12_516"/>Thevandsbordets Damp, –</l>
<l>Du har en <anchor type="lemma" xml:id="koB12_517"/>Hippogrif med god Dressering,</l>
<l>Men leier <anchor type="lemma" xml:id="koB12_518"/>Læredigtets Vognmandsgamp;</l>
                                </lg>
<lg>
<l>Høit foran staar <anchor type="lemma" xml:id="koB12_519"/>en Borg med Tind og Takke, –</l>
<l>Du vælger Farten baglænds nedad Bakke.</l>
                                </lg>
                            </lg>
<lg>
<lg>
<l>De tog engang fra Pyramidens Indre</l>
<l>Et balsameret Lig i Dagen ud,</l>
<l>Det laa saa stolt i sit forstente Skrud,</l>
<l>Det havde glemt hvor vakkert Sol kan tindre;</l>
<l>Hvad Nyt det saa, det agted tifold mindre</l>
<l>End <anchor type="lemma" xml:id="koB12_520"/>sjunkne Oldtids <anchor type="lemma" xml:id="koB12_521"/>bankerotte Gud;</l>
                                </lg>
<lg>
<l>
                                        <anchor type="lemma" xml:id="koB12_522"/>«Et bittert Smil» om Mumiens Mund <anchor type="lemma" xml:id="koB12_523"/>mon spille,</l>
<l>Med Spot mod Tiden – for den ei stod stille.</l>
                                </lg>
                            </lg>
<lg>
<lg>
<l>Paa samme Sæt Du aabned denne Dyst;</l>
<l>Med Magt Du Tiden vil i Slummer tvinge,</l>
<l>Du harmes ved at høre Livet klinge,</l>
<l>Du længes ned igjen i Gruben tyst;</l>
<l>Dog var der engang <anchor type="lemma" xml:id="koB12_524"/>Sangbund i dit Bryst,</l>
<l>Derinde mangen Tankealf fik Vinge,</l>
                                </lg>
<lg>
<l>Fløi ud, blev <anchor type="lemma" xml:id="koB12_525"/>Landnamsmand, formerte Ætten, –</l>
<l>Men Du – benægter <anchor type="lemma" xml:id="koB12_526"/>Ægtefødselsretten!</l>
                                </lg>
                            </lg>
<lg>
<lg>
<l>Du seer ei Folkekravets fulde <anchor type="lemma" xml:id="koB12_527"/>Føie,</l>
<l>Du spotter Frugten af Din egen Sæd,</l>
<l>Mismodig vil Du lægge Bruget ned,</l>
<l>Den Mark, Du engang selv var med at pløie.</l>
<l>Er det ei meer end Ukrudt vi maa døie?</l>
<l>Læs hvor du vil, tag disse Strofer med; –</l>
                                </lg>
<lg>
<l>Dansk Ordlag raader jo i hver en Linje,</l>
<l>Dansk Tænkesæt er Hemsko <anchor type="lemma" xml:id="koB12_528"/>selv paa Vinje.</l>
                                </lg>
                            </lg>
<lg>
<lg>
<l>Men nu tilbage til din mørke Spaadom,</l>
<l>At Ragnarok er ventendes bag Jul.</l>
<l>Op alle Mand, mød frem og læg nu Raad om</l>
<l>Det bedste <anchor type="lemma" xml:id="koB12_529"/>Surrogat for <anchor type="lemma" xml:id="koB12_530"/>Kunstens Suul!</l>
<l>Vor egen <anchor type="lemma" xml:id="koB12_531"/>Barkekost er besk og <anchor type="lemma" xml:id="koB12_532"/>ul,</l>
<l>
                                        <emph>Det</emph> hjælper hverken Bønner eller Graad om, –</l>
                                </lg>
<lg>
<l>Men <anchor type="lemma" xml:id="koB12_533"/>Verdensborger Kunsten er, veed Læserne, –</l>
<l>Saa før en <anchor type="lemma" xml:id="koB12_534"/>Troup da hjem fra – <anchor type="lemma" xml:id="koB12_535"/>Japaneserne.</l>
                                </lg>
                            </lg>
<lg>
<lg>
<l>Nei Tingen er at <anchor type="lemma" xml:id="koB12_536"/>Kongens Kjøbenhavn</l>
<l>Har Eneret paa den Trafik i Landet;</l>
<l>Thi som <anchor type="lemma" xml:id="koB12_537"/>Madeiras Most, skjønt falsk og blandet,</l>
<l>Blir ædel Vin paa Fad i Skudens Stavn,</l>
<l>Saa kommer hid til os mangt <anchor type="lemma" xml:id="koB12_538"/>navnløst Navn,</l>
<l>Som <anchor type="lemma" xml:id="koB12_539"/>flux faar Værd ved Farten over Vandet;</l>
                                </lg>
<lg>
<l>Her bænkes Den ved Kunstens <anchor type="lemma" xml:id="koB12_540"/>Høibordsbrædder,</l>
<l>Som hist kun gjeldte for en <anchor type="lemma" xml:id="koB12_541"/>sjællandsk Skrædder.</l>
                                </lg>
                            </lg>
<lg>
<lg>
<l>Tal derfor ei med fuldt saa høie Ord,</l>
<l>Om <anchor type="lemma" xml:id="koB12_542"/>Smørbasun og Syngen-op og Klynken,</l>
<l>Den klæder ilde denne Næsens Rynken;</l>
<l>Ved Hjemmevirket fra Din egen Moer;</l>
<l>Det tør og hænde sig at <anchor type="lemma" xml:id="koB12_543"/>Skaalens Synken</l>
<l>Blir paa den Side, hvor Du mindst det tror,</l>
                                </lg>
<lg>
<l>Hvis jeg tar den af Dig justerte Vægten</l>
<l>Ibrug ombord i <anchor type="lemma" xml:id="koB12_544"/>gammelstrandske <anchor type="lemma" xml:id="koB12_544a"/>Jægten.</l>
                                </lg>
                            </lg>
<lg>
<lg>
<l>
                                        <emph>Din</emph> Skylden er, ifald jeg her <anchor type="lemma" xml:id="koB12_545"/>tar Post,</l>
<l>Og passer op dernede hver som <anchor type="lemma" xml:id="koB12_546"/>snøvler,</l>
<l>Og brænder løs paa hver en udslidt Vrøvler,</l>
<l>Som skjænker Dig din Dry-Madeiramost.</l>
<l>Mon ei <anchor type="lemma" xml:id="koB12_547"/>Cothurnen blev til gamle Støvler,</l>
<l>Og Smagens <anchor type="lemma" xml:id="koB12_548"/>Gudeflæsk til <anchor type="lemma" xml:id="koB12_549"/>Husmandskost</l>
                                </lg>
<lg>
<l>Ved analytisk <anchor type="lemma" xml:id="koB12_550"/>Plukken-op i Kransen</l>
<l>Fra <anchor type="lemma" xml:id="koB12_551"/>Nummer 2 til Chorets Formand, Hansen?</l>
                                </lg>
                            </lg>
<lg>
<lg>
<l>Dog, lad det fare til en anden Gang,</l>
<l>Der findes snart igjen vel Sted og Stunder;</l>
<l>Men følg mig indom Dør til hint Vidunder,</l>
<l>Hvis nære Fald begrædes i din Sang;</l>
<l>Vi vil ei veie nogen Enkelts Rang,</l>
<l>Men paa dit eget Kvad min Dom jeg grunder. –</l>
                                </lg>
<lg>
<l>Den Tid, som kommer, <emph>Ragnarok</emph> du kalder, –</l>
<l>Saa er det altsaa <emph>Valhal</emph> da som falder.</l>
                                </lg>
                            </lg>
<lg>
<lg>
<l>Thi foran Valhals Fald gaar Ragnarok,</l>
<l>Det veed vi Alle fra vor første Lærdom.</l>
<l>
                                        <anchor type="lemma" xml:id="koB12_552"/>Andhrimner har man, det er sikkert nok,</l>
<l>Og Ingen tvivler paa hans Kost er <anchor type="lemma" xml:id="koB12_553"/>nærsom,</l>
<l>(For <anchor type="lemma" xml:id="koB12_554"/>Thorsdagsmaver da) om ei saa svær som</l>
<l>Det fordum krævedes af <anchor type="lemma" xml:id="koB12_555"/>Æsers Kok.</l>
                                </lg>
<lg>
<l>Einherjer mangler ei; Kritikken slaar dem,</l>
<l>Men ei ihjel; thi Publikum <emph>dog</emph> faar dem.</l>
                                </lg>
                            </lg>
<lg>
<lg>
<l>Men hvor er Thor med Hammeren dernede?</l>
<l>Den stærke Thor, som kløver Fjeldets Væg,</l>
<l>Og <anchor type="lemma" xml:id="koB12_556"/>henter Freja hjem til Nordens Glæde,</l>
<l>Mens <anchor type="lemma" xml:id="koB12_557"/>Troldet bider ræd i eget Skjæg.</l>
<l>Og hvor er <anchor type="lemma" xml:id="koB12_558"/>Freyr, som eier Magt at brede</l>
<l>Udover Lid et Skrud af Rogn og Hæg?</l>
                                </lg>
<lg>
<l>Og hvor er <anchor type="lemma" xml:id="koB12_559"/>Ydunsæblet? Find det, Kjære!</l>
<l>Jeg kan kun see en <anchor type="lemma" xml:id="koB12_560"/>overmoden Pære!</l>
                                </lg>
                            </lg>
<lg>
<lg>
<l>Nei, Ydunsæblet mangler, det er Sagen,</l>
<l>Og Balder flytter <anchor type="lemma" xml:id="koB12_561"/>senest i April,</l>
<l>See derfor lakker det mod <anchor type="lemma" xml:id="koB12_562"/>Endskabsdagen,</l>
<l>Trods <anchor type="lemma" xml:id="koB12_563"/>Slag af Køller og trods Skud med Piil;</l>
<l>Tag derfor rolig dit Gevær i Hvil,</l>
<l>Stig op paa Bordet, <anchor type="lemma" xml:id="koB12_564"/>sy de Faldnes Lagen;</l>
                                </lg>
<lg>
<l>Thi det du vide maa, – en Gud som blunder,</l>
<l>Kan aldrig vækkes op – han maa gaa under!</l>
                                </lg>
                            </lg>
<lg>
<lg>
<l>Men vær du trøstig, Ragnarok faar Ende;</l>
<l>Da gryr <anchor type="lemma" xml:id="koB12_565"/>en nyfødt Sol bag <anchor type="lemma" xml:id="koB12_566"/>Aasens Bryn;</l>
<l>Det dæmrer alt for Slægtens friske Syn,</l>
<l>Den bedre Morgen er alt grant at kiende,</l>
<l>Da skal du see at Dagens Lys kan brænde,</l>
<l>Skjønt <anchor type="lemma" xml:id="koB12_567"/>mørske Stammer knak for Nattens Lyn, –</l>
                                </lg>
<lg>
<l>Da vil Du see: den høieste blandt Himle</l>
<l>Er ikke Valhal, men <anchor type="lemma" xml:id="koB12_568"/>det unge Gimle!</l>
                                </lg>
                            </lg>
                        </lg>
<signed>Henr. Ibsen.</signed>
</div>
</body>
</text>