<?xml version="1.0" encoding="UTF-8"?><text xmlns="http://www.tei-c.org/ns/1.0" xmlns:HIS="http://www.example.org/ns/HIS" rend="letter" corresp="B18701106FH" xml:lang="da-no">
                <body>
<div type="letter">
<dateline>
                            <pb n="[1]"/>Dresden den <date>6<hi rend="raised">te</hi> November 1870</date> –</dateline>
<salute>Kære hr: Hegel!</salute>
<p>I al hast nogle ord til svar på Deres sidste venlige <HIS:hisRef type="tcNote" xml:id="noteT12_693" target="B1844-1871ht_noter.xml" corresp="noteT12_693">brev</HIS:hisRef>.</p>
<p>Jeg er tilfreds med hvad De tager, enten to fjerdedels, to halve, eller et helt <anchor type="lemma" xml:id="koB12_2677"/>lod til lotteriet. Jeg håber på lykken! Næste trækning foregår <HIS:hisRef type="tcNote" xml:id="noteT12_694" target="B1844-1871ht_noter.xml" corresp="noteT12_694">den</HIS:hisRef> 11<hi rend="raised">te</hi>.</p>
<p>Det var mig en stor beroligelse at erfare den <anchor type="lemma" xml:id="koB12_2678"/>forandrede rollebesætning i <HIS:hisRef type="work" target="Navneregister_HISe.xml#woKE">«Kongs-emnerne»</HIS:hisRef>. Det slemme derved er at opførelsen nu måske bliver noget forsinket.</p>
<p>Jeg er fuldkommen enig med Dem i det hensigtsmæssige i at <anchor type="lemma" xml:id="koB12_2679"/>
                            <anchor type="lemma" xml:id="koB12_2680"/>udsætte med udgivelsen af <HIS:hisRef type="work" target="Navneregister_HISe.xml#woDi">mine <HIS:hisRef type="tcNote" xml:id="noteT12_695" target="B1844-1871ht_noter.xml" corresp="noteT12_695">digte</HIS:hisRef>
                            </HIS:hisRef> indtil foråret.</p>
<p>I denne bevægede tid kan jeg ikke samle min tanke på noget dybere. Derimod er der overkommet mig en stor lyst til at <anchor type="lemma" xml:id="koB12_2681"/>komponere en opera for <HIS:hisRef type="person" target="Navneregister_HISe.xml#pePHe">Heise</HIS:hisRef>. Stoffet skulde være <HIS:hisRef type="person" target="Navneregister_HISe.xml#peSJors">«Sigurd Jorsalafar»</HIS:hisRef>. Men jeg mangler her de fornødne historiske kilder. Nu vil jeg gøre Dem et spørgsmål. <pb n="[2]"/>De er jo <anchor type="lemma" xml:id="koB12_2682"/>hovedejeren af <HIS:hisRef type="person" target="Navneregister_HISe.xml#pePAM">Munchs</HIS:hisRef> store Norgeshistorie. Skulde der i oplaget findes defekte exemplarer, hvoraf enkelte bind sælges? Og vilde De i så fald overlade mig det bind, hvori <anchor type="lemma" xml:id="koB12_2683"/>Sigurds saga behandles? Findes intet defekt expl:, så kan jeg fra <HIS:hisRef type="place" target="Navneregister_HISe.xml#plN">Norge</HIS:hisRef> forskrive <HIS:hisRef type="person" target="Navneregister_HISe.xml#peSnSt">
                                <anchor type="lemma" xml:id="koB12_2684"/>Snorre Sturleson</HIS:hisRef>; men hans fremstilling er jo betydelig magrere.</p>
<p>Når De får tid og lejlighed, håber jeg at høre fra Dem om denne sag.</p>
<p>En hjertelig hilsen til Dem og <HIS:hisRef type="person" target="Navneregister_HISe.xml#peJH">Deres søn</HIS:hisRef> fra</p>
<salute>Deres hengivne</salute>
<signed>Henrik Ibsen.</signed>
</div>
</body>
</text>