<?xml version="1.0" encoding="UTF-8"?><text xmlns="http://www.tei-c.org/ns/1.0" xmlns:HIS="http://www.example.org/ns/HIS" rend="letter" corresp="B18731015EGo" xml:lang="da-no">
<body>
<div type="letter">
<dateline>
                            <pb n="[1]"/>Dresden den <date>15<hi rend="raised">de</hi> Oktober 1873</date>. –</dateline>
<salute>Kære herr Gosse!</salute>
<p>Der er i denne lange <anchor type="lemma" xml:id="koB13_1129"/>mellemtid ikke forløbet nogen uge uden at jeg har tænkt på at tilskrive Dem; men indtil idag er jeg af forskellige grunde bleven stående ved den blotte beslutning, uden at sætte den i værk.</p>
<p>Mangehånde forhindringer har jeg også havt. I midten af Juni måned måtte jeg begive mig til <HIS:hisRef type="place" target="Navneregister_HISe.xml#plWien">Wien</HIS:hisRef> for at fungere som norsk medlem af den internationale <anchor type="lemma" xml:id="koB13_1130"/>jury ved verdensudstillingens kunstafdeling. Dette var et såre åndsanstrængende arbejde, der <anchor type="lemma" xml:id="koB13_1131"/>først tilendebragtes henimod slutningen af August, og siden <HIS:hisRef type="tcNote" xml:id="noteT13_180" target="B1871-1879ht_noter.xml" corresp="noteT13_180">har</HIS:hisRef> udgivelsen af <HIS:hisRef type="work" target="Navneregister_HISe.xml#woKG">
                                <anchor type="lemma" xml:id="koB13_1132"/>min nye bog</HIS:hisRef> skaffet mig fuld beskæftigelse og lagt beslag på al min tid og alle mine tanker.</p>
<p>Denne bog er nu færdig, og på fredag, den 17<hi rend="raised">de</hi> dennes, kommer den <anchor type="lemma" xml:id="koB13_1133"/>i boghandelen i alle <HIS:hisRef type="place" target="Navneregister_HISe.xml#plN plDk plSE">de skandinaviske lande</HIS:hisRef>. Jeg har <anchor type="lemma" xml:id="koB13_1134"/>pålagt <HIS:hisRef type="person" target="Navneregister_HISe.xml#peFH">min forlægger</HIS:hisRef> i <HIS:hisRef type="place" target="Navneregister_HISe.xml#plKbh">København</HIS:hisRef> straks at sende Dem et <pb n="[2]"/>exemplar, hvilket forhåbentlig vil være i Deres hænder inden ganske få dage, og som jeg beder Dem venligst modtage til erindring om en, der stedse vil omfatte Dem med taknemmelighed og hengivenhed. Jeg er meget spændt på at erfare <anchor type="lemma" xml:id="koB13_1135"/>hvad De synes om bogen; selv vil jeg ikke udtale mig videre derom; men det vil være mig af stor interesse at høre Deres dom.</p>
<p>Vor fælles ven, <HIS:hisRef type="person" target="Navneregister_HISe.xml#peJLo">overlærer <anchor type="lemma" xml:id="koB13_1136"/>Løkke</HIS:hisRef>, tilskrev mig i sommer at De dengang var syg, eller ialfald upasselig. Jeg vil dog håbe at dette nu er lykkelig overstået og at De igen har overtaget Deres funktion ved British Museum.</p>
<p>Indlagt tillader jeg mig at oversende Dem <anchor type="lemma" xml:id="koB13_1137"/>mit fotografi som et ringe gengæld for den glæde <anchor type="lemma" xml:id="koB13_1138"/>De beredte mig ved at sende mig Deres.</p>
<p>Det er mit håb at De om ikke lang tid vil lade mig høre et par ord fra Dem til tegn på at De ikke har taget min lange taushed ilde op. Jeg <anchor type="lemma" xml:id="koB13_1139"/>omgåes for tiden med <anchor type="lemma" xml:id="koB13_1140"/>mange literære planer; men ingen af dem er endnu rigtig modnet. Til <anchor type="lemma" xml:id="koB13_1141"/>næste sommer rejser jeg sandsynligvis til Norge, hvor <pb n="[3]"/>jeg ikke har været i 10 år. Det vil da vise sig om jeg kan finde mig tilrette med livet i hjemmet; hvis ikke, så begiver jeg mig derfra <anchor type="lemma" xml:id="koB13_1142"/>tilbage til <HIS:hisRef type="place" target="Navneregister_HISe.xml#plRom">Rom</HIS:hisRef>, rimeligvis for stedse. – Jeg tænker mig ofte muligheden af at også De måske kunde <anchor type="lemma" xml:id="koB13_1143"/>nære den plan atter igen at <anchor type="lemma" xml:id="koB13_1144"/>besøge de skandinaviske lande, hvor De har mange venner, og hvor <HIS:hisRef type="tcNote" xml:id="noteT13_181" target="B1871-1879ht_noter.xml" corresp="noteT13_181">det</HIS:hisRef> kunde være en mulighed for at vi mødtes.</p>
<p>Under alle omstændigheder beder jeg Dem bevare mig i venlig erindring og snart med nogle linjer glæde</p>
<salute>Deres hengivne</salute>
<signed>Henrik Ibsen.</signed>
</div>
</body>
</text>