<?xml version="1.0" encoding="UTF-8"?><text xmlns="http://www.tei-c.org/ns/1.0" xmlns:HIS="http://www.example.org/ns/HIS" rend="letter" corresp="B18671018FH" xml:lang="da-no">
                <body>
<div type="letter">
<dateline>
                            <pb n="[1]"/>Sorrento den <date>18<hi rend="raised">de</hi> Oktober 1867</date>.</dateline>
<salute>Kjære Hr: Cancelliraad Hegel!</salute>
<p>Hermed følger Slutningen af Manuscriptet till <HIS:hisRef type="work" target="Navneregister_HISe.xml#woPG">«Peer Gynt»</HIS:hisRef>, og gid det nu maa have Held med sig. Ved Personlisten og det øvrige har jeg <anchor type="lemma" xml:id="koB12_1586"/>intet at <HIS:hisRef type="tcNote" xml:id="noteT12_454" target="B1844-1871ht_noter.xml" corresp="noteT12_454">erindre</HIS:hisRef>, det kan derfor forsaavidt gjerne gaa i Trykken naarsomhelst.</p>
<p>Jeg er spændt paa at erfare hvorledes Bogen vil blive modtagen, men urolig er jeg ikke, den er skreven med modent Overlægg. –</p>
<p>At <anchor type="lemma" xml:id="koB12_1587"/>
                            <HIS:hisRef type="person" target="Navneregister_HISe.xml#peGB">Brandes</HIS:hisRef> vil skrive om mine Arbejder, glæder mig meget. Jeg beder Dem hilse ham, takke ham og sige ham at jeg særlig fra hans Haand er begjærlig efter en Bedømmelse, men at det vilde være mig meget kjært om han ogsaa tog Peer Gynt med da derved enkelte af hans <HIS:hisRef type="tcNote" xml:id="noteT12_455" target="B1844-1871ht_noter.xml" corresp="noteT12_455">Anskuelser</HIS:hisRef> maaske vilde modificeres; han vil nok <HIS:hisRef type="tcNote" xml:id="noteT12_456" target="B1844-1871ht_noter.xml" corresp="noteT12_456">selv</HIS:hisRef> sige sig hvilke.</p>
<p>Ogsaa <HIS:hisRef type="person" target="Navneregister_HISe.xml#peBB">Bjørnson</HIS:hisRef> og <HIS:hisRef type="person" target="Navneregister_HISe.xml#peCP">Clemens Petersen</HIS:hisRef> <pb n="[2]"/>beder jeg Dem hilse. Andre Venner og Bekjendte ligesaa.</p>
<p>
                            <HIS:hisRef type="person" target="Navneregister_HISe.xml#peVB">Dr: Bergsøe</HIS:hisRef> sender sin Hilsen. Vi <anchor type="lemma" xml:id="koB12_1588"/>rejser nu med det første sammen till <HIS:hisRef type="place" target="Navneregister_HISe.xml#plRom">Rom</HIS:hisRef> for at blive der i Vinter; mine Breve bedes derfor, som forhen, adresserede till <HIS:hisRef type="person" target="Navneregister_HISe.xml#peJB">Konsul Bravo</HIS:hisRef>.</p>
<p>Jeg anbefaler mig till <HIS:hisRef type="person" target="Navneregister_HISe.xml#peAuLa">
                                <anchor type="lemma" xml:id="koB12_1589"/>Korrektørens</HIS:hisRef> Oppmærksomhed i alle Henseender og tegner mig</p>
<salute>Deres ærbødigst hengivne</salute>
<signed>Henrik Ibsen.</signed>
</div>
</body>
</text>