<?xml version="1.0" encoding="UTF-8"?><text xmlns="http://www.tei-c.org/ns/1.0" xmlns:HIS="http://www.example.org/ns/HIS" rend="letter" corresp="B18720409MB" xml:lang="da-no">
<body>
<div type="letter">
<dateline>
                            <pb n="[1]"/>Dresden den <date>9<hi rend="raised">de</hi> April 1872</date>. –</dateline>
<salute>Kære ven!</salute>
<p>Just som jeg i flere dage har gået og tænkt på at tilskrive Dig, modtog jeg i morges <anchor type="lemma" xml:id="koB13_402"/>dit brev, hvilket har påskyndet min beslutning, så at jeg straks sender Dig disse linjer.</p>
<p>Den omhandlede <anchor type="lemma" xml:id="koB13_403"/>anonyme papirlap lægger jeg naturligvis ingen videre vægt på; men jeg tror Du fejler, når Du antager at den skyldes en eller anden skolegut. Havde Du undersøgt skrifttegnene nøjere, vilde Du opdaget 3–4 forskellige <HIS:hisRef type="tcNote" xml:id="noteT13_57" target="B1871-1879ht_noter.xml" corresp="noteT13_57">håndskrifter</HIS:hisRef>, hvoriblandt et par øvede. Jeg mener den hidrører fra studenter eller fra en <anchor type="lemma" xml:id="koB13_404"/>folkehøjskole, som <HIS:hisRef type="person" target="Navneregister_HISe.xml#peBB">herr Bjørnsons</HIS:hisRef> virksomhed har bidraget til at <anchor type="lemma" xml:id="koB13_405"/>forpøble, og når jeg vilde have ham papiret tilstillet, så var det kun fordi jeg syntes han kunde have gavn af et sligt vidnesbyrd om hvad slags mennesker det er, der udgør hans parti.</p>
<p>Med <anchor type="lemma" xml:id="koB13_406"/>Haugesunds-sagen hænger det således sammen: <HIS:hisRef type="tcNote" xml:id="noteT13_58" target="B1871-1879ht_noter.xml" corresp="noteT13_58">Herr</HIS:hisRef> <HIS:hisRef type="person" target="Navneregister_HISe.xml#peJL">Loranges</HIS:hisRef> brev var uoplysende og i enhver henseende utilfredsstillende for mig, der <pb n="[2]"/>lever her i så lang frastand. Men hovedbevæggrunden for mig til at give et afslående eller undvigende svar var den, at jeg allerede i forvejen <anchor type="lemma" xml:id="koB13_407"/>havde lagt en anden plan for min deltagelse i tusendårsfesten. Jeg vil skrive i anledning af dagen; men hvad jeg ved den lejlighed har at sige, er altfor omfattende til at kunne rummes i en sang. Heller ikke vil indholdet blive af overvejende lyrisk karakter. Jeg vil skrive noget omtrent i form som mit <HIS:hisRef type="work" target="Navneregister_HISe.xml#woBall">
                                <anchor type="lemma" xml:id="koB13_408"/>«Ballonbrev»</HIS:hisRef>, alvorligt, værdigt i tonen, intet, som kan såre den berettigede festglæde; men de sandheder lige over for døgnets fænomener, som ligger mig på hjertet, skal frem deri. Dette ønsker jeg <anchor type="lemma" xml:id="koB13_409"/>forelæst på et passende punkt af festen og dernæst ønsker jeg <anchor type="lemma" xml:id="koB13_410"/>digtet, som altså må trykkes i flere tusend exemplarer, uddelt til deltagerne i festen. Dette forekommer mig ligeså godt som en sang; i <HIS:hisRef type="place" target="Navneregister_HISe.xml#plSE">Sverig</HIS:hisRef> er det sædvanligt ved slige lejligheder at «verser» oplæses. Med de hermed forbundne omkostninger vil jeg imidlertid intet have at gøre og heller ikke ønsker jeg at forhandle med nogen anden end Dig. Jeg spørger Dig altså: vil festkomiteen betale trykningen og besørge det fornødne forøvrigt? Hvis ikke, beder jeg Dig spørge <HIS:hisRef type="person" target="Navneregister_HISe.xml#peCFGF">Friele</HIS:hisRef> om han ønsker digtet til <anchor type="lemma" xml:id="koB13_411"/>optagelse i <pb n="[3]"/>«Morgenbladet» på festdagen. Men under alle omstændigheder behøver jeg <anchor type="lemma" xml:id="koB13_412"/>
                            <emph>Harald Hårfagers saga</emph>, som <HIS:hisRef type="tcNote" xml:id="noteT13_59" target="B1871-1879ht_noter.xml" corresp="noteT13_59">jeg</HIS:hisRef> beder Dig vise mig det venskab at sende mig enten under korsbånd eller i pakkeposten; de hermed forbundne omkostninger skal på <HIS:hisRef type="tcNote" xml:id="noteT13_60" target="B1871-1879ht_noter.xml" corresp="noteT13_60">opgivende</HIS:hisRef> blive betalte gennem <HIS:hisRef type="person" target="Navneregister_HISe.xml#peJHT">
                                <anchor type="lemma" xml:id="koB13_413"/>min svoger</HIS:hisRef>. <HIS:hisRef type="tcNote" xml:id="noteT13_61" target="B1871-1879ht_noter.xml" corresp="noteT13_61">Mit</HIS:hisRef> forsæt beder jeg Dig holde hemmeligt, så vidt ske kan. Lad mig snart høre <anchor type="lemma" xml:id="koB13_414"/>din mening derom; har Du nogen ændringer eller læmpelser at foreslå, skal jeg gerne føje mig så vidt muligt; men nogen sang kan jeg ikke skrive.</p>
<p>På <anchor type="lemma" xml:id="koB13_415"/>brødrene Paetels forlag i <HIS:hisRef type="place" target="Navneregister_HISe.xml#plBerl">Berlin</HIS:hisRef> er <HIS:hisRef type="work" target="Navneregister_HISe.xml#woKE">«Kongs-emnerne»</HIS:hisRef> og <HIS:hisRef type="work" target="Navneregister_HISe.xml#woUF">«De unges forbund»</HIS:hisRef> udkomne under titlerne <anchor type="lemma" xml:id="koB13_416"/>«Die Kronprætendenten» og «Der Bund der Jugend» i <anchor type="lemma" xml:id="koB13_417"/>smukt utstyr og i mesterlige oversættelser af <HIS:hisRef type="person" target="Navneregister_HISe.xml#peAS">Adolf Strodtmann</HIS:hisRef>, der har et berømt navn som <anchor type="lemma" xml:id="koB13_418"/>oversætter, navnlig af <HIS:hisRef type="person" target="Navneregister_HISe.xml#peLBy">Byron</HIS:hisRef> og <HIS:hisRef type="person" target="Navneregister_HISe.xml#peAT">Tennyson</HIS:hisRef>. En <anchor type="lemma" xml:id="koB13_419"/>oversættelse af <HIS:hisRef type="work" target="Navneregister_HISe.xml#woBr">«Brand»</HIS:hisRef> er ligeledes udkommen; en <anchor type="lemma" xml:id="koB13_420"/>anden oversættelse af samme bog <anchor type="lemma" xml:id="koB13_421"/>bebudes nu fra to forskellige andre kanter. <anchor type="lemma" xml:id="koB13_422"/>Af <HIS:hisRef type="work" target="Navneregister_HISe.xml#woDi">mine digte</HIS:hisRef> er ligeledes flere oversættelser under arbejde. <anchor type="lemma" xml:id="koB13_423"/>På <emph>engelsk</emph> forberedes en større udgave af mine arbejder ved Mr: <HIS:hisRef type="person" target="Navneregister_HISe.xml#peEGo">Edmund Gosse</HIS:hisRef>, der har et udbredt kendskab til vor literatur. Dette beder jeg Dig bearbejde til en <anchor type="lemma" xml:id="koB13_424"/>notits for «Morgenbladet»; ligesom jeg herved gennem Dig anmoder <HIS:hisRef type="person" target="Navneregister_HISe.xml#peCFGF">Friele</HIS:hisRef> om at <anchor type="lemma" xml:id="koB13_425"/>optage en artikel der stod <pb n="[4]"/>i «The spectator» for 16<hi rend="raised">de</hi> Marts og som jeg herved vedlægger. Skulde Friele vægre sig, beder jeg mig udklipningen tilbagesendt for at benyttes i et dansk eller svensk blad.</p>
<p>Min korrespondence vokser mig næsten over hovedet, og dette må tjene mig til undskyldning når jeg kun tilskriver Dig om det højst fornødne. Lev hjertelig vel og hils <HIS:hisRef type="person" target="Navneregister_HISe.xml#peMBi">
                                <anchor type="lemma" xml:id="koB13_426"/>din hustru</HIS:hisRef> samt alle venner forresten.</p>
<salute>Din hengivne</salute>
<signed>Henrik Ibsen.</signed>
</div>
<div type="postscript">
<p>P. s. At få det omskrevne ind i «Mgbld» snarest muligt er mig af vigtighed af den grund at jeg <anchor type="lemma" xml:id="koB13_427"/>søger et stipendium iår og mener at deslige fakta og udtalelser fra udlandet måske kunde øve en blødgørende virkning på <anchor type="lemma" xml:id="koB13_428"/>hædersgubben <HIS:hisRef type="person" target="Navneregister_HISe.xml#peHRi">Riddervold</HIS:hisRef> – hvis han læser aviser.</p>
<signed>H. I.</signed>
</div>
</body>
</text>