<?xml version="1.0" encoding="UTF-8"?><text xmlns="http://www.tei-c.org/ns/1.0" xmlns:HIS="http://www.example.org/ns/HIS" rend="letter" corresp="B18531205NTB" xml:lang="da-no">
                <body>
<div type="letter">
<p>
                            <pb n="[2]"/>
                            <HIS:hisRef type="tcNote" xml:id="noteT12_75" target="B1844-1871ht_noter.xml" corresp="noteT12_75">Som Svar</HIS:hisRef> paa omstaaende Skrivelse bemærkes Følgende:</p>
<p>a.) Prøvelisten for Fredagen den 25<hi rend="raised">de</hi> Nov<hi rend="raised">b</hi> lød oprindelig saaledes:
<table rend="settesManuelt">
<row>
                                    <cell role="data">Kl: 9 ¼.</cell>
                                    <cell role="data">
                                        <anchor type="lemma" xml:id="koB12_223"/>«Keiserindernes Fanger»</cell>
                                    <cell role="data">(Sc: f: Jfr: <HIS:hisRef type="person" target="Navneregister_HISe.xml#peFN">Jensen</HIS:hisRef>.)</cell>
                                </row>
<row>
                                    <cell role="data">Kl:</cell>
                                    <cell role="data"/>
                                    <cell role="data">(Læseprøve.)</cell>
                                </row>
</table>
                        </p>
<p>b.) Paa Listen blev altsaa med Hensyn til Læseprøven <emph>Intet forandret</emph>, men kun tilføiet hvad Stykke der skulde læses og til hvilket Klokkeslæt. Dette opførtes Altsammen paa Listen umiddelbart efter at <HIS:hisRef type="person" target="Navneregister_HISe.xml#peKMR">Rosendahls</HIS:hisRef> Antagelse af det tilbudte Engagement var bleven mig communiseret, eller omtr: Kl: 6 ¼, under Prøven paa 2<hi rend="raised">den</hi> Akt af <anchor type="lemma" xml:id="koB12_224"/>«En fattig Piges Dagbog», hvilket vil kunne bevidnes af <HIS:hisRef type="person" target="Navneregister_HISe.xml#peHLaa">Hr. Laading</HIS:hisRef>, der overtog Tilsynet paa Scenen medens jeg opførte <anchor type="lemma" xml:id="koB12_225"/>«Kunstnerliv» til Læseprøve, uddeelte Rollerne til Stykket og modtog <anchor type="lemma" xml:id="koB12_226"/>de Rollehavendes Kvitteringer. <HIS:hisRef type="person" target="Navneregister_HISe.xml#peAI">Hr. Isachsen</HIS:hisRef> var den Eneste, der ei var tilstede, da han var <HIS:hisRef type="tcNote" xml:id="noteT12_76" target="B1844-1871ht_noter.xml" corresp="noteT12_76">ubeskjæftiget</HIS:hisRef> <pb n="[3]"/>i det Stykke, der prøvedes.</p>
<p>c.) Ved Eftermiddagsprøvens Slutning (henimod Kl: 7) var <anchor type="lemma" xml:id="koB12_227"/>Theaterbudet ei tilstede, hvorfor jeg anmodede <HIS:hisRef type="person" target="Navneregister_HISe.xml#peJI">M<hi rend="raised">dm</hi> Isachsen</HIS:hisRef> om at meddele sin Mand den Underretning, at «Kunstnerliv» var sat til Læseprøve den følgende Dags Formiddag Kl: 11, – hvilket hun lovede. – Det vil erindres, at Rosendahls Indgaaen paa Bestyrelsens Tilbud gjorde Udslaget med Hensyn til Besættelsen af det omhandlede Stykke, <anchor type="lemma" xml:id="koB12_228"/>hvisaarsag Isachsen ikke havde havt Stykket til Gjennemlæsning. M<hi rend="raised">dm</hi> Isachsen anmodedes derfor ligeledes om at medtage sin Mands <HIS:hisRef type="tcNote" xml:id="noteT12_77" target="B1844-1871ht_noter.xml" corresp="noteT12_77">Roller</HIS:hisRef> for at han af denne i Forveien kunde gjøre sig bekjendt med det Fornødne.</p>
<p>Den originale, heromhandlede <anchor type="lemma" xml:id="koB12_229"/>Prøveliste vedlægges.</p>
<dateline>
                            <date>5/12. 53</date>.</dateline>
<salute>ærb:</salute>
<signed>Henr: Ibsen</signed>
<salute>Til Bestyrelsen for det norske Theater!</salute>
</div>
</body>
</text>