<?xml version="1.0" encoding="UTF-8"?><text xmlns="http://www.tei-c.org/ns/1.0" xmlns:HIS="http://www.example.org/ns/HIS" rend="letter" corresp="B18711010MB" xml:lang="da-no">
<body>
<div type="letter">
<dateline>
                            <pb n="[1]"/>Dresden, <date>10<hi rend="raised">de</hi> Oktober 1871</date>. –</dateline>
<salute>Kære Birkeland!</salute>
<p>Hjertelig tak for <anchor type="lemma" xml:id="koB13_88"/>dit brev, hvoraf jeg ser at Du har bevaret dit gamle venskab for mig. Jeg er vel tilfreds med at <anchor type="lemma" xml:id="koB13_89"/>min opsats er <anchor type="lemma" xml:id="koB13_90"/>bleven holdt tilbage. Det har været mig i højeste grad modbydeligt at tænke på at jeg skulde indlade mig i ordveksling <HIS:hisRef type="tcNote" xml:id="noteT13_20" target="B1871-1879ht_noter.xml" corresp="noteT13_20">med</HIS:hisRef> en karl som bogtrykker <HIS:hisRef type="person" target="Navneregister_HISe.xml#peHJJ">Jensen</HIS:hisRef>; udenforstående kan meget bedre gøre det. Min bøn til Dig er: enten i samråd med <HIS:hisRef type="person" target="Navneregister_HISe.xml#peJHT">
                                <anchor type="lemma" xml:id="koB13_91"/>Thoresen</HIS:hisRef> at <anchor type="lemma" xml:id="koB13_92"/>omkalfatre artiklen, således at den gør sin virkning uden at skade mig, eller – hvad der skulde være mig kærest – at benytte, hvad deri brugbart er, til en <anchor type="lemma" xml:id="koB13_93"/>selvstændig opsats om sagen.</p>
<p>Nogle bemærkninger ved dit brev må jeg dog gøre. Du skriver som om det kunde være tvivlsomt på hvis side retten ligger. Hersker der virkelig i den grad barbari i den norske bogverden? Er et avisbidrag udgiverens ejendom? Hvorledes kunde jeg da <anchor type="lemma" xml:id="koB13_94"/>upåtalt udgive 2<hi rend="raised">den</hi> <HIS:hisRef type="tcNote" xml:id="noteT13_21" target="B1871-1879ht_noter.xml" corresp="noteT13_21">udgave</HIS:hisRef> af <HIS:hisRef type="work" target="Navneregister_HISe.xml#woKK">«Kærlighedens Komedie»</HIS:hisRef>? <pb n="[2]"/>Hvorledes kunde jeg udgive <HIS:hisRef type="work" target="Navneregister_HISe.xml#woDi">min <anchor type="lemma" xml:id="koB13_95"/>digtsamling</HIS:hisRef> hvis <HIS:hisRef type="work" target="Navneregister_HISe.xml#woBall">
                                <anchor type="lemma" xml:id="koB13_96"/>«Ballonbrevet»</HIS:hisRef> og mange andre stykker tilhørte doktor <HIS:hisRef type="person" target="Navneregister_HISe.xml#peJdB">de Besche</HIS:hisRef> og <HIS:hisRef type="org" target="Navneregister_HISe.xml#orgIN">«Ill: <HIS:hisRef type="tcNote" xml:id="noteT13_22" target="B1871-1879ht_noter.xml" corresp="noteT13_22">Nyhedsblad»</HIS:hisRef>
                            </HIS:hisRef>? Hvorledes kunde <HIS:hisRef type="person" target="Navneregister_HISe.xml#peBB">Bjørnson</HIS:hisRef> i sine <anchor type="lemma" xml:id="koB13_97"/>«Småstykker» optrykke «Mellem Slagene» og «En glad gut», hvoraf det ene efter norske begreber skulde tilhøre <HIS:hisRef type="org" target="Navneregister_HISe.xml#orgCPo">
                                <anchor type="lemma" xml:id="koB13_98"/>«Kristianiaposten»</HIS:hisRef> og det andet <HIS:hisRef type="org" target="Navneregister_HISe.xml#orgAftb">
                                <anchor type="lemma" xml:id="koB13_99"/>«Aftenbladet»</HIS:hisRef>? I hele den civiliserede verden hersker der ingen tvivl om dette spørgsmål, og det er mig pinligt at tænke på at <HIS:hisRef type="place" target="Navneregister_HISe.xml#plN">mit fædreland</HIS:hisRef> danner den eneste undtagelse. Hvis jeg har husket fejl og <anchor type="lemma" xml:id="koB13_100"/>mit brev til <HIS:hisRef type="person" target="Navneregister_HISe.xml#pePBH">Botten-Hansen</HIS:hisRef> om <HIS:hisRef type="work" target="Navneregister_HISe.xml#woF1">«Fru Inger»</HIS:hisRef> existerer, så beviser det jo til overflod at Nyhedsbl: kun erhvervede sig en vis begrænset ret, i modsat fald var det meningsløst at fastsætte noget om oplagets størrelse.</p>
<p>Ligeså enestående vilde det være om eftertrykker H. J. Jensen skulde kunne <anchor type="lemma" xml:id="koB13_101"/>gøre affærer med <anchor type="lemma" xml:id="koB13_102"/>mit private brev. Der forekommer kun to stærke udtryk deri, idet jeg kalder hans forehavende «en svindler-spekulation» og ytrer at «hvis han fremturer i sit forsæt skal jeg både gennem pressen og for domstolene vise ham hvad slige <HIS:hisRef type="tcNote" xml:id="noteT13_23" target="B1871-1879ht_noter.xml" corresp="noteT13_23">kæltringstreger</HIS:hisRef> fører til». Hvis Jensen ejer forlagsretten så øver han kæltringstreger mod <anchor type="lemma" xml:id="koB13_103"/>sine kreditorer; ejer han den ikke så øver han dem mod mig. I begge <HIS:hisRef type="tcNote" xml:id="noteT13_24" target="B1871-1879ht_noter.xml" corresp="noteT13_24">tilfælde</HIS:hisRef> <pb n="[3]"/>er hans spekulation efter europæiske begreber en svindler-spekulation. Skulde det virkelig være farligt at udtale dette hjemme? Ja, jeg forstår hvorfor det er farligt; det hænger sammen med hvad du antyder om <anchor type="lemma" xml:id="koB13_104"/>«forholde og stemninger». Hvis Jensen var statsråd, embedsmand eller overhovedet et dannet menneske, så var der vist ingen fare; men en smudsig slyngel, der netop i kraft af sin smudsighed hører til <anchor type="lemma" xml:id="koB13_105"/>«folket», må naturligvis ikke affærdiges med hån. Jeg går til min død ikke med på dette! Men jeg indrømme<unclear reason="endline">r</unclear> at denne private sag ikke er den gunstigste lejlighed til at brændemærke råheden og dens forgudere. Og hvorledes skulde ellers den person vove at tænke på en injurieproces, da man dog har <anchor type="lemma" xml:id="koB13_106"/>hele hans fallithistorie at true ham med?</p>
<p>
                            <anchor type="lemma" xml:id="koB13_107"/>Tak <HIS:hisRef type="person" target="Navneregister_HISe.xml#peLDa">L. Daae</HIS:hisRef> fra mig for hans gode hjælp og bed ham fremdeles ikke at svigte mig. Dette er for mig en stor sag; thi skulde virkelig den Jensenske <HIS:hisRef type="tcNote" xml:id="noteT13_25" target="B1871-1879ht_noter.xml" corresp="noteT13_25">udplyndringsplan</HIS:hisRef> vinde sympati og understøttelse hjemme, så er det min agt, komme hvad komme vil, at sige mig løs fra ethvert forhold til Norge og aldrig mere sætte min fod der.</p>
<p>Her sad jeg nu i lykkelig sindsro <pb n="[4]"/>og arbejdede på <HIS:hisRef type="work" target="Navneregister_HISe.xml#woKG">
                                <anchor type="lemma" xml:id="koB13_108"/>min nye digtning</HIS:hisRef>; fra <HIS:hisRef type="place" target="Navneregister_HISe.xml#plSE">Sverig</HIS:hisRef>, fra <HIS:hisRef type="place" target="Navneregister_HISe.xml#plDk">Danmark</HIS:hisRef> og hernedefra erfarer jeg ikke andet end hvad der må glæde mig; men fra Norge er det som alt ondt kommer over mig. Hvad vil de mennesker? Er jeg ikke tilstrækkelig langt borte?</p>
<p>Et falder mig ind. Skulde ikke stumper af <anchor type="lemma" xml:id="koB13_109"/>min artikel kunne benyttes som uddrag af et privat brev fra mig? Gør, hvad Du og <HIS:hisRef type="tcNote" xml:id="noteT13_25a" target="B1871-1879ht_noter.xml" corresp="noteT13_25a">Thoresen</HIS:hisRef> finder for godt; men forebyg den skæbnesvangre mulighed at <HIS:hisRef type="tcNote" xml:id="noteT13_26" target="B1871-1879ht_noter.xml" corresp="noteT13_26">eftertryksudgaven</HIS:hisRef> af <HIS:hisRef type="work" target="Navneregister_HISe.xml#woF1 woHH">mine bøger</HIS:hisRef> får se lyset.</p>
<p>Endnu engang, tak for dit brev, og en venlig hilsen til <HIS:hisRef type="person" target="Navneregister_HISe.xml#peMBi">din ærede <anchor type="lemma" xml:id="koB13_110"/>frue</HIS:hisRef>. – Kommer jeg lykkelig ud over denne lurvede sag, så er det min agt <anchor type="lemma" xml:id="koB13_111"/>til sommeren at komme hjem for at være med at <anchor type="lemma" xml:id="koB13_112"/>fejre det 1000-årige rige. Det eneste der ved denne lejlighed skulde holde mig tilbage, var tanken om vore folkelige politiske <anchor type="lemma" xml:id="koB13_113"/>Chiliaster. – Lev hjertelig vel!</p>
<salute>Din hengivne</salute>
<signed>Henrik Ibsen.</signed>
</div>
<div type="postscript">
<p>P. S. Jeg skriver til Thoresen idag.</p>
</div>
</body>
</text>