<?xml version="1.0" encoding="UTF-8"?><text xmlns="http://www.tei-c.org/ns/1.0" xmlns:HIS="http://www.example.org/ns/HIS" rend="letter" corresp="B18720404GB" xml:lang="da-no">
<body>
<div type="letter">
<dateline>
                            <pb n="[1]"/>Dresden den <date>4<hi rend="raised">de</hi> April 1872</date>. –</dateline>
<salute>Kære Brandes!</salute>
<p>I dette øjeblik modtog jeg <anchor type="lemma" xml:id="koB13_377"/>Deres brev og besvarer det <anchor type="lemma" xml:id="koB13_378"/>uopholdelig.</p>
<p>Hvad er det dog for <anchor type="lemma" xml:id="koB13_379"/>utrolige ting, De skriver! Og jeg, som troede Dem svælgende i lykke og triumf! Men det er umuligt andet end at De har en hær bagved Dem. Husk på at det er rekruter, De fører i ilden; første gang viger de, anden gang holder de stand, siden følger de Dem til storm og sejr.</p>
<p>Den <anchor type="lemma" xml:id="koB13_380"/>liberale presse lukker sig for Dem. Ja, naturligvis! Jeg <anchor type="lemma" xml:id="koB13_381"/>udtalte engang for Dem min foragt for den politiske frihed. Dengang modsagde De. Af Deres <anchor type="lemma" xml:id="koB13_382"/>eventyr om «Rødhætten» ser jeg at De har gjort visse erfaringer. Kære ven, liberalisterne er frihedens værste fiender. <anchor type="lemma" xml:id="koB13_383"/>Under absolutismen trives åndsfriheden og tankefriheden bedst; det viste sig i <HIS:hisRef type="place" target="Navneregister_HISe.xml#plFr">Frankrig</HIS:hisRef>, senere i <HIS:hisRef type="place" target="Navneregister_HISe.xml#plD">Tyskland</HIS:hisRef> og nu i <HIS:hisRef type="place" target="Navneregister_HISe.xml#plRus">Rusland</HIS:hisRef>.</p>
<p>Men jeg vil gå over til det som i denne tid uafladelig har været i mine <pb n="[2]"/>tanker og forstyrret min nattero. Jeg har læst <anchor type="lemma" xml:id="koB13_384"/>Deres forelæsninger.</p>
<p>Farligere bog kunde aldrig falde i en <anchor type="lemma" xml:id="koB13_385"/>frugtsommelig digters hænder. Den er en af de bøger som sætter et svælgende dyb mellem igår og idag. Da jeg havde været i <HIS:hisRef type="place" target="Navneregister_HISe.xml#plIt">Italien</HIS:hisRef> forstod jeg ikke <HIS:hisRef type="tcNote" xml:id="noteT13_52" target="B1871-1879ht_noter.xml" corresp="noteT13_52">hvorledes</HIS:hisRef> jeg havde kunnet føre en tilværelse forinden jeg havde været der. Om tyve år vil man ikke kunne begribe <HIS:hisRef type="tcNote" xml:id="noteT13_53" target="B1871-1879ht_noter.xml" corresp="noteT13_53">hvorledes</HIS:hisRef> det åndelig taget var leveligt hjem før disse forelæsninger. Hvad det var <HIS:hisRef type="person" target="Navneregister_HISe.xml#peHSt">
                                <anchor type="lemma" xml:id="koB13_386"/>Steffens</HIS:hisRef> i sin tid udrettede, har jeg ikke nogen klar forestilling om; men jeg antager at det var den formale æsthetik, som han gav en ny skikkelse. Deres bog er <anchor type="lemma" xml:id="koB13_387"/>ikke literaturhistorie i den gamle forstand, <anchor type="lemma" xml:id="koB13_388"/>heller ikke kulturhistorie; hvad den egentlig er, vil jeg ikke bemøje mig med at finde et udtryk for. Den står for mig som <HIS:hisRef type="place" target="Navneregister_HISe.xml#plCal">
                                <anchor type="lemma" xml:id="koB13_389"/>Kaliforniens</HIS:hisRef> guldfeldter da de først <HIS:hisRef type="tcNote" xml:id="noteT13_54" target="B1871-1879ht_noter.xml" corresp="noteT13_54">forefandtes</HIS:hisRef>; man blev millionær på dem, eller man gik under i elendighed. Er nu vor åndelige konstitution robust nok hjemme? Jeg ved det ikke; men herpå kommer det heller ikke an; hvad der ikke kan bære tidens ideer, det må falde.</p>
<p>De siger at <anchor type="lemma" xml:id="koB13_390"/>alle stemmer i det filosofiske fakultet er Dem imod. Kære Brandes, vilde De ønske det anderledes? Er det ikke fakultetets filosofi, som De vil tillivs? En krig <pb n="[3]"/>som Deres, skal ikke føres af en kgl: ansat embedsmand. Hvis man ikke lukked døren af for Dem, så viste det jo at man ikke frygted Dem.</p>
<p>Hvad nu <anchor type="lemma" xml:id="koB13_391"/>agitationen imod Dem angår, løgnene, bagvaskelserne, o. s. v, da skal jeg give Dem et råd, som jeg af egen erfaring ved er <anchor type="lemma" xml:id="koB13_392"/>probat. Vær fornem! Fornemhed er det eneste våben imod sligt. Se lige ud; <anchor type="lemma" xml:id="koB13_393"/>svar aldrig med et ord i aviser; hvis De i Deres skrifter polemiserer, så ret aldrig polemiken mod dette eller hint bestemte angreb; lad Dem aldrig mærke med at et eneste ord af Deres fiender har bidt sig fast i Dem; kort sagt, <anchor type="lemma" xml:id="koB13_394"/>træd op som om De slet ikke aned at der var nogen <HIS:hisRef type="tcNote" xml:id="noteT13_55" target="B1871-1879ht_noter.xml" corresp="noteT13_55">modstand</HIS:hisRef>. Og hvad livskraft tror De vel Deres modstanderes attentater har? I tidligere tider, når jeg om morgenen læste et anfald på mig, tænkte jeg: nu er jeg da ødelagt; nu kan jeg aldrig rejse mig mere! Jeg rejste mig dog; <HIS:hisRef type="tcNote" xml:id="noteT13_56" target="B1871-1879ht_noter.xml" corresp="noteT13_56">intet</HIS:hisRef> menneske husker mere hvad der blev skrevet, og jeg selv har glemt det for længe siden. Altså, <anchor type="lemma" xml:id="koB13_395"/>gør Dem blot ikke gemen med <anchor type="lemma" xml:id="koB13_396"/>alskens slags og sådant noget. Begynd en ny række forelæsninger, uforstyrret, urokket, med irriterende sindsligevægt, med glad affejende ringeagt for alt det som ramler sammen til højre og til venstre. Tror De det <pb n="[4]"/>
                            <anchor type="lemma" xml:id="koB13_397"/>ormædte vil kunne stå imod!</p>
<p>Hvad der kommer ud af denne kamp på kniven imellem to epoker, det ved jeg ikke; alt andet heller, end det bestående; det er for mig det bestemmende. Af sejren lover jeg mig ikke egentlig nogen stabil forbedring; al udvikling har hidtil ikke været andet end en slingren fra den ene vildfarelse over i den anden. Men kampen er god, frisk, sund; Deres <anchor type="lemma" xml:id="koB13_398"/>rejsning står for mig som en eneste stor hel sønderbrydende og frigørende genialitetsytring. Dersom de gamle hyler over gudsbespottelse, så skulde de betænke at de selv ere spotterne; <anchor type="lemma" xml:id="koB13_399"/>den store vedkommende har nok havt sin hensigt med Dem.</p>
<p>Jeg hører De har stiftet en <anchor type="lemma" xml:id="koB13_400"/>forening. Stol ikke ubetinget på enhver der slutter sig til Dem; hovedsagen er om tilslutningen finder sted på de afgørende præmisser. Hvorvidt Deres position styrkes derved, ved jeg heller ikke; for mig står det i al fald at den ensomme er den stærkeste. Men jeg sidder jo her nede i ly og De står deroppe midt ude i uvejret; det forandrer meget.</p>
<p>Farvel for denne gang, kære Brandes! Bevar en venlig plads for mig og mit ved siden af det som fra nu af må være Dem det eneste vigtige fordi det <anchor type="lemma" xml:id="koB13_401"/>i ånd og sandhed er Deres eget.</p>
<p>Undskyld hastværk og mangel på sammenhæng!</p>
<salute>Deres hengivne</salute>
<signed>Henrik Ibsen.</signed>
</div>
</body>
</text>