<?xml version="1.0" encoding="UTF-8"?><text xmlns="http://www.tei-c.org/ns/1.0" xmlns:HIS="http://www.example.org/ns/HIS" rend="letter" corresp="B18710201AK" xml:lang="da-no">
<body>
<div type="letter">
<dateline>
                            <pb n="[1]"/>Dresden den <date>1<hi rend="raised">ste</hi> Februar 1871</date>.</dateline>
<salute>Kære ven!</salute>
<p>Hjertelig tak for dine to sidste breve! – Da Du har ladet <anchor type="lemma" xml:id="koB12_2954"/>den <anchor type="lemma" xml:id="koB12_2955"/>bevidste sag have sin gang, så vil jeg slå mig til ro med den tanke at Du har fundet det kunde ske på en anstændig måde.</p>
<p>Idag kun dette. – Jeg sidder i denne tid midt oppe i udgivelsen af <anchor type="lemma" xml:id="koB12_2956"/>
                            <HIS:hisRef type="work" target="Navneregister_HISe.xml#woDi">en digtsamling</HIS:hisRef>, der om kort tid udkommer; nu er imidlertid snart den værste møje overstået, og i næste uge skal Du høre nærmere fra mig.</p>
<p>Lev vel sålænge! Tak og hilsen fra</p>
<salute>Din hengivne</salute>
<signed>Henrik Ibsen.</signed>
</div>
</body>
</text>