<?xml version="1.0" encoding="UTF-8"?><text xmlns="http://www.tei-c.org/ns/1.0" xmlns:HIS="http://www.example.org/ns/HIS" rend="letter" corresp="B18600621KNT" xml:lang="da-no">
                <front>
<pb n="[a]"/>
<HIS:envelope type="sheet">
<address>
<addrLine>Til</addrLine>
<addrLine>Bestyrelsen for det norske Theater</addrLine>
<addrLine>Kristiania.</addrLine>
</address>
</HIS:envelope>
</front>
<body>
<div type="letter">
<salute>
                            <pb n="[1]"/>Til Bestyrelsens Formand.</salute>
<p>Indlagt følger <anchor type="lemma" xml:id="koB12_649"/>Aarsberetningen. Jeg har <anchor type="lemma" xml:id="koB12_650"/>uundgaaeligt Forfald iaften. – Fra <HIS:hisRef type="person" target="Navneregister_HISe.xml#peGHK">Krohn</HIS:hisRef> havde jeg Brev iforgaars. Alt er i Orden, han kommer hid med det Første. Til <HIS:hisRef type="person" target="Navneregister_HISe.xml#peAI">Isachsen</HIS:hisRef> har jeg skrevet.</p>
<dateline>
                            <date>21/6. 60</date>.</dateline>
<salute>ærb:</salute>
<signed>Henr: Ibsen</signed>
</div>
</body>
</text>