<?xml version="1.0" encoding="UTF-8"?><text xmlns="http://www.tei-c.org/ns/1.0" xmlns:HIS="http://www.example.org/ns/HIS" rend="letter" corresp="B18660920JHT" xml:lang="da-no">
                <body>
<div type="letter">
<head type="letter">
                            <pb n="[1]"/>Fuldmagt.</head>
<p>Herved bemyndiges Herr kgl: Fuldmægtig Johan Herman Thoresen till paa mine Vegne at hæve og kvittere for det mig ved kgl: Resolution af 28<hi rend="raised">de</hi> Juli d. A. tillstaaede Rejsestipendium, stort 350 Sp<hi rend="raised">dlr</hi>.</p>
<dateline>Frascati den <date>20<hi rend="raised">de</hi> September 1866</date>.</dateline>
<signed>Henrik Ibsen.</signed>
</div>
</body>
</text>