<?xml version="1.0" encoding="UTF-8"?><text xmlns="http://www.tei-c.org/ns/1.0" xmlns:HIS="http://www.example.org/ns/HIS" rend="letter" corresp="B18720714MB" xml:lang="da-no">
<front>
<pb n="[a]"/>
<HIS:envelope type="envelope">
<address>
<addrLine>Hr: rigsarkivar Birkeland.</addrLine>
<addrLine>Christiania</addrLine>
<addrLine>(Norwegen.)</addrLine>
</address>
</HIS:envelope>
</front>
<body>
<div type="letter">
<dateline>
                            <pb n="[1]"/>Dresden <date>14<hi rend="raised">de</hi> Juli 1872</date> –</dateline>
<salute>Kære ven!</salute>
<p>Allerede imorgen afrejser jeg herfra, og beder Dig, <pb n="[2]"/>for det tilfælde det skulde lykkes Dig at opdrive det <anchor type="lemma" xml:id="koB13_557"/>omskrevne expl: af <HIS:hisRef type="work" target="Navneregister_HISe.xml#woF1">«Fru Inger»</HIS:hisRef>, at sende mig samme til <emph>
                                <HIS:hisRef type="place" target="Navneregister_HISe.xml#plBerGad">Berchtesgaden</HIS:hisRef> in <HIS:hisRef type="place" target="Navneregister_HISe.xml#plBay">Bayern</HIS:hisRef>
                            </emph>, da det således sikkrest og hurtigst kommer mig ihænde. Tør jeg bede Dig gøre <anchor type="lemma" xml:id="koB13_558"/>Morgenbladets exped: opmærksom på min nye adresse?</p>
</div>
</body>
</text>