<?xml version="1.0" encoding="UTF-8"?><text xmlns="http://www.tei-c.org/ns/1.0" xmlns:HIS="http://www.example.org/ns/HIS" rend="letter" corresp="B18730803LD" xml:lang="da-no">
<body>
<div type="letter">
<dateline>
                            <pb n="[1]"/>Pillnitz ved Dresden, <date>3<hi rend="raised">die</hi> August</date>
                        </dateline>
<salute>Min kære ven!</salute>
<p>Hjertelig velkommen, hvis din tid, som jeg håber, tillader eder at gøre en afstikker herud. Med dampskib bruger man en time. Vi bor her «<emph>Am Grunde, N<hi rend="raised">o</hi> 16</emph>». Lad os ikke vente forgæves!</p>
<p>Hils dehrr: <HIS:hisRef type="person" target="Navneregister_HISe.xml#peCMJD">
                                <anchor type="lemma" xml:id="koB13_972"/>Dannfeldt</HIS:hisRef> og <HIS:hisRef type="person" target="Navneregister_HISe.xml#pePNA">Arbo</HIS:hisRef> samt andre gode venner. Skulde der på <anchor type="lemma" xml:id="koB13_973"/>bureauet ligge <anchor type="lemma" xml:id="koB13_974"/>kataloger eller andet til mig, da tag det med!</p>
<p>Med hjertelige hilsener, i al hast,</p>
<salute>din hengivne ven</salute>
<signed>
                            <HIS:hisRef type="tcNote" xml:id="noteT13_158" target="B1871-1879ht_noter.xml" corresp="noteT13_158">
                                <gap/>
                            </HIS:hisRef>
                        </signed>
</div>
</body>
</text>