<?xml version="1.0" encoding="UTF-8"?><text xmlns="http://www.tei-c.org/ns/1.0" xmlns:HIS="http://www.example.org/ns/HIS" rend="letter" corresp="B18530805PBH" xml:lang="da-no">
<front>
<pb n="[a]"/>
<HIS:envelope type="sheet">
<address>
<addrLine>Til</addrLine>
<addrLine>Herr Literatus P. B. Hansen.</addrLine>
<addrLine>Adr: Bogh: Dzwonkowsky.</addrLine>
<addrLine>Christiania</addrLine>
<addrLine>Ved godhed af</addrLine>
<addrLine>Herr Skuespiller Bucher</addrLine>
</address>
</HIS:envelope>
</front>
<body>
<div type="letter">
<salute>
                            <pb n="[1]"/>Min kjære Ven!</salute>
<p>I største Hast nedskriver jeg disse Linier; jeg skulde for lang Tid siden have ladet høre fra mig, men, desværre – kunde jeg blot faa Bugt med <anchor type="lemma" xml:id="koB12_210"/>Opsættelsesdjævelen der gaaer om som en brølende Løve og opsluger alle mine gode Forsætter, saa vilde jeg bestemt blive den punctligste Mand af Verden – – –</p>
<p>Hvorledes har Du det? Befinder Du Dig i velsignede Omstændigheder? Ka<unclear reason="damage">n</unclear> ikke <anchor type="lemma" xml:id="koB12_211"/>Huldrebrylluppet snart vente en <HIS:hisRef type="tcNote" xml:id="noteT12_69" target="B1844-1871ht_noter.xml" corresp="noteT12_69">li<supplied>den</supplied>
                            </HIS:hisRef> Broder eller Søster? Jeg er temmelig productiv, hvilket Du i Vinterens Løb vil erfare. Du maa endelig sende mig et Expl af Huldrebr:, som jeg ikke kan overkomme her, – ligeledes de N<hi rend="raised">o</hi> af <anchor type="lemma" xml:id="koB12_212"/>Andrimner hvori <anchor type="lemma" xml:id="koB12_213"/>Helge Hundingsbane staar! Lover Du mig dette?</p>
<p>Hils <HIS:hisRef type="person" target="Navneregister_HISe.xml#peAOV">
                                <anchor type="lemma" xml:id="koB12_214"/>Vinje</HIS:hisRef> hiin nationale!</p>
<p>Du skal snart høre mere fra mig; kan Du gjøre lidt for <HIS:hisRef type="person" target="Navneregister_HISe.xml#peOJB">
                                <anchor type="lemma" xml:id="koB12_215"/>Overbringeren</HIS:hisRef> (jeg mener nærmest som Criticus) saa spar Dig ikke, – han ønsker meget at gøre Dit Bekjendtskab –</p>
<dateline>
                            <date>5/8. 53</date>.</dateline>
<salute>venskabeligst</salute>
<signed>Henr: Ibsen</signed>
</div>
<div type="postscript">
<p>Hvorledes gaaer det <HIS:hisRef type="person" target="Navneregister_HISe.xml#peTAb">Abildgaard</HIS:hisRef>?</p>
</div>
</body>
</text>