<?xml version="1.0" encoding="UTF-8"?><text xmlns="http://www.tei-c.org/ns/1.0" xmlns:HIS="http://www.example.org/ns/HIS" rend="letter" corresp="B18730327JHT" xml:lang="da-no">
<body>
<div type="letter">
<dateline>
                            <pb n="[1]"/>Dresden den <date>27<hi rend="raised">de</hi> Marts 1873</date>. –</dateline>
<salute>Kære svoger!</salute>
<p>Idet jeg forbindtligst erkender modtagelsen af forrige kvartals gage, vilde jeg være Dem særdeles taknemmelig dersom De dennegang vilde sende mig en veksel snarest muligt, da det er al sandsynlighed for at vi kommer i pengeforlegenhed nogle dage inde i April. Forinden beder jeg Dem imidlertid vise mig den store tjeneste, af beløbet at lade <anchor type="lemma" xml:id="koB13_824"/>indbetale i <HIS:hisRef type="org" target="Navneregister_HISe.xml#orgAftb">
                                <emph>Aftenbladets</emph>
                            </HIS:hisRef> expedition postportoen for det expl: af bladet, som <HIS:hisRef type="org" target="Navneregister_HISe.xml#orgSF">den skandinaviske forening i Rom</HIS:hisRef> erholdt i forrige år, samt porto for samme for de første sex måneder af dette år; det hele vil løbe op til omkring 8 sp<hi rend="raised">d</hi>. Jeg tror jeg tilskrev Dem om denne sag i begyndelsen af 1872 på en tid, da jeg endnu ikke vidste af der var <anchor type="lemma" xml:id="koB13_825"/>ebbe i min kristianiensiske kasse; siden er det <anchor type="lemma" xml:id="koB13_826"/>gåt mig iglemme indtil jeg i disse dage modtog en <anchor type="lemma" xml:id="koB13_827"/>forespørgsel fra <HIS:hisRef type="person" target="Navneregister_HISe.xml#peJB">vor gamle konsul</HIS:hisRef>, og da han, som kommissionær, <anchor type="lemma" xml:id="koB13_828"/>har udlagt et noget lignende beløb for mig, så vilde jeg gerne nu få sagen ordnet. Tilgiv det dermed forbundne bryderi!</p>
<p>
                            <HIS:hisRef type="work" target="Navneregister_HISe.xml#woKG">Mit <anchor type="lemma" xml:id="koB13_829"/>store nye arbejde</HIS:hisRef> blev færdigt i midten af forrige måned; nu afgår <anchor type="lemma" xml:id="koB13_830"/>hver uge <pb n="[2]"/>en portion renskrift til trykkeriet i <HIS:hisRef type="place" target="Navneregister_HISe.xml#plKbh">København</HIS:hisRef>. Det bliver en voluminøs bog, meget større end nogen af mine tidligere; den indeholder nemlig <anchor type="lemma" xml:id="koB13_831"/>to skuespil, hvert i fem akter. –</p>
<p>Vi har nu det fuldstændigste forårsvejr her, med grønne marker, blomster og udsprungne trær. <anchor type="lemma" xml:id="koB13_832"/>Falsens lever vel.</p>
<p>Med hjertelige hilsener fra os alle,</p>
<salute>Deres hengivne</salute>
<signed>Henrik Ibsen.</signed>
</div>
<div type="postscript">
<p>P. s. Hvad er der <anchor type="lemma" xml:id="koB13_833"/>ivejen med <HIS:hisRef type="person" target="Navneregister_HISe.xml#peEdC">de Coninck</HIS:hisRef>? Jeg læser i Mgbld: nogle for mig mystiske bekendtgørelser fra skifteretten. Har han forladt landet? – Er der nogen <anchor type="lemma" xml:id="koB13_834"/>udsigt til at <HIS:hisRef type="person" target="Navneregister_HISe.xml#peTK">Thomas</HIS:hisRef> får stipendium? I vor nuværende <anchor type="lemma" xml:id="koB13_835"/>fejge regerings øjne kunde hans <anchor type="lemma" xml:id="koB13_836"/>«Nytårsfantasier» nok være et motiv til intet at give ham!</p>
<signed>H: I.</signed>
</div>
</body>
</text>