<?xml version="1.0" encoding="UTF-8"?><text xmlns="http://www.tei-c.org/ns/1.0" xmlns:HIS="http://www.example.org/ns/HIS" rend="letter" corresp="Budat186604AK" xml:lang="da-no">
                <body>
<div type="letter" subtype="visitingCard">
<salute>
                            <pb n="[1]"/>Cand. jur A. Klubien store Kannikestræde N 15</salute>
<p>
                            <pb n="[2]"/>Hjertelig Hilsen gjennem <HIS:hisRef type="person" target="Navneregister_HISe.xml#peEGr">
                                <anchor type="lemma" xml:id="koB12_1134"/>en prægtig Karl</HIS:hisRef>, en af dem, som skal give Fremtiden sin Retning.</p>
<salute>Din</salute>
<signed>Henrik Ibsen</signed>
</div>
</body>
</text>