<?xml version="1.0" encoding="UTF-8"?><text xmlns="http://www.tei-c.org/ns/1.0" xmlns:HIS="http://www.example.org/ns/HIS" rend="letter" corresp="B18690516AI" xml:lang="da-no">
<front>
<pb n="[a]"/>
<HIS:envelope type="envelope">
<address>
<addrLine>Herr Skuespiller A. H. Isachsen.</addrLine>
<addrLine>in Christiania.</addrLine>
<addrLine>(Norw<unclear>e</unclear>gen.)</addrLine>
</address>
<stamp>fr:</stamp>
</HIS:envelope>
</front>
<body>
<div type="letter">
<dateline>
                            <pb n="[1]"/>Dresden, <date>16<hi rend="raised">de</hi> Maj 1869</date>. –</dateline>
<salute>Kjære Ven!</salute>
<p>Næsten lige siden min Ankomst hertill, i Begyndelsen af Oktober f. A., har det været min Agt at skrive Dig till, og nu, da <anchor type="lemma" xml:id="koB12_1988"/>eders Theaterferier staar for Døren, vil jeg ikke oppsætte det længere. Du maa være forvisset om at jeg under min lange Udenlandsrejse med Interesse har fulgt <anchor type="lemma" xml:id="koB12_1989"/>Theateranliggenderne hjemme og ligesaa alt, hvad dermed staar i Forbindelse. <anchor type="lemma" xml:id="koB12_1990"/>Norske og danske Blade holder jeg, og jeg har saaledes stadigt kunnet følge med hvad der passerer. Men <emph>en</emph> Ting har forundret mig, nemlig at I Skuespillere intet gjør for at komme ud og se jer omkring i Verden. Jeg kan tale af Erfaring; jeg ved, hvilken Udvikling der ligger i en Rejse. Især har det skaaret mig i Hjertet at ikke Du, med din Begavelse, skal komme ud. Du maa og Du skal gjøre noget i den Henseende. Hør nu mit Raad! Du maa se at komme her till <HIS:hisRef type="place" target="Navneregister_HISe.xml#plDre">Dresden</HIS:hisRef> i Sommer; Theatret spiller hele Tiden og her er udmærkede Kunstnere. At rejse med Familje er for dyrt till at jeg tror Du bør tænke derpaa; men rejser Du <pb n="[2]"/>alene, saa vil Du i et og alt kunne hjælpe Dig med omtrent 120 Sp<hi rend="raised">d</hi> og oppholde Dig her mindst 2 Maaneder. Sig <HIS:hisRef type="org" target="Navneregister_HISe.xml#orgChrTh">Theaterbestyrelsen</HIS:hisRef> at den skal give dig en <anchor type="lemma" xml:id="koB12_1991"/>Extrabenefice i dette Øjemed; sig den, at det er Theatret som høster Fordelen deraf og at det er uforsvarligt om den ikke hjælper Dig afsted. Skulde Theaterbestyrelsen mod Formodning være blind og forstokket, saa gaa till <HIS:hisRef type="person" target="Navneregister_HISe.xml#peTH">Ths: Heftye</HIS:hisRef> og andre <HIS:hisRef type="tcNote" xml:id="noteT12_554" target="B1844-1871ht_noter.xml" corresp="noteT12_554">brave</HIS:hisRef> Mænd og forlang Rejsepenge, gjør dem ansvarlige for alle de uudviklede Muligheder, som ligger i Dig og som en Rejse vilde kunne bringe till Modning. Sig dem, at en Skuespiller maa ud og se den store bølgende Verden; <HIS:hisRef type="place" target="Navneregister_HISe.xml#plKri">
                                <anchor type="lemma" xml:id="koB12_1992"/>Kristiania</HIS:hisRef> er ikke nok. Jeg har den faste Tro at naar Du for Alvor <emph>vil</emph>, saa er Sagen grej at ordne, og <HIS:hisRef type="tcNote" xml:id="noteT12_555" target="B1844-1871ht_noter.xml" corresp="noteT12_555">jeg</HIS:hisRef> mener at Du handler som en <anchor type="lemma" xml:id="koB12_1993"/>Skabhals mod Dig selv, <HIS:hisRef type="tcNote" xml:id="noteT12_556" target="B1844-1871ht_noter.xml" corresp="noteT12_556">om</HIS:hisRef> Du ikke ser at komme afsted. Det er ikke Theaterforestillinger alene, som Du skal se udenlands; ja, om Du ikke saa en eneste, saa vilde Du dog komme <HIS:hisRef type="tcNote" xml:id="noteT12_557" target="B1844-1871ht_noter.xml" corresp="noteT12_557">friskere</HIS:hisRef> og klarere og modnere tillbage; det er umuligt at man hjemme helt og holdent kan blive till alt det, hvortill man bærer Betingelserne i sig. Hertill kommer, mellem os sagt, at jeg mener Du engang, foruden Skuespillerstillingen, maa komme till at <anchor type="lemma" xml:id="koB12_1994"/>beklæde en anden Stilling ved Theatret og en Rejse vilde ogsaa i saa Henseende være Dig till stort Gavn. Gid jeg var Dig nærmere og kunde <pb n="[3]"/>
                            <anchor type="lemma" xml:id="koB12_1995"/>ruske Dig till en fast Beslutning! Skriv mig nu snart till; jeg <anchor type="lemma" xml:id="koB12_1996"/>flytter maaske udenfor Byen till Sommeren, men ganske i Nærheden. Jeg fører et behageligt og sorgfrit Liv og har i Vinter skrevet <anchor type="lemma" xml:id="koB12_1997"/>et nyt <HIS:hisRef type="work" target="Navneregister_HISe.xml#woUF">Lystspil i 5 Akter</HIS:hisRef>, hvilket vil blive indleveret till Theatrene; <anchor type="lemma" xml:id="koB12_1998"/>«<HIS:hisRef type="work" target="Navneregister_HISe.xml#woBr">Brand</HIS:hisRef>» er oversatt paa Tydsk og udkommer till Høsten.</p>
<p>
                            <HIS:hisRef type="tcNote" xml:id="noteT12_558" target="B1844-1871ht_noter.xml" corresp="noteT12_558">Ja</HIS:hisRef>, som sagt, det skulde hjerteligt glæde mig om vi mødtes i Sommer; Dresden er et billigt Levested og i alle Henseender at foretrække for <HIS:hisRef type="place" target="Navneregister_HISe.xml#plBerl">Berlin</HIS:hisRef>. Du vil maaske finde mig meget forandret, men ikke i mit Venskab. Hils <HIS:hisRef type="person" target="Navneregister_HISe.xml#peJI">din <anchor type="lemma" xml:id="koB12_1999"/>ærede Frue</HIS:hisRef> fra mig og lad mig høre fra Dig med det første. Indtill 8<hi rend="raised">de</hi> Juni er min Adresse: «An der Frauenkirche, N<hi rend="raised">o</hi> 6, 1<hi rend="raised">ten</hi> Stock». Vær diplomatisk; indvi ikke flere i Planen, end nødvendigt, – at sige, hvis Du <anchor type="lemma" xml:id="koB12_2000"/>indgaar paa den. Men under alle Omstændigheder, – skriv!</p>
<salute>venskabeligst</salute>
<signed>Henrik Ibsen.</signed>
</div>
</body>
</text>