<?xml version="1.0" encoding="UTF-8"?><text xmlns="http://www.tei-c.org/ns/1.0" xmlns:HIS="http://www.example.org/ns/HIS" rend="letter" corresp="B18520624NTB" xml:lang="da-no">
                <front>
<pb n="[a]"/>
<HIS:envelope type="sheet">
<address>
<addrLine>Til</addrLine>
<addrLine>Bestyrelsen for det norske Theater</addrLine>
<addrLine>in Bergen</addrLine>
<addrLine>Norwegen</addrLine>
</address>
</HIS:envelope>
</front>
<body>
<div type="letter">
<dateline>
                            <pb n="[1]"/>Dresden den <date>24<hi rend="raised">de</hi> Juni 1852</date>.</dateline>
<salute>Til Bestyrelsen for det norske Theater!</salute>
<p>Herved har jeg at tilmelde den ærede Bestyrelse, at jeg afreiste fra <HIS:hisRef type="place" target="Navneregister_HISe.xml#plKbh">Kjøbenhavn</HIS:hisRef> Søndagen den 6<hi rend="raised">te</hi> Dennes, og ankom hertil den paafølgende Onsdag. Aarsagen hvorfor jeg først nu tilskriver Bestyrelsen, er den, at jeg ved min Ankomst hertil var saa uheldig, ikke at træffe <HIS:hisRef type="person" target="Navneregister_HISe.xml#peJCD">
                                <anchor type="lemma" xml:id="koB12_166"/>Professor Dahl</HIS:hisRef> hjemme; han var nemlig tagen paa Landet og jeg fik ham derfor først i Tale den 16<hi rend="raised">de</hi>. – Han har nu udvirket at jeg faaer Adgang til <anchor type="lemma" xml:id="koB12_167"/>Theatrets indre Indretninger, hvoraf jeg er forvisset om at ville have stor Nytte, da Alt er i en fortrinlig Stand. Adgangen til Theatrets Forestillinger maa jeg derimod betale; <anchor type="lemma" xml:id="koB12_168"/>Repertoiret er vistnok ret godt, men indtil nu har jeg dog kun seet eet Stykke som kan benyttes hos os, og som jeg derfor skal medbringe. – Af Bestyrelsens <pb n="[2]"/>Brev seer jeg, at Theatret har faaet Kostümeværker fra <HIS:hisRef type="place" target="Navneregister_HISe.xml#plPa">Paris</HIS:hisRef>; i modsat Fald skulde jeg have anbefalet et Par fortrinlige Værker, som jeg er bleven bekjendt med, nemlig <HIS:hisRef type="person" target="Navneregister_HISe.xml#peCBo">
                                <anchor type="lemma" xml:id="koB12_169"/>Bonnards</HIS:hisRef> Kostümer fra det 13<hi rend="raised">de</hi> og de 5 derpaa følgende Aarhundreder samt en Samling af spanske Folkedragter, som nylig er udkommen her. – Af Bestyrelsens sidste Brev erfarer jeg ogsaa, at det ikke har været dens Mening at udrede Honoraret for Dandseunderviisningen af Theatrets Kasse; – herom blev der mig ved min Afreise Intet sagt, der blev mig kun paalagt at skaffe Skuespillerne en Dandselærer og da Directionen tillige yttrede det Ønskelige i at faa en saadan til de i <HIS:hisRef type="tcNote" xml:id="noteT12_59" target="B1844-1871ht_noter.xml" corresp="noteT12_59">Bergen</HIS:hisRef> værende Skuespillere, saa antog jeg at deri var udtalt det Princip, at Personalets Dandseunderviisning bør udredes af Theaterkassen; for <HIS:hisRef type="person" target="Navneregister_HISe.xml#peHaNi">H. Nielsens</HIS:hisRef> Vedkommende maatte ialfald dette Princip komme i Anvendelse; han <anchor type="lemma" xml:id="koB12_170"/>reiste jo paa egen Bekostning, og det gik vel saaledes neppe an at foreskrive ham en extra Pengeudtælling, især da dog Theatret i den Uddannelse Reisen forøvrigt maa ansees at have forskaffet ham, vil finde tilstrækkeligt <anchor type="lemma" xml:id="koB12_171"/>Eqvivalent for den givne Reisetilladelse; og med Hensyn til <HIS:hisRef type="person" target="Navneregister_HISe.xml#peJFB">
                                <anchor type="lemma" xml:id="koB12_172"/>Bruun</HIS:hisRef> da troer jeg, at han havde tilovers af sit Reisestipendium saameget, at han dermed kunde bestride Udgivterne paa Hjemreisen, men heller ikke mere. Jeg <pb n="[3]"/>havde saaledes intet Andet at gjøre, end at betale. Under alle Omstændigheder haaber jeg at den ærede Bestyrelse sørger for at mine udlagte Penge blive mig godtgjorte. – I Anledning af min Ansøgning om Forskud hvilket ikke <HIS:hisRef type="tcNote" xml:id="noteT12_60" target="B1844-1871ht_noter.xml" corresp="noteT12_60">bevilgedes,</HIS:hisRef> yttrer Bestyrelsen at jeg maa have anvendt en mindre rigtig Oeconomie, eftersom Stipendiet ikke er tilstrækkeligt; det vilde gjøre mig Ondt, om Bestyrelsen skulde vedblive at være af denne Mening, og jeg maa derfor tillade mig at paapege Følgende: Reisen fra <HIS:hisRef type="place" target="Navneregister_HISe.xml#plBerg">
                                <HIS:hisRef type="tcNote" xml:id="noteT12_61" target="B1844-1871ht_noter.xml" corresp="noteT12_61">Bergen</HIS:hisRef>
                            </HIS:hisRef> til Kjøbenhavn medtog omtrent 40 Sp. Jeg har anseet det fornødent at anskaffe mig adskillige Bøger og kunde tiltrænge endnu flere, saafremt jeg havde Penge dertil. Endvidre maa jeg selv betale min Entree i Theatret hersteds, og at jeg <anchor type="lemma" xml:id="koB12_173"/>gjævnlig maa besøge dette er en Selvfølge; thi det kan kun lidt nytte mig at blive bekjendt med Maskineri, Decorationsvæsen, o. s. v – naar jeg ikke tillige seer dets Anvendelse. Stipendiet bliver desuden ikke at fordele paa tre, men paa tre og en halv Maaned og endelig vil <HIS:hisRef type="person" target="Navneregister_HISe.xml#peKNe">Herr Sorenskriver <anchor type="lemma" xml:id="koB12_174"/>Neergaard</HIS:hisRef> kunne erindre at jeg, da jeg af ham ved min Afreise erholdt udbetalt 60 Sp, anmodede om at 20 Sp af disse maatte betragtes som et Forskud, da en saadan Sum vilde medgaa til Endeel <anchor type="lemma" xml:id="koB12_175"/>Eqviperingsgjenstande og saaledes ikke komme mig tilgode paa Reisen; hertil <pb n="[4]"/>svarede Herr Sorenskriveren, at dette kunde tidsnok skee, saafremt det viste sig at Stipendiet var utilstrækkeligt. At dette er Tilfældet, derom er jeg nu forvisset; jeg haaber derfor at den ærede Bestyrelse ialfald bevilger mig de her omhandlede 20 Sp. da jeg ellers bliver nødt til at tage fra <HIS:hisRef type="place" target="Navneregister_HISe.xml#plHam">Hamburg</HIS:hisRef> med Skibsleilighed, og derved maaskee tabe meget af den Tid som er mig aldeles fornøden, dersom jeg for Theatret skal kunne udrette Noget inden Saisonens Begyndelse; – jeg har nu af Stipendiet saameget tilbage, som jeg behøver til mit Ophold her, og for de her omhandlede 20 Sp. samt mit Udlæg i Kjøbenhavn efter tilstillet Regning, vil jeg kunne bestride Reiseomkostningerne paa Hjemtouren, men heller ikke mere. – I Haab om at den ærede Bestyrelse indvilger i min Anmodning tegner jeg mig</p>
<salute>ærbødigst</salute>
<signed>Henr: Ibsen</signed>
</div>
<div type="postscript">
<p>P. S. Min Adresse er: <HIS:hisRef type="person" target="Navneregister_HISe.xml#peWT">
                                <anchor type="lemma" xml:id="koB12_176"/>Wundartz Troitzh</HIS:hisRef>, <anchor type="lemma" xml:id="koB12_177"/>Töpfergasse, N<hi rend="raised">o</hi> 13, 3<hi rend="raised">de</hi> Etage.</p>
<p>Jeg tillader mig tillige at anmode Bestyrelsen at opgive mig <anchor type="lemma" xml:id="koB12_178"/>naar Dampskibet sidste Gang i Juli afgaaer fra Hamburg til <HIS:hisRef type="tcNote" xml:id="noteT12_62" target="B1844-1871ht_noter.xml" corresp="noteT12_62">Bergen</HIS:hisRef> for at jeg derefter kan indrette min Afreise herfra. – Hersteds er ingen Underretning desangaaende at erholde. –</p>
</div>
</body>
</text>