<?xml version="1.0" encoding="UTF-8"?><text xmlns="http://www.tei-c.org/ns/1.0" xmlns:HIS="http://www.example.org/ns/HIS" rend="letter" corresp="B18710413KongK4" xml:lang="da-no">
                <body>
<div type="letter">
<salute>
                            <pb n="[1]"/>Til Kongen!</salute>
<p>Ifølge <anchor type="lemma" xml:id="koB12_3111"/>
                            <HIS:hisRef type="org" target="Navneregister_HISe.xml#orgKUMin">det danske kultus-ministeriums</HIS:hisRef> skrivelse af sidstleden 30<hi rend="raised">te</hi> Januar har det under 24<hi rend="raised">de</hi> samme måned behaget <HIS:hisRef type="person" target="Navneregister_HISe.xml#peKongChr9">Hans Majestæt, <anchor type="lemma" xml:id="koB12_3112"/>Kongen af Danmark</HIS:hisRef>, som en allerhøjeste anerkendelse af min forfattervirksomhed, at <anchor type="lemma" xml:id="koB12_3113"/>benåde mig med <anchor type="lemma" xml:id="koB12_3114"/>Dannebrogs-ordenens ridderkors.</p>
<p>Som følge heraf ansøger jeg herved om Deres Majestæts tilladelse til at <anchor type="lemma" xml:id="koB12_3115"/>anlægge og bære bemeldte ordensdekoration.</p>
<dateline>Dresden den <date>13<hi rend="raised">de</hi> April 1871</date>.</dateline>
<salute>underdanigst</salute>
<signed>Henrik Ibsen.</signed>
</div>
</body>
</text>