<?xml version="1.0" encoding="UTF-8"?><text xmlns="http://www.tei-c.org/ns/1.0" xmlns:HIS="http://www.example.org/ns/HIS" rend="letter" corresp="B18730609ESta" xml:lang="da-no">
<body>
<div type="letter">
<p>
                            <pb n="[1]"/>
                            <anchor type="lemma" xml:id="koB13_922"/>I de første Maaneder af 1857 sendte jeg fra <HIS:hisRef type="place" target="Navneregister_HISe.xml#plBerg">Bergen</HIS:hisRef>, hvor jeg dengang opholdt mig, en Afskrift af <HIS:hisRef type="work" target="Navneregister_HISe.xml#woF1">«Fru Inger»</HIS:hisRef> til <HIS:hisRef type="person" target="Navneregister_HISe.xml#pePBH">Botten-Hansen</HIS:hisRef> i <HIS:hisRef type="place" target="Navneregister_HISe.xml#plKri">Christiania</HIS:hisRef>, med Anmodning om dersteds at skaffe mig en Forlægger til Stykket. –</p>
<p>Som svar herpaa foreslog Botten-Hansen mig, imod et Honorar af 50 Spd at lade Stykket indrykke i <HIS:hisRef type="org" target="Navneregister_HISe.xml#orgIN">«Nyhedsbladet»</HIS:hisRef>. –</p>
<p>
                            <pb n="[2]"/>
                            <anchor type="lemma" xml:id="koB13_923"/>Herpaa gik jeg ind, og i Sommerens Løb udkom Stykket i <anchor type="lemma" xml:id="koB13_924"/>5 paa hinanden følgende Nummere af Bladet. –</p>
<p>
                            <anchor type="lemma" xml:id="koB13_925"/>Kort efter ankom jeg til Christiania og erfarede der, at man i Nyhedsbladets Trykkeri uden mit Vidende havde taget <anchor type="lemma" xml:id="koB13_926"/>Separataftryk af Stykket, hvilke solgtes for Bladets Regning. –</p>
<p>Af det Honorar, Botten-Hansen havde tilbudt mig, erholdt jeg efter mange Vanskeligheder udbetalt gjennem nu afdøde Cand. theol. <HIS:hisRef type="person" target="Navneregister_HISe.xml#peHBi">Birkrem</HIS:hisRef>, Casserer for <HIS:hisRef type="tcNote" xml:id="noteT13_148" target="B1871-1879ht_noter.xml" corresp="noteT13_148">Bladet,</HIS:hisRef> 32 Spd. Det Resterende har jeg aldrig erholdt. –</p>
<p>I Begyndelsen af 1858 solgte jeg, som da havde taget Bolig i Christiania, ligeledes til Botten-Hansen, Retten til at lade <HIS:hisRef type="work" target="Navneregister_HISe.xml#woHH">«Hærmændene paa Helgeland»</HIS:hisRef> trykke som Tillægshefte for Nyhedsbladets <HIS:hisRef type="tcNote" xml:id="noteT13_149" target="B1871-1879ht_noter.xml" corresp="noteT13_149">Abonnenter</HIS:hisRef>, imod en Godtgjørelse af 30 Spd, hvorfor det fra Bladets Side betingedes, at Bogen skulde trykkes i 2200 Exemplarer. – Abonnenternes Antal opgaves mig at være 1700. Var dette Opgivende rigtigt, saa udkommer altsaa et Overskud af 500 <pb n="[3]"/>Exemplarer, hvilke i Aarenes Løb ere solgte til Fordel for Bladet. Paa den sidste Side i Bogen staar: «Tillægshefte for Illustreret Nyhedsblads Abonnenter». – For dette Stykke har jeg faaet Honoraret udbetalt. –</p>
<p>Jeg var paa de <anchor type="lemma" xml:id="koB13_927"/>heromhandlede Tidspunkter <anchor type="lemma" xml:id="koB13_928"/>ikke lønnet Medarbeider i «Nyhedsbladet». –</p>
<p>Bogtrykker <HIS:hisRef type="person" target="Navneregister_HISe.xml#peHJJ">H. J. Jensen</HIS:hisRef> stod personlig ganske udenfor de ovenfor nævnte Underhandlinger. –</p>
<p>Jeg <anchor type="lemma" xml:id="koB13_929"/>betvivler at de to Bøger, hvoraf den ene med mit Samtykke aldrig har været i Boghandelen, i længere Tid kan have været udsolgte. –</p>
<dateline>Dresden den <date>9 Juni 1873</date>. –</dateline>
</div>
</body>
</text>