<?xml version="1.0" encoding="UTF-8"?><text xmlns="http://www.tei-c.org/ns/1.0" xmlns:HIS="http://www.example.org/ns/HIS" rend="letter" corresp="B18720112ChrTh" xml:lang="da-no">
<body>
<div type="letter">
<dateline>
                            <pb n="[1]"/>Dresden den <date>12<hi rend="raised">te</hi> Januar 1872</date>. –</dateline>
<salute>Til direktionen for Kristiania theater!</salute>
<p>Som dramatisk forfatter er det mig naturligvis af vigtighed under min fraværelse fra hjemmet at kunne, gennem pålidelige meddelelser, følge theatrets virksomhed og standpunkt betræffende dets præstationer, dets kunstneriske kræfter og andet lignende, om hvilket den offentlige bladkritik ikke altid kan være mig tilstrækkelig orienterende.</p>
<p>
                            <anchor type="lemma" xml:id="koB13_200"/>For et par år siden anmodede jeg derfor den daværende theaterbestyrelse om at der måtte holdes åben en friplads i parkettet til afbenyttelse for min svoger, bureauchef <HIS:hisRef type="person" target="Navneregister_HISe.xml#peJHT">J. H. Thoresen</HIS:hisRef>, – en anmodning, på hvilken theatrets foresatte <anchor type="lemma" xml:id="koB13_201"/>med beredvillighed indgik.</p>
<p>
                            <anchor type="lemma" xml:id="koB13_202"/>I disse dage har jeg af «Morgenbladet» erfaret at samtlige fribilletter fra nytår af er inddragne, for, som jeg må formode, kun delvis igen at fornyes.</p>
<p>Jeg tillader mig i den anledning at forespørge, om <anchor type="lemma" xml:id="koB13_203"/>
                            <emph>min</emph> fribillet hører blandt <pb n="[2]"/>de inddragne og ikke igen fornyede?</p>
<p>Er dette tilfældet, vil jeg være theaterbestyrelsen taknemmelig for en meddelelse derom, da jeg i så fald må træffe andre foranstaltninger for at vedligeholde forbindelsen med vor scene under min fraværelse.</p>
<salute>ærbødigst</salute>
<signed>Henrik Ibsen.</signed>
</div>
</body>
</text>