<?xml version="1.0" encoding="UTF-8"?><text xmlns="http://www.tei-c.org/ns/1.0" xmlns:HIS="http://www.example.org/ns/HIS" rend="letter" corresp="B18670304NR" xml:lang="da-no">
                <front>
<pb n="[a]"/>
<HIS:envelope type="sheet">
<address>
<addrLine>All Illmo Signore</addrLine>
<addrLine>Il Maestro N: Ravnkilde.</addrLine>
<addrLine>Via di Ripetta, N<hi rend="raised">o</hi> 39.</addrLine>
<addrLine>Roma.</addrLine>
</address>
</HIS:envelope>
</front>
<body>
<div type="letter">
<salute>
                            <pb n="[1]"/>Kjære Ven!</salute>
<p>Du sagde igaar at Du kunde afsee nogle Penge i disse Dage. Jeg huskede ikke da at jeg havde Huslejen at betale. – Kan Du uden at det generer Dig, saa vær saa god at levere det till <anchor type="lemma" xml:id="koB12_1479"/>Kustodekonen.</p>
<salute>venskabeligst</salute>
<signed>Henrik Ibsen.</signed>
<dateline>Rom d: <date>4<hi rend="raised">de</hi> Marts 1867</date>. –</dateline>
</div>
</body>
</text>