<?xml version="1.0" encoding="UTF-8"?><text xmlns="http://www.tei-c.org/ns/1.0" xmlns:HIS="http://www.example.org/ns/HIS" rend="letter" corresp="B18710225FH" xml:lang="da-no">
                <body>
<div type="letter">
<dateline>
                            <pb n="[1]"/>Dresden den <date>25<hi rend="raised">de</hi> Februar 1871</date>. –</dateline>
<salute>Kære herr Hegel!</salute>
<p>Hermed følger atter <anchor type="lemma" xml:id="koB12_3045"/>otte sider manuskript, og dermed er det hele færdigt og afleveret fra min hånd. Som De vil se, sender jeg også denne gang <anchor type="lemma" xml:id="koB12_3046"/>to ikke på indholdslisten opførte digte; deres plads har jeg imidlertid angivet, så der forhåbentlig ingen misforståelse vil finde sted; den hele <anchor type="lemma" xml:id="koB12_3047"/>liste kommer til at indeholde 54 digte.</p>
<p>Korrektur behøver jeg ikke. Jeg stoler ganske på <HIS:hisRef type="person" target="Navneregister_HISe.xml#peAuLa">herr <anchor type="lemma" xml:id="koB12_3048"/>Larsens</HIS:hisRef> noksom beviste dygtighed, og beklager kun at jeg under opholdet i <HIS:hisRef type="place" target="Navneregister_HISe.xml#plKbh">København</HIS:hisRef> så skammeligt forsømte at takke ham for al god hjælp. –</p>
<p>Hjertelige hilsener til Dem og <HIS:hisRef type="person" target="Navneregister_HISe.xml#peJH">Deres søn</HIS:hisRef> fra</p>
<salute>Deres stedse hengivne</salute>
<signed>Henrik Ibsen.</signed>
</div>
<div type="postscript">
<p>P. S. <anchor type="lemma" xml:id="koB12_3049"/>Tak for Götheborgs-posten og hvad jeg ellers fra tid til anden har modtaget fra Dem!</p>
<signed>H. I.</signed>
</div>
</body>
</text>