<?xml version="1.0" encoding="UTF-8"?><text xmlns="http://www.tei-c.org/ns/1.0" xmlns:HIS="http://www.example.org/ns/HIS" rend="letter" corresp="B18570417PBH" xml:lang="da-no">
                <front>
<pb n="[a]"/>
<HIS:envelope type="sheet">
<address>
<addrLine>Hr: stud: philolog. P. B. Hansen.</addrLine>
<addrLine>Christiania.</addrLine>
</address>
</HIS:envelope>
</front>
<body>
<div type="letter">
<dateline>
                            <pb n="[1]"/>Bergen den <date>17<hi rend="raised">de</hi> April 1857</date>.</dateline>
<salute>Min kjære gamle Ven!</salute>
<p>Herved sender jeg Dig først og fremst en hjertelig Hilsen og dernæst nogle <anchor type="lemma" xml:id="koB12_344"/>Bemærkninger over <HIS:hisRef type="work" target="Navneregister_HISe.xml#woOmKj">Kjæmpeviserne</HIS:hisRef> med Anmodning om at faa dem optagne i <anchor type="lemma" xml:id="koB12_345"/>Dit Blad. Saafremt Du maatte være villig til at gjøre Brug af min Opsats, beder jeg Dig at indtage den i saa store Portioner som muligt og fremfor Alt at dele den paa de mest passende Steder samt endelig at sørge for at en nøiagtig Retskrivning og <anchor type="lemma" xml:id="koB12_346"/>Interpunction bliver iagttagen, jeg har nemlig, som Du seer, ladet Manuscriptet renskrive af <HIS:hisRef type="person" target="Navneregister_HISe.xml#peKKn">
                                <anchor type="lemma" xml:id="koB12_347"/>en Anden</HIS:hisRef> og har kun flygtigt læst Reenskriften igjennem. Jeg har mangengang havt isinde at tilskrive Dig men altid er det blevet opsat, <anchor type="lemma" xml:id="koB12_348"/>nogle Reiseskildringer tænkte jeg ogsaa engang paa at sende Dig men deraf blev heller Intet, – til Sommeren <anchor type="lemma" xml:id="koB12_349"/>agter jeg imidlertid at begive mig ud paa en lang Vandring og maaskee jeg da kunde skikke Dig noget Brugbart. Om mine Forholde her ved jeg intet af Interesse at fortælle Dig undtagen at jeg i forrige <pb n="[2]"/>Aar blev – forlovet med <HIS:hisRef type="person" target="Navneregister_HISe.xml#peSuI">en Datter</HIS:hisRef> af <HIS:hisRef type="person" target="Navneregister_HISe.xml#peHCT">Provst Thoresen</HIS:hisRef> her i Bergen (<HIS:hisRef type="person" target="Navneregister_HISe.xml#peMT">
                                <anchor type="lemma" xml:id="koB12_350"/>hendes Stedmoder</HIS:hisRef> er <HIS:hisRef type="tcNote" xml:id="noteT12_119" target="B1844-1871ht_noter.xml" corresp="noteT12_119">Forfatterinden</HIS:hisRef> af <anchor type="lemma" xml:id="koB12_351"/>«Et Vidne» og et Par andre Stykker som Du i sin Tid har omtalt i Nyhedsbladet). For <anchor type="lemma" xml:id="koB12_352"/>Din Anmeldelse af <HIS:hisRef type="work" target="Navneregister_HISe.xml#woG1">«Gildet paa Solhoug»</HIS:hisRef> takker jeg paa det hjerteligste; <anchor type="lemma" xml:id="koB12_353"/>mit nye Stykke <HIS:hisRef type="work" target="Navneregister_HISe.xml#woOL1">«Olaf Liljekrans»</HIS:hisRef> har jeg <anchor type="lemma" xml:id="koB12_354"/>sendt til <HIS:hisRef type="org" target="Navneregister_HISe.xml#orgChrTh">Christiania Theater</HIS:hisRef> for et Par Maaneder siden men <HIS:hisRef type="person" target="Navneregister_HISe.xml#peCPB">Borgaard</HIS:hisRef> er just ikke af dem der forhaster sig. Mit bedste Stykke <HIS:hisRef type="work" target="Navneregister_HISe.xml#woF1">
                                <anchor type="lemma" xml:id="koB12_355"/>«Fru Inger til Østeraad»</HIS:hisRef> har han ikke villet optage paa Repertoiret forinden Adskilligt deri blev forandret hvilket jeg imidlertid ikke vilde indgaa paa; ved Nytaarstid sendte jeg det til <HIS:hisRef type="person" target="Navneregister_HISe.xml#peCT">Chr: Tønsberg</HIS:hisRef> med Anmodning om at udgive det hvilket han ikke for Tiden kunde indlade sig paa, og da det er mig i høi Grad magtpaaliggende at faa dette mit bedste Arbeide offentliggjort saa vil jeg herved bede Dig at tage Dig af Tingen og gjøre for mig hvad Du kan. Stykket ligger hos Tønsberg, læs det igjennem <HIS:hisRef type="tcNote" xml:id="noteT12_120" target="B1844-1871ht_noter.xml" corresp="noteT12_120">og</HIS:hisRef> <anchor type="lemma" xml:id="koB12_356"/>skaf mig en Forlægger! Vilkaarene bryder jeg mig ikke om – Honoraret giver jeg gjerne Slip paa naar Du blot kan faa <HIS:hisRef type="tcNote" xml:id="noteT12_121" target="B1844-1871ht_noter.xml" corresp="noteT12_121">det</HIS:hisRef> i Trykken – jeg er vis paa at dersom Du venskabeligst vilde virke for mig saa lykkedes det nok. Det er faldet mig ind om det ikke kunde udgives til Indtægt for <HIS:hisRef type="org" target="Navneregister_HISe.xml#orgStud">
                                <anchor type="lemma" xml:id="koB12_357"/>Studentersamfundets</HIS:hisRef> Byggefond; – jeg ønskede gjerne at ledsage Stykket med en liden Prolog <pb n="[3]"/>tilegnet <anchor type="lemma" xml:id="koB12_358"/>det unge skandinaviske Norden. Kjære Ven! lad mig see Du hjælper mig – jeg giver Dig <anchor type="lemma" xml:id="koB12_359"/>Hals og Haand over «Fru Inger», pres en Forlægger saalænge til han giver efter –!!</p>
<p>Dersom Du med det Snareste vilde sende mig nogle Linier saa var det snildt! Lad mig vide hvorledes Du og <anchor type="lemma" xml:id="koB12_360"/>vore Bekjendte leve derinde; – Lev vel saalænge.</p>
<salute>venskabeligst</salute>
<signed>Henr: Ibsen</signed>
</div>
</body>
</text>