<?xml version="1.0" encoding="UTF-8"?><text xmlns="http://www.tei-c.org/ns/1.0" xmlns:HIS="http://www.example.org/ns/HIS" rend="letter" corresp="B18710121FH" xml:lang="da-no">
                <body>
<div type="letter">
<dateline>
                            <pb n="[1]"/>Dresden, <date>21<hi rend="raised">de</hi> Januar 1871</date>. –</dateline>
<salute>Kære herr Hegel!</salute>
<p>Hermed følger <anchor type="lemma" xml:id="koB12_2913"/>en del manuscript til digtsamlingen; jeg skal hver uge sende Dem en lignende skreven portion. Digtet <HIS:hisRef type="work" target="Navneregister_HISe.xml#woPVi">«<HIS:hisRef type="tcNote" xml:id="noteT12_713" target="B1844-1871ht_noter.xml" corresp="noteT12_713">På</HIS:hisRef> vidderne»</HIS:hisRef> ønskes delt i afsnit, således som antydet, altså med et større mellemrum mellem partierne. På dette digt og på <HIS:hisRef type="work" target="Navneregister_HISe.xml#woTV">«Terje Vigen»</HIS:hisRef> ønskede jeg gerne at læse en revision for mulige forbedringers skyld. Hvis De så synes, så tænker jeg vi gør samlingen mellem <anchor type="lemma" xml:id="koB12_2914"/>8–9 ark stor. Jeg har materialier til meget mere, men det kan ligge indtil videre. Formatet bør helst være <anchor type="lemma" xml:id="koB12_2915"/>som <HIS:hisRef type="person" target="Navneregister_HISe.xml#peECR">Richardts</HIS:hisRef> eller <HIS:hisRef type="person" target="Navneregister_HISe.xml#peCPP">Plougs</HIS:hisRef> digte, og ligesom i disse bør hvert digt begynde på en ny side. Ønsker De imidlertid et andet arrangement, så har De <pb n="[2]"/>naturligvis fri hænder. Megen pris vilde jeg sætte på at sætteren nøje iagttog at <anchor type="lemma" xml:id="koB12_2916"/>verskolonnerne altid kom lige midt under sidetallet, således at der ikke blev mere blankt papir på den ene end på den anden side; dette påagtes ikke altid i trykkerierne og udseendet skades derved. Samlingen havde jeg tænkt at kalde <HIS:hisRef type="work" target="Navneregister_HISe.xml#woDi">«Spredte digte»</HIS:hisRef>, eller, hvis De tror det bedre, simpelt hen «Digte». Herom håber jeg at <anchor type="lemma" xml:id="koB12_2917"/>høre Deres mening. De <anchor type="lemma" xml:id="koB12_2918"/>i tryk medfølgende tre digte vil blive <HIS:hisRef type="tcNote" xml:id="noteT12_714" target="B1844-1871ht_noter.xml" corresp="noteT12_714">anbragte</HIS:hisRef> langt ude i samlingen, <HIS:hisRef type="tcNote" xml:id="noteT12_715" target="B1844-1871ht_noter.xml" corresp="noteT12_715">men</HIS:hisRef> kan jo altid foreløbig sættes. Af smådigtene i mine andre bøger tager jeg intet med; <anchor type="lemma" xml:id="koB12_2919"/>
                            <HIS:hisRef type="person" target="Navneregister_HISe.xml#peBB">Bjørnson</HIS:hisRef> har gjort det for grovt i denne henseende. – Er ikke <anchor type="lemma" xml:id="koB12_2920"/>papiret i «Arnljot Gelline» tyndere end i vore andre bøger? Eller er det de nye typer, der er skarpere og derfor skærer mere igennem? Hvis tykkere papir ikke forøger bogens pris, vilde jeg henstille til Dem at benytte sådant; men <pb n="[3]"/>kun under den nævnte forudsætning.</p>
<p>Det glæder mig meget at <anchor type="lemma" xml:id="koB12_2921"/>den norske regering har påskønnet Deres store fortjenester af den norske literaturs udbredelse; den har netop derved hædret samtlige os norske forfattere, der arbejder sammen med Dem. – For de tilsendte anmeldelser takker jeg forbindtligst. Men jeg må desværre befrygte at <HIS:hisRef type="org" target="Navneregister_HISe.xml#orgKT">theaterdirektionen</HIS:hisRef> ikke har benyttet <anchor type="lemma" xml:id="koB12_2922"/>de af mig foretagne forkortelser, ellers kunde umuligt opførelsen medtage <anchor type="lemma" xml:id="koB12_2923"/>så lang tid. Det lader også til at theatret ikke har påagtet de <anchor type="lemma" xml:id="koB12_2924"/>forandringer, der er foretagne i 2<hi rend="raised">den</hi> udgave; ialfald anker <HIS:hisRef type="person" target="Navneregister_HISe.xml#peCR">Dr: Rosenberg</HIS:hisRef> over et udtryk, som jo ikke findes i denne. Var det muligt at skaffe mig oplysning om disse ting, vilde det meget berolige mig.</p>
<p>Med hjertelig hilsen</p>
<salute>Deres hengivne</salute>
<signed>Henrik Ibsen.</signed>
</div>
</body>
</text>