<?xml version="1.0" encoding="UTF-8"?><text xmlns="http://www.tei-c.org/ns/1.0" xmlns:HIS="http://www.example.org/ns/HIS" rend="letter" corresp="B18660521FH" xml:lang="da-no">
                <body>
<div type="letter">
<dateline>
                            <pb n="[1]"/>Rom den <date>21<hi rend="raised">de</hi> Mai 1866</date>.</dateline>
<salute>Kjære Hr: Cancelliraad Hegel!</salute>
<p>Idag havde jeg den særdeles Glæde at modtage Deres Brev af 12<hi rend="raised">te</hi> dennes og skynder mig herved at faa det besvaret før Postens Afgang.</p>
<p>Intet kunde være mig mere kjærkomment end at erfare <anchor type="lemma" xml:id="koB12_1256"/>Behovet af <HIS:hisRef type="work" target="Navneregister_HISe.xml#woBr">et nyt Opplag af mit Digt</HIS:hisRef>. Jeg haaber at <anchor type="lemma" xml:id="koB12_1257"/>Correctøren sørger for saavel at <anchor type="lemma" xml:id="koB12_1258"/>de paapegede Trykfejl rettes, som at ingen nye indsniger sig. <anchor type="lemma" xml:id="koB12_1259"/>Det tillbudte Honorar modtager jeg med <HIS:hisRef type="tcNote" xml:id="noteT12_369" target="B1844-1871ht_noter.xml" corresp="noteT12_369">megen</HIS:hisRef> Takknemmelighed.</p>
<p>Maaske turde jeg ogsaa dennegang anmode Dem om at erholde Beløbet i <anchor type="lemma" xml:id="koB12_1260"/>Vexel paa <HIS:hisRef type="place" target="Navneregister_HISe.xml#plPa">Paris</HIS:hisRef>. Derhos beder jeg Dem om af Honorarets Sum at fradrage 5 Rdlr: og lade dette Beløb indbetale paa <anchor type="lemma" xml:id="koB12_1261"/>«Fædrelandets» Contor till <HIS:hisRef type="person" target="Navneregister_HISe.xml#peGr">Redaktør Grimms Enke og Børn</HIS:hisRef>, dog uden at nævne mit Navn.</p>
<p>Af modtagne Telegrammer erfarer jeg at <anchor type="lemma" xml:id="koB12_1263"/>
                            <HIS:hisRef type="org" target="Navneregister_HISe.xml#orgStort">Storthinget</HIS:hisRef> har bevilget den af Regjeringen for mig forlangte Gage, 400 Sp<hi rend="raised">d</hi> aarlig. <pb n="[2]"/>Da jeg endvidere af <anchor type="lemma" xml:id="koB12_1264"/>de norske Blade ser at <anchor type="lemma" xml:id="koB12_1265"/>
                            <HIS:hisRef type="org" target="Navneregister_HISe.xml#orgKNVS">Videnskabsselskabet</HIS:hisRef> i <HIS:hisRef type="place" target="Navneregister_HISe.xml#plTrhm">Throndhjem</HIS:hisRef> har <HIS:hisRef type="tcNote" xml:id="noteT12_370" target="B1844-1871ht_noter.xml" corresp="noteT12_370">bevilget</HIS:hisRef> mig 100 Sp og jeg desuden hernede er forsynet med Penge, saa behøver jeg ikke for Øjeblikket at gjøre Brug af Deres velvillige Tillbud om Forskud, et Tillbud som jeg beder Dem være forvisset om at jeg ligefuldt med Varme og Opprigtighed paaskjønner og hvorfor jeg beder Dem modtage min hjerteligste Takksigelse. Derimod tillader jeg mig at anmode Dem om, af 2<hi rend="raised">den</hi> Udgave af «Brand» at lade 3 Expl: for min Regning <anchor type="lemma" xml:id="koB12_1262"/>smukt indbinde og afsende, de 2 till <HIS:hisRef type="place" target="Navneregister_HISe.xml#plSthlm">
                                <emph>Stokholm</emph>
                            </HIS:hisRef> till <HIS:hisRef type="person" target="Navneregister_HISe.xml#peGS">Statsminister Sibbern</HIS:hisRef> og det 3<hi rend="raised">die</hi> till <HIS:hisRef type="person" target="Navneregister_HISe.xml#peFStang">Statsraad Stang</HIS:hisRef> i <HIS:hisRef type="place" target="Navneregister_HISe.xml#plKri">
                                <emph>Christiania</emph>
                            </HIS:hisRef>. Det ene af de till Sibbern sendte Expl: er bestemt till <HIS:hisRef type="person" target="Navneregister_HISe.xml#peKongK4">Kongen</HIS:hisRef>, som i denne Tid har taget sig af min Sag med megen Varme. Udstyret forøvrigt overlader jeg till Deres eget Valg og skal en af de nærmeste Postdage tillade mig at fremsende et Par smaa Skrivelser, som jeg ønsker at faa ledsage Bøgerne med.</p>
<p>Hvilket Arbejde jeg først tager fat paa skal jeg i den nærmeste Fremtid kunne <HIS:hisRef type="tcNote" xml:id="noteT12_371" target="B1844-1871ht_noter.xml" corresp="noteT12_371">meddele</HIS:hisRef> Dem. Jeg føler mere og mere Lyst till for Alvor at give mig i Kast med <anchor type="lemma" xml:id="koB12_1266"/>
                            <HIS:hisRef type="work" target="Navneregister_HISe.xml#woKG">«Kejser Julian»</HIS:hisRef>, som jeg har tænkt paa i to Aar; at <anchor type="lemma" xml:id="koB12_1267"/>
                            <anchor type="lemma" xml:id="koB12_1268"/>Sujettet er behandlet af <HIS:hisRef type="person" target="Navneregister_HISe.xml#peCHau">Hauch</HIS:hisRef> kan naturligvis ikke afholde mig da jeg er <pb n="[3]"/>forvisset om at min Oppfattning i et og alt vil blive grundforskjellig fra hans. Hauchs Digt <HIS:hisRef type="tcNote" xml:id="noteT12_372" target="B1844-1871ht_noter.xml" corresp="noteT12_372">agter</HIS:hisRef> jeg af den Grund forøvrigt ikke at læse. Forøvrigt mere herom senere!</p>
<p>Jeg beder Dem hilse <HIS:hisRef type="person" target="Navneregister_HISe.xml#peCP">Clemens Petersen</HIS:hisRef>, <HIS:hisRef type="person" target="Navneregister_HISe.xml#peGB">Brandes</HIS:hisRef> og <HIS:hisRef type="person" target="Navneregister_HISe.xml#peECR">Chr: Richardt</HIS:hisRef>. Fra de to Sidstnævnte har jeg modtaget Breve og jeg turde <HIS:hisRef type="tcNote" xml:id="noteT12_373" target="B1844-1871ht_noter.xml" corresp="noteT12_373">maaske</HIS:hisRef> anmode Dem om ved Lejlighed at underrette Hr. Richardt om at jeg skal sende ham et <anchor type="lemma" xml:id="koB12_1269"/>Bidrag till den paatænkte Samling, men at det næppe kommer till at fylde et Ark.</p>
<p>
                            <anchor type="lemma" xml:id="koB12_1270"/>
                            <HIS:hisRef type="person" target="Navneregister_HISe.xml#peHFH">Pastor Helvegs Anmeldelse</HIS:hisRef> imødeser jeg med spændt Forventning. Fra <HIS:hisRef type="place" target="Navneregister_HISe.xml#plN">Norge</HIS:hisRef> er det mig meldt at <anchor type="lemma" xml:id="koB12_1271"/>
                            <HIS:hisRef type="person" target="Navneregister_HISe.xml#peVL">V. Lyng (Stipendiat i Philosofi)</HIS:hisRef> arbejder paa en større Afhandling over Digtet, bestemt till Opptagelse i <HIS:hisRef type="person" target="Navneregister_HISe.xml#peGAKH">Professor Hamiltons nye nordiske Tidsskrift</HIS:hisRef>.</p>
<p>Idet jeg takker Dem for al Deres Venlighed ønsker og haaber jeg at Foretagendet med det nye Opplag maa løbe lykkeligt af og tegner mig</p>
<salute>Deres ærbødige og hengivne</salute>
<signed>Henrik Ibsen.</signed>
</div>
</body>
</text>