<?xml version="1.0" encoding="UTF-8"?><text xmlns="http://www.tei-c.org/ns/1.0" xmlns:HIS="http://www.example.org/ns/HIS" rend="letter" corresp="B18730614SuI" xml:lang="da-no">
<body>
<div type="letter">
<dateline>
                            <pb n="[1]"/>Wien den <date>14<hi rend="raised">de</hi> Juni 1873</date>.</dateline>
<salute>Kære <anchor type="lemma" xml:id="koB13_935"/>Suzannah!</salute>
<p>Idag i al hast kun nogle orienterende ord. Igårmorges kl: 9 kom jeg hid og modtoges på <anchor type="lemma" xml:id="koB13_936"/>banegården af <HIS:hisRef type="person" target="Navneregister_HISe.xml#peTK">
                                <anchor type="lemma" xml:id="koB13_937"/>Thomas</HIS:hisRef> som lod mig sige fra <HIS:hisRef type="person" target="Navneregister_HISe.xml#peTM">
                                <anchor type="lemma" xml:id="koB13_938"/>Tobias Møller</HIS:hisRef> at jeg kunde få et værelse ved siden af hans, som han højlig anbefalede. Jeg lod mit tøj bære did og <HIS:hisRef type="tcNote" xml:id="noteT13_150" target="B1871-1879ht_noter.xml" corresp="noteT13_150">flyttede</HIS:hisRef> øjeblikkelig ind. Bedre kunde jeg aldrig fåt det! Huset som ligger <HIS:hisRef type="tcNote" xml:id="noteT13_151" target="B1871-1879ht_noter.xml" corresp="noteT13_151">i</HIS:hisRef> nærheden af <anchor type="lemma" xml:id="koB13_939"/>udstillingen, kun et kvarters gang til fods og fem minuters <anchor type="lemma" xml:id="koB13_940"/>kørsel for 5 Kreutzer, er et fint herskabshotel i <anchor type="lemma" xml:id="koB13_941"/>byens eleganteste del. Anden etage, hvori jeg har lejet, ud til gaden eller alléen, beboes af <anchor type="lemma" xml:id="koB13_942"/>en baronesse, som nu er rejst bort og som har tilladt sin <anchor type="lemma" xml:id="koB13_943"/>Wirthschafterin eller kammerfrue at udleje værelserne i sommertiden. Hun er en sand perle af venlighed, ærlighed og forekommenhed. <HIS:hisRef type="person" target="Navneregister_HISe.xml#peHHMu">
                                <anchor type="lemma" xml:id="koB13_944"/>Hildur</HIS:hisRef> er begejstret for hende og med fuld ret. For den <anchor type="lemma" xml:id="koB13_945"/>salon jeg har skal jeg betale med opvartning, <anchor type="lemma" xml:id="koB13_946"/>pudsning og børstning, besørgelse af <pb n="[2]"/>ærinder i byen o. s. v, <anchor type="lemma" xml:id="koB13_947"/>80 Gulden pr: måned eller omtrent 2 ½ Gulden om dagen. Kaffe leverer hun mig når jeg ønsker det samt franskbrød og smør til frokost, alt tilsammen for 30 Kreutzer eller 6 groschen. Jeg har spist frokost her idag, prægtigt serveret, på sølvbrikke med dug og servietter, en hel liden kande kaffe, overflod af mælk, brød, smør og sukker, alt udsøgt og af bedste slags.</p>
<p>I udstillingen var jeg igår men kan naturligvis endnu ikke fortælle noget derom. Med Møllers bor jeg væg i væg. Vor fortræffelige værtinde er ganske alene i huset og besørger alting selv.</p>
<p>Møller og jeg skal nu ud på <anchor type="lemma" xml:id="koB13_948"/>officielle visiter. Her siges at være dyrt men jeg mærker at jeg med middagsmad o. s. v. kan indrette mig økonomisk.</p>
<p>Dette må være nok for idag. Lad mig nu se at du er tålmodig under min fraværelse, og tilskriv snart</p>
<salute>Din hengivne</salute>
<signed>Henrik Ibsen.</signed>
</div>
<div type="postscript">
<p>Når <HIS:hisRef type="tcNote" xml:id="noteT13_152" target="B1871-1879ht_noter.xml" corresp="noteT13_152">Du</HIS:hisRef> skriver kan Du indtil videre benytte min opgivne adresse; min bolig er: Augarten Allée-Strasse, N<hi rend="raised">o</hi> 23. 2<hi rend="raised">den</hi> Etage.</p>
</div>
</body>
</text>