<?xml version="1.0" encoding="UTF-8"?><text xmlns="http://www.tei-c.org/ns/1.0" xmlns:HIS="http://www.example.org/ns/HIS" rend="letter" corresp="B18741113SuI" xml:lang="da-no">
<body>
<div type="letter">
<dateline>
                            <pb n="[1]"/>Dresden den <date>13<hi rend="raised">de</hi> November 1874</date>. –</dateline>
<salute>Kære Suzannah!</salute>
<p>
                            <anchor type="lemma" xml:id="koB13_1544"/>Dit sidste brev modtog jeg iforgårs, men besvarer det først idag fordi <HIS:hisRef type="person" target="Navneregister_HISe.xml#peSiI">Sigurd</HIS:hisRef> ikke har havt tid til at skrive før. Du kan være ganske rolig for at jeg holder ham under opsigt. Fra <anchor type="lemma" xml:id="koB13_1545"/>spisekvarteret går vi hjem sammen. <HIS:hisRef type="tcNote" xml:id="noteT13_240" target="B1871-1879ht_noter.xml" corresp="noteT13_240">Klokken</HIS:hisRef> henimod 5 går vi ud at spadsere og kommer tilbage klokken 6 ½. Han gør altfor mange galskaber, når han er alene, til at jeg skulde vove at overlade ham til sig selv. I <anchor type="lemma" xml:id="koB13_1546"/>den literære forening kommer jeg af den grund naturligvis aldrig. Forresten er han flittig og gør sine skolearbejder ordentlig uden nogen påmindelse.</p>
<p>For <HIS:hisRef type="person" target="Navneregister_HISe.xml#peTK">
                                <anchor type="lemma" xml:id="koB13_1547"/>Thomas</HIS:hisRef> kan jeg selvfølgelig intet gøre i denne tid. Den <anchor type="lemma" xml:id="koB13_1548"/>tarvelige kost, jeg har at tilbyde ham om aftenen, synes ikke at tiltale ham og han kommer skelden hid. Han arbejder forresten på <anchor type="lemma" xml:id="koB13_1549"/>en oversættelse for <HIS:hisRef type="org" target="Navneregister_HISe.xml#orgChrTh">Kristiania theater</HIS:hisRef>, og dette er vel <pb n="[2]"/>også en grund til at han ikke kommer oftere. <anchor type="lemma" xml:id="koB13_1550"/>Hvor vi spiser middag finder han ikke at maden er god nok og går derfor nu andetsted. At han er syg synes jeg ikke man kan se på ham; men når han har anfaldene, holder han sig jo også hjemme, og jeg har ingen tid til at besøge ham.</p>
<p>Her holdes stor rengørelse i disse dage; thi vinter-vinduerne skal sættes ind. Kulden har forresten nu givet sig og vejret er meget smukt. <anchor type="lemma" xml:id="koB13_1551"/>Folkene i huset gør alt på det bedste for mig, og <anchor type="lemma" xml:id="koB13_1552"/>Lina er meget påpasselig.</p>
<p>Det var min agt at skrive nogle nye digte til <HIS:hisRef type="work" target="Navneregister_HISe.xml#woDi">
                                <anchor type="lemma" xml:id="koB13_1553"/>anden udgave af digtsamlingen</HIS:hisRef>; men derpå kan jeg ikke tænke sålænge jeg har alle husets anliggender at skøtte. Mange penge bruger vi ikke; nogen extraudgifter har vi ikke havt; om aftenen spiser vi kun smør og brød; ost, pølse eller lignende har vi endnu ikke købt. Sigurd har fået en meget pen vinterfrakke af min romerske, og den kostede kun 2 Thaler 15 Groschen.</p>
<p>Jeg må bestemt forlange at Du styrker Dig med vin og kraftig kost af bedste slags; at spare herpå kunde <pb n="[3]"/>let blive en meget dyr besparelse. –</p>
<p>Den stakkels <HIS:hisRef type="person" target="Navneregister_HISe.xml#peMTh">
                                <anchor type="lemma" xml:id="koB13_1554"/>Marie</HIS:hisRef> hilser Du naturligvis fra mig. Både Du og hun ved jo at <anchor type="lemma" xml:id="koB13_1555"/>jeg tænker med hjertelig deltagelse på hende.</p>
<p>Hvad jeg i <anchor type="lemma" xml:id="koB13_1556"/>mit forrige brev udtalte om <anchor type="lemma" xml:id="koB13_1557"/>herr og fru Ludvigsens forhold må jeg fastholde. Du siger at Sara har været snild imod <HIS:hisRef type="tcNote" xml:id="noteT13_241" target="B1871-1879ht_noter.xml" corresp="noteT13_241">Marie</HIS:hisRef>. Ja, det er <anchor type="lemma" xml:id="koB13_1558"/>den slags snildhed, som man viser imod et sygt tjenestetyende. Havde Marie været i <HIS:hisRef type="place" target="Navneregister_HISe.xml#plBerg">Bergen</HIS:hisRef>, <anchor type="lemma" xml:id="koB13_1559"/>vilde ikke <HIS:hisRef type="person" target="Navneregister_HISe.xml#peHB">
                                <anchor type="lemma" xml:id="koB13_1560"/>Baars’s</HIS:hisRef> have lagt hende ind på sygehuset men beholdt hende hos sig. Det samme vilde man have gjort i <HIS:hisRef type="place" target="Navneregister_HISe.xml#plKri">Kristiania</HIS:hisRef>; og det samme vilde naturligvis vi have gjort. Lad Dig ikke <anchor type="lemma" xml:id="koB13_1561"/>besnakke af våsede hysteriske talemåder. Dog, nok om dette for idag.</p>
<p>
                            <anchor type="lemma" xml:id="koB13_1562"/>Indlagte brev modtog jeg i dette øjeblik. Det er visst enten fra <HIS:hisRef type="person" target="Navneregister_HISe.xml#peEHol">frøken Holck</HIS:hisRef> eller fra den franske <HIS:hisRef type="person" target="Navneregister_HISe.xml#peEPr">frøken Pradez</HIS:hisRef>; thi der står <HIS:hisRef type="place" target="Navneregister_HISe.xml#plKalu">
                                <anchor type="lemma" xml:id="koB13_1563"/>Kallundborg</HIS:hisRef> poststempel udenpå, og <HIS:hisRef type="person" target="Navneregister_HISe.xml#peCALe">
                                <anchor type="lemma" xml:id="koB13_1564"/>grev Lerche</HIS:hisRef> bor <HIS:hisRef type="tcNote" xml:id="noteT13_242" target="B1871-1879ht_noter.xml" corresp="noteT13_242">jo</HIS:hisRef> der i nærheden. Er det <anchor type="lemma" xml:id="koB13_1565"/>noget, som angår mig, så gem det. Er det fra frøken Holck, så skriv hende til at <anchor type="lemma" xml:id="koB13_1566"/>jeg har sendt hende nogle linjer til <HIS:hisRef type="place" target="Navneregister_HISe.xml#plKbh">København</HIS:hisRef>, hvilke måske ikke har <anchor type="lemma" xml:id="koB13_1567"/>truffet hende. Hun er en af <pb n="[4]"/>vore sande venner, og ganske anderledes deltagende end visse andre, tiltrods for alle forskruede floskler og udbrud. Thomas husker meget sjelden på at spørge efter Marie. Da han var i København <HIS:hisRef type="tcNote" xml:id="noteT13_243" target="B1871-1879ht_noter.xml" corresp="noteT13_243">besøgte</HIS:hisRef> han hende ikke, uagtet han vidste at han ikke senere vilde gensé hende. Han fortæller at Sara havde sagt at det vilde ryste Marie for stærkt at se hende. Spørg om dette er sandt; jeg vil gerne vide det.</p>
<p>Nu nærmer middagstiden sig, og jeg må møde Sigurd på spisekvarteret. Skriv snart, og fortæl omstændeligt hvorledes Du har det; thi derom ved jeg egentlig intet. Sker noget afgørende, så må Du straks telegrafere.</p>
<salute>Din hengivne</salute>
<signed>Henrik Ibsen.</signed>
</div>
</body>
</text>