<?xml version="1.0" encoding="UTF-8"?><text xmlns="http://www.tei-c.org/ns/1.0" xmlns:HIS="http://www.example.org/ns/HIS" rend="letter" corresp="B18570705FN" xml:lang="da-no">
                <body>
<div type="letter">
<salute>
                            <pb n="[1]"/>Til Skuespillerinde, Madame Nielsen.</salute>
<p>En, som altid vil glæde sig inderligt over at det gaaer Dem godt saavel paa Livets som paa <HIS:hisRef type="tcNote" xml:id="noteT12_128" target="B1844-1871ht_noter.xml" corresp="noteT12_128">Kunstens</HIS:hisRef> Bane, ønsker at De mange, mange Gange tilfreds og lykkelig maa opleve den <anchor type="lemma" xml:id="koB12_369"/>5<hi rend="raised">te</hi> Juli, – og beder med det samme om, stedse at maatte beholde en liden Plads i Deres venskabelige Erindring!</p>
<dateline>Bergen den <date>5<hi rend="raised">te</hi> Juli 1857</date>.</dateline>
<signed>Henr: Ibsen</signed>
</div>
</body>
</text>