<?xml version="1.0" encoding="UTF-8"?><text xmlns="http://www.tei-c.org/ns/1.0" xmlns:HIS="http://www.example.org/ns/HIS" rend="letter" corresp="B18720711KomTB" xml:lang="da-no">
<body>
<div type="letter">
<dateline>
                            <pb n="[1]"/>Dresden den <date>11<hi rend="raised">te</hi> Juli 1872</date>. –</dateline>
<salute>Til komiteen for tusenårs-festen i Berlin.</salute>
<p>Som svar på komiteens ærede skrivelse må jeg meddele at jeg netop i disse dage står i begreb med at begive mig til badestedet <HIS:hisRef type="place" target="Navneregister_HISe.xml#plBerGad">Berchtesgaden</HIS:hisRef> i <HIS:hisRef type="place" target="Navneregister_HISe.xml#plTy">Tyrol</HIS:hisRef> og at rejseforberedelserne desværre gør mig det umuligt at skrive nogen sang eller noget digt specielt for de i <HIS:hisRef type="place" target="Navneregister_HISe.xml#plBerl">Berlin</HIS:hisRef> påtænkte festligheder.</p>
<p>Jeg vedlægger imidlertid en afskrift af et <HIS:hisRef type="work" target="Navneregister_HISe.xml#woTF">
                                <anchor type="lemma" xml:id="koB13_554"/>digt</HIS:hisRef>, som jeg efter <anchor type="lemma" xml:id="koB13_555"/>anmodning af festkomiteen i <HIS:hisRef type="place" target="Navneregister_HISe.xml#plKri">Kristiania</HIS:hisRef> har skrevet, og som er bestemt til at <anchor type="lemma" xml:id="koB13_556"/>oplæses dersteds samt i <HIS:hisRef type="place" target="Navneregister_HISe.xml#plHau">Haugesund</HIS:hisRef>.</p>
<p>Vil komiteen i Berlin benytte dette, så skal det være mig kært. Men da begyndelsen ikke passer dersteds, så må den, der skal oplæse digtet i forvejen gøre opmærksom på i hvilket øjemed det oprindelig er skrevet.</p>
<p>Med de bedste ønsker for mine i Berlin forsamlede landsmænd tegner jeg mig</p>
<salute>med højagtelse</salute>
<signed>Henrik Ibsen.</signed>
</div>
</body>
</text>