<?xml version="1.0" encoding="UTF-8"?><text xmlns="http://www.tei-c.org/ns/1.0" xmlns:HIS="http://www.example.org/ns/HIS" rend="letter" corresp="B18741201GotT" xml:lang="da-no">
<body>
<div type="letter">
<dateline>
                            <pb n="[1]"/>Dresden den <date>1<hi rend="raised">ste</hi> December 1874</date>.</dateline>
<salute>Til direktionen for theatret i <HIS:hisRef type="place" target="Navneregister_HISe.xml#plGot">Götheborg</HIS:hisRef>.</salute>
<p>Da jeg har bragt i erfaring at man i Götheborg har oprettet et fast theater, så giver jeg mig herved den ære at oversende direktionen et exemplar af mit skuespil <HIS:hisRef type="work" target="Navneregister_HISe.xml#woF2">«Fru Inger til Østråt»</HIS:hisRef>, med forespørgsel om hvorvidt man måtte være villig til at antage samme til <anchor type="lemma" xml:id="koB13_1623"/>opførelse på Deres scene.</p>
<p>Imødeseende bestyrelsens godhedsfulde svar, tegner jeg mig med højagtelse</p>
<salute>ærbødigst</salute>
<signed>Henrik Ibsen.</signed>
</div>
<div type="postscript">
<p>P: s: Det bemærkes at stykket i denne nye udgave foreligger i <anchor type="lemma" xml:id="koB13_1624"/>rettet og gennemarbejdet skikkelse.</p>
<signed>H. I.</signed>
</div>
</body>
</text>