<?xml version="1.0" encoding="UTF-8"?><text xmlns="http://www.tei-c.org/ns/1.0" xmlns:HIS="http://www.example.org/ns/HIS" rend="letter" corresp="B18681010FH" xml:lang="da-no">
                <body>
<div type="letter">
<dateline>
                            <pb n="[1]"/>Dresden den <date>10<hi rend="raised">de</hi> October 1868</date>.–</dateline>
<salute>Kjære Hr: Cancelliraad Hegel!</salute>
<p>Jeg vil haabe at den Hastværksbillet, jeg i utidig Ængstelse sendte Dem fra <HIS:hisRef type="place" target="Navneregister_HISe.xml#plMun">München</HIS:hisRef>, ikke har foranlediget Dem till nogen Extraforanstaltning. Dagen efter modtog jeg Deres Brev med <anchor type="lemma" xml:id="koB12_1771"/>indlagte 150 Thaler, hvorfor jeg er Dem meget forbunden.</p>
<p>Nu ere vi da efter lang Omflakken kommet till Ro for Vinteren i <anchor type="lemma" xml:id="koB12_1772"/>egen Bolig og med egen Husholdning. Lidt over Nytaar haaber jeg at kunne have <HIS:hisRef type="work" target="Navneregister_HISe.xml#woUF">
                                <anchor type="lemma" xml:id="koB12_1773"/>mit nye Arbejde</HIS:hisRef> færdigt; paa <anchor type="lemma" xml:id="koB12_1774"/>nogen Udgivelse kan der vel ikke være at tænke før till næste Efteraar eller Vinter, da Stykket er bestemt for Theatrene; jeg skal naturligvis sende Dem en Afskrift.</p>
<p>Hjertelig Takk for at De lader <anchor type="lemma" xml:id="koB12_1775"/>5<hi rend="raised">te</hi> Opplag af <HIS:hisRef type="work" target="Navneregister_HISe.xml#woBr">«Brand»</HIS:hisRef> udkomme; uden Dem vilde baade 5<hi rend="raised">te</hi> og flere af de foregaaende Opplag <pb n="[2]"/>endnu i lange Tider, maaske for stedse, have været overflødige.</p>
<p>Ligeledes min hjerteligste Takk for al <anchor type="lemma" xml:id="koB12_1776"/>Deres Ulejlighed med Lotterisedlen! Jeg venter mig noget stort fra Lotteriet – naar jeg blot holder ud saa længe –</p>
<p>De spørger om jeg ønsker <anchor type="lemma" xml:id="koB12_1777"/>Dagbladet till <HIS:hisRef type="place" target="Navneregister_HISe.xml#plDre">Dresden</HIS:hisRef>. Ja, det gjør jeg <anchor type="lemma" xml:id="koB12_1778"/>tillvisse; men kun paa det Vilkaar at jeg faar bære alle dermed forbundne Omkostninger. Det er ikke af tom Nysgjærrighed efter Avisnyheder, at jeg ønsker Bladet, men fordi jeg derved ligesom drages nærmere og inderligere ind i Hjemmets Liv og føler mig styrket till mit Arbejde. –</p>
<p>Jeg tillskriver Dem snart igjen. Min Adresse hersteds er: An der Frauenkirche, N<hi rend="raised">o</hi> 6, 1<hi rend="raised">ste</hi> Etage.</p>
<salute>Med de hjerteligste Hilsener Deres hengivne</salute>
<signed>Henrik Ibsen.</signed>
</div>
</body>
</text>