<?xml version="1.0" encoding="UTF-8"?><text xmlns="http://www.tei-c.org/ns/1.0" xmlns:HIS="http://www.example.org/ns/HIS" rend="letter" corresp="B18590813JRD" xml:lang="da-no">
<front>
<pb n="[a]"/>
<HIS:envelope type="sheet">
<address>
<addrLine>S.T.</addrLine>
<addrLine>Hr. Lieutnant J. Daae</addrLine>
<addrLine>Christiania</addrLine>
</address>
</HIS:envelope>
</front>
<body>
<div type="letter">
<p>
                            <pb n="[1]"/>Gjennem <anchor type="lemma" xml:id="koB12_447"/>Theaterbudet modtog jeg igaar Restbeløbet af min Gage for forrige Maaned men Intet af mit ældre Tilgodehavende. Dette er altsaa en Gjentagelse af den gamle Historie, at betale i Stumpeviis; men herpaa kan og vil jeg aldeles ikke indlade mig. Jeg maa paa det Bestemteste forlange idet Mindste 15 Sp afbetalt paa mit Tilgodehavende; det Modtagne hjælper mig til Intet da jeg har en samlet Udgift af <anchor type="lemma" xml:id="koB12_448"/>40 Sp til Husleie, som er forfalden og har henstaaet altfor længe paa Grund af <anchor type="lemma" xml:id="koB12_449"/>skjødesløs Bestyrelse af <HIS:hisRef type="org" target="Navneregister_HISe.xml#orgKNT">Theatrets</HIS:hisRef> Økonomi.</p>
<dateline>
                            <date>13/8. 59</date>.</dateline>
<salute>
                            <anchor type="lemma" xml:id="koB12_450"/>forb:</salute>
<signed>Henr: Ibsen</signed>
</div>
</body>
</text>