<?xml version="1.0" encoding="UTF-8"?><text xmlns="http://www.tei-c.org/ns/1.0" xmlns:HIS="http://www.example.org/ns/HIS" rend="letter" corresp="B18660724Kdep" xml:lang="da-no">
<front>
<pb n="[a]"/>
<HIS:envelope type="sheet">
<address>
<addrLine>Til Den kongelige norske Regjerings Departement for Kirke- og Undervisningsvæsenet i Christiania.</addrLine>
</address>
</HIS:envelope>
</front>
<body>
<div type="letter">
<dateline rend="opener">
                            <pb n="[1]"/>Rom d. <date>24. Juli 1866</date>.</dateline>
<p>Undertegnede Bestyrelse for den skandinaviske Forening i Rom ansøger herved det høje Departement om, at det maa tillades og paalægges Bibliothekaren ved det norske Universitetsbibliothek at lade udtage til Brug for den herværende skandinaviske Forening saadanne Doubletter af Bibliothekets Bogsamling, som han maatte finde at kunne være nyttige for de Skandinaver i forskjellige Livsstillinger, der paa kortere eller længere Tid opholde sig hersteds.</p>
<p>Det herværende Bibliothek bestaar for Tiden af omtrent 6000 Bind, hovedsageligt indsamlede ved Gaver fra Forlæggere, Forfattere og Andre, da Foreningens Midler ikke tillade at foretage større Bogkjøb.</p>
<p>Saafremt dette Andragende bevilliges, ville naturligviis Bøgernes Forsendelsesomkostninger blive betalte af Foreningen, ligesom i saa Fald en Liste, saavel over hvad Foreningen af norsk Litteratur ejer, som over de Slags Værker, der særligt tiltrænges og ønskes, vil blive Universitetsbibliothekets rette Vedkommende tilstillet til Veiledning ved Udvalget.</p>
<p>Antallet af tilrejsende Skandinaver, ogsaa, og maaskee særligt, for Norges Vedkommende, voxer for hvert Aar, og Savnet af litterære Hjælpemidler er her i mangfoldige Tilfælde saare føleligt.</p>
<p>Da den skandinaviske Forening i Rom er en af de respektive Stater understøttet Indretning, og da <pb n="[2]"/>undertegnede Bestyrelse tror at vide, at lignende Andragender fra flere Skoler i Norge ere med Velvilje imødekomne af det høje Departement, saa grunder man herpaa Haabet om, at Departementet vil finde sig beføjet til ogsaa at komme de herværende norske Kunstnere og Videnskabsmænd samt andre nordiske Rejsende imøde paa lignede Maade.</p>
<salute rend="closer">I Bestyrelsen for den skandinaviske Forening i Rom:</salute>
</div>
<div type="signed">
<table rend="signed">
<row>
                                <cell role="data">Henrik Ibsen.</cell>
                                <cell role="data">
                                    <HIS:hisRef type="person" target="Navneregister_HISe.xml#peAuLor">Aug. Lorenz</HIS:hisRef>.</cell>
                                <cell role="data">
                                    <HIS:hisRef type="person" target="Navneregister_HISe.xml#peJB">J. Bravo</HIS:hisRef>
                                </cell>
                            </row>
</table>
</div>
</body>
</text>