<?xml version="1.0" encoding="UTF-8"?><text xmlns="http://www.tei-c.org/ns/1.0" xmlns:HIS="http://www.example.org/ns/HIS" rend="letter" corresp="B18660528MT" xml:lang="da-no">
<body>
<div type="letter">
<dateline>
                            <pb n="[1]"/>Rom <date>28/5. 66</date>. –</dateline>
<salute>Min kjære Svigermoder!</salute>
<p>
                            <anchor type="lemma" xml:id="koB12_1272"/>Indlagte Bagatell skulde <HIS:hisRef type="tcNote" xml:id="noteT12_374" target="B1844-1871ht_noter.xml" corresp="noteT12_374">have</HIS:hisRef> været fremme till 3<hi rend="raised">die</hi> Juni, men det er ikke at tænke paa; Du faar tage <HIS:hisRef type="tcNote" xml:id="noteT12_375" target="B1844-1871ht_noter.xml" corresp="noteT12_375">baade</HIS:hisRef> dette og vore Lykønskninger bagefter. Tillykke ogsaa med <anchor type="lemma" xml:id="koB12_1273"/>Ankomsten till <HIS:hisRef type="place" target="Navneregister_HISe.xml#plKri">Chr-a</HIS:hisRef>; vi har i <anchor type="lemma" xml:id="koB12_1274"/>Morgenbladet forgjæves spejdet efter at se Dig anmeldt. – Den fortræffelige Mand <HIS:hisRef type="person" target="Navneregister_HISe.xml#peFH">Hegel</HIS:hisRef> betaler mig et meget godt Honorar for <HIS:hisRef type="work" target="Navneregister_HISe.xml#woBr">anden Udgave af min Bog</HIS:hisRef> og tillbyder mig Forskud paa kommende Arbejder, som jeg dog nu lykkeligvis ikke behøver at modtage. <HIS:hisRef type="person" target="Navneregister_HISe.xml#peECR">Chr. Richardt</HIS:hisRef> skriver mig till at Du formentlig <anchor type="lemma" xml:id="koB12_1275"/>har en Fortælling færdig; gid Du nu deroppe maa faa Fred og Sundhed og Sindsro till flere. Mange Hilsener fra os alle! <anchor type="lemma" xml:id="koB12_1276"/>Paa Fredag rejser vi till et Par Maaneders Sommeropphold i <HIS:hisRef type="place" target="Navneregister_HISe.xml#plFras">Frascati</HIS:hisRef> i <HIS:hisRef type="place" target="Navneregister_HISe.xml#plAlfj">Albanerbjergene</HIS:hisRef>, hvorhen senere beror paa <anchor type="lemma" xml:id="koB12_1277"/>Krigsudsigterne. Lev vel allesammen! Din hengivne</p>
<signed>Henrik Ibsen.</signed>
</div>
</body>
</text>