<?xml version="1.0" encoding="UTF-8"?><text xmlns="http://www.tei-c.org/ns/1.0" xmlns:HIS="http://www.example.org/ns/HIS" rend="letter" corresp="B18710302LD" xml:lang="da-no">
<body>
<div type="letter">
<dateline>
                            <pb n="[1]"/>Dresden den <date>2<hi rend="raised">den</hi> Marts 1871</date>.</dateline>
<salute>Kære gamle ven!</salute>
<p>Det var mig i flere henseender en stor glæde og en overraskelse at modtage dit venskabelige brev, hvilket jeg naturligvis foresatte mig straks at besvare, – et forsæt, som naturligvis ikke blev noget af. Idag skal Du dog høre fra mig.</p>
<p>Først ønsker jeg Dig nu af <HIS:hisRef type="tcNote" xml:id="noteT12_739" target="B1844-1871ht_noter.xml" corresp="noteT12_739">ganske</HIS:hisRef> hjerte til lykke med den <anchor type="lemma" xml:id="koB12_3069"/>fremgang, Du i vinter har havt også på <HIS:hisRef type="org" target="Navneregister_HISe.xml#orgKDTS">scenen</HIS:hisRef>. Det var imidlertid noget jeg altid havde ventet, og jeg spår Dig alt godt af at blive ved på den vej.</p>
<p>Om <anchor type="lemma" xml:id="koB12_3070"/>din østerlandske rejse skriver Du da naturligvis en bog? At rejsen har havt den tilsigtede virkning på din sundhed, tør jeg vel antage for givet; og efter hvad jeg fra mange forskellige kanter har havt anledning til at erfare, må Du jo føre en meget behagelig tilværelse i <HIS:hisRef type="place" target="Navneregister_HISe.xml#plSthlm">Stockholm</HIS:hisRef>. Du har mange venner og <pb n="[2]"/>megen indflydelse; – ingen af delene er at foragte.</p>
<p>Hvad mig angår så har jeg i vinter arbejdet på min <anchor type="lemma" xml:id="koB12_3071"/>
                            <HIS:hisRef type="work" target="Navneregister_HISe.xml#woDi">digtsamling</HIS:hisRef>, der nu er under pressen og om nogen tid vil udkomme i et voldsomt stort oplag (og mod et <anchor type="lemma" xml:id="koB12_3072"/>d<hi rend="raised">o</hi> d<hi rend="raised">o</hi> honorar). <anchor type="lemma" xml:id="koB12_3073"/>Planer til dramatiske arbejder går jeg omkring med; men denne <anchor type="lemma" xml:id="koB12_3074"/>forbandede krigstid virker forstyrrende på mig, som Du nok kan tænke.</p>
<p>Vær så god, ved første lejlighed at hilse <anchor type="lemma" xml:id="koB12_3075"/>den <HIS:hisRef type="person" target="Navneregister_HISe.xml#peCAL">Limnellske familje</HIS:hisRef> og takke <HIS:hisRef type="person" target="Navneregister_HISe.xml#peFL">fruen</HIS:hisRef> for hendes brev, som jeg snart skal besvare.</p>
<p>
                            <anchor type="lemma" xml:id="koB12_3076"/>
                            <HIS:hisRef type="person" target="Navneregister_HISe.xml#peGS">Excellencen Sibbern</HIS:hisRef> beder jeg Dig også bringe min forbindtligste tak. Ja, det var rigtignok en overraskelse, hvad Du overbragte mig fra ham. Glad er jeg at man ikke har nogen anelse om historien fra <HIS:hisRef type="place" target="Navneregister_HISe.xml#plRom">Rom</HIS:hisRef>. Det var nu i vor <anchor type="lemma" xml:id="koB12_3077"/>Sturm-und-Drangperiode, <anchor type="lemma" xml:id="koB12_3078"/>carissimo! Nu er vi begge to ude over det standpunkt. Men det hørte med til udviklingen; jeg ønsker ingenting ugjort.</p>
<p>Også alle andre gode venner <HIS:hisRef type="tcNote" xml:id="noteT12_740" target="B1844-1871ht_noter.xml" corresp="noteT12_740">må</HIS:hisRef> Du bringe min hjerteligste hilsen og tak for alt godt. <HIS:hisRef type="person" target="Navneregister_HISe.xml#peEaE">
                                <anchor type="lemma" xml:id="koB12_3079"/>Hofmarskalken</HIS:hisRef> og <pb n="[3]"/>theatrets øvrige vedkommende ikke at forglemme!</p>
<p>Til Stockholm må jeg tilbage, det er visst. Går alting efter ønske, så spekulerer jeg på en <anchor type="lemma" xml:id="koB12_3080"/>
                            <HIS:hisRef type="place" target="Navneregister_HISe.xml#plN">Norgesrejse</HIS:hisRef> til sommeren, og da kan begge dele slåes sammen. – Og så skal vi passiare om vore resp: <anchor type="lemma" xml:id="koB12_3081"/>rejser fra <HIS:hisRef type="place" target="Navneregister_HISe.xml#plHad">Haderslev</HIS:hisRef> til <HIS:hisRef type="place" target="Navneregister_HISe.xml#plKi">Kiel</HIS:hisRef>, carissimo! Ja, vi har dog virkelig flakket temmelig vidt omkring, siden <anchor type="lemma" xml:id="koB12_3082"/>vi kamperede i Stockholm. <anchor type="lemma" xml:id="koB12_3083"/>I <HIS:hisRef type="place" target="Navneregister_HISe.xml#plEg">Egypten</HIS:hisRef> var jeg, som Du kanske ved, med på den store expedition, 24 dages <HIS:hisRef type="place" target="Navneregister_HISe.xml#plNil">Nil-rejse</HIS:hisRef>, lige ind i <HIS:hisRef type="place" target="Navneregister_HISe.xml#plNu">Nubien</HIS:hisRef>; ligeledes var jeg en af <HIS:hisRef type="tcNote" xml:id="noteT12_741" target="B1844-1871ht_noter.xml" corresp="noteT12_741">dem</HIS:hisRef>, der trængte frem lige til det røde hav; de fleste vendte om ved <HIS:hisRef type="place" target="Navneregister_HISe.xml#plIsm">Ismailia</HIS:hisRef>. Men gamle Rom fik jeg dog ikke gense! Håbet om at komme did, har jeg dog ikke opgivet; og da træffes vi kanske der. Jeg forudsætter nemlig at Du stedse har i baghånden <HIS:hisRef type="tcNote" xml:id="noteT12_742" target="B1844-1871ht_noter.xml" corresp="noteT12_742">et</HIS:hisRef> visst håb om i <anchor type="lemma" xml:id="koB12_3084"/>en viss officiel stilling at kunne slå Dig ned der.</p>
<p>Dersom jeg ikke vidste at Du i brevskriver-vejen præcist var af samme stykke, som jeg, så vilde jeg bede Dig fortælle mig lidt <pb n="[4]"/>om personer og forholde deroppe. Hvorledes går det <anchor type="lemma" xml:id="koB12_3085"/>eders Gambetta på rigsdagen? Han interesserer mig meget; – hils ham fra mig. Har <anchor type="lemma" xml:id="koB12_3086"/>
                            <HIS:hisRef type="person" target="Navneregister_HISe.xml#peJAM">Malmström</HIS:hisRef> sin store <anchor type="lemma" xml:id="koB12_3087"/>Bråvalla-tavle færdig? Og gubben <HIS:hisRef type="person" target="Navneregister_HISe.xml#peJFK">Kjellberg</HIS:hisRef>? Han sukker vel også efter <anchor type="lemma" xml:id="koB12_3088"/>de romerske kødgryder? Udgav ikke <anchor type="lemma" xml:id="koB12_3089"/>
                            <HIS:hisRef type="person" target="Navneregister_HISe.xml#peCS">Carl Snoilsky</HIS:hisRef> sine digte forrige jul? Og var ikke modtagelsen sådan, at den måtte opmuntre ham til at vedblive? Han er dog virkelig en lyriker af meget høj rang. – Skulde Du træffe ritmester <anchor type="lemma" xml:id="koB12_3090"/>
                            <HIS:hisRef type="person" target="Navneregister_HISe.xml#peRvonK">R: v. Kock</HIS:hisRef>, så spørg ham om han har modtaget mit brev. Stjernströms må Du ikke glemme <HIS:hisRef type="tcNote" xml:id="noteT12_743" target="B1844-1871ht_noter.xml" corresp="noteT12_743">at</HIS:hisRef> hilse.</p>
<p>
                            <anchor type="lemma" xml:id="koB12_3091"/>Mine damer sender eder sin bedste tak for <anchor type="lemma" xml:id="koB12_3092"/>samværet i Dresden. Dine hilsener, <anchor type="lemma" xml:id="koB12_3093"/>kærlighedserklæringen inclusive, er med stor tilfredsstillelse blevne modtagne. Bring til gengæld <anchor type="lemma" xml:id="koB12_3094"/>
                            <HIS:hisRef type="person" target="Navneregister_HISe.xml#peJMD">din frue</HIS:hisRef> tusende hilsener fra os, <anchor type="lemma" xml:id="koB12_3095"/>
                            <HIS:hisRef type="person" target="Navneregister_HISe.xml#peHoDi">din lille pige</HIS:hisRef> ligeså; hende fik jeg da sletikke se i Stockholm.</p>
<p>Og hermed, enten vi om kort eller længe, personligt eller skriftligt, mødes, så lev hjerteligt vel og glem ikke</p>
<salute>Din hengivne ven</salute>
<signed>Henrik Ibsen.</signed>
</div>
</body>
</text>