<?xml version="1.0" encoding="UTF-8"?><text xmlns="http://www.tei-c.org/ns/1.0" xmlns:HIS="http://www.example.org/ns/HIS" rend="letter" corresp="B18740523FH" xml:lang="da-no">
<body>
<div type="letter">
<dateline>
                            <pb n="[1]"/>Dresden den <date>23<hi rend="raised">de</hi> Maj 1874</date>. –</dateline>
<salute>Kære herr Hegel!</salute>
<p>Tør jeg gennem disse linjer anmode Dem om at erholde mig tilsendt <emph>225 Thaler preussisk</emph>, så beviser De mig derved en stor tjeneste, for hvilken jeg vil føle mig Dem særdeles forbunden.</p>
<p>Jeg takker Dem for <anchor type="lemma" xml:id="koB13_1436"/>det smukke udstyr af den nye udgave af <HIS:hisRef type="work" target="Navneregister_HISe.xml#woBr">«Brand»</HIS:hisRef>. <HIS:hisRef type="work" target="Navneregister_HISe.xml#woHH">«Hærmændene på Helgeland»</HIS:hisRef> er efter forslag af <HIS:hisRef type="person" target="Navneregister_HISe.xml#peGBe">justitsråd Berner</HIS:hisRef> antaget til opførelse på <HIS:hisRef type="org" target="Navneregister_HISe.xml#orgKT">det kgl: theater</HIS:hisRef>. Dette var mig en stor glæde; jeg selv har ikke foretaget noget indledende skridt i sagen; men jeg synes at dette stykke <anchor type="lemma" xml:id="koB13_1437"/>netop iår kommer frem til en meget passende tid, da det jo handler om begivenheder, som hænger sammen med <HIS:hisRef type="place" target="Navneregister_HISe.xml#plIsl">Islands</HIS:hisRef> <HIS:hisRef type="tcNote" xml:id="noteT13_221" target="B1871-1879ht_noter.xml" corresp="noteT13_221">bebyggelse</HIS:hisRef> og tildels forherliger denne ø. – Har jeg ikke <anchor type="lemma" xml:id="koB13_1438"/>
                            <emph>Dem</emph> at takke for en håndsrækning i dette anliggende? Eller <anchor type="lemma" xml:id="koB13_1439"/>skulde <HIS:hisRef type="person" target="Navneregister_HISe.xml#peCKFM">professor Molbech</HIS:hisRef> have været virksom? <anchor type="lemma" xml:id="koB13_1440"/>Dette sidste synes mig af flere grunde <anchor type="lemma" xml:id="koB13_1441"/>uantageligt. <HIS:hisRef type="person" target="Navneregister_HISe.xml#peJLH">
                                <anchor type="lemma" xml:id="koB13_1442"/>Fru Heiberg</HIS:hisRef> er jo fraværende. –</p>
<p>Den <anchor type="lemma" xml:id="koB13_1443"/>nye udgave af <HIS:hisRef type="work" target="Navneregister_HISe.xml#woPG">«Peer Gynt»</HIS:hisRef> er nu forhåbentlig så temmelig fremskreden. Jeg arbejder daglig med manuskriptet til <pb n="[2]"/>
                            <HIS:hisRef type="work" target="Navneregister_HISe.xml#woF2">
                                <anchor type="lemma" xml:id="koB13_1444"/>«<HIS:hisRef type="tcNote" xml:id="noteT13_222" target="B1871-1879ht_noter.xml" corresp="noteT13_222">Fru</HIS:hisRef> Inger»</HIS:hisRef>. Hele stykket må nemlig gennemarbejdes fuldstændigt i enkelthederne af replikbehandlingen, og dette kunde ikke ske uden en hel ny renskrift. Udover sommeren skal jeg, hvis De så synes, sende Dem denne; jeg håber at få den fuldført medens trykkeriet er optaget af «Peer Gynt» og <HIS:hisRef type="work" target="Navneregister_HISe.xml#woUF">
                                <anchor type="lemma" xml:id="koB13_1445"/>«De unges forbund»</HIS:hisRef>. Dog herom mere siden.</p>
<p>Det er min agt at gæste <HIS:hisRef type="place" target="Navneregister_HISe.xml#plN">Norge</HIS:hisRef> i sommer; dog ved jeg endnu ikke bestemt om jeg kommer til at <anchor type="lemma" xml:id="koB13_1446"/>lægge vejen over <HIS:hisRef type="place" target="Navneregister_HISe.xml#plKbh">København</HIS:hisRef>. Til <HIS:hisRef type="person" target="Navneregister_HISe.xml#peGB">G: Brandes</HIS:hisRef> skrev jeg for nogen tid siden, men har senere ikke hørt fra ham.</p>
<p>Med de hjerteligste hilsener til Dem selv og til <HIS:hisRef type="person" target="Navneregister_HISe.xml#peJH">Deres søn</HIS:hisRef> tegner jeg mig</p>
<salute>Deres altid hengivne</salute>
<signed>Henrik Ibsen.</signed>
</div>
</body>
</text>