<?xml version="1.0" encoding="UTF-8"?><text xmlns="http://www.tei-c.org/ns/1.0" xmlns:HIS="http://www.example.org/ns/HIS" rend="letter" corresp="B18681222FH" xml:lang="da-no">
                <body>
<div type="letter">
<dateline>
                            <pb n="[1]"/>Dresden den <date>22<hi rend="raised">de</hi> December 1868</date>.–</dateline>
<salute>Kjære Herr Cancelliraad Hegel!</salute>
<p>Saavel efter Pligt og Skyldighed som af indre Tillskyndelse lægger jeg <HIS:hisRef type="work" target="Navneregister_HISe.xml#woUF">
                                <anchor type="lemma" xml:id="koB12_1804"/>mit nye Arbejde</HIS:hisRef> et Øjeblik tillside for at sende Dem et Par Linjer, der forhaabentlig vil naa Dem Julaften.</p>
<p>Deres venlige Skrivelse af 2<hi rend="raised">den</hi> Nov<hi rend="raised">br</hi> modtog jeg i rette Tid og frembærer herved min forbindtligste Takk for de vedlagte <anchor type="lemma" xml:id="koB12_1805"/>150 Thaler. Ligeledes takker jeg Dem meget for <anchor type="lemma" xml:id="koB12_1806"/>
                            <HIS:hisRef type="person" target="Navneregister_HISe.xml#peGB">Brandes’s</HIS:hisRef> «Æsth: Studier», en Bog, der for mig har været en sand Guldgrube, navnlig hvad <anchor type="lemma" xml:id="koB12_1807"/>Afhandlingerne om det Komiske angaar. Brandes er en mærkværdig Mand till at se klart, dybt og sammenhængende, og hvis det var muligt, vilde jeg sige at hans Evne till at klargjøre sig for Læseren, og først og fremst till at blive husket og erindret, er endnu større.</p>
<p>At det er gaaet saa galt med <anchor type="lemma" xml:id="koB12_1808"/>Bogpakken fra <HIS:hisRef type="place" target="Navneregister_HISe.xml#plTu">Turin</HIS:hisRef> till <HIS:hisRef type="place" target="Navneregister_HISe.xml#plRom">Rom</HIS:hisRef>, beklager jeg nu mere end før da jeg erfarer at De med Deres sædvanlige God<unclear reason="endline">he</unclear>d havde betænkt mig med en saa overordentlig værdifuld Gave. Hvorledes det er gaaet till <pb n="[2]"/>begriber jeg endnu ikke. Da jeg <anchor type="lemma" xml:id="koB12_1809"/>afvigte 13<hi rend="raised">de</hi> Maj forlod Rom, <HIS:hisRef type="tcNote" xml:id="noteT12_502" target="B1844-1871ht_noter.xml" corresp="noteT12_502">underrettede</HIS:hisRef> jeg <HIS:hisRef type="person" target="Navneregister_HISe.xml#peJB">Bravo</HIS:hisRef> om at en saadan Pakke vilde komme og bad ham beholde den indtill jeg havde oppgivet ham min Adresse. Efterat være kommen till Ro i <HIS:hisRef type="place" target="Navneregister_HISe.xml#plBerGad">Berchtesgaden</HIS:hisRef> tillskrev jeg Bravo og udbad mig Pakken. Dette mit Brev afgik fra Berchtesgaden den 22<hi rend="raised">de</hi> Juni og ankom, ifølge Bravos Svar, till Rom den 25<hi rend="raised">de</hi>. Bravo melder mig i sit Brev (af 28<hi rend="raised">de</hi>) at han, <emph>strax</emph> han modtog min Skrivelse, henvendte sig till <HIS:hisRef type="person" target="Navneregister_HISe.xml#peHLo">Herr Löscher</HIS:hisRef> i Turin og bad ham, da Bogpakken ikke var ankommen till Rom, om <emph>ikke</emph> at sende samme didhen, men derimod till Berchtesgaden. Dette Bravos Brev maa være afgaaet fra Rom den 25<hi rend="raised">de</hi> eller 26<hi rend="raised">de</hi> og er saaledes indtruffet i Turin den 26<hi rend="raised">de</hi> eller 27<hi rend="raised">de</hi>. Men nu kommer det forunderlige. Efter at have modtaget Anmodning om <emph>ikke</emph> at sende Pakken till Rom, fortæller Herr Löscher mig i sit Brev af 2<hi rend="raised">den</hi> Juli, (hvilket vedlægges) at han allerede «for nogle Dage» siden har sendt den <HIS:hisRef type="tcNote" xml:id="noteT12_503" target="B1844-1871ht_noter.xml" corresp="noteT12_503">did</HIS:hisRef>, fordi han «ignorirte» at jeg <HIS:hisRef type="tcNote" xml:id="noteT12_504" target="B1844-1871ht_noter.xml" corresp="noteT12_504">ikke</HIS:hisRef> oppholdt mig der. Men hvorledes kunde han ignorere det, hvorom jo netopp Bravos Brev handlede? Og er det ikke paafaldende, først at han lader Pakken, der afsendtes fra <HIS:hisRef type="place" target="Navneregister_HISe.xml#plKbh">Kjøbenhavn</HIS:hisRef> den 12<hi rend="raised">te</hi> Marts, henligge hos sig indtill Slutningen af Juni, og derefter, at han sender den till Rom, saasnart han faar Anmodning <HIS:hisRef type="tcNote" xml:id="noteT12_505" target="B1844-1871ht_noter.xml" corresp="noteT12_505">om</HIS:hisRef> at sende den till <HIS:hisRef type="place" target="Navneregister_HISe.xml#plTy">Tyrol</HIS:hisRef>? Nogen <anchor type="lemma" xml:id="koB12_1810"/>Legitimation for Afsendelsen vedlagde han ikke; en Kvittering fra Jernbanen eller Postvæsnet maatte han jo dog have modtaget. Jeg har senerehen oppgivet min nuværende Adresse till Rom men uden Resultat. Jeg er ikke <pb n="[3]"/>mistænkelig af Naturen, og det kan selvfølgelig aldrig falde mig ind at tilltro Herr Löscher personlig nogen <anchor type="lemma" xml:id="koB12_1811"/>mislig Omgang med betroet Gods; men han har sandsynligvis Italienere i sin Tjeneste, og mange af de Folk, ved jeg, er <anchor type="lemma" xml:id="koB12_1812"/>kapable till hvad det skal være. Nu, der er jo foreløbig intet at gjøre ved Sagen. De har jo handlet paa bedste Maade og jeg takker Dem hjerteligt for Deres gode Vilje! –</p>
<p>
                            <anchor type="lemma" xml:id="koB12_1813"/>Mit Lystspil er nu fremrykket till 4<hi rend="raised">de</hi> Akt. Jeg antager det vil komme till at udgjøre 180–200 Sider, hvilket jo er passende. <anchor type="lemma" xml:id="koB12_1814"/>Deres Forslag med Hensyn till Titlen skal blive efterfulgt; det er fuldkommen rigtigt og jeg var selv halvvejs af samme Mening fra først af. Udtrykket vilde forøvrigt ikke have forarget nogensomhelst, <emph>naar man først havde læst Stykket</emph>. Der tales ikke et eneste Ord om Religionssager deri; men det kan man jo ikke paa Forhaand vide, og derfor kunde lett Tillægstitlen vække Anstød; altsaa bort med den! Stykket blir det mest kunstnerisk gjennemarbejdede, jeg nogensinde har skrevet, og jeg tvivler paa, at man deri skal <HIS:hisRef type="tcNote" xml:id="noteT12_506" target="B1844-1871ht_noter.xml" corresp="noteT12_506">kunne</HIS:hisRef> finde et eneste saadant særligt <anchor type="lemma" xml:id="koB12_1815"/>udpræget <HIS:hisRef type="tcNote" xml:id="noteT12_507" target="B1844-1871ht_noter.xml" corresp="noteT12_507">norsk</HIS:hisRef> Udtrykk, som ikke passer paa den kjøbenhavnske Scene. Jeg er Dem usigelig forbunden for Deres Tillbud om strax at <anchor type="lemma" xml:id="koB12_1816"/>trykke Stykket, som Manuscript; det vil være en stor Fordel for mig i enhver Henseende. I Februar haaber jeg at kunne sende Dem Renskriften.</p>
<p>
                            <HIS:hisRef type="person" target="Navneregister_HISe.xml#peHJGr">Herr Grensteen</HIS:hisRef> har jeg havt den Fornøjelse at se hos mig.</p>
<p>Nu har De vel travelt med nye Forlagsskrifter <pb n="[4]"/>till Julen? <HIS:hisRef type="person" target="Navneregister_HISe.xml#peMT">
                                <anchor type="lemma" xml:id="koB12_1817"/>Min Svigermoders</HIS:hisRef> nye Fortælling kan man jo vente. Det forundrer mig at <HIS:hisRef type="person" target="Navneregister_HISe.xml#peVB">
                                <anchor type="lemma" xml:id="koB12_1818"/>Dr: Bergsø</HIS:hisRef> ikke har henvendt sig till Dem; hans Bog maa formodentlig ikke være bleven færdig; jeg ved han har været sygelig isommer.</p>
<p>
                            <anchor type="lemma" xml:id="koB12_1819"/>Dagbladet takker jeg Dem paa det hjerteligste for; men beder Dem fra Nytaar standse Forsendelsen. Fra den Tid faar jeg det norske Morgenblad og haaber gjennem <anchor type="lemma" xml:id="koB12_1820"/>herboende skandinaviske Familjer at faa Avisforbindelse med <HIS:hisRef type="place" target="Navneregister_HISe.xml#plDk">Danmark</HIS:hisRef>. Der er jo en forfærdelig <anchor type="lemma" xml:id="koB12_1821"/>Rejsning mod <HIS:hisRef type="person" target="Navneregister_HISe.xml#peCPP">Ploug</HIS:hisRef>; men det kan ikke nægtes at han ofte opptræder paa en tirrende og overmodig Maade, som i Længden ikke kan taales. <anchor type="lemma" xml:id="koB12_1822"/>
                            <HIS:hisRef type="person" target="Navneregister_HISe.xml#peCKFM">Molbechs</HIS:hisRef> Theaterartikler er mesterligt skrevne; tør jeg bede Dem hilse ham venligst fra mig.</p>
<p>
                            <anchor type="lemma" xml:id="koB12_1823"/>Regningen fra <HIS:hisRef type="person" target="Navneregister_HISe.xml#pePFSt">Stensballe</HIS:hisRef> beder jeg at maatte henstaa indtill jeg hos Dem faar noget at betale af; jeg har en Gru for at tage formeget Forskud hos <HIS:hisRef type="tcNote" xml:id="noteT12_508" target="B1844-1871ht_noter.xml" corresp="noteT12_508">min</HIS:hisRef> kjære Forlægger, hvem jeg allerede skylder saa meget, der ikke kan værdsættes i Penge. <anchor type="lemma" xml:id="koB12_1824"/>
                            <HIS:hisRef type="person" target="Navneregister_HISe.xml#peCLFl">Flors</HIS:hisRef> Regning skal blive betalt i <HIS:hisRef type="place" target="Navneregister_HISe.xml#plN">Norge</HIS:hisRef>, saasnart jeg faar erfaret hvorledes det med samme hænger sammen. Jeg stod i den visse Formening at den forlængst var betalt gjennem en Tredjemand; men det maa rimeligvis være en Fejltagelse.</p>
<p>Og hermed vil jeg af Hjertet ønske Dem og <HIS:hisRef type="person" target="Navneregister_HISe.xml#peJH">Deres Søn</HIS:hisRef> en glædelig Jul og et godt Nytaar! Takk for al Deres Venlighed i det forløbne Aar; jeg vil haabe vore fælles literære Foretagender i det kommende vil være till Gavn og Glæde for os begge. <HIS:hisRef type="person" target="Navneregister_HISe.xml#peSuI">Min Kone</HIS:hisRef> og <HIS:hisRef type="person" target="Navneregister_HISe.xml#peMTh">
                                <anchor type="lemma" xml:id="koB12_1825"/>Svigerinde</HIS:hisRef> beder om ogsaa at maatte frembære de bedste Ønsker og Hilsener gjennem</p>
<salute>Deres hengivne og forbundne</salute>
<signed>Henrik Ibsen.</signed>
</div>
</body>
</text>