<?xml version="1.0" encoding="UTF-8"?><text xmlns="http://www.tei-c.org/ns/1.0" xmlns:HIS="http://www.example.org/ns/HIS" rend="letter" corresp="B18660504MB" xml:lang="da-no">
<front>
<pb n="[a]"/>
<HIS:envelope type="sheet">
<address>
<addrLine>Hr: Rigsarkivar M Birkeland.</addrLine>
<addrLine>a Christiania</addrLine>
<addrLine>(Norvegia.)</addrLine>
</address>
</HIS:envelope>
</front>
<body>
<div type="letter">
<div type="letterpart" part="I">
<dateline>
                                <pb n="[1]"/>Rom den <date>4<hi rend="raised">de</hi> Mai 1866</date>. –</dateline>
<salute>Min kjære fortræffelige Ven!</salute>
<p>Takk for begge dine Breve, hvoraf jeg modtog det sidste igaar. Nogen <anchor type="lemma" xml:id="koB12_1178"/>Ansøgning om Rejsestipendium har jeg ikke indleveret da Bjørnson for nogen Tid siden i et Brev ytrede at han vilde gjøre det for mig; hvorvidt det er skeet, ved jeg ikke; men hvis <HIS:hisRef type="org" target="Navneregister_HISe.xml#orgStort">Storthinget</HIS:hisRef> bevilger <anchor type="lemma" xml:id="koB12_1179"/>Gage, saa kan jeg ikke vente noget fornyet Stipendium, og bevilges ikke Gagen, saa er min Gjerning i <HIS:hisRef type="place" target="Navneregister_HISe.xml#plN">Norge</HIS:hisRef> afsluttet og jeg anser det da ikke for Rett og billigt at begjære noget fra den Kant. Jeg skal aldrig glemme hvad <anchor type="lemma" xml:id="koB12_1180"/>I brave Karle har virket for mig! Till <HIS:hisRef type="person" target="Navneregister_HISe.xml#peKongK4">
                                    <anchor type="lemma" xml:id="koB12_1181"/>Kongen</HIS:hisRef> henvendte jeg mig direkte i et Andragende indlagt i Brev till <HIS:hisRef type="person" target="Navneregister_HISe.xml#peGS">Statsminister Sibbern</HIS:hisRef> under 16<hi rend="raised">de</hi> <HIS:hisRef type="tcNote" xml:id="noteT12_342" target="B1844-1871ht_noter.xml" corresp="noteT12_342">April</HIS:hisRef>; Svar har jeg naturligvis ikke modtaget; et Brev bruger 10–11 Dage herfra til <HIS:hisRef type="place" target="Navneregister_HISe.xml#plSthlm">Stokholm</HIS:hisRef>. Paa Vers kunde jeg ikke skrive, men jeg tror der var Kraft i det alligevel, og forøvrigt bad jeg Sibbern anvende sin Indflydelse. <HIS:hisRef type="person" target="Navneregister_HISe.xml#peBB">Bjørnson</HIS:hisRef> har sagt mig at han har <anchor type="lemma" xml:id="koB12_1182"/>bearbejdet Storthingsmændene for mig; tal med ham og sørg for at hans Iver ikke svækkes derved at der fremkommer kgl: Proposition. <anchor type="lemma" xml:id="koB12_1183"/>Om min indenlandske Rejse skal jeg under alle Omstændigheder sende Indberetning. <pb n="[2]"/>Hils de gode Venner, <HIS:hisRef type="person" target="Navneregister_HISe.xml#peOAB">Bachke</HIS:hisRef>, <HIS:hisRef type="person" target="Navneregister_HISe.xml#pePBH">Botten-Hansen</HIS:hisRef> og <HIS:hisRef type="person" target="Navneregister_HISe.xml#peJLo">Løkke</HIS:hisRef>; kommer jeg engang tillbage, skal jeg vide at takke jer bedre. Jeg havde ikke ventet at <HIS:hisRef type="work" target="Navneregister_HISe.xml#woBr">
                                    <anchor type="lemma" xml:id="koB12_1184"/>min Bog</HIS:hisRef> skulde blive saa godt modtaget; fra <HIS:hisRef type="place" target="Navneregister_HISe.xml#plDk">Danmark</HIS:hisRef> har jeg i den Anledning modtaget mangfoldige Hilsener, Lykønskninger og Takksigelser, tilldels fra fremragende Folk, som <HIS:hisRef type="person" target="Navneregister_HISe.xml#peAFK">Etatsraad Krieger</HIS:hisRef>, <HIS:hisRef type="person" target="Navneregister_HISe.xml#peCD">Conferentsraad David</HIS:hisRef>, <HIS:hisRef type="person" target="Navneregister_HISe.xml#peJLH">Fru Heiberg</HIS:hisRef> o. s. v. – Indbydelser og lignende har jeg ogsaa faaet, og det er jo godt, thi maaske blir <HIS:hisRef type="place" target="Navneregister_HISe.xml#plKbh">Kjøbenhavn</HIS:hisRef> mit Hjem for Fremtiden. Gjør mig den store Tjeneste at sende mig alle de Nummere <HIS:hisRef type="tcNote" xml:id="noteT12_343" target="B1844-1871ht_noter.xml" corresp="noteT12_343">af</HIS:hisRef> de <HIS:hisRef type="tcNote" xml:id="noteT12_344" target="B1844-1871ht_noter.xml" corresp="noteT12_344">forskjellige</HIS:hisRef> norske Blade, (<anchor type="lemma" xml:id="koB12_1185"/>undtagen Morgenbladet), som du kan overkomme, og som indeholde Anmeldelser af mit Digt; send dem ufrankeret og under <anchor type="lemma" xml:id="koB12_1186"/>Korsbaand som Aviser ialmindelighed, jeg faar dem da for en Bagatel. Sig ogsaa <anchor type="lemma" xml:id="koB12_1187"/>Hansen at vi med Længsel venter om han bevilger vor Ansøgning om <anchor type="lemma" xml:id="koB12_1188"/>Nyhedsbladet; <anchor type="lemma" xml:id="koB12_1189"/>det svenske er allerede kommet. Her er vidunderligt eventyrligt dejligt. Jeg har en Arbejdsstyrke og en Kraft, saa jeg kunde slaa Bjørne ihjæl. Mit Digt gik jeg og kjæmpede med i Tankerne i et Aar før det formede sig klart; men da jeg havde det, skrev jeg fra Morgen til Aften og fuldførte det i mindre end tre Maaneder. Om <HIS:hisRef type="place" target="Navneregister_HISe.xml#plRom">Rom</HIS:hisRef> er det umuligt at skrive, især naar man, som jeg, kjender det ud og ind. Det meste af <HIS:hisRef type="place" target="Navneregister_HISe.xml#plVat">
                                    <anchor type="lemma" xml:id="koB12_1190"/>Pavestaten</HIS:hisRef> har jeg till forskjellige Tider gjennemvandret tillfods med Skræppen paa Ryggen. <anchor type="lemma" xml:id="koB12_1191"/>Røvervæsenet er ikke saa <pb n="[3]"/>farligt som man forestiller sig hjemme. – «<anchor type="lemma" xml:id="koB12_1192"/>Julian» oppgiver jeg ikke, skjønt jeg ser at <anchor type="lemma" xml:id="koB12_1193"/>
                                <HIS:hisRef type="person" target="Navneregister_HISe.xml#peCHau">Hauch</HIS:hisRef> har behandlet samme Emne. – Du siger at de Lærde bryder sine Hoveder med «quantum satis». <anchor type="lemma" xml:id="koB12_1194"/>Det var dog mare i min Tid godt Latin; – men rigtignok <emph>
                                    <anchor type="lemma" xml:id="koB12_1195"/>Doktorlatin</emph>. Enhver Mediciner vil kunne opplyse at det er en staaende Formel paa Recepter naar der af et Stof ordineres ikke en <HIS:hisRef type="tcNote" xml:id="noteT12_345" target="B1844-1871ht_noter.xml" corresp="noteT12_345">vis</HIS:hisRef> Vægtdel, men saameget som fornødent er, eller en tillstrækkelig Mængde. Derfor er det ogsaa <emph>Doktoren</emph>, som i Digtet først bruger Udtrykket og det er Erindringen herom, som bringer Brand till at gjentage det. Hvorvidt «caritas» er et klassisk Udtrykk, ved jeg ikke; men i det moderne katholske Latin bruges det for (i <HIS:hisRef type="tcNote" xml:id="noteT12_346" target="B1844-1871ht_noter.xml" corresp="noteT12_346">Modsættning</HIS:hisRef> till «amor» = den jordiske <HIS:hisRef type="tcNote" xml:id="noteT12_347" target="B1844-1871ht_noter.xml" corresp="noteT12_347">Kjærlighed</HIS:hisRef>) at betegne den himmelske, med Indbegreb af Barmhjertighed; saaledes ogsaa paa Italiensk: carità. – Tag tilltakke med dette usammenhængende Brev, som det er, og vær saa god at sørge for at <anchor type="lemma" xml:id="koB12_1196"/>indlagte Billetter kommer Vedkommende ihænde. Hils <HIS:hisRef type="person" target="Navneregister_HISe.xml#peMBi">
                                    <anchor type="lemma" xml:id="koB12_1197"/>din Kone</HIS:hisRef> samt alle andre, hvis Venskab og gode Mening du ved jeg sætter Pris <HIS:hisRef type="tcNote" xml:id="noteT12_348" target="B1844-1871ht_noter.xml" corresp="noteT12_348">paa</HIS:hisRef>. <HIS:hisRef type="tcNote" xml:id="noteT12_349" target="B1844-1871ht_noter.xml" corresp="noteT12_349">Hvad <anchor type="lemma" xml:id="koB12_1198"/>mit indre Menneske angaar, s<supplied>aa</supplied> tror jeg det i visse Punkter er meget forandret; <supplied>men</supplied> jeg tror alligevel at jeg er mere mig selv nu <supplied>end</supplied> nogensinde før.</HIS:hisRef> – Udvortes taget er jeg bleven mager, hvilket jeg <HIS:hisRef type="tcNote" xml:id="noteT12_350" target="B1844-1871ht_noter.xml" corresp="noteT12_350">skal</HIS:hisRef> godtgjøre ved et Photografi, naar <HIS:hisRef type="person" target="Navneregister_HISe.xml#peOF">Fladager</HIS:hisRef> rejser hjem til Sommeren. –</p>
</div>
<div type="letterpart" part="F">
<dateline rend="letterpart_opener">
                                <date>5<hi rend="raised">te</hi> Mai</date>.</dateline>
<p>Saa langt var jeg igaar kommen, da jeg ganske uventet modtog Brev fra den fortræffelige Mand, Statsminister Sibbern, dateret 25<hi rend="raised">de</hi> April, hvori han melder mig at han samme Dag har modtaget min Skrivelse, strax forelagt Kongen <anchor type="lemma" xml:id="koB12_1199"/>Ansøgningen og af ham modtaget Befaling til endnu samme Aften at tilstille Kirkedep: <anchor type="lemma" xml:id="koB12_1200"/>Andragendet till Indstilling; dette, skriver han, er allerede skeet og han iler med at underrette mig herom; – det er rask Expedition! – Det skader vist ikke om det blir bekjendt at ogsaa Kongen saaledes har paa en Maade taget Initiativet. – Jeg ser gjerne at du takker <HIS:hisRef type="person" target="Navneregister_HISe.xml#peFStang">Statsraad <HIS:hisRef type="tcNote" xml:id="noteT12_351" target="B1844-1871ht_noter.xml" corresp="noteT12_351">Stang</HIS:hisRef>
                                </HIS:hisRef>; senere skal jeg selv tillskrive ham. – <anchor type="lemma" xml:id="koB12_1201"/>
                                <HIS:hisRef type="work" target="Navneregister_HISe.xml#woKE">«Kongs-Emnerne»</HIS:hisRef> er oversatt paa Tydsk og udkommer formodentlig med det første; de tre første Akter ere forelæste for <anchor type="lemma" xml:id="koB12_1202"/>en literær Kreds i Dresden og modtagne med særdeles Bifald; Udtrykkene hvori dette er mig meddelt ere imidlertid <HIS:hisRef type="tcNote" xml:id="noteT12_352" target="B1844-1871ht_noter.xml" corresp="noteT12_352">altfor</HIS:hisRef> velvillige og varme till at jeg vil citere dem. – Lev vel og bring gjentagne Hilsener till alle gode Venner fra din hengivne</p>
<signed>Henrik Ibsen.</signed>
</div>
<div type="postscript">
<p>P. S. Nyt Brev fra Sibbern, hvori han melder at Andragendet er ankommet og bliver expederet tilbage samme Aften. – <anchor type="lemma" xml:id="koB12_1203"/>Min Skrivelse till Kongen er naturligvis ikke indrettet till at offentliggjøres; dog jeg haaber at det heller ikke skeer. Sørg herfor.</p>
<salute>Din</salute>
<signed>H. I.</signed>
</div>
</div>
</body>
</text>