<?xml version="1.0" encoding="UTF-8"?><text xmlns="http://www.tei-c.org/ns/1.0" xmlns:HIS="http://www.example.org/ns/HIS" rend="letter" corresp="B18740712FH" xml:lang="da-no">
<body>
<div type="letter">
<dateline>
                            <pb n="[1]"/>Dresden den <date>12<hi rend="raised">te</hi> Juli 1874</date>.</dateline>
<salute>Kære herr Hegel!</salute>
<p>Forbindtligst tak for de modtagne 225 Thaler. Noget helt <anchor type="lemma" xml:id="koB13_1461"/>regnskabsopgør havde ikke været nødvendigt.</p>
<p>Vi ankommer forhåbentlig med <anchor type="lemma" xml:id="koB13_1462"/>«Titania» til <HIS:hisRef type="place" target="Navneregister_HISe.xml#plKbh">København</HIS:hisRef> <HIS:hisRef type="tcNote" xml:id="noteT13_225" target="B1871-1879ht_noter.xml" corresp="noteT13_225">Torsdagen</HIS:hisRef> den 16<hi rend="raised">de</hi> og rejser igen med <anchor type="lemma" xml:id="koB13_1463"/>«Århus» på lørdag. <anchor type="lemma" xml:id="koB13_1464"/>Jeg vil altså ialfald få anledning til at hilse på Dem, hvortil jeg meget glæder mig, – og indtil da tegner jeg mig med en hjertelig hilsen til Dem selv og <HIS:hisRef type="person" target="Navneregister_HISe.xml#peJH">Deres søn</HIS:hisRef>
                        </p>
<salute>Deres stedse hengivne</salute>
<signed>Henrik Ibsen.</signed>
</div>
<div type="postscript">
<p>P. s. Herr <HIS:hisRef type="person" target="Navneregister_HISe.xml#peAuLa">bogholder <anchor type="lemma" xml:id="koB13_1465"/>Larsen</HIS:hisRef> bedes foreløbig takket for de meddelte <anchor type="lemma" xml:id="koB13_1466"/>fortræffelige oplysninger om rejserouterne.</p>
<signed>H. I.</signed>
</div>
</body>
</text>