<?xml version="1.0" encoding="UTF-8"?><text xmlns="http://www.tei-c.org/ns/1.0" xmlns:HIS="http://www.example.org/ns/HIS" rend="letter" corresp="B18441006HSte" xml:lang="da-no">
<front>
<pb n="[a]"/>
<HIS:envelope type="sheet">
<address>
<addrLine>Jomfru H Stenersen</addrLine>
<addrLine>Porsgrund</addrLine>
</address>
</HIS:envelope>
</front>
<body>
<div type="letter">
 <dateline>
                            <pb n="[1]"/>
                            <anchor type="lemma" xml:id="koB12_10a"/>Grimstad den <date>6 October 184<unclear reason="writing">4</unclear>
                            </date>
                        </dateline>
<salute>Kjære Hanna!</salute>
<p>Tilgiv at jeg ikke før har besvaret Dit Brev, men det har været mig reent umuligt. I hele Sommer har jeg glædet mig til, at jeg skulde komme hjem til <anchor type="lemma" xml:id="koB12_11"/>Din Confirmation; men <HIS:hisRef type="tcNote" xml:id="noteT12_15" target="B1844-1871ht_noter.xml" corresp="noteT12_15">det</HIS:hisRef> kan ikke blive noget af, da her fortiden er meget at bestille, og <HIS:hisRef type="person" target="Navneregister_HISe.xml#peJAR">Reimann</HIS:hisRef> har just ikke synderlig Lyst til at gjøre noget selv; jeg kan saaledes ikke mundtlig <anchor type="lemma" xml:id="koB12_12"/>aflægge Dig min Lykønskning til denne Dag; hvortil vistnok ogsaa Du ligesaavel som de fleste andre Smaapiger længes efter, for det er jo saa moersomt at være voxen – idetmindste synes man <anchor type="lemma" xml:id="koB12_13"/>saaledes her. Iforgaars afbrød en vigtig Begivenhed det ellers saa eensformige Liv her – idet <anchor type="lemma" xml:id="koB12_14"/>nemmelig <anchor type="lemma" xml:id="koB12_15"/>en af Byens respectable Handværkere havde Bryllup. Det var ret en Festdag for <HIS:hisRef type="person" target="Navneregister_HISe.xml#peFLR">M<hi rend="raised">dm</hi> Reimann</HIS:hisRef> endskjøndt hun rigtignok ikke var med, – et Bryllup er altid en interessant Ting for Damerne, ved Du nok – og naturligviis ogsaa for M<hi rend="raised">dm</hi> R... hun vidste vidt og bredt at fortælle alt hvad man havde talt, gjort og spiist, og det er en sand <pb n="[2]"/>Fornøielse at høre hende fortælle Noget, da man derved faaer at vide langt mere, end <HIS:hisRef type="tcNote" xml:id="noteT12_16" target="B1844-1871ht_noter.xml" corresp="noteT12_16">om</HIS:hisRef> man selv havde seet det. Forøvrigt veed jeg intet at fortælle Dig, undtagen den høist sørgelige Begivenhed, <HIS:hisRef type="tcNote" xml:id="noteT12_17" target="B1844-1871ht_noter.xml" corresp="noteT12_17">at</HIS:hisRef> <anchor type="lemma" xml:id="koB12_16"/>Løverdagen den 5<hi rend="raised">te</hi> Dennes afgik ved Døden – <anchor type="lemma" xml:id="koB12_17"/>Reimanns Yndlingskat efter faae Timer iforveien at have født til Verden 2 trivelige Unger, der, skjønt endnu for smaa til fuldkommen at fatte deres Tab, tilligemed Reimann beklage Tabet af en øm Moder og kjærlig Veninde – Den kjære Afdøde, hvis gode Forstand, <HIS:hisRef type="tcNote" xml:id="noteT12_18" target="B1844-1871ht_noter.xml" corresp="noteT12_18">tilligemed</HIS:hisRef> flere Legemsfortrin, udmærkede den fremfor de fleste af dens Lige, var ogsaa en god Musekat, der fangede Rotter og Muus ligesaa let, som M<hi rend="raised">dm</hi> Reimann uddeler et Ørefigen. For denne Gang maa det være nok da Du veed jeg ikke kan Noget med at skrive lange Breve, og maa desuden skrive hjem iaften.</p>
<p>Svar mig endelig saasnart Du faaer Tid dertil</p>
<salute>Din hengivne</salute>
<signed>HJIbsen</signed>
</div>
</body>
</text>