<?xml version="1.0" encoding="UTF-8"?><text xmlns="http://www.tei-c.org/ns/1.0" xmlns:HIS="http://www.example.org/ns/HIS" rend="letter" corresp="B18700126JB" xml:lang="da-no">
                <body>
<div type="letter">
<dateline>
                            <pb n="[1]"/>Dresden den <date>26<hi rend="raised">de</hi> Januar 1870</date>. –</dateline>
<salute>Kjære Herr Etatsraad Bravo!</salute>
<p>Det var mig i Sandhed meget ubehageligt idag af Deres venlige Brev at erfare at <anchor type="lemma" xml:id="koB12_2300"/>Morgenbladets første Nummere for dette Aar er udeblevne.</p>
<p>Skylden er imidlertid ikke min. Strax efter min <anchor type="lemma" xml:id="koB12_2300a"/>Tillbagekomst fra <HIS:hisRef type="place" target="Navneregister_HISe.xml#plEg">Egypten</HIS:hisRef> bestillte jeg Morgenbladet for min Regning for et Aar, og under 4<hi rend="raised">de</hi> Januar svarer <anchor type="lemma" xml:id="koB12_2301"/>
                            <HIS:hisRef type="person" target="Navneregister_HISe.xml#peCFGF">Redaktøren</HIS:hisRef> blandt andet følgende: «Altsaa: Morgenbladet bliver, som hidindtill, sendt gratis till <HIS:hisRef type="place" target="Navneregister_HISe.xml#plRom">Rom</HIS:hisRef>, og Portoen, nogle og tyve Sp<hi rend="raised">d</hi> betales af Dig.»</p>
<p>Maatte jeg saa ikke antage at alt var i Orden? Ved Aarsskiftet er imidlertid deslige Uregelmæssigheder i Avisforsendelsen temmelig almindelige, og for Fremtiden vil naturligvis Sagen gaa sin sædvanlige Gang. Hvad jeg nu bebrejder mig er kun at jeg ikke strax underrettede Dem om at det hele var <pb n="[2]"/>arrangeret overensstemmende med mit givne Tillsagn. Men till min <HIS:hisRef type="tcNote" xml:id="noteT12_609" target="B1844-1871ht_noter.xml" corresp="noteT12_609">Undskyldning</HIS:hisRef> for denne <anchor type="lemma" xml:id="koB12_2302"/>Efterladenhed kan jeg anføre at jeg siden min Hjemkomst har havt over 50 Breve at skrive og besvare.</p>
<p>Rejsen i Egypten har været overordentlig interessant; det var min Tanke at lægge Tillbagevejen over Rom; men der havde opphobet sig saa mange literære Forrettninger under min Fraværelse, at jeg maatte haste tillbage. <anchor type="lemma" xml:id="koB12_2304"/>Till Sommeren agter jeg at besøge <HIS:hisRef type="place" target="Navneregister_HISe.xml#plKbh">Kjøbenhavn</HIS:hisRef> og <HIS:hisRef type="place" target="Navneregister_HISe.xml#plKri">Christiania</HIS:hisRef>. –</p>
<p>Min lærde Ven, <HIS:hisRef type="person" target="Navneregister_HISe.xml#peJDCL">Dr: Lieblein</HIS:hisRef>, bedes venligst hilset, ligesaa alle de andre kjære skandinaviske Venner. Jeg tænker tidt tillbage paa det gamle Rom og paa de 4 herrlige Aar, jeg tillbragte der.</p>
<p>Her i <HIS:hisRef type="place" target="Navneregister_HISe.xml#plDre">Dresden</HIS:hisRef> lever jeg nu i behaglig Ro medens man hjemme i <HIS:hisRef type="place" target="Navneregister_HISe.xml#plN">Norge</HIS:hisRef> har ført og tilldels endnu fører en rasende <anchor type="lemma" xml:id="koB12_2305"/>Kamp for og imod mit nye Lystspil <HIS:hisRef type="work" target="Navneregister_HISe.xml#woUF">«De unges Forbund»</HIS:hisRef>. <anchor type="lemma" xml:id="koB12_2306"/>Personligt blander jeg mig naturligvis ikke i Sagen. Jeg finder kun at Venner og Fiender er omtrent lige gale.</p>
<p>Jeg haaber De er uforandret og ved god Helbred. En stor Glæde skulde det være for os at se Dem her i Dresden. Hvem ved om De ikke engang udstrækker Deres <pb n="[3]"/>
                            <HIS:hisRef type="tcNote" xml:id="noteT12_610" target="B1844-1871ht_noter.xml" corresp="noteT12_610">Sommerudflugt</HIS:hisRef> hid till disse venlige Egne?</p>
<p>Till <HIS:hisRef type="person" target="Navneregister_HISe.xml#peOF">Fladager</HIS:hisRef> skriver jeg snart for at bede ham paa en eller anden Maade at besørge <anchor type="lemma" xml:id="koB12_2307"/>min Bogpakke hid. For det Tillfælde at enten De selv eller nogen anden skulle ville tillskrive mig, oppgiver jeg min Adresse: KönigsbrückerStrasse, N<hi rend="raised">o</hi> 33.</p>
<p>Og hermed, kjære Herr Etatsraad, siger jeg Dem Farvel for denne Gang. Takk for al Deres Velvilje mod mig og mine. <HIS:hisRef type="person" target="Navneregister_HISe.xml#peSuI">Min Kone</HIS:hisRef> beder at maatte faa frembære sin forbindtligste Hilsen gjennem</p>
<salute>Deres stedse ærbødige og hengivne</salute>
<signed>Henrik Ibsen.</signed>
</div>
</body>
</text>