<?xml version="1.0" encoding="UTF-8"?><text xmlns="http://www.tei-c.org/ns/1.0" xmlns:HIS="http://www.example.org/ns/HIS" rend="letter" corresp="B18560314NTB" xml:lang="da-no">
                <front>
<pb n="[a]"/>
<HIS:envelope type="sheet">
<address>
<addrLine>Til</addrLine>
<addrLine>Bestyrelsen for det norske Theater</addrLine>
<addrLine>i Bergen</addrLine>
</address>
</HIS:envelope>
</front>
<body>
<div type="letter">
<dateline>
                            <pb n="[1]"/>Trondhjem, <date>14<hi rend="raised">de</hi> Marts 1856</date>.</dateline>
<p>Siden min forrige Skrivelse ere følgende Forestillinger givne:</p>
<p>
                            <table rend="settesManuelt">
<row>
                                    <cell role="data">Fredagen d 7<hi rend="raised">de</hi>
                                    </cell>
                                    <cell role="data">
                                        <anchor type="lemma" xml:id="koB12_292"/>«De Deporterede» &amp; <anchor type="lemma" xml:id="koB12_293"/>«Cousine Lotte»</cell>
                                    <cell role="data">=</cell>
                                    <cell role="data">
                                        <HIS:hisRef type="tcNote" xml:id="noteT12_110" target="B1844-1871ht_noter.xml" corresp="noteT12_110">69</HIS:hisRef> Sp 54 ʄ</cell>
                                </row>
<row>
                                    <cell role="data">Søndagen d 9<hi rend="raised">de</hi>
                                    </cell>
                                    <cell role="data">
                                        <anchor type="lemma" xml:id="koB12_294"/>«Nei», <anchor type="lemma" xml:id="koB12_295"/>«Indkvarteringen» &amp; <anchor type="lemma" xml:id="koB12_296"/>«Ja!»</cell>
                                    <cell role="data">=</cell>
                                    <cell role="data">148 Sp 108 ʄ</cell>
                                </row>
<row>
                                    <cell role="data" rend="braced">Onsdagen d 12<hi rend="raised">te</hi> (1<hi rend="raised">ste</hi> Abonnem:)</cell>
                                    <cell role="data">
                                        <anchor type="lemma" xml:id="koB12_297"/>«Scheik Hassan» &amp; <anchor type="lemma" xml:id="koB12_298"/>«Rataplan»</cell>
                                    <cell role="data">=</cell>
                                    <cell role="data">128 Sp 36 ʄ</cell>
                                </row>
</table>
                        </p>
<figure type="bar"/>
<p>
                            <table rend="settesManuelt">
<row>
                                    <cell role="data">Det halve <anchor type="lemma" xml:id="koB12_299"/>Abonnement som nu er indløst</cell>
                                    <cell role="data"/>
                                    <cell role="data"/>
                                </row>
<row>
                                    <cell role="data">beløber sig til</cell>
                                    <cell role="filler"/>
                                    <cell role="data">349 Sp 80 ʄ</cell>
                                </row>
<row>
                                    <cell role="data">Indtægten af 1<hi rend="raised">ste</hi> Forestilling (Onsdagen d 5<hi rend="raised">te</hi>)</cell>
                                    <cell role="data">=</cell>
                                    <cell role="data">121 Sp 6 ʄ</cell>
                                </row>
<row>
                                    <cell/>
                                    <cell/>
                                    <cell role="data">
                                        <figure type="tableline"/>
                                    </cell>
                                </row>
<row>
                                    <cell/>
                                    <cell role="data">Tilsammen</cell>
                                    <cell role="data">817 Sp 44ʄ</cell>
                                </row>
</table>
                        </p>
<p>Pengene indsættes Tid efter anden i <anchor type="lemma" xml:id="koB12_300"/>Norges Bank (<anchor type="lemma" xml:id="koB12_301"/>pr. <HIS:hisRef type="tcNote" xml:id="noteT12_111" target="B1844-1871ht_noter.xml" corresp="noteT12_111">Folio),</HIS:hisRef> vi kunde vistnok <anchor type="lemma" xml:id="koB12_302"/>remittere en Deel, men jeg har troet det hensigtsmæssigt at <anchor type="lemma" xml:id="koB12_303"/>oppebie Udfaldet af de to første Forestillinger efter <anchor type="lemma" xml:id="koB12_304"/>den stille Uge for ei muligviis at komme i Forlegenhed ved Udbetalingen af Gager o. s. v. til 1<hi rend="raised">ste</hi> April. Af den med Throndhjems Theater oprettede Leiekontrakt beder jeg mig meddelt en <HIS:hisRef type="tcNote" xml:id="noteT12_112" target="B1844-1871ht_noter.xml" corresp="noteT12_112">Afskrift;</HIS:hisRef> da <anchor type="lemma" xml:id="koB12_305"/>Theatret her er leiet aarviis (og formentlig at regne fra den <pb n="[2]"/>Dag da Kontrakten afsluttedes) saa forekommer det mig <anchor type="lemma" xml:id="koB12_306"/>billigt at de ved Bortleie af Theatret i Mellemtiden indvundne Summer blive at fradrage den Leie, som vort Theater har at erlægge. Maaskee er dette ogsaa <HIS:hisRef type="person" target="Navneregister_HISe.xml#peJLA">Alsings</HIS:hisRef> Mening, men da jeg ikke nøie kjender Kontraktens Indhold saa har jeg undladt at berøre Sagen for ham.</p>
<p>
                            <HIS:hisRef type="person" target="Navneregister_HISe.xml#peJI">M<hi rend="raised">de</hi> Isachsen</HIS:hisRef> er fremdeles upasselig og for det Tilfælde at hun ikke skulde kunne blive tjenestedygtig til 2<hi rend="raised">den</hi> Paaskedag saa har jeg opsat følgende Repertoire der bliver at holde i Beredskab:</p>
<p>
                            <table rend="settesManuelt">
<row>
                                    <cell role="data">Mandag 24<hi rend="raised">de</hi>
                                    </cell>
                                    <cell role="data">
                                        <anchor type="lemma" xml:id="koB12_307"/>«Skomageren og Grevinden»</cell>
                                    <cell role="data"/>
                                </row>
<row>
                                    <cell role="data">Onsdag 26<hi rend="raised">de</hi>
                                    </cell>
                                    <cell role="data">
                                        <anchor type="lemma" xml:id="koB12_308"/>«Livet i Skoven»</cell>
                                    <cell role="data">(2<hi rend="raised">den</hi> Abonnementsforest:)</cell>
                                </row>
<row>
                                    <cell role="data">Fredag 28<hi rend="raised">de</hi>
                                    </cell>
                                    <cell role="data">
                                        <anchor type="lemma" xml:id="koB12_309"/>«Charlotte Corday» &amp; <anchor type="lemma" xml:id="koB12_310"/>«Soldaterløier»</cell>
                                    <cell role="data">(Marie = <HIS:hisRef type="person" target="Navneregister_HISe.xml#peFN">Jfr. Jensen</HIS:hisRef>.)</cell>
                                </row>
<row>
                                    <cell role="data">Søndag 30<hi rend="raised">te</hi>
                                    </cell>
                                    <cell role="data">
                                        <HIS:hisRef type="work" target="Navneregister_HISe.xml#woG1">
                                            <anchor type="lemma" xml:id="koB12_311"/>Gildet paa Solhoug</HIS:hisRef> og:</cell>
                                    <cell role="data">–</cell>
                                </row>
</table>
                        </p>
<p>Dog vil jeg haabe at hun til den Tid vil være restitueret, jeg har imidlertid ladet <HIS:hisRef type="person" target="Navneregister_HISe.xml#peThS">Jfr: Sørensen</HIS:hisRef> forberede sig paa «Josselines» Rolle i <anchor type="lemma" xml:id="koB12_312"/>«Min Lykkestjerne» og <anchor type="lemma" xml:id="koB12_313"/>«Dronningens» i <anchor type="lemma" xml:id="koB12_314"/>«Halvdelen hver». «Gildet paa Solhoug» kan ikke gaa medmindre Decorationerne hidsendes fra Bergen, og jeg beder derfor om at det <emph>uopholdelig</emph> maa blive paalagt <HIS:hisRef type="person" target="Navneregister_HISe.xml#peLar">
                                <anchor type="lemma" xml:id="koB12_315"/>Larsen</HIS:hisRef> (<HIS:hisRef type="person" target="Navneregister_HISe.xml#peSch">Schjølls</HIS:hisRef> Assistent) at aftage og nedpakke Decorationen til første (og tredie) Akt, samt Huset til anden Akt, hvilket Alt naturligviis maa løses fra Rammer og Træværk og som <pb n="[3]"/>maa være her med næste Dampskib. 9 <emph>gratis</emph> assisterende Chorister har jeg erholdt ved at henvende mig med en Opfordring til en her bestaaende Sangforening, og herved spares ikke saa ubetydeligt.</p>
<p>Personalet virker med Flid og Enighed og opfører sig i alle Henseender vel. Iaften gives: <anchor type="lemma" xml:id="koB12_316"/>«Eventyr paa Fodreisen.»</p>
<dateline>Trondhjem <date>den 14<hi rend="raised">de</hi> Marts 1856</date>
                        </dateline>
<salute>ærbødigst</salute>
<signed>Henr: Ibsen</signed>
<salute>Til Bestyrelsen for det norske Theater.</salute>
</div>
</body>
</text>