<?xml version="1.0" encoding="UTF-8"?><text xmlns="http://www.tei-c.org/ns/1.0" xmlns:HIS="http://www.example.org/ns/HIS" rend="letter" corresp="B18700210JPA" xml:lang="da-no">
<body>
<div type="letter">
<dateline>
                            <pb n="[1]"/>Dresden den <date>10<hi rend="raised">de</hi> Februar 1870</date>. –</dateline>
<salute>Herr Advokat Andresen!</salute>
<p>Det var mig i flere Henseender en Glæde at modtage Deres venlige Brev af 24<hi rend="raised">de</hi> f. M. – Først og fremst maa jeg takke Dem, fordi De er den første, af hvem jeg klart og tydeligt har set udtalt min egen <anchor type="lemma" xml:id="koB12_2314"/>Oppfattning af <HIS:hisRef type="work" target="Navneregister_HISe.xml#woUF">«De unges Forbund»</HIS:hisRef>. Det er netopp saaledes, som De siger, at Politiken i Stykket, «forsaavidt man kan sige at der er nogen», for mig har været det uvæsentlige. Men jeg <anchor type="lemma" xml:id="koB12_2315"/>behøvte naturligvis en <anchor type="lemma" xml:id="koB12_2316"/>Intrige, hvorigjennem Karaktererne kunde udvikle sig, og saa laa det jo nærmest for Haanden at vælg<unclear reason="gap">e</unclear> Situationer og Forholde, der vel till en viss Grad tør siges at være typiske for vort Samfundsliv. Har jeg rammet nogen enkelt, saa er det sket af Vanvare; og det vilde jo været en langt værre Anke mod Arbejdet, ifald man kunde have sagt at Stykkets Personer og Forholde <emph>ikke</emph> havde nogen <HIS:hisRef type="tcNote" xml:id="noteT12_612" target="B1844-1871ht_noter.xml" corresp="noteT12_612">tillsvarende</HIS:hisRef> Virkelighed hos os. Lystspillet maa, efter min Mening, <pb n="[2]"/>nutilldags have et stærkt realistisk Præg. I al Fald maa <HIS:hisRef type="tcNote" xml:id="noteT12_613" target="B1844-1871ht_noter.xml" corresp="noteT12_613">Lystspildigteren</HIS:hisRef>, ligesaa vel som enhver anden Kunstner, bruge Model. Men der er en stor Forskjel paa et <anchor type="lemma" xml:id="koB12_2317"/>Modelhoved og et Portræt.</p>
<p>Alt dette haaber jeg imidlertid vil klarne i Publikums Bevidsthed naar først Gjæringen har faat Tid till at <anchor type="lemma" xml:id="koB12_2318"/>sætte sig. Uroen er jo imidlertid endnu tillstede og rimeligvis lægger den sig ikke saa snart. Men netopp herfor er jeg sterkt i Tvivl om, hvorvidt det virkelig skulde være till Gavn for <HIS:hisRef type="org" target="Navneregister_HISe.xml#orgChrTh">Theatret</HIS:hisRef> om jeg for Tiden indgik paa Deres forøvrigt for mig saa <anchor type="lemma" xml:id="koB12_2319"/>smigrende Tillbud om at overtage nogen <anchor type="lemma" xml:id="koB12_2320"/>Befattning ved samme. Af <anchor type="lemma" xml:id="koB12_2321"/>et visst højmælt Parti betragtes jeg nu for hvad jeg mindst er og mindst ønsker at være, – en Partimand; og jeg tager neppe Fejl naar jeg forudser at min Ansættelse ved Theatret netopp nu vilde blive betragtet som en <anchor type="lemma" xml:id="koB12_2322"/>Stridshandske, der visstnok ikke vilde blive liggende uopptagen. En Kunstanstalt behøver Ro for at kunne virke, og under vore snevre Forholde især behøver den det hele Publikum for sig. En Splittelse kan nok stimulere for en Tid; men den virker ikke godt i Længden. – Alt dette ved De naturligvis selv meget bedre end jeg her i lang Frastand kan sige Dem det; og naar jeg alligevel nævner det, saa er det for at gjøre <pb n="[3]"/>Rede for af hvilken Beskaffenhed mine Betænkeligheder er. – Tør jeg gjøre Dem et Spørgsmaal? Anser De <HIS:hisRef type="person" target="Navneregister_HISe.xml#peBB">Bjørnson</HIS:hisRef> for umulig som Theaterdirektør; og er det utænkeligt at det <HIS:hisRef type="tcNote" xml:id="noteT12_614" target="B1844-1871ht_noter.xml" corresp="noteT12_614">skulde</HIS:hisRef> kunne komme till en <anchor type="lemma" xml:id="koB12_2323"/>Udsoning mellem ham og den nuværende Bestyrelse? Som ene raadende for det artistiske er Bjørnson visselig ikke nogen ønskelig Mand; men naar alt det praktiske forblev i kyndigere og sindigere Hænder, saa turde han dog maaske fylde sin Plads. Endnu en Ting vilde jeg gjerne vide: Hvorledes er Repræsentantskabet og Skuespillerne sindet mod Bjørnson? Og dernæst, foreligger der noget Vidnesbyrd om at disse to <anchor type="lemma" xml:id="koB12_2324"/>Korporationer ønsker min Ansættelse? Jeg har før havt med Theatersagerne at bestille og tør ikke smigre mig med i nogen høj Grad at have havt Stemningen for mig.</p>
<p>Se, alt dette maatte jeg have paa det rene forinden jeg kunde give noget bestemt Svar; og selv om Forholdene end stillede sig nok saa gunstigt, kunde det jo <HIS:hisRef type="tcNote" xml:id="noteT12_615" target="B1844-1871ht_noter.xml" corresp="noteT12_615">alligevel</HIS:hisRef> hænde at mit Svar for Tiden maatte blive afslaaende. Skulde det derfor ikke være raadeligst, enten midlertidig at sikkre sig en anden, eller ogsaa at lade Sagen gaa sin nuværende <pb n="[4]"/>Gang en Sæson till? <anchor type="lemma" xml:id="koB12_2325"/>Till Sommeren er det min Agt at komme opp till <HIS:hisRef type="place" target="Navneregister_HISe.xml#plKri">Christiania</HIS:hisRef> paa et Besøg og da kunde vi jo tale nærmere om dette Anliggende.</p>
<p>Dette er i al Korthed hvad jeg for Øjeblikket ser mig istand till at svare. Nu beder jeg Dem kun om at modtage og for de øvrige ærede Herrer i Direktionen at frembære min forbindtligste Takk for den mig viste Tillid.</p>
<salute>Deres ærbødigst forbundne</salute>
<signed>Henrik Ibsen.</signed>
</div>
</body>
</text>