<?xml version="1.0" encoding="UTF-8"?><text xmlns="http://www.tei-c.org/ns/1.0" xmlns:HIS="http://www.example.org/ns/HIS" rend="letter" corresp="B18640307BD" xml:lang="da-no">
<front>
<pb n="[a]"/>
<HIS:envelope type="sheet">
<address>
<addrLine>Hr: Regjeringsadvokat Dunker.</addrLine>
</address>
</HIS:envelope>
</front>
<body>
<div type="letter">
<salute>
                            <pb n="[1]"/>Hr: Regjeringsadvokat Dunker.</salute>
<p>Jeg tillader mig herved at underrette Hr: Advokaten om at <anchor type="lemma" xml:id="koB12_815"/>min Erklæring over <HIS:hisRef type="person" target="Navneregister_HISe.xml#peBB">Hr: Bjørnsons</HIS:hisRef> Forslag er tilstillet <HIS:hisRef type="person" target="Navneregister_HISe.xml#peRP">
                                <anchor type="lemma" xml:id="koB12_816"/>Theaterdirektionens Formand</HIS:hisRef>.</p>
<dateline>Christiania den <date>7<hi rend="raised">de</hi> Marts 1864</date>.</dateline>
<salute>ærbødigst</salute>
<signed>Henr: Ibsen</signed>
</div>
</body>
</text>