<?xml version="1.0" encoding="UTF-8"?><text xmlns="http://www.tei-c.org/ns/1.0" xmlns:HIS="http://www.example.org/ns/HIS" rend="letter" corresp="B18740208EGr" xml:lang="da-no">
<body>
<div type="letter">
<dateline>
                            <pb n="[1]"/>Dresden den <date>8<hi rend="raised">de</hi> Februar 1874</date>. –</dateline>
<salute>Kære herr Grieg!</salute>
<p>Af <anchor type="lemma" xml:id="koB13_1382"/>Deres venlige brev erfarer jeg med fornøjelse at De indgår på <anchor type="lemma" xml:id="koB13_1383"/>mit forslag. Hvor meget musik, og til hvilke scener De vil komponere, overlades naturligvis ganske til Dem selv; en komponist må jo heri have <HIS:hisRef type="tcNote" xml:id="noteT13_213" target="B1871-1879ht_noter.xml" corresp="noteT13_213">fuldkommen</HIS:hisRef> frie hænder.</p>
<p>Heller ikke er der noget ivejen for at <anchor type="lemma" xml:id="koB13_1384"/>De udsætter arbejdet indtil sommeren; thi <HIS:hisRef type="work" target="Navneregister_HISe.xml#woPG">stykket</HIS:hisRef> kan jo dog alligevel ikke bringes til <anchor type="lemma" xml:id="koB13_1385"/>opførelse forinden i næste spilleår.</p>
<p>Samtidigt med disse linjer tilskriver jeg <HIS:hisRef type="person" target="Navneregister_HISe.xml#peLJ">herr Josephson</HIS:hisRef>. Vilde De da måske have den godhed at <anchor type="lemma" xml:id="koB13_1386"/>tale med ham og meddele ham af mit forrige brev alt, hvad der angår min plan for stykkets forkortning, o. s. v. – Når han, som jeg håber, giver sit <pb n="[2]"/>samtykke eller foreløbige tilsagn om at antage stykket til opførelse, skal jeg <anchor type="lemma" xml:id="koB13_1387"/>sende ham et rettet exemplar af bogen, hvilken De da af ham vil kunne erholde til afbenyttelse.</p>
<p>
                            <anchor type="lemma" xml:id="koB13_1388"/>Vore betingelser med hensyn til honorar m: m: bør vi først opstille når <anchor type="lemma" xml:id="koB13_1389"/>partituren indleveres; den bør være ledsaget af <anchor type="lemma" xml:id="koB13_1390"/>en officiel skrivelse til <HIS:hisRef type="org" target="Navneregister_HISe.xml#orgChrTh">den samlede theaterdirektion</HIS:hisRef>, hvilken skrivelse jeg skal affatte og tilstille Dem; thi den bør være undertegnet af os begge.</p>
<p>Jeg omfatter dette anliggende med megen interesse, og det er mit håb at De vil gøre det samme. Rimeligvis kommer jeg <anchor type="lemma" xml:id="koB13_1391"/>i sommer til at gæste <HIS:hisRef type="place" target="Navneregister_HISe.xml#plN">
                                <HIS:hisRef type="tcNote" xml:id="noteT13_214" target="B1871-1879ht_noter.xml" corresp="noteT13_214">Norge</HIS:hisRef>
                            </HIS:hisRef> og da kunde jeg måske få den fornøjelse personlig at forhandle med Dem – og forøvrigt opfriske gamle <anchor type="lemma" xml:id="koB13_1392"/>romerske erindringer.</p>
<salute>Deres venskabeligst forbundne</salute>
<signed>Henrik Ibsen.</signed>
</div>
</body>
</text>