<?xml version="1.0" encoding="UTF-8"?><text xmlns="http://www.tei-c.org/ns/1.0" xmlns:HIS="http://www.example.org/ns/HIS" rend="letter" corresp="B18630310KongK4" xml:lang="da-no">
<body>
<div type="letter">
<dateline>Christiania den <date>10<hi rend="raised">de</hi> Marts 1863</date>.</dateline>
<salute>Til Kongen.</salute>
<p>Henrik Ibsen ansøger underdanigst om at der for det nu forsamlede Storthing maa fremsættes en <anchor type="lemma" xml:id="koB12_758"/>kongelig Proposition, gaaende ud paa at der af Statskassen bevilges Ansøgeren en aarlig Gage, stor 400 (fire Hundrede) Species, for derved at sætte ham istand til at fortsætte sin literære Virksomhed.</p>
<p>Som Begrundelse for dette mit underdanigste Andragende tillader jeg mig at meddele en kort Oversigt over mit Liv og min literære Virksomhed.</p>
<p>Jeg er født i <HIS:hisRef type="place" target="Navneregister_HISe.xml#plSki">Skien</HIS:hisRef> den 20<hi rend="raised">de</hi> Marts 1828, og da mine Forældre vare uformuende nødtes jeg allerede <anchor type="lemma" xml:id="koB12_759"/>fra mit 15<hi rend="raised">de</hi> Aar til at sørge for mig selv. Jeg erholdt Ansættelse først som <anchor type="lemma" xml:id="koB12_760"/>Lærling og senere som Medhjælper paa Grimstads Apothek, i hvilken Stilling jeg forblev <anchor type="lemma" xml:id="koB12_760a"/>indtil Slutningen af 1849, og anvendte al den Tid, der levnedes mig fra mine Forretninger, til at forberede mig til Examen artium, som jeg underkastede mig i Sommeren 1850. Allerede dengang havde jeg, foruden nogle mindre <anchor type="lemma" xml:id="koB12_761"/>Digte, som offentliggjordes i Christianiaposten, skrevet og udgivet i Trykken <HIS:hisRef type="work" target="Navneregister_HISe.xml#woC1">
                                <anchor type="lemma" xml:id="koB12_762"/>«Catilina»</HIS:hisRef>, versificeret Drama i 3 Akter, hvilket Arbejde af flere Anmeldere, og navnlig <anchor type="lemma" xml:id="koB12_763"/>i <HIS:hisRef type="person" target="Navneregister_HISe.xml#peCLa">Langes</HIS:hisRef> «Tidsskrift for Videnskab og Literatur», gjordes til Gjenstand for meget fordelagtig Omtale. Mit derpaa følgende større Arbejde var <HIS:hisRef type="work" target="Navneregister_HISe.xml#woK1">
                                <anchor type="lemma" xml:id="koB12_764"/>«Kjæmpehøjen»</HIS:hisRef>, dramatisk Digtning i 1 Akt, der i September s. A: bragtes til Opførelse paa <HIS:hisRef type="org" target="Navneregister_HISe.xml#orgChrTh">Christiania Theater</HIS:hisRef>, og som ligeledes modtoges med <anchor type="lemma" xml:id="koB12_765"/>Velvilje af den offentlige Kritik. Mod Slutningen af Aaret 1851 erholdt jeg <anchor type="lemma" xml:id="koB12_766"/>Ansættelse ved det Aaret iforvejen oprettede <HIS:hisRef type="org" target="Navneregister_HISe.xml#orgNTB">norske Theater i Bergen</HIS:hisRef>, først som fast lønnet Theaterforfatter og derpaa tillige som Instruktør. I <anchor type="lemma" xml:id="koB12_767"/>Sommeren 1852 foretog jeg paa Theatrets Bekostning en Rejse til <HIS:hisRef type="place" target="Navneregister_HISe.xml#plKbh">Kjøbenhavn</HIS:hisRef> og flere større tydske <anchor type="lemma" xml:id="koB12_768"/>Steder, væsentligst i det Øjemed at studere Kunst og Literatur, og medbragte fra denne Rejse et nyt Skuespil i 3 Akter, betitlet <HIS:hisRef type="work" target="Navneregister_HISe.xml#woSa">
                                <anchor type="lemma" xml:id="koB12_769"/>«Sancthansnatten»</HIS:hisRef>, der senere bragtes til Opførelse, men som endnu henligger utrykt. I 1854 skrev jeg <HIS:hisRef type="work" target="Navneregister_HISe.xml#woF1">«<anchor type="lemma" xml:id="koB12_770"/>Fru Inger til Østerraad»</HIS:hisRef>, historisk Drama i 5 Akter, opført oftere og paa forskjellige Steder samt udgivet i <HIS:hisRef type="place" target="Navneregister_HISe.xml#plKri">Christiania</HIS:hisRef>. <HIS:hisRef type="work" target="Navneregister_HISe.xml#woG1">
                                <anchor type="lemma" xml:id="koB12_771"/>«Gildet paa Solhoug»</HIS:hisRef>, Drama i 3 Akter, der digtedes i 1855, er ligesaa med meget Bifald opført paa alle Landets Theatre, i <HIS:hisRef type="org" target="Navneregister_HISe.xml#orgKT">Kjøbenhavn</HIS:hisRef>, og paa <HIS:hisRef type="org" target="Navneregister_HISe.xml#orgKDTS">det kongelige Theater</HIS:hisRef> i Stokholm, hvor det valgtes til Feststykke ved <anchor type="lemma" xml:id="koB12_772"/>Højtideligholdelsen af 4<hi rend="raised">de</hi> November 1857. <HIS:hisRef type="work" target="Navneregister_HISe.xml#woHH">«Hærmændene paa Helgeland»</HIS:hisRef>, Skuespil i 4 Akter, udkom i 1858 og har været gjort til Gjenstand for <anchor type="lemma" xml:id="koB12_773"/>en Mængde omfattende og for Stykket mere end almindelig fordelagtige Anmeldelser saavel hertillands, som i <HIS:hisRef type="place" target="Navneregister_HISe.xml#plDk">Danmark</HIS:hisRef> og <HIS:hisRef type="place" target="Navneregister_HISe.xml#plSE">Sverige</HIS:hisRef>; ogsaa dette Arbejde har været opført paa <anchor type="lemma" xml:id="koB12_774"/>samtlige Theatre i Riget. Iaar har jeg udgivet et Lystspil i tre Akter paa rimede Vers, betitlet <HIS:hisRef type="work" target="Navneregister_HISe.xml#woKK">
                                <anchor type="lemma" xml:id="koB12_775"/>«Kjærlighedens Komedie»</HIS:hisRef> og forøvrigt under min hele literære Virketid en hel Del mindre <anchor type="lemma" xml:id="koB12_776"/>Digte, hvoraf en samlet Udgave fortiden forberedes.</p>
<p>Min <anchor type="lemma" xml:id="koB12_777"/>Post ved Bergens Theater frasagde jeg mig i 1857 og modtog umiddelbart derpaa Ansættelse som <anchor type="lemma" xml:id="koB12_778"/>artistisk Direktør ved den herværende norske Scene, i hvilken Stilling jeg forblev indtil Theatret i afvigte Sommer opløstes og <anchor type="lemma" xml:id="koB12_779"/>overgaves til Skifterettens Behandling. Fra første Januar d. A. er jeg midlertidig ansat som <anchor type="lemma" xml:id="koB12_780"/>æsthetisk Konsulent ved Christiania Theater. I 1858 indgik jeg Ægteskab med <HIS:hisRef type="person" target="Navneregister_HISe.xml#peSuI">en Datter</HIS:hisRef> af afdøde <HIS:hisRef type="person" target="Navneregister_HISe.xml#peHCT">Provst Thoresen</HIS:hisRef> i Bergen og har i dette Ægteskab <HIS:hisRef type="person" target="Navneregister_HISe.xml#peSiI">et Barn</HIS:hisRef>. Min Løn ved Bergens Theater udgjorde 300 Spd. aarlig og jeg nødedes til at forlade Stedet med Gjæld. Min Ansættelse ved Christiania norske Theater medførte en gjennemsnitlig aarlig Indtægt af omtrent 600 Spd., men Theatrets Overleverelse til Skifteretten paaførte mig et <anchor type="lemma" xml:id="koB12_781"/>Tab af over 150 Spd. samtidigt med at jeg derved sattes ud af al fast Virksomhed. Ved Christiania Theater lønnes jeg med en <anchor type="lemma" xml:id="koB12_782"/>nominel Gage af 25 Spd. maanedlig, men Udbetalingen af det fulde Beløb forudsætter en større Indtægt for Theatret, end den, der i indeværende Vinter har kunnet opnaaes. At leve udelukkende eller blot væsentligt af literær Virksomhed hertillands, er en Umulighed. Mit bedst lønnede Arbejde, «Hærmændene paa Helgeland», der optog min Tid i henved et Aar, indbragte mig ialt 227 Spd. Under disse Omstændigheder har jeg paadraget mig en <anchor type="lemma" xml:id="koB12_783"/>Gjæld af henved 500 Spd. og da jeg hidindtil ikke har skimtet nogen Udsigt til forbedrede Livsvilkaar hertillands, har jeg seet mig nødt til at træffe de fornødne foreløbige Skridt for til Vaaren at kunne <anchor type="lemma" xml:id="koB12_784"/>udvandre til Danmark.</p>
<p>At forlade <HIS:hisRef type="place" target="Navneregister_HISe.xml#plN">mit Fædreland</HIS:hisRef> og opgive en Virksomhed, som jeg hidtil har betragtet og fremdeles betragter som min egentlige Livsgjerning, er imidlertid et Skridt, der falder mig usigelig tungt, og det er for om muligt at undgaa det at jeg nu forsøger det sidste Middel, idet jeg underdanigst andrager om, at der for <HIS:hisRef type="org" target="Navneregister_HISe.xml#orgStort">det nu forsamlede Storthing</HIS:hisRef> maa fremsættes kongelig Proposition om at der af Statskassen bevilges mig en aarlig Gage, stor 400 Spd., hvorved jeg kan sættes istand til at fortsætte en Virksomhed i Literaturens Tjeneste, som jeg har Grund til at tro at Almenheden ikke ønsker afbrudt.</p>
<salute>Underdanigst</salute>
<signed>Henrik Ibsen.</signed>
</div>
</body>
</text>