<?xml version="1.0" encoding="UTF-8"?><text xmlns="http://www.tei-c.org/ns/1.0" xmlns:HIS="http://www.example.org/ns/HIS" rend="letter" corresp="B18540401NN" xml:lang="da-no">
<body>
<div type="letter">
<p>Som Svar paa <anchor type="lemma" xml:id="koB12_243"/>den til mig i <anchor type="lemma" xml:id="koB12_244"/>dette Blads Torsdagsnummer stilede Opfordring skal jeg tillade mig at bemærke Følgende: Enhver <anchor type="lemma" xml:id="koB12_245"/>Abonnent erholder paa engang særskilt Billet til hver af de 6 Forestillinger. At controllere Billetternes regelmæssige Afbenyttelse vil, under <anchor type="lemma" xml:id="koB12_246"/>den her bestaaende Indretning af Tilskuerpladsene, fra Theatrets Side være vanskeligt. Den ærede Indsender har vistnok Ret i, at man ved dette Arrangement udsættes for ved en enkelt Anledning at faa Huset overfyldt, dog har man troet at finde nogen Garanti herimod i den Omstændighed, at Abonnenterne ved slige Leiligheder udsætte sig selv for de samme Ulemper som det øvrige theatersøgende Publicum.</p>
<signed>Henr. Ibsen.</signed>
</div>
</body>
</text>