<?xml version="1.0" encoding="UTF-8"?><text xmlns="http://www.tei-c.org/ns/1.0" xmlns:HIS="http://www.example.org/ns/HIS" rend="letter" corresp="B18720424FH" xml:lang="da-no">
<body>
<div type="letter">
<dateline>
                            <pb n="[1]"/>Dresden den <date>24<hi rend="raised">de</hi> April 1872</date>. –</dateline>
<salute>Kære herr Hegel!</salute>
<p>Jeg takker Dem forbindtligst for de i Deres venlige brev af 4<hi rend="raised">de</hi> Marts oversendte 75 Thaler. Ligeså havde jeg i søndags den glæde at modtage <HIS:hisRef type="work" target="Navneregister_HISe.xml#woKE">
                                <anchor type="lemma" xml:id="koB13_443"/>«Kongsemnerne»</HIS:hisRef> i den smukke nye udgave. – <anchor type="lemma" xml:id="koB13_444"/>Dette stykke, ligesom <HIS:hisRef type="work" target="Navneregister_HISe.xml#woUF">«De unges forbund»</HIS:hisRef>, er oversat på tysk af <HIS:hisRef type="person" target="Navneregister_HISe.xml#peAS">Adolf Strodtmann</HIS:hisRef> og skal, efter hvad jeg hører, allerede være <anchor type="lemma" xml:id="koB13_445"/>antaget til opførelse i <HIS:hisRef type="place" target="Navneregister_HISe.xml#plBres">Breslau</HIS:hisRef> og <HIS:hisRef type="place" target="Navneregister_HISe.xml#plPra">Prag</HIS:hisRef>; begge bøger er ligeledes <anchor type="lemma" xml:id="koB13_446"/>med megen velvilje, såvidt jeg har bragt i erfaring, modtagne i læseverdenen.</p>
<p>Jeg ved ikke om De har læst en <anchor type="lemma" xml:id="koB13_447"/>anmeldelse af <HIS:hisRef type="work" target="Navneregister_HISe.xml#woDi">mine digte</HIS:hisRef> i det engelske blad «The spectator», der <anchor type="lemma" xml:id="koB13_448"/>delvis har været gengiven i «Morgenbladet». <anchor type="lemma" xml:id="koB13_449"/>Lignende anmeldelser af mine <HIS:hisRef type="tcNote" xml:id="noteT13_62" target="B1871-1879ht_noter.xml" corresp="noteT13_62">andre</HIS:hisRef> arbejder bebudes som en forberedelse til en <anchor type="lemma" xml:id="koB13_450"/>påtænkt oversættelse af disse for <HIS:hisRef type="place" target="Navneregister_HISe.xml#plEng">England</HIS:hisRef> og <HIS:hisRef type="place" target="Navneregister_HISe.xml#plAm">Amerika</HIS:hisRef>. Hovedmanden for dette foretagende er Mr: <HIS:hisRef type="person" target="Navneregister_HISe.xml#peEGo">Edmund Gosse</HIS:hisRef>, embedsmand (bibliothekar eller noget sådant) <pb n="[2]"/>ved British Museum i <HIS:hisRef type="place" target="Navneregister_HISe.xml#plLon">London</HIS:hisRef>. I dette øjemed har han bedet mig sende ham et expl: (uindbundne) af <HIS:hisRef type="work" target="Navneregister_HISe.xml#woKK">«Kærlighedens Komedie»</HIS:hisRef>, <HIS:hisRef type="work" target="Navneregister_HISe.xml#woPG">«Peer Gynt»</HIS:hisRef> og «De unges forbund». Tør jeg bede Dem vise mig den store tjeneste for min regning at besørge dette? Noget brev behøver ikke at medfølge, da jeg har tilskrevet ham det fornødne. Den fuldstændige adresse er: Edmund W. Gosse, <anchor type="lemma" xml:id="koB13_451"/>Esqr: British Museum. Great Russel Street. <HIS:hisRef type="tcNote" xml:id="noteT13_63" target="B1871-1879ht_noter.xml" corresp="noteT13_63">Bloomsbury</HIS:hisRef>. <emph>London</emph>.</p>
<p>Ligeså vilde jeg være Dem meget taknemmelig dersom De ved lejlighed gennem en af Deres forretningsvenner eller på anden for Dem bekvem måde vilde lade <anchor type="lemma" xml:id="koB13_452"/>udbetale for min regning 9 rdlr dansk (18 rdlr svensk) til kunsthandler <HIS:hisRef type="person" target="Navneregister_HISe.xml#peCH">Chr: Hammer</HIS:hisRef>, Fredsgatan, <emph>
                                <HIS:hisRef type="place" target="Navneregister_HISe.xml#plSthlm">Stockholm</HIS:hisRef>
                            </emph>.</p>
<p>Af <HIS:hisRef type="work" target="Navneregister_HISe.xml#woKG">
                                <anchor type="lemma" xml:id="koB13_453"/>«Julian»</HIS:hisRef> er jeg snart færdig med <anchor type="lemma" xml:id="koB13_454"/>2<hi rend="raised">den</hi> afdeling. Den tredje og sidste vil gå som en leg. Foråret er nu kommet hernede, og den varme tid er min bedste arbejdstid. Af danske rejsende har vi havt den fornøjelse at se flere; <anchor type="lemma" xml:id="koB13_455"/>for øjeblikket er <HIS:hisRef type="person" target="Navneregister_HISe.xml#peHCA">H. C. Andersen</HIS:hisRef> her.</p>
<p>
                            <pb n="[3]"/>Min påtænkte rejse til <HIS:hisRef type="place" target="Navneregister_HISe.xml#plKbh">København</HIS:hisRef> i anledning af <anchor type="lemma" xml:id="koB13_456"/>udstillingen må jeg opgive; thi så snart «Julian» er færdig tager jeg fat på <anchor type="lemma" xml:id="koB13_457"/>omarbejdelsen af <HIS:hisRef type="work" target="Navneregister_HISe.xml#woF1">«Fru Inger til Østeråd»</HIS:hisRef>, som jeg tænker at <anchor type="lemma" xml:id="koB13_458"/>indlevere til det <HIS:hisRef type="org" target="Navneregister_HISe.xml#orgKT">kgl: theater</HIS:hisRef>.</p>
<p>For de <anchor type="lemma" xml:id="koB13_459"/>tilsendte bøger af <HIS:hisRef type="person" target="Navneregister_HISe.xml#peGB">G: Brandes</HIS:hisRef> er jeg Dem meget taknemmelig. Hans forelæsninger forekommer mig i og for sig mesterlige; men jeg kan jo nok begribe at de har vakt stort anstød på mange hold. Et er imidlertid visst: han vil få fremtiden på sin side, og mange af hans modstandere vil da have gjort sit eftermæle en dårlig tjeneste ved den måde hvorpå de har mødt ham. Jeg tilskrev ham i forrige uge. –</p>
<p>Med de venligste hilsener til Dem og <HIS:hisRef type="person" target="Navneregister_HISe.xml#peJH">Deres søn</HIS:hisRef> tegner jeg mig</p>
<salute>Deres hjertelig hengivne</salute>
<signed>Henrik Ibsen.</signed>
</div>
</body>
</text>