<?xml version="1.0" encoding="UTF-8"?><text xmlns="http://www.tei-c.org/ns/1.0" xmlns:HIS="http://www.example.org/ns/HIS" rend="letter" corresp="B18690626GB" xml:lang="da-no">
                <body>
<div type="letter">
<dateline>
                            <pb n="[1]"/>Dresden den <date>26<hi rend="raised">de</hi> Juni 1869</date>. –</dateline>
<salute>Kjære Herr Brandes!</salute>
<p>Det har været mig en stor <anchor type="lemma" xml:id="koB12_2090"/>Sindslettelse at modtage Deres venlige Linjer; thi jeg har med Rette maattet frygte for at De fandt mig meget utakknemmelig naar jeg ikke havde et Ord till Dem <anchor type="lemma" xml:id="koB12_2091"/>efterat De havde belyst min Virksomhed saaledes, som ingen anden har gjort det. Utakknemmelig er jeg dog visselig ikke. Det magtpaaliggende er jo ikke at blive <anchor type="lemma" xml:id="koB12_2092"/>«ubetinget forherliget», men at blive forstaaet.</p>
<p>Naar jeg imidlertid ikke har tillskrevet Dem, saa er det fordi mit Svar i Tanken svulmede opp till et helt stort Stykke Æsthetik, og da jeg fandt at denne maatte begynde med Spørgsmaalet: hvad er Poesi?, saa vil De indrømme at Brevet turde blive temmelig vidtløftigt og at Themaet <pb n="[2]"/>passeligst lod sig behandle under et <anchor type="lemma" xml:id="koB12_2093"/>personligt Sammenstød.</p>
<p>
                            <HIS:hisRef type="work" target="Navneregister_HISe.xml#woBr">
                                <anchor type="lemma" xml:id="koB12_2094"/>«Brand»</HIS:hisRef> er bleven mistydet; ialfald ligeover for min Intention; (hvortill De rigtignok kan svare at Intentionen ikke kommer Kritiken ved). Mistydningen har aabenbart sin Rod i at Brand er Prest og at Problemet er lagt i det religiøse. Men begge disse Omstændigheder er ganske uvæsentlige. Jeg skulde været Mand for at gjøre den samme <anchor type="lemma" xml:id="koB12_2095"/>Syllogismus lige saa godt om en Billedhugger eller en Politiker, som om en Prest. Jeg kunde faaet den samme Frigjørelse for Stemningen, der drev mig till at producere, om jeg, istedetfor Brand, havde behandlet f: Ex: <HIS:hisRef type="person" target="Navneregister_HISe.xml#peGGal">Galilæi</HIS:hisRef>, (med den Forandring at han naturligvis maatte holde sig stiv og ikke indrømme at Jorden stod stille;) ja, hvem ved, – var jeg født et hundrede Aar senere, saa kunde jeg maaske ligesaa gjerne behandlet Dem selv og <anchor type="lemma" xml:id="koB12_2096"/>Deres Kamp mod <HIS:hisRef type="person" target="Navneregister_HISe.xml#peRNi">Rasmus Nielsens</HIS:hisRef> <anchor type="lemma" xml:id="koB12_2097"/>Akkordfilosofi. I det hele taget er der mere maskeret Objektivitet i «Brand», end man hidindtill er <anchor type="lemma" xml:id="koB12_2098"/>kommen undervejr med, og <anchor type="lemma" xml:id="koB12_2098a"/>det gjør jeg mig, <anchor type="lemma" xml:id="koB12_2099"/>qva Poet, till af. –</p>
<p>I <HIS:hisRef type="work" target="Navneregister_HISe.xml#woUF">
                                <anchor type="lemma" xml:id="koB12_2100"/>mit nye Lystspil</HIS:hisRef> vil De finde <pb n="[3]"/>den jævne Dagligdagshed, ingen stærke Sjælsbevægelser, ingen dybe Stemninger og fremfor alt ingen isolerede Tanker. Hvad De med fuld Rett har bebrejdet mig angaaende de <anchor type="lemma" xml:id="koB12_2101"/>uforarbejdede Forfatterrepliker i <HIS:hisRef type="work" target="Navneregister_HISe.xml#woKE">«Kongs-Emnerne»</HIS:hisRef>, har gjort sin Virkning. <anchor type="lemma" xml:id="koB12_2102"/>Deres Afhandling, – og heri maa De tage den bedste Takk, jeg formaar at yde Dem, – har været det samme for mig, som <anchor type="lemma" xml:id="koB12_2103"/>
                            <HIS:hisRef type="person" target="Navneregister_HISe.xml#peMMW">
                                <anchor type="lemma" xml:id="koB12_2104"/>Mons Wingaards</HIS:hisRef> Krønike var for Jakob v. Thybo; jeg har læst den 16 Gange og 16 Gange till og haaber at skulle føre mig den till Nytte «udi adskillige Krige».</p>
<p>Men nu er jeg meget spændt paa at høre hvad De vil sige om dette mit nye Arbejde. Det er skrevet i Prosa og, som Følge heraf, med en stærk realistisk Farvning. Formen har jeg behandlet med Omhu, og har blandt andet gjort det Kunststykke at hjælpe mig uden en eneste <anchor type="lemma" xml:id="koB12_2105"/>Monolog, ja, uden en eneste «afsides» Replik. Dog, alt dette beviser naturligvis ingenting; og derfor beder jeg Dem indstændigt: faar De en ledig Stund, saa vis mig den Venlighed at læse det og lade mig <HIS:hisRef type="tcNote" xml:id="noteT12_572" target="B1844-1871ht_noter.xml" corresp="noteT12_572">høre</HIS:hisRef> hvad De dømmer derom; hvorledes Deres Dom end falder ud, saa gjør De en god <pb n="[4]"/>Gjerning mod mig her i min <anchor type="lemma" xml:id="koB12_2106"/>Menneskeforladthed, ved at udtale Dem. <anchor type="lemma" xml:id="koB12_2107"/>Bogen kommer ikke i Handelen før till Høsten, og det er længe at vente. –</p>
<p>Et Par af vore fælles Venner beder jeg Dem hilse, nemlig <HIS:hisRef type="person" target="Navneregister_HISe.xml#peJC">Jonas Collin</HIS:hisRef> og <anchor type="lemma" xml:id="koB12_2108"/>
                            <HIS:hisRef type="person" target="Navneregister_HISe.xml#peJHL">Julius Lange</HIS:hisRef>; den sidste modtog neppe noget særdeles godt Indtrykk af mig fra Samværet i <HIS:hisRef type="place" target="Navneregister_HISe.xml#plRom">Rom</HIS:hisRef>; men jeg var dengang i Stemning som et Rovdyr og havde diverse Grunde dertill. –</p>
<p>Jeg beklager for min egen Skyld at vi rimeligvis ikke mødes paa <anchor type="lemma" xml:id="koB12_2109"/>Deres forestaaende Rejse; men for Deres Skyld glæder jeg mig inderligt eftersom Touren gaar mod Syden; det er en usigelig stor Lykke at drage did for første Gang.</p>
<p>Og hermed hjertelig Takk baade for Deres Brev og for det meget andet.</p>
<salute>Deres hengivne</salute>
<signed>Henrik Ibsen.</signed>
</div>
<div type="postscript">
<p>P. S. <HIS:hisRef type="person" target="Navneregister_HISe.xml#peMAG">Goldschmidt</HIS:hisRef> kjender De jo personligt. Er han for Tiden i <HIS:hisRef type="place" target="Navneregister_HISe.xml#plKbh">Kbhvn</HIS:hisRef> saa bedes ogsaa han paa det hjerteligste hilset fra mig.</p>
</div>
</body>
</text>