<?xml version="1.0" encoding="UTF-8"?><text xmlns="http://www.tei-c.org/ns/1.0" xmlns:HIS="http://www.example.org/ns/HIS" rend="letter" corresp="Budat18700720AK" xml:lang="da-no">
<front>
<pb n="[a]"/>
<HIS:envelope type="envelope">
<address>
<addrLine>Herr Højesteretsadvokat A: Klubien.</addrLine>
<addrLine>Holmens Kanal, N<hi rend="raised">o</hi> 4.</addrLine>
<note resp="author" place="inline">S.u.</note>
</address>
</HIS:envelope>
</front>
<body>
<div type="letter">
<dateline>
                            <pb n="[1]"/>Hotel d’Angleterre.</dateline>
<salute>
                            <anchor type="lemma" xml:id="koB12_2595"/>Carissimo!</salute>
<p>En gammel <anchor type="lemma" xml:id="koB12_2596"/>amico romano ankom i morges. Du ventes her indtil Kl: 7. Vedkommende er elendig træt efter Rejsen, men højst begjærlig efter at se Dig.</p>
</div>
</body>
</text>