<?xml version="1.0" encoding="UTF-8"?><text xmlns="http://www.tei-c.org/ns/1.0" xmlns:HIS="http://www.example.org/ns/HIS" rend="letter" corresp="B18690418KB" xml:lang="da-no">
<front>
<pb n="[a]"/>
<HIS:envelope type="envelope">
<stamp>fr:</stamp>
<address>
<addrLine>Herrn Cand: pharm: Bomhoff.</addrLine>
<addrLine>Palaisplatz.</addrLine>
<addrLine>N<hi rend="raised">o</hi> 4, Parterre.</addrLine>
</address>
</HIS:envelope>
</front>
<body>
<div type="letter" subtype="visitingCard">
<salute>
                            <pb n="[1]"/>
                            <HIS:hisRef type="tcNote" xml:id="noteT12_757" target="B1844-1871ht_noter.xml" corresp="noteT12_757">Herr</HIS:hisRef> Bomhoff!</salute>
<p>Vedlagte <anchor type="lemma" xml:id="koB12_1971"/>Adgangskort, der gjælder till imorgen (Mandag) er till Tjeneste saafremt De maatte ønske at benytte det.</p>
<dateline>
                            <date>Søndag, 18<hi rend="raised">de</hi> April 1869</date>. –</dateline>
</div>
</body>
</text>