<?xml version="1.0" encoding="UTF-8"?><text xmlns="http://www.tei-c.org/ns/1.0" xmlns:HIS="http://www.example.org/ns/HIS" rend="letter" corresp="B18500412CM" xml:lang="da-no">
<body>
<div type="letter" subtype="poem">
<div type="letterpart" part="I">
<dateline>
                                <pb n="[1]"/>Grimstad <date>d. 12<hi rend="raised">te</hi> April 1850. –</date>
                            </dateline>
<salute>Til Jomfru Cathrine Martini!</salute>
<p>Jeg har herved den Fornøielse at indfrie <anchor type="lemma" xml:id="koB12_58"/>mit Løfte; – det vilde være mig kjært, om den elskværdige Modtagerindes <emph>Forventning</emph> ikke blev altfor meget skuffet.</p>
<signed>Henr: Ibsen</signed>
</div>
 <lb/>
 <div type="letterpart" part="F">
  <head type="letter">
                                <pb n="[2]"/>
                                <HIS:hisRef type="work" target="Navneregister_HISe.xml#woDiMaane">Maaneskinsvandring efter et Bal</HIS:hisRef>.</head>
<salute rend="centre">Tilegnet Jomfru Cathrine Martini!</salute>
<lg>
<lg>
<l>Tys, hvor stille! – hist fra Salen lyder Glæden ikke længer;</l>
<l>Ingen Stemme, ingen Tone gjennem Nattens Stille trænger.</l>
                                </lg>
<lg>
<l>Langt i Vester kaster Maanen snart det sidste Blik henover</l>
<l>Jorden, som i Glemselsdrømme under Sneens Lillier sover.</l>
                                </lg>
<lg>
<l>Endt er Ballet, – men i Tanken seer jeg <anchor type="lemma" xml:id="koB12_59"/>end iblandt de hvide</l>
<l>Skikkelser, som svæve gjennem Rækkerne, en let <anchor type="lemma" xml:id="koB12_60"/>Sylphide.</l>
                                </lg>
<lg>
<l>Snart er Maanen dalet; da skal Søvnens Arme mig omfatte!</l>
<l>Da kan Sjælen glide frit paa Drømmens Hav med Mindets Skatte!</l>
                                </lg>
                            </lg>
 <p>Grimstad <date>den 12<hi rend="raised">te</hi> April 1850. –</date>
                            </p>
<signed>Henr: Ibsen</signed>
</div>
</div>
</body>
</text>