<?xml version="1.0" encoding="UTF-8"?><text xmlns="http://www.tei-c.org/ns/1.0" xmlns:HIS="http://www.example.org/ns/HIS" rend="letter" corresp="B18741013FH" xml:lang="da-no">
<body>
<div type="letter">
<dateline>
                            <pb n="[1]"/>Dresden den <date>13<hi rend="raised">de</hi> Oktober 1874</date>.</dateline>
<salute>Kære herr Hegel!</salute>
<p>Hermed følger den 3<hi rend="raised">die</hi> sending <anchor type="lemma" xml:id="koB13_1505"/>manuskript til <HIS:hisRef type="work" target="Navneregister_HISe.xml#woF2">«Fru Inger»</HIS:hisRef>. Den sidste lille rest følger en af dagene. Jeg lever i det <anchor type="lemma" xml:id="koB13_1506"/>håb at sætteren allerede er i fuldt arbejde; thi <emph>noget nyt</emph> vilde jeg jo gerne af mange grunde have ud til jul; og dette stykke kan, især for <HIS:hisRef type="place" target="Navneregister_HISe.xml#plSE">
                                <HIS:hisRef type="tcNote" xml:id="noteT13_232" target="B1871-1879ht_noter.xml" corresp="noteT13_232">Sverigs</HIS:hisRef>
                            </HIS:hisRef> og visselig også for <HIS:hisRef type="place" target="Navneregister_HISe.xml#plDk">Danmarks</HIS:hisRef> vedkommende, betragtes som nyt. Da <anchor type="lemma" xml:id="koB13_1507"/>dialogen er helt bearbejdet, så vil det også i <HIS:hisRef type="place" target="Navneregister_HISe.xml#plN">Norge</HIS:hisRef> have nyhedens interesse.</p>
<p>Med de hjerteligste hilsener tegner jeg mig</p>
<salute>Deres hengivne</salute>
<signed>Henrik Ibsen.</signed>
</div>
</body>
</text>