<?xml version="1.0" encoding="UTF-8"?><text xmlns="http://www.tei-c.org/ns/1.0" xmlns:HIS="http://www.example.org/ns/HIS" rend="letter" corresp="B18680221JdB" xml:lang="da-no">
<body>
<div type="letter">
<dateline>
                            <pb n="[1]"/>Rom, <date>d. 21<hi rend="raised">de</hi> Febr. 1868</date>.</dateline>
<salute>Hr de Besche, Kongl. Livlæge.</salute>
<p>Idet vi hermed sende Dem saavel de resterende 108 ʄ for forrige Aar som de 21 Spd. for indeværende Aar ved en Vexel, takke vi Dem for Deres <anchor type="lemma" xml:id="koB12_1678"/>Forekommenhed, at ville skjænke os <anchor type="lemma" xml:id="koB12_1679"/>Morgenbladet gratis endnu et Aar. Dog knytte vi hertil det Haab, at denne Gave maa fortsætte sig ogsaa ind i de følgende Aar, da vi nødig ville give Afkald paa vort eneste norske Blad, og da de øvrige (svenske og danske) Blade ere skjænkede os saaledes paa en ubestemt Aarrække.</p>
<p>I det Haab, at dette tilstaaes os, bede vi Dem for det Tilfælde, at en lignende kortere Udeblivelse af Portoens Betaling ved Aarets Slutning atter skulde indtræffe, da ikke derfor at standse Forsendelse, eftersom en saadan Udeblivelse naturligvis ikke <pb n="[2]"/>er forsætlig, og Bladets Eier har fuldstændig Betryggelse for sit Tilgodehavende, saameget mere som Morgenbladet (med Undt. af eet) er det eneste Blad, for hvilket Portoen betales af os.–</p>
<p>Endvidere tillade vi os at bede om Bladet hellere for Fremtiden maatte sendes to Gange om Ugen, da vi ikke troe at denne Maade er kostbarere, eftersom Redakteurerne for de andre Blade: <anchor type="lemma" xml:id="koB12_1680"/>Post- och Inrikes Tidn., <anchor type="lemma" xml:id="koB12_1681"/>Berlingske Tid., <anchor type="lemma" xml:id="koB12_1682"/>Dagbladet og <anchor type="lemma" xml:id="koB12_1683"/>Fædrelandet – have valgt endog at sende hvert N<hi rend="raised">o</hi> for sig, uagtet disse Herrer selv, foruden at skjænke Bladet, betale Portoen til Pavestatens Grændse. – –</p>
<signed>Bestyrelsen for <HIS:hisRef type="org" target="Navneregister_HISe.xml#orgSF">den skandin. Forening i Rom</HIS:hisRef>.</signed>
<signed>V. Bergsøe.</signed>
<signed>Joh. Bravo</signed>
<signed>H. Ibsen.</signed>
<signed>Börjeson</signed>
<signed>O. V. Mourier.</signed>
</div>
</body>
</text>