<?xml version="1.0" encoding="UTF-8"?><text xmlns="http://www.tei-c.org/ns/1.0" xmlns:HIS="http://www.example.org/ns/HIS" rend="letter" corresp="B18710929FH" xml:lang="da-no">
<body>
<div type="letter">
<dateline>
                            <pb n="[1]"/>Dresden den <date>29<hi rend="raised">de</hi> Sept<hi rend="raised">br</hi> 1871</date>. –</dateline>
<salute>Kære herr Hegel!</salute>
<p>Idet jeg takker Dem for det igår modtagne brev, håber jeg at min seneste skrivelse har sat Dem ind i situationen angående de <HIS:hisRef type="person" target="Navneregister_HISe.xml#peHJJ">Jensenske</HIS:hisRef> slyngelstreger. Min ret er så soleklar at det endelige udfald ikke kan være tvivl underkastet. <HIS:hisRef type="tcNote" xml:id="noteT13_18" target="B1871-1879ht_noter.xml" corresp="noteT13_18">Nogen</HIS:hisRef> <anchor type="lemma" xml:id="koB13_79"/>kontrakt har aldrig existeret mellem os, – ikke et skrevet ord; kvittering fra min hånd findes heller ikke af den grund at personen endnu <anchor type="lemma" xml:id="koB13_80"/>ikke har betalt mig fuldt ud den for stykkernes benyttelse i <HIS:hisRef type="org" target="Navneregister_HISe.xml#orgIN">«Nyhedsbladet»</HIS:hisRef> stipulerede sum.</p>
<p>Jeg håber De intet har imod at jeg har <anchor type="lemma" xml:id="koB13_81"/>bebudet en udgave af stykkerne på Deres forlag; tiden har jeg ikke angivet, og er således antageligen <anchor type="lemma" xml:id="koB13_82"/>ikke gåt sandheden for nær; thi engang bør dog vel disse arbejder slutte sig til rækken af mine andre.</p>
<p>
                            <anchor type="lemma" xml:id="koB13_83"/>Indlagte beder jeg Dem godhedsfuldt tilstille herr <HIS:hisRef type="person" target="Navneregister_HISe.xml#peCSAB">Bille</HIS:hisRef>. Allerede idag skriver jeg en <anchor type="lemma" xml:id="koB13_84"/>fremstilling til det <pb n="[2]"/>norske justitsdepartement, bestemt til indrykkelse i «Morgenbladet», og hvori jeg opfordrer autoriteterne til ved <anchor type="lemma" xml:id="koB13_85"/>beslaglæggelse at stoppe tyven indtil jeg kan få dom over ham.</p>
<p>Det er mig kært at De ikke har svaret <HIS:hisRef type="person" target="Navneregister_HISe.xml#peTEBH">advokat <anchor type="lemma" xml:id="koB13_86"/>Heiberg</HIS:hisRef>; hvis De svarer ham, skulde jeg ønske De vilde indskrænke <HIS:hisRef type="tcNote" xml:id="noteT13_19" target="B1871-1879ht_noter.xml" corresp="noteT13_19">svaret</HIS:hisRef> til en meddelelse om at De har oversendt mig hans brev. –</p>
<p>I dette øjeblik modtager jeg <anchor type="lemma" xml:id="koB13_87"/>brev fra min svoger, bureauchef <HIS:hisRef type="person" target="Navneregister_HISe.xml#peJHT">Thoresen</HIS:hisRef> i <HIS:hisRef type="place" target="Navneregister_HISe.xml#plKri">Kristiania</HIS:hisRef>, hvori han anviser mig de forholdsregler, jeg har at tage. Min juridiske og moralske ret er lige utvivlsom.</p>
<salute>Deres hjertelig hengivne</salute>
<signed>Henrik Ibsen.</signed>
</div>
</body>
</text>