<?xml version="1.0" encoding="UTF-8"?><text xmlns="http://www.tei-c.org/ns/1.0" xmlns:HIS="http://www.example.org/ns/HIS" rend="letter" corresp="B18720216JB" xml:lang="da-no">
<body>
<div type="letter">
<dateline>
                            <pb n="[1]"/>Dresden den <date>16<hi rend="raised">de</hi> Februar 1872</date>.</dateline>
<salute>Kære og højstærede herr etatsråd!</salute>
<p>Under 22<hi rend="raised">de</hi> f: m:, samme dag jeg havde den fornøjelse at modtage <anchor type="lemma" xml:id="koB13_227"/>Deres sidste venlige brev, tilskrev jeg, overensstemmende med Deres ønske, <HIS:hisRef type="org" target="Navneregister_HISe.xml#orgAftb">det norske <anchor type="lemma" xml:id="koB13_228"/>«<HIS:hisRef type="tcNote" xml:id="noteT13_38" target="B1871-1879ht_noter.xml" corresp="noteT13_38">Aftenblads</HIS:hisRef>»</HIS:hisRef> <HIS:hisRef type="person" target="Navneregister_HISe.xml#peWCFa">ejer</HIS:hisRef> og frembar for ham Deres og <HIS:hisRef type="org" target="Navneregister_HISe.xml#orgSF">
                                <anchor type="lemma" xml:id="koB13_229"/>foreningens</HIS:hisRef> tak for den <anchor type="lemma" xml:id="koB13_230"/>fra hans side viste opmærksomhed. Jeg har derefter givet <HIS:hisRef type="person" target="Navneregister_HISe.xml#peJHT">min <anchor type="lemma" xml:id="koB13_231"/>forretningsfører</HIS:hisRef> i <HIS:hisRef type="place" target="Navneregister_HISe.xml#plKri">Kristiania</HIS:hisRef> ordre til at betale portoen for bladet. Den sag er altså i orden.</p>
<p>Når jeg ikke allerede i forrige år har tilskrevet Dem og berigtiget <anchor type="lemma" xml:id="koB13_232"/>restbeløbet af vort mellemværende, så er grunden den at jeg har forudset at De og foreningen vilde kunne behøve min <anchor type="lemma" xml:id="koB13_233"/>mellemkomst i avisanliggender, da det vistnok er forbundet med <anchor type="lemma" xml:id="koB13_234"/>mange vanskeligheder at skulle sende penge fra <HIS:hisRef type="place" target="Navneregister_HISe.xml#plRom">Rom</HIS:hisRef> til Norge.</p>
<p>Indlagt tillader jeg mig at fremsende et brev til fru <HIS:hisRef type="person" target="Navneregister_HISe.xml#peCC">C: Collett</HIS:hisRef>, der har opholdt sig nogen tid her og for <pb n="[2]"/>et par uger siden afrejste til Rom, hvorhen jeg antager at hun nu må være kommen.</p>
<p>Det har gjort mig meget ondt at erfare den <anchor type="lemma" xml:id="koB13_235"/>sorg, som har truffet Runebergs. Også her hersker forskellige <anchor type="lemma" xml:id="koB13_236"/>epidemiske sygdomme; men til dato er vi heldigen blevne forskånede. – De kan tro jeg tænker ofte tilbage på de fire herlige år i Rom; men til næste år <anchor type="lemma" xml:id="koB13_237"/>vender jeg dog rimeligvis tilbage til Kristiania; håbet om <anchor type="lemma" xml:id="koB13_238"/>endnu engang at gæste <HIS:hisRef type="place" target="Navneregister_HISe.xml#plIt">Italien</HIS:hisRef> opgiver jeg imidlertid ikke.</p>
<p>Efter <anchor type="lemma" xml:id="koB13_239"/>sidste krig er alting blevet <anchor type="lemma" xml:id="koB13_240"/>forskrækkelig dyrt her i <HIS:hisRef type="place" target="Navneregister_HISe.xml#plD">Tyskland</HIS:hisRef>. Heldigvis er mine <anchor type="lemma" xml:id="koB13_241"/>indtægter i samme grad blevne forøgede, så at vi kan leve uden bekymring; <anchor type="lemma" xml:id="koB13_242"/>nye oplag udkommer jævnlig af mine bøger, og jeg er stadig beskæftiget med noget nyt. I denne vinter arbejder jeg på <HIS:hisRef type="work" target="Navneregister_HISe.xml#woKG">et omfangsrigt <anchor type="lemma" xml:id="koB13_243"/>dramatisk værk</HIS:hisRef>, der antagelig bliver færdigt i løbet af sommeren.</p>
<p>
                            <HIS:hisRef type="person" target="Navneregister_HISe.xml#peJLi">Jonas Lie</HIS:hisRef> med familje agter vel for længere tid at fæste bolig i Rom? Tør jeg bede Dem lade <anchor type="lemma" xml:id="koB13_244"/>indlagte billet komme ham ihænde? Skulde <anchor type="lemma" xml:id="koB13_245"/>professor Munchs <pb n="[3]"/>være ankomne, håber jeg De viser mig den godhed at hilse dem; de <anchor type="lemma" xml:id="koB13_246"/>besøgte os på nedrejsen her i Dresden.</p>
<p>Alle de andre gamle Romere må De heller ikke forglemme. Jeg bevarer dem alle i hjertelig erindring; men hvem der i den hele række indtager den første plads, – det, kære fortræffelige herr etatsråd, – det behøver jeg ikke at sige Dem.</p>
<p>Med de bedste ønsker tegner jeg mig</p>
<salute>Deres stedse hengivne</salute>
<signed>Henrik Ibsen.</signed>
</div>
</body>
</text>