<?xml version="1.0" encoding="UTF-8"?><text xmlns="http://www.tei-c.org/ns/1.0" xmlns:HIS="http://www.example.org/ns/HIS" rend="letter" corresp="B18741201ChrTh" xml:lang="da-no">
<body>
<div type="letter">
<dateline>
                            <pb n="[1]"/>Dresden den <date>1<hi rend="raised">ste</hi> December 1874</date>.</dateline>
<salute>Til direktionen for Kristiania theater.</salute>
<p>Herved har jeg at opfylde en længe forsømt pligt, idet jeg tillader mig skriftligt og for <anchor type="lemma" xml:id="koB13_1629"/>den samlede bestyrelse at frembære min forbindtligste tak for det mig isommer for mine ved theatret opførte dramatiske arbejder bevilgede betydelige <anchor type="lemma" xml:id="koB13_1630"/>tillægshonorar. At modtage dette var mig såmeget kærere og glædeligere, som jeg deri, foruden bestyrelsens velvilje for mig, tillige må se et tegn på theatrets voksende ekonomiske evne samt på personalets kunstneriske fremgang, hvorom jeg, under mit <anchor type="lemma" xml:id="koB13_1631"/>ophold i <HIS:hisRef type="place" target="Navneregister_HISe.xml#plKri">Kristiania</HIS:hisRef> havde den fornøjelse personlig at kunne <anchor type="lemma" xml:id="koB13_1632"/>overtyde mig.</p>
<p>Samtidigt med denne takskrivelse giver jeg mig den ære at indlevere til theatret mit skuespil <HIS:hisRef type="work" target="Navneregister_HISe.xml#woF2">«Fru Inger til Østråt»</HIS:hisRef> med forespørgsel, om bestyrelsen måtte være villig til at antage samme til <anchor type="lemma" xml:id="koB13_1633"/>opførelse i indeværende sæson.</p>
<p>Stykket har ikke tidligere været <pb n="[2]"/>spillet på Kristiania theater. Det foreligger nu i en <anchor type="lemma" xml:id="koB13_1634"/>for replikbehandlingens vedkommende gennemarbejdet skikkelse. Den tidligere deklamatoriske form er fjernet, og en mere realistisk og natursand udtryksmåde er trådt istedet. Jeg tror at stykket ligger godt for personalets kræfter; <HIS:hisRef type="person" target="Navneregister_HISe.xml#peLG">fru Gundersen</HIS:hisRef> har allerede i tidligere tider ytret levende ønske om at få spille titelrollen, hvilket jeg tror hun vil kunne gøre med betydelig virkning. Nye dekorationer eller kostumer udkræves ikke.</p>
<p>Antages «<HIS:hisRef type="tcNote" xml:id="noteT13_253" target="B1871-1879ht_noter.xml" corresp="noteT13_253">Fru</HIS:hisRef> Inger» til opførelse iår, så er det vel en selvfølge at <HIS:hisRef type="work" target="Navneregister_HISe.xml#woPG">
                                <anchor type="lemma" xml:id="koB13_1635"/>«Peer Gynt»</HIS:hisRef> udskydes indtil næste sæson; og dette turde måske for alle parter være hensigtsmæssigt, da sidstnævnte stykke, på grund af de mange extraordinære forberedelser, rimeligvis, selv i heldigste tilfælde, ikke vil kunne bringes på scenen forinden langt udover våren.</p>
<p>I håb om i sin tid at erholde meddelelse om den ærede bestyrelses beslutning, tegner jeg mig</p>
<salute>Deres ærbødigst forbundne</salute>
<signed>Henrik Ibsen.</signed>
<pb n="[3]"/>
<pb n="[4]"/>
</div>
</body>
</text>