<?xml version="1.0" encoding="UTF-8"?><text xmlns="http://www.tei-c.org/ns/1.0" xmlns:HIS="http://www.example.org/ns/HIS" rend="letter" corresp="B18700308JHT" xml:lang="da-no">
<body>
<div type="letter">
<dateline>
                            <pb n="[1]"/>Dresden den <date>8<hi rend="raised">de</hi> Marts 1870</date>. –</dateline>
<salute>Kjære Svoger!</salute>
<p>Jeg har nu paa engang hele tre Skrivelser fra Dem at besvare, og skal derfor fatte mig i al Korthed.</p>
<p>Først takker jeg for <anchor type="lemma" xml:id="koB12_2379"/>Modtagelsen af min Gage for Terminen Okt<hi rend="raised">br</hi>-Dec<hi rend="raised">br</hi> f. A. og beder Dem, naar Tiden kommer, at sende mig 1<hi rend="raised">ste</hi> Qvartals Gage paa sædvanlig Maade. <anchor type="lemma" xml:id="koB12_2380"/>Arrangementet med <HIS:hisRef type="person" target="Navneregister_HISe.xml#peHJN">Herr Nandrup</HIS:hisRef> var mig kjært at erfare. De <anchor type="lemma" xml:id="koB12_2381"/>Udsættelser, jeg kan have at gjøre ved hans Regnskab, skal jeg fremsætte naar jeg <anchor type="lemma" xml:id="koB12_2382"/>till Sommeren kommer till <HIS:hisRef type="place" target="Navneregister_HISe.xml#plKri">Christiania</HIS:hisRef>.</p>
<p>Hvad <anchor type="lemma" xml:id="koB12_2383"/>Direktørposten ved <HIS:hisRef type="org" target="Navneregister_HISe.xml#orgChrTh">Theatret</HIS:hisRef> angaar, saa haaber jeg at <HIS:hisRef type="person" target="Navneregister_HISe.xml#peHeHe">Hrr: Heyerdal</HIS:hisRef> <anchor type="lemma" xml:id="koB12_2384"/>har sat Dem i Kundskab om det <anchor type="lemma" xml:id="koB12_2385"/>Brev jeg i den Anledning har tillskrevet <HIS:hisRef type="person" target="Navneregister_HISe.xml#peJPA">Advokat Andresen</HIS:hisRef>. De vil altsaa have erfaret <HIS:hisRef type="tcNote" xml:id="noteT12_631" target="B1844-1871ht_noter.xml" corresp="noteT12_631">at</HIS:hisRef> Deres og mine Betænkeligheder falder temmelig nøje sammen. Forøvrigt betragter jeg ikke <pb n="[2]"/>Underhandlingerne som afbrudte, og takker Dem venskabeligst for Deres Fremstilling, der har givet en væsentlig Støtte till min egen Oppfatning af Sagen.</p>
<p>
                            <anchor type="lemma" xml:id="koB12_2386"/>Udeblivelsen af «Morgenbladet» skrev sig fra Isforholdene i Storebelt; nu er alt i Orden.</p>
<p>Jeg ser at <HIS:hisRef type="person" target="Navneregister_HISe.xml#peBB">Bjørnson</HIS:hisRef> har grebet <anchor type="lemma" xml:id="koB12_2387"/>Sagen om Schweigaardsmonumentet som en ny Anledning till at skade sig i Opinionen. – Hvad mig angaar, saa er jeg fuldt opptagen af literære Arbejder, idet jeg bearbejder <anchor type="lemma" xml:id="koB12_2388"/>mine Rejseopptegnelser fra <HIS:hisRef type="place" target="Navneregister_HISe.xml#plEg">Egypten</HIS:hisRef>; <anchor type="lemma" xml:id="koB12_2389"/>en Digtsamling og en <anchor type="lemma" xml:id="koB12_2390"/>ny Udgave af <HIS:hisRef type="work" target="Navneregister_HISe.xml#woKE">«Kongs-Emnerne»</HIS:hisRef> vil ogsaa udkomme. Min Rejse har forøvrigt skaffet mig en foruroligende stor Korrespondance. – Den berømte <anchor type="lemma" xml:id="koB12_2391"/>
                            <HIS:hisRef type="person" target="Navneregister_HISe.xml#pePhCh">Philaret Chasle</HIS:hisRef> skal i Paris holde Forelæsninger over den nyere norske Literatur; hertill har jeg for mit Vedkommende maattet skaffe <anchor type="lemma" xml:id="koB12_2392"/>Materialier. Dette er jo meget smigrende, men ogsaa meget tidsspildende.</p>
<p>Forøvrigt er alt vel. Træffer De Overlærer <HIS:hisRef type="person" target="Navneregister_HISe.xml#peJLo">Løkke</HIS:hisRef>, saa vær saa god at sige ham at jeg snart besvarer hans Breve.</p>
<p>Mangfoldige Hilsener fra os alle!</p>
<salute>Deres hengivne</salute>
<signed>Henrik Ibsen.</signed>
</div>
</body>
</text>