<?xml version="1.0" encoding="UTF-8"?><text xmlns="http://www.tei-c.org/ns/1.0" xmlns:HIS="http://www.example.org/ns/HIS" rend="letter" corresp="B18710218JB" xml:lang="da-no">
                <body>
<div type="letter">
<dateline>
                            <pb n="[1]"/>Dresden den <date>18<hi rend="raised">de</hi> Februar 1871</date>. –</dateline>
<salute>Kære og højstærede herr etatsråd!</salute>
<p>Herved har jeg i al hast den fornøjelse at meddele Dem at <HIS:hisRef type="person" target="Navneregister_HISe.xml#peAtD">herr <anchor type="lemma" xml:id="koB12_3018"/>A: tom Dieck</HIS:hisRef> nu <HIS:hisRef type="tcNote" xml:id="noteT12_735" target="B1844-1871ht_noter.xml" corresp="noteT12_735">endelig</HIS:hisRef> har indbetalt de resterende 16 thaler 20 sgr.</p>
<p>Nu er det spørgsmålet på hvilken måde jeg skal sende Dem disse penge. At skikke <anchor type="lemma" xml:id="koB12_3019"/>postanvisning til <HIS:hisRef type="place" target="Navneregister_HISe.xml#plIt">Italien</HIS:hisRef>, og specielt til <HIS:hisRef type="place" target="Navneregister_HISe.xml#plRom">Rom</HIS:hisRef>, er ikke tilrådeligt. Kan jeg lade beløbet udbetale til nogen i <HIS:hisRef type="place" target="Navneregister_HISe.xml#plKbh">København</HIS:hisRef> eller <HIS:hisRef type="place" target="Navneregister_HISe.xml#plKri">Kristiania</HIS:hisRef>, så underret mig derom. Hvis ikke, så opgiver De mig måske en Boghandler her, der står i forbindelse med <HIS:hisRef type="person" target="Navneregister_HISe.xml#peSpi">herr Spithoever</HIS:hisRef> i Rom, eller en bankier der har forretninger med <HIS:hisRef type="person" target="Navneregister_HISe.xml#peKvK">herr C: Kolb</HIS:hisRef> sammesteds.</p>
<p>Når tør jeg vente at få <anchor type="lemma" xml:id="koB12_3020"/>min bogpakke? Hils alle gode Venner! Jeg har idag ingen tid til at skrive mere, da <HIS:hisRef type="work" target="Navneregister_HISe.xml#woKG">
                                <anchor type="lemma" xml:id="koB12_3021"/>et nyt literært arbejde</HIS:hisRef> lægger udelukkende beslag på mig.</p>
<p>Idet <HIS:hisRef type="person" target="Navneregister_HISe.xml#peSuI">
                                <HIS:hisRef type="tcNote" xml:id="noteT12_736" target="B1844-1871ht_noter.xml" corresp="noteT12_736">min</HIS:hisRef> kone</HIS:hisRef> og jeg anbefaler <pb n="[2]"/>os i Deres venlige erindring og ikke opgiver håbet om endnu en gang at få anledning til at hilse på Dem i Rom tegner jeg mig</p>
<salute>Deres altid hengivne og forbundne</salute>
<signed>Henrik Ibsen.</signed>
</div>
</body>
</text>