<?xml version="1.0" encoding="UTF-8"?><text xmlns="http://www.tei-c.org/ns/1.0" xmlns:HIS="http://www.example.org/ns/HIS" rend="letter" corresp="B18650619IN" xml:lang="da-no">
<body>
<div type="letter">
<salute rend="opener">
                            <pb n="[1]"/>Til <anchor type="lemma" xml:id="koB15_3544"/>Nyhedsbl: Redaktør!</salute>
<p>
                            <HIS:hisRef type="tcNote" xml:id="noteT15_1037" target="B1844-1871ht_noter.xml" corresp="noteT15_1037">Dersom</HIS:hisRef> ovenstaaende optages, saa bedes det meddelt uforkortet, uforandret og uden Trykfejl. Det bedes endvidere indsat uden mellemkommende Tegninger i Texten. Optages det ikke, tør jeg maaske bede mig derom underrettet.</p>
<salute rend="closer">forb:</salute>
<signed>Henr: Ibsen</signed>
</div>
<div type="postscript">
<p>Overstryg disse Privatlinjer dersom og naar <anchor type="lemma" xml:id="koB15_3545"/>Manuscriptet sendes Trykkeriet.</p>
<signed>H. I.</signed>
</div>
</body>
</text>