<?xml version="1.0" encoding="UTF-8"?><text xmlns="http://www.tei-c.org/ns/1.0" xmlns:HIS="http://www.example.org/ns/HIS" rend="letter" corresp="B18660505BD" xml:lang="da-no">
<front>
<pb n="[a]"/>
<HIS:envelope type="sheet">
<address>
<addrLine>Hr: Regjeringsadvokat Dunker.</addrLine>
<addrLine>Christiania.</addrLine>
</address>
</HIS:envelope>
</front>
<body>
<div type="letter">
<dateline>
                            <pb n="[1]"/>Rom den <date>5<hi rend="raised">te</hi> Mai 1866</date>.</dateline>
<salute>Kjære Hr: Advokat Dunker!</salute>
<p>Jeg skulde forlængesiden have aflagt Dem min hjerteligste Takk for de to med kort Mellemrum modtagne Breve saavelsom for de deri indesluttede ubeskriveligt <anchor type="lemma" xml:id="koB12_1218"/>velkomne Vexler. Jeg gjør det da nu, idet jeg forresten indskyder mig under Deres <anchor type="lemma" xml:id="koB12_1219"/>Overbærelse, som jeg i lignende Tillfælde desværre allerede forhen har sat paa Prøve.</p>
<p>
                            <anchor type="lemma" xml:id="koB12_1220"/>Fotografier af Kejserbuster sender jeg med <HIS:hisRef type="person" target="Navneregister_HISe.xml#peOF">Fladager</HIS:hisRef>, som rejser om en Maaned eller 6 Uger. Men der findes ikke meget af dette Slags, som duer; thi som bekjendt stod <anchor type="lemma" xml:id="koB12_1221"/>Skulpturen i Kejserperioden temmelig lavt (med Undtagelse af et kort Tidsrum omkring <HIS:hisRef type="person" target="Navneregister_HISe.xml#peHad">Hadrian</HIS:hisRef>); og saa righoldig <anchor type="lemma" xml:id="koB12_1222"/>
                            <HIS:hisRef type="place" target="Navneregister_HISe.xml#plKap">Capitoliets</HIS:hisRef> Samling af deslige Buster end er, saa fotograferes der kun lidet deraf, da det meste, i kunstnerisk Henseende, ikke hæver sig stort over det middelmaadige; dog gives der naturligvis Undtagelser. <anchor type="lemma" xml:id="koB12_1223"/>Et smukt Alexanderhoved skal jeg se at skaffe. Af <anchor type="lemma" xml:id="koB12_1224"/>August, <anchor type="lemma" xml:id="koB12_1225"/>Tiberius, <anchor type="lemma" xml:id="koB12_1226"/>Nero, <anchor type="lemma" xml:id="koB12_1227"/>Vespasian, <anchor type="lemma" xml:id="koB12_1228"/>Titus, <anchor type="lemma" xml:id="koB12_1229"/>Antonin o.fl: <HIS:hisRef type="tcNote" xml:id="noteT12_358" target="B1844-1871ht_noter.xml" corresp="noteT12_358">findes</HIS:hisRef> her gode Billeder, forresten ere i Regelen de <anchor type="lemma" xml:id="koB12_1230"/>
                            <HIS:hisRef type="tcNote" xml:id="noteT12_359" target="B1844-1871ht_noter.xml" corresp="noteT12_359">kvindelige</HIS:hisRef> Hoveder <pb n="[2]"/>
                            <HIS:hisRef type="tcNote" xml:id="noteT12_360" target="B1844-1871ht_noter.xml" corresp="noteT12_360">fra</HIS:hisRef> Kejsertiden bedre udførte end de mandlige. Dersom jeg vidste, hvad <HIS:hisRef type="tcNote" xml:id="noteT12_361" target="B1844-1871ht_noter.xml" corresp="noteT12_361">De</HIS:hisRef> af Fotografier af Skulpturværker forøvrigt har, saa skulde jeg sørge for at faa Deres Samling kompletteret. Ønsker De dette, da vær saa god ved Lejlighed at underrette mig om hvorvidt De navnlig har følgende Værker: <HIS:hisRef type="tcNote" xml:id="noteT12_362" target="B1844-1871ht_noter.xml" corresp="noteT12_362">
                                <anchor type="lemma" xml:id="koB12_1231"/>Laokoonsgruppen</HIS:hisRef> og <anchor type="lemma" xml:id="koB12_1232"/>Apollo di Belvedere, <anchor type="lemma" xml:id="koB12_1233"/>Faunen af <HIS:hisRef type="person" target="Navneregister_HISe.xml#pePrax">Praxiteles</HIS:hisRef> (i Bracchio <HIS:hisRef type="tcNote" xml:id="noteT12_363" target="B1844-1871ht_noter.xml" corresp="noteT12_363">nuovo);</HIS:hisRef> <anchor type="lemma" xml:id="koB12_1234"/>Athleten (Skraberen) af <HIS:hisRef type="person" target="Navneregister_HISe.xml#peMyr">Myron</HIS:hisRef> <HIS:hisRef type="tcNote" xml:id="noteT12_364" target="B1844-1871ht_noter.xml" corresp="noteT12_364">(sammesteds);</HIS:hisRef> <anchor type="lemma" xml:id="koB12_1235"/>Demosthenes’s, <anchor type="lemma" xml:id="koB12_1236"/>Augusts og <anchor type="lemma" xml:id="koB12_1237"/>Minervas Statuer samt <anchor type="lemma" xml:id="koB12_1238"/>Nilgruppen og <anchor type="lemma" xml:id="koB12_1239"/>Karyatiden <HIS:hisRef type="tcNote" xml:id="noteT12_365" target="B1844-1871ht_noter.xml" corresp="noteT12_365">(alt sammesteds);</HIS:hisRef> <anchor type="lemma" xml:id="koB12_1240"/>Tibers siddende Statue i Galleria Chiaromonte, <anchor type="lemma" xml:id="koB12_1241"/>Herkulestorsoen og <anchor type="lemma" xml:id="koB12_1242"/>Niobetorsoen; <anchor type="lemma" xml:id="koB12_1243"/>Ariadne (liggende) i Sala delle Statue; <anchor type="lemma" xml:id="koB12_1244"/>Antinousstatuen i Sala rotonda; <anchor type="lemma" xml:id="koB12_1245"/>Diskuskasteren og <anchor type="lemma" xml:id="koB12_1246"/>Krigeren (Diomedes?) i Sala della biga; altsammen af <HIS:hisRef type="place" target="Navneregister_HISe.xml#plVat">Vatikanets</HIS:hisRef> Samling. Endvidere: <anchor type="lemma" xml:id="koB12_1247"/>den dansende Faun i <HIS:hisRef type="place" target="Navneregister_HISe.xml#plViBo">Villa Borghese</HIS:hisRef>; <anchor type="lemma" xml:id="koB12_1248"/>den døende Gallier i <HIS:hisRef type="place" target="Navneregister_HISe.xml#plViLu">Villa Ludovisi</HIS:hisRef>; <anchor type="lemma" xml:id="koB12_1249"/>Fægteren samt <HIS:hisRef type="tcNote" xml:id="noteT12_366" target="B1844-1871ht_noter.xml" corresp="noteT12_366">
                                <anchor type="lemma" xml:id="koB12_1250"/>Agrippina</HIS:hisRef> den ældres siddende Statue og <anchor type="lemma" xml:id="koB12_1251"/>Marcellus’s <anchor type="lemma" xml:id="koB12_1252"/>d<hi rend="raised">o</hi> d<hi rend="raised">o</hi> – <anchor type="lemma" xml:id="koB12_1253"/>alt paa Capitolium og endelig <anchor type="lemma" xml:id="koB12_1254"/>Sophoklesstatuen i Lateranet. Disse ere Perlerne blandt Oldtidens Kunstlevninger her; men jeg vil ikke tillraade at kjøbe dem strax, da de bortdragne Englændre og andre Rejsende fra ivinter har medtaget de bedste <HIS:hisRef type="tcNote" xml:id="noteT12_367" target="B1844-1871ht_noter.xml" corresp="noteT12_367">Fotografiexemplarer</HIS:hisRef> og kun ladet Vraggodset tillbage; udover Sommeren ere Fotograferne imidlertid igjen forsynede og for 1 fr. Stykket faar man gode Billeder af tillstrækkelig Størrelse. – Jeg gaar i Uro og Spænding for <anchor type="lemma" xml:id="koB12_1255"/>mine <pb n="[3]"/>Anliggender, som nu ere i <HIS:hisRef type="org" target="Navneregister_HISe.xml#orgStort">Storthingets</HIS:hisRef> Hænder, men Afgjørelsens Time maa vel snart slaa. Endnu engang, min varmeste Takk for alt hvad <HIS:hisRef type="tcNote" xml:id="noteT12_368" target="B1844-1871ht_noter.xml" corresp="noteT12_368">De</HIS:hisRef> saa ufortrødent har virket for mig, og jeg beder Dem være forvisset om at Erindringen herom aldrig kan eller skal udslettes hos</p>
<salute>Deres hengivne</salute>
<signed>Henrik Ibsen.</signed>
</div>
</body>
</text>