<?xml version="1.0" encoding="UTF-8"?><text xmlns="http://www.tei-c.org/ns/1.0" xmlns:HIS="http://www.example.org/ns/HIS" rend="letter" corresp="B18730710AuLa" xml:lang="da-no">
<body>
<div type="letter">
<dateline>Wien den <date>10<hi rend="raised">de</hi> Juli 1873</date>.</dateline>
<salute>Herr bogholder Aug: Larsen.</salute>
<p>Da jeg formoder at cancelliråd <HIS:hisRef type="person" target="Navneregister_HISe.xml#peFH">Hegel</HIS:hisRef> endnu ikke er vendt <anchor type="lemma" xml:id="koB13_970"/>tilbage fra <HIS:hisRef type="place" target="Navneregister_HISe.xml#plN">Norge</HIS:hisRef>, tillader jeg mig at henvende mig til Dem med anmodning om at De godhedsfuldt vil sende mig 75 Thaler preussisk, om muligt i sedler à 25 Thaler eller 10 Thaler pr: stykke, og adressere brevet til: Herrn Generalcommissär <HIS:hisRef type="person" target="Navneregister_HISe.xml#peCMJD">
                                <anchor type="lemma" xml:id="koB13_971"/>Julin Dannfeldt</HIS:hisRef>. Schwedisches und Norwegisches Bureau. Weltausstellungsplatz. Wien.</p>
<salute>Deres særdeles forbundne</salute>
<signed>Henrik Ibsen.</signed>
</div>
</body>
</text>