<?xml version="1.0" encoding="UTF-8"?><text xmlns="http://www.tei-c.org/ns/1.0" xmlns:HIS="http://www.example.org/ns/HIS" rend="letter" corresp="B18710108AK" xml:lang="da-no">
                <body>
<div type="letter">
<dateline>
                            <pb n="[1]"/>Dresden den <date>8<hi rend="raised">de</hi> Januar 1871</date>. –</dateline>
<salute>Min kære Klubien!</salute>
<p>
                            <anchor type="lemma" xml:id="koB12_2883"/>Det er ikke andet for; jeg må skrive Dig til medens det endnu er tid.</p>
<p>Da jeg i sommer var i <HIS:hisRef type="place" target="Navneregister_HISe.xml#plKbh">København</HIS:hisRef>, så nær mit eget land, stod det for mig som noget så over alt andet ønskværdigt at kunne komme hjem <anchor type="lemma" xml:id="koB12_2884"/>under forholde, som jeg anså nødvendige, at jeg yttrede et ønske, hvilket jeg, hvis roligere overlæg havde været muligt, vilde have tilbagetrængt.</p>
<p>Det står mig nu klart for at det ikke kan være lykkets mig at fremstille denne sag for Dig i et sådant lys, at jeg går fri for at betragtes <HIS:hisRef type="tcNote" xml:id="noteT12_709" target="B1844-1871ht_noter.xml" corresp="noteT12_709">som</HIS:hisRef> et ganske almindeligt forfængeligt menneske. Og følgelig har heller ikke Du kunnet vække anden forestilling om mig hos <anchor type="lemma" xml:id="koB12_2885"/>vedkommende.</p>
<p>Denne sag har derfor siden pint mig; jeg har havt en følelse, som om jeg var gået uvasket ud på gaden.</p>
<p>Jeg kan ikke bære dette; jeg må hæve mig igen i min egen bevidsthed. Og derfor <pb n="[2]"/>beder jeg Dig, <anchor type="lemma" xml:id="koB12_2886"/>lad hele historien dø hen, og sørg for at hjælpe mig tilvejrs igen i de mænds omdømme, som jeg føler at jeg ikke kan undvære. Alt øvrigt må, lige over for dette hensyn være en bisag. –</p>
<p>Tak for alt Dit venskab, og for alle beviser derpå i København! Og <anchor type="lemma" xml:id="koB12_2887"/>når så <HIS:hisRef type="work" target="Navneregister_HISe.xml#woKE">«Kongs-emnerne»</HIS:hisRef> er opført, så skriver Du mig et langt brev til og fortæller mig om udfaldet. Jeg har i denne tid skrevet et længere digt, betitlet: <anchor type="lemma" xml:id="koB12_2888"/>
                            <HIS:hisRef type="work" target="Navneregister_HISe.xml#woBall">«Ballonbrev»</HIS:hisRef> til <HIS:hisRef type="person" target="Navneregister_HISe.xml#peFL">en svensk dame</HIS:hisRef>; det står rimeligvis i «Morgenbladet» for idag. Læs det; Du vil deraf se mit syn på tidsforholdene.</p>
<p>Se så! Nu føler jeg mig lettet. Optag mig nu igen i din erindring som din gamle romerske <anchor type="lemma" xml:id="koB12_2889"/>carissimo og hengivne ven</p>
<signed>Henrik Ibsen.</signed>
</div>
<div type="postscript">
<p>P. S. Et glædeligt nytår og en ærbødigst kompliment til din ærede familje!</p>
</div>
</body>
</text>