<?xml version="1.0" encoding="UTF-8"?><text xmlns="http://www.tei-c.org/ns/1.0" xmlns:HIS="http://www.example.org/ns/HIS" rend="letter" corresp="B18621104NN_Da_jeg" xml:lang="da-no">
<body>
<div type="letter">
<p>Da jeg har bragt i Erfaring at <anchor type="lemma" xml:id="koB15_3543"/>Enkelte tillægger mig Forfatterskabet af Morgenbladets Onsdagsartikel om «Theaterkrisen», saa oplyses herved at nævnte Artikel i Et og Alt er mig uvedkommende.</p>
<signed>Henr. Ibsen.</signed>
</div>
</body>
</text>