<?xml version="1.0" encoding="UTF-8"?><text xmlns="http://www.tei-c.org/ns/1.0" xmlns:HIS="http://www.example.org/ns/HIS" rend="letter" corresp="B18610327CHo" xml:lang="da-no">
                <body>
<div type="letter">
<salute>
                            <pb n="[1]"/>
                            <anchor type="lemma" xml:id="koB12_689"/>ST. Hr: <anchor type="lemma" xml:id="koB12_690"/>Kammerherre Chr: Holst.</salute>
<p>Da jeg paa Grund af uforudseede Forretninger ikke er istand til personlig at indfinde mig, tillader jeg mig at <anchor type="lemma" xml:id="koB12_691"/>fremsende <HIS:hisRef type="person" target="Navneregister_HISe.xml#peBaP">Grev Platens</HIS:hisRef> Biografi i den Form, hvori jeg tror den passende maa kunne benyttes; skulde nogen Unøiagtighed have indsneget sig, skal saadant blive rettet i <anchor type="lemma" xml:id="koB12_692"/>Correkturen.</p>
<dateline>Christiania den <date>27<hi rend="raised">de</hi> Marts 1861</date>.</dateline>
<salute>ærbødigst</salute>
<signed>Henr: Ibsen</signed>
</div>
</body>
</text>