<?xml version="1.0" encoding="UTF-8"?><text xmlns="http://www.tei-c.org/ns/1.0" xmlns:HIS="http://www.example.org/ns/HIS" rend="letter" corresp="B18631008Kdep" xml:lang="da-no">
                <body>
<div type="letter">
<dateline>
                            <pb n="[1]"/>Christiania den <date>8<hi rend="raised">de</hi> October 1863</date>.</dateline>
<p>Undertegnede andrager herved ærbødigst om at maatte erholde Udbetalingsordre paa 100 (et hundrede) Sp<hi rend="raised">d</hi> af det mig tilstaaede udenlandske <anchor type="lemma" xml:id="koB12_807"/>Reisestipendium, da <anchor type="lemma" xml:id="koB12_808"/>min Familie, grundet paa min forestaaende Afreise, maa afgaa med første Dampskib til <HIS:hisRef type="place" target="Navneregister_HISe.xml#plKbh">Kjøbenhavn</HIS:hisRef>.</p>
<salute>ærbødigst</salute>
<signed>Henr: Ibsen</signed>
<salute>Til Den kongelige norske Regjerings Departement for Kirke og Undervisningsvæsenet.</salute>
</div>
</body>
</text>