<?xml version="1.0" encoding="UTF-8"?><text xmlns="http://www.tei-c.org/ns/1.0" xmlns:HIS="http://www.example.org/ns/HIS" rend="letter" corresp="Budat18680831JB" xml:lang="da-no">
<body>
<div type="letter">
<salute>Højstærede Hr. Etatsraad Bravo!</salute>
<p>En mangfoldige Gange tilbagevendende <HIS:hisRef type="tcNote" xml:id="noteT12_490" target="B1844-1871ht_noter.xml" corresp="noteT12_490">glad,</HIS:hisRef> frisk og fornøjet <anchor type="lemma" xml:id="koB12_1757"/>3<hi rend="raised">die</hi> September ønskes Dem af Deres ærbødigst hengivne</p>
<signed>Henrik Ibsen.</signed>
</div>
</body>
</text>