<?xml version="1.0" encoding="UTF-8"?><text xmlns="http://www.tei-c.org/ns/1.0" xmlns:HIS="http://www.example.org/ns/HIS" rend="letter" corresp="B18700712FH" xml:lang="da-no">
                <body>
<div type="letter">
<dateline>
                            <pb n="[1]"/>Dresden den <date>12<hi rend="raised">te</hi> Juli 1870</date>. –</dateline>
<salute>Kære herr cancelliråd Hegel!</salute>
<p>Allerede forinden jeg modtog Deres venlige brev af 7<hi rend="raised">de</hi> dennes, havde jeg fra <HIS:hisRef type="place" target="Navneregister_HISe.xml#plN">Norge</HIS:hisRef> modtaget en berigtigelse angående <anchor type="lemma" xml:id="koB12_2592"/>den formentlige stiftelsesdag, der altså først vil blive fejret til efteråret ved udgivelsen af <anchor type="lemma" xml:id="koB12_2593"/>det bebudede skrift.</p>
<p>Jeg takker Dem særdeles meget for det tilsendte expl: af <HIS:hisRef type="work" target="Navneregister_HISe.xml#woKE">«Kongs-emnerne»</HIS:hisRef>, som forekommer mig smukt og korrekt udstyret.</p>
<p>Ligeså anmoder jeg Dem om godhedsfuldt at sende mig 100 Rdlr: dansk i preusiske penge. Det er min agt at afrejse herfra over <HIS:hisRef type="place" target="Navneregister_HISe.xml#plLub">Lübeck</HIS:hisRef> <anchor type="lemma" xml:id="koB12_2594"/>til <HIS:hisRef type="place" target="Navneregister_HISe.xml#plKbh">København</HIS:hisRef> tirsdagen den 19<hi rend="raised">de</hi> Juli. Indtil da, min forbindtligste hilsen.</p>
<salute>
                            <join target="noteT12_674 noteT12_674a"/>
                            <HIS:hisRef type="tcNote" xml:id="noteT12_674" next="noteT12_674a" target="B1844-1871ht_noter.xml" corresp="noteT12_674">
                                <supplied>Deres hengivne</supplied>
                            </HIS:hisRef>
                        </salute>
<signed>
                            <HIS:hisRef type="tcNote-part" xml:id="noteT12_674a">
                                <supplied>Henrik Ibsen</supplied>
                            </HIS:hisRef>
                        </signed>
</div>
</body>
</text>