<?xml version="1.0" encoding="UTF-8"?><text xmlns="http://www.tei-c.org/ns/1.0" xmlns:HIS="http://www.example.org/ns/HIS" rend="letter" corresp="B18741121JHT" xml:lang="da-no">
<body>
<div type="letter">
<dateline>
                            <pb n="[1]"/>Dresden den <date>21<hi rend="raised">de</hi> November 1874</date>. –</dateline>
<salute>Kære svoger!</salute>
<p>Allerede for længe siden skulde jeg have tilskrevet <anchor type="lemma" xml:id="koB13_1582"/>Dig, men andre <anchor type="lemma" xml:id="koB13_1583"/>uopsættelige arbejder har standset sågodtsom al min brevskrivning i denne tid.</p>
<p>Den sørgelige meddelelse om <HIS:hisRef type="person" target="Navneregister_HISe.xml#peMTh">
                                <anchor type="lemma" xml:id="koB13_1584"/>Maries</HIS:hisRef> bortgang har Du naturligvis modtaget fra <HIS:hisRef type="place" target="Navneregister_HISe.xml#plKbh">København</HIS:hisRef>. Ja, jeg har endog bragt i erfaring at <anchor type="lemma" xml:id="koB13_1585"/>hendes <HIS:hisRef type="person" target="Navneregister_HISe.xml#peMT">stedmoder</HIS:hisRef> vidt og bredt udsendte forberedende breve derom længe før udfaldet af <HIS:hisRef type="tcNote" xml:id="noteT13_247" target="B1871-1879ht_noter.xml" corresp="noteT13_247">sygdommen</HIS:hisRef> var ganske afgjort. Hensigten hermed er ikke vanskelig at begribe. Den kan ikke have været nogen anden end den at tilhylle og bortforklare det uhyggelige faktum at Maries <anchor type="lemma" xml:id="koB13_1586"/>danske og halvdanske slægtninge lod hende <anchor type="lemma" xml:id="koB13_1587"/>lægges ind for at dø på et offentligt hospital samtidigt med at herr og fru Ludvigsen i deres villa har parate sygeværelser for <anchor type="lemma" xml:id="koB13_1588"/>andre <anchor type="lemma" xml:id="koB13_1589"/>upasselige medlemmer af familjen. <HIS:hisRef type="person" target="Navneregister_HISe.xml#peSuI">Susanna</HIS:hisRef> og jeg kunde naturligvis ikke føle os beroligede <pb n="[2]"/>ved at vide hende i hænderne på <anchor type="lemma" xml:id="koB13_1590"/>vågekoner, og forøvrigt henvist til slægtningernes mulige sygebesøg på hospitalet. Vi telegraferede derfor til København og erfarede at Maries tilstand stedse forværredes. Straks efter modtagelsen af dette telegram <anchor type="lemma" xml:id="koB13_1591"/>rejste Susanna derop, lod sig indskrive som patient for at kunne få lov til at dele værelse med Marie, og veg siden ikke fra hende forinden hun var død. For en smuk og anstændig begravelse har også <HIS:hisRef type="tcNote" xml:id="noteT13_247a" target="B1871-1879ht_noter.xml" corresp="noteT13_247a">Susanna</HIS:hisRef> draget omsorg, og <anchor type="lemma" xml:id="koB13_1592"/>Maries gravsted er lejet og betalt for 20 år. Jeg hører at der fra det Ludvigsenske hus er udbredt den historie at herr Ludvigsen har <anchor type="lemma" xml:id="koB13_1594"/>for Marie «deponeret» 50 rdlr: på hospitalet. Dette er en komplet usandhed. Marie efterlod sig en sparekassebog, og hvis dennes pålydende ikke er tilstrækkeligt, så skal jeg sørge for resten. Susanna er nu kommen tilbage og vi er glade ved at hun har kunnet lindre den stakkels Maries tilstand ialfald i de sidste par uger af hendes liv. Vi håbede i det længste at hun skulde kunne komme ned til os igen. Nu vil vi ialfald bevare hende i kærlig erindring. –</p>
<p>
                            <HIS:hisRef type="person" target="Navneregister_HISe.xml#peTK">
                                <anchor type="lemma" xml:id="koB13_1593"/>Thomas</HIS:hisRef> er for 14 dage siden kommen til <HIS:hisRef type="place" target="Navneregister_HISe.xml#plDre">Dresden</HIS:hisRef> og bliver her indtil <pb n="[3]"/>videre, kanske vinteren over. Han ser ret godt ud, og jeg kan ikke mærke andet end at han befinder sig ret vel; måske vilde det dog være godt om han holdt noget strængere diæt. Dog, derom må han jo selv bedst kunne dømme. Det var ham, der, til bevis på de danske slægtninges godhed mod Marie, fortalte fabelen om de 50 rdlr:; men der bør og skal sørges for at dette familjesagn ikke finder videre udbredelse.</p>
<p>Jeg har hidtil været, og er fremdeles beskæftiget med at forberede nye udgaver af forskellige af mine bøger. <HIS:hisRef type="work" target="Navneregister_HISe.xml#woUF">
                                <anchor type="lemma" xml:id="koB13_1595"/>«De unges forbund»</HIS:hisRef> og <HIS:hisRef type="work" target="Navneregister_HISe.xml#woF2">
                                <anchor type="lemma" xml:id="koB13_1596"/>«Fru Inger»</HIS:hisRef> kommer i slutningen af denne måned; men <HIS:hisRef type="person" target="Navneregister_HISe.xml#peFH">Hegel</HIS:hisRef> fortalte Susanna ved afrejsen fra København at <anchor type="lemma" xml:id="koB13_1597"/>begge bøgers nye oplag («Fru Inger» 4000 exemplarer) allerede da var sågodtsom ganske <anchor type="lemma" xml:id="koB13_1598"/>optagne gennem forudbestillinger fra boghandlerne; <anchor type="lemma" xml:id="koB13_1599"/>nye oplag vil derfor rimeligvis snart vise sig nødvendige. <anchor type="lemma" xml:id="koB13_1600"/>I begyndelsen af næste år kommer en ny forøget udgave af mine <HIS:hisRef type="work" target="Navneregister_HISe.xml#woDi">«Digte»</HIS:hisRef>, foruden af <anchor type="lemma" xml:id="koB13_1601"/>adskilligt andet.</p>
<p>Af aviserne ser jeg at et <anchor type="lemma" xml:id="koB13_1602"/>sorenskriveri er ledigt i <HIS:hisRef type="place" target="Navneregister_HISe.xml#plTel">Thelemarken</HIS:hisRef>. Men til dette embede tænker Du vel ikke at melde Dig? Du må jo dog nu kunne gøre <pb n="[4]"/>berettiget krav på noget bedre. –</p>
<p>Og lad mig så til slutning takke Dig for alt godt under opholdet i <HIS:hisRef type="place" target="Navneregister_HISe.xml#plN">Norge</HIS:hisRef>. <anchor type="lemma" xml:id="koB13_1603"/>Denne sommer tænker vi at tilbringe i en eller anden landsby i Dresdens nærmere omegn. Vilde Du gøre os den glæde at komme herned og være vor gæst, så skal vi nok sørge for et værelse til Dig; heden bør ikke afskrække Dig; thi <anchor type="lemma" xml:id="koB13_1604"/>sidst var Du her i en extraordinær temperatur, og på landet er luften langt behageligere. – Susanna og <HIS:hisRef type="person" target="Navneregister_HISe.xml#peSiI">Sigurd</HIS:hisRef> beder hilse og takke Dig. Ligeledes fremsendes en hilsen til <HIS:hisRef type="person" target="Navneregister_HISe.xml#peDFa">
                                <anchor type="lemma" xml:id="koB13_1605"/>Dorothea</HIS:hisRef> og <HIS:hisRef type="person" target="Navneregister_HISe.xml#peCF">løjtnant Falsen</HIS:hisRef>, samt til alle andre gode venner fra</p>
<salute>Din hengivne</salute>
<signed>Henrik Ibsen.</signed>
</div>
</body>
</text>