<?xml version="1.0" encoding="UTF-8"?><text xmlns="http://www.tei-c.org/ns/1.0" xmlns:HIS="http://www.example.org/ns/HIS" rend="letter" corresp="B18660606LH" xml:lang="da-no">
<body>
<div type="letter">
<dateline>
                            <pb n="[1]"/>Frascati den <date>6<hi rend="raised">te</hi> Juni 1866</date>. –</dateline>
<salute>Kjære Hr: Hansen!</salute>
<p>Takk for Deres venlige Skrivelse, som jeg modtog igaar. Det var mig særdeles kjært at erfare at <anchor type="lemma" xml:id="koB12_1283"/>Forlæggerne og Redaktionen af «Illustreret Nyhedsblad» har indgaaet paa Bestyrelsens Anmodning om at maatte erholde Bladet gratis till <anchor type="lemma" xml:id="koB12_1284"/>Foreningen mod at betale Postportoen. En lignende Underrettning haaber jeg at vi snart tør forvente angaaende <anchor type="lemma" xml:id="koB12_1285"/>«Illustreret Tidende» i <HIS:hisRef type="place" target="Navneregister_HISe.xml#plKbh">Kjøbenhavn</HIS:hisRef>.</p>
<p>Naturligvis maa Bladet bestilles fra Aarets Begyndelse, da det er bestemt till at indbindes og da flere af de større <anchor type="lemma" xml:id="koB12_1286"/>Afhandlinger begynder i første Halvaar og fortsættes i det andet.</p>
<p>De bemærker i Forbigaaende at Hr: Lorenz har yttret at Bladet burde <anchor type="lemma" xml:id="koB12_1287"/>afsiges da Foreningen har Aviser nok, men at han vil sammenkalde et Bestyrelsesmøde i denne Anledning.</p>
<p>Hertill svarer jeg at <HIS:hisRef type="person" target="Navneregister_HISe.xml#peAuLor">
                                <anchor type="lemma" xml:id="koB12_1288"/>Hr. Lorenz</HIS:hisRef>, <pb n="[2]"/>som han visst selv vil indsé, endnu er for ny i Rom till at kunne have nogensomhelst begrundet Formening om Tillstrækkeligheden eller Utillstrækkeligheden af Foreningens Avisforsyning. <anchor type="lemma" xml:id="koB12_1289"/>De Aviser, der haves, ere politiske; men os andre interesserer det tillige at kunne følge med de skandinaviske Kunst- og Literaturforholde. Derfor har Bestyrelsen besluttet at anskaffe de illustrerede Tidender.</p>
<p>Noget Bestyrelsesmøde hverken kan eller skal sammenkaldes i denne Anledning; thi Sagen er allerede <anchor type="lemma" xml:id="koB12_1290"/>paa lovformelig Maade afgjort i en tidligere Samling, hvilket jeg beder Dem opplyse Hr. Lorenz om og forøvrigt henvise ham till Forhandlingsprotokollen samt till <anchor type="lemma" xml:id="koB12_1291"/>Koncepterne till Deres Breve betræffende dette Anliggende.</p>
<p>Endvidere beder jeg Dem anmode Bestyrelsen om strax at paalægge <anchor type="lemma" xml:id="koB12_1292"/>den konstituerede Bibliothekar at <anchor type="lemma" xml:id="koB12_1293"/>koncipere en Takkskrivelse till «Illustreret Nyhedsblads» rette <HIS:hisRef type="tcNote" xml:id="noteT12_376" target="B1844-1871ht_noter.xml" corresp="noteT12_376">Vedkommende</HIS:hisRef> og forelægge denne Skrivelse (hvori Bladet, som oven nævnt, bestilles fra 1<hi rend="raised">ste</hi> Januar d. A) till Bestyrelsens <anchor type="lemma" xml:id="koB12_1294"/>Approbation og Underskrift, hvorefter den <pb n="[3]"/>uopholdelig bliver at expedere med Posten.</p>
<p>Anvisning paa Portobeløbet vil kunne faaes af <HIS:hisRef type="person" target="Navneregister_HISe.xml#peCPC">Professor Caspari</HIS:hisRef>; hvis ikke, saa af mig.</p>
<p>Det gjør mig ondt at Deres Fod endnu holder Dem fast i <HIS:hisRef type="place" target="Navneregister_HISe.xml#plRom">Rom</HIS:hisRef>. Deres Værelse staar smukt indrettet og venter Dem her; Værtsfolkene forhører sig jævnlig efter Dem og vi længes efter at se <HIS:hisRef type="tcNote" xml:id="noteT12_377" target="B1844-1871ht_noter.xml" corresp="noteT12_377">Dem</HIS:hisRef> herude. Luften er vidunderligt forfriskende; dvæl ikke længere end højst nødvendigt inde i Staden!</p>
<p>Ser De <HIS:hisRef type="person" target="Navneregister_HISe.xml#peGuB">
                                <anchor type="lemma" xml:id="koB12_1295"/>Giuseppe</HIS:hisRef>, saa vær saa god at sige ham at min Adresse er paa Konsulatkontoret fejlagtigt oppgivet via di corso; den rette Adresse er: <anchor type="lemma" xml:id="koB12_1296"/>«Casa Graziosi, primo <HIS:hisRef type="tcNote" xml:id="noteT12_378" target="B1844-1871ht_noter.xml" corresp="noteT12_378">piano.»</HIS:hisRef>
                        </p>
<p>Jeg beder Dem tillige godhedsfuldt at <anchor type="lemma" xml:id="koB12_1298"/>formelde <HIS:hisRef type="person" target="Navneregister_HISe.xml#peJB">Etatsraad Bravo</HIS:hisRef> min ærbødigste og forbindtligste <anchor type="lemma" xml:id="koB12_1299"/>Kompliment, samt at hilse de øvrige Skandinaver.</p>
<p>Skulde Deres <anchor type="lemma" xml:id="koB12_1300"/>Upasselighed hindre Dem i at skrive angaaende Avissagen, saa har jeg intet imod at De tillstiller Bestyrelsen dette Brev. – Lev vel og velkommen snart. Deres venskabeligst forbundne</p>
<signed>Henrik Ibsen.</signed>
</div>
</body>
</text>