<?xml version="1.0" encoding="UTF-8"?><text xmlns="http://www.tei-c.org/ns/1.0" xmlns:HIS="http://www.example.org/ns/HIS" rend="letter" corresp="B18681031FH" xml:lang="da-no">
                <body>
<div type="letter">
<dateline>
                            <pb n="[1]"/>Dresden den <date>31<hi rend="raised">te</hi> October 1868</date>.–</dateline>
<salute>Kjære Herr Cancelliraad Hegel!</salute>
<p>Af de jævnligt indtræffende Avispakker ser jeg at De har modtaget min sidste Billet med Oppgivende af Adresse <HIS:hisRef type="tcNote" xml:id="noteT12_496" target="B1844-1871ht_noter.xml" corresp="noteT12_496">et c.</HIS:hisRef> og hvori jeg nok lovede snart at skrive noget udførligere. Det er isandhed en stor Glæde De forskaffer os gjennem <anchor type="lemma" xml:id="koB12_1779"/>Dagbladet, og gid det blot stod i min Magt at kunne vise min Erkjendtlighed i noget mere end blotte Ord!</p>
<p>
                            <HIS:hisRef type="work" target="Navneregister_HISe.xml#woUF">
                                <anchor type="lemma" xml:id="koB12_1780"/>Mit nye Arbejde</HIS:hisRef> skrider raskt fremad. Den hele Sommer har jeg gaaet og tumlet dermed i Tankerne dog uden egentlig at skrive. Nu er hele Udkastet færdigt og nedskrevet; hele 1<hi rend="raised">ste</hi> Akt er aldeles fuldført, 2<hi rend="raised">den</hi> Akt vil være det om <HIS:hisRef type="tcNote" xml:id="noteT12_497" target="B1844-1871ht_noter.xml" corresp="noteT12_497">8</HIS:hisRef> Dage og inden Aarets Udgang haaber jeg at det hele skal være tillendebragt. Det bliver i Prosa og helt og holdent beregnet for Scenen. Stykkets Titel er: «<emph>
                                <anchor type="lemma" xml:id="koB12_1781"/>De unges Forbund eller Vorherre &amp; Comp:</emph>», Lystspil i 5 Akter. Det behandler <anchor type="lemma" xml:id="koB12_1782"/>Rivninger og <pb n="[2]"/>Strømninger af Nutidens Liv, og vil, uagtet det foregaar i <HIS:hisRef type="place" target="Navneregister_HISe.xml#plN">Norge</HIS:hisRef>, passe ligesaa godt for <HIS:hisRef type="place" target="Navneregister_HISe.xml#plDk">Danmark</HIS:hisRef>. Jeg befinder mig i en lykkelig og forsonet Sindsstemning, og skriver overensstemmende dermed; <HIS:hisRef type="tcNote" xml:id="noteT12_498" target="B1844-1871ht_noter.xml" corresp="noteT12_498">dennegang</HIS:hisRef> skal den kjære, fortræffelige Mand <anchor type="lemma" xml:id="koB12_1783"/>
                            <HIS:hisRef type="person" target="Navneregister_HISe.xml#peGB">G: Brandes</HIS:hisRef> ikke faa nogen Grund till at paatale ulovlig Omgang med Muserne. – Af Brandes’s «<anchor type="lemma" xml:id="koB12_1784"/>Æsthetiske Studier» beder jeg Dem sende mig et Expl: og <anchor type="lemma" xml:id="koB12_1785"/>føre mig samme till Regning. Allerede i <HIS:hisRef type="place" target="Navneregister_HISe.xml#plRom">Rom</HIS:hisRef> hørte jeg omtale at han skrev paa <anchor type="lemma" xml:id="koB12_1786"/>en Afhandling om det Komiske, <HIS:hisRef type="tcNote" xml:id="noteT12_499" target="B1844-1871ht_noter.xml" corresp="noteT12_499">et</HIS:hisRef> Begreb, hvorom jeg maa tillstaa at jeg, theoretisk taget, aldeles ikke er paa det rene og som jeg netopp af Brandes skulde have særlig Lyst till at se klaret.</p>
<p>
                            <anchor type="lemma" xml:id="koB12_1787"/>Den turinske <HIS:hisRef type="tcNote" xml:id="noteT12_500" target="B1844-1871ht_noter.xml" corresp="noteT12_500">Bogpakke</HIS:hisRef> er og blir forsvunden, og, som det till Dato forekommer mig, under mistænkelige Omstændigheder. Jeg har nu imidlertid gjort det sidste Forsøg, og saasnart <HIS:hisRef type="tcNote" xml:id="noteT12_501" target="B1844-1871ht_noter.xml" corresp="noteT12_501">et</HIS:hisRef> forventet Brev indløber fra Rom, skal jeg tillskrive Dem og oversende den om Sagen hidtill førte Korrespondence. –</p>
<p>Kjender De ingen Danske, som agter at oppholde sig i <HIS:hisRef type="place" target="Navneregister_HISe.xml#plDre">Dresden</HIS:hisRef> ivinter? Jeg længes meget efter <anchor type="lemma" xml:id="koB12_1788"/>Skandinaver; muligens findes her allerede nogle; men jeg har ingen stødt paa, og <HIS:hisRef type="person" target="Navneregister_HISe.xml#peJB">
                                <anchor type="lemma" xml:id="koB12_1789"/>Konsulen</HIS:hisRef> ved ingenting.</p>
<p>Dresden er et meget behageligt og et <pb n="[3]"/>meget billigt Levested. Da vi imidlertid har indrettet os her for et halvt Aar, saa har dette foraarsaget adskillige Udtællinger paa Forhaand; jeg er derved kommen i Pengeforlegenhed og, benyttende mig af et tidligere, velvilligt Tillbud fra Deres Side, beder jeg Dem om godhedsfuldt at sende mig 200 Rdlr! Ja, nu maa De ikke blive forskrækket og, ved Tanken om de smukke Summer, jeg allerede før i Sommer har trukket till mig, fatte den Tro at jeg her i Tydskland er bleven en <anchor type="lemma" xml:id="koB12_1790"/>«Verschwender». Sagen forholder sig snarere omvendt, idet jeg har været saa lykkelig iaar at kunne oppspare min <anchor type="lemma" xml:id="koB12_1791"/>Gage i Norge og nu nødig vil give Ordre till igjen at udtage noget af det i Christiania Kreditkasse indsatte Beløb. –</p>
<p>For det modtagne Expl: af <HIS:hisRef type="work" target="Navneregister_HISe.xml#woBr">
                                <anchor type="lemma" xml:id="koB12_1792"/>«Brand»</HIS:hisRef>, 5<hi rend="raised">te</hi> Opplag, takker jeg forbindtligst og ønsker det maa nyde en rask Afsættning. Hvad jeg har skrevet om mit nye Arbejde beder jeg, for Titelens Vedkommende at maatte blive mellem os; at jeg <anchor type="lemma" xml:id="koB12_1794"/>har Arbejdet under Hænder er naturligvis ingen Hemmelighed. <HIS:hisRef type="work" target="Navneregister_HISe.xml#woKE">
                                <anchor type="lemma" xml:id="koB12_1795"/>«Kongs-Emnerne»</HIS:hisRef> vil jeg indtill videre ikke indlevere, for ikke paa engang at indsende to forskjellige Stykker. – Fra <HIS:hisRef type="person" target="Navneregister_HISe.xml#peRS">Herr Rudolf Schmidt</HIS:hisRef> har jeg modtaget Anmodning om at levere Bidrag till <anchor type="lemma" xml:id="koB12_1796"/>et nyt Tidsskrift; men for <pb n="[4]"/>Øjeblikket har jeg intet at sende. Jeg tillskriver ham idag.</p>
<p>Vejret er raat og stormfuldt; men godt som Arbejdsvejr betragtet, og vi boer hyggeligt i alle Henseender. <anchor type="lemma" xml:id="koB12_1797"/>Theatret besøger jeg flittigt; det er et af <HIS:hisRef type="place" target="Navneregister_HISe.xml#plD">Tydsklands</HIS:hisRef> bedste, men staar langt, langt under <HIS:hisRef type="org" target="Navneregister_HISe.xml#orgKT">Kjøbenhavns</HIS:hisRef> hvad Smag og Kunst angaar. Men saaledes er det overalt i Tydskland.</p>
<p>Idet jeg beder Dem modtage mine hjerteligste Hilsener og tillgive al den Ulejlighed, jeg forvolder Dem, tegner jeg mig</p>
<salute>Deres hengivne</salute>
<signed>Henrik Ibsen.</signed>
</div>
<div type="postscript">
<p>P. S. Hvad bliver det till med <anchor type="lemma" xml:id="koB12_1798"/>
                            <HIS:hisRef type="person" target="Navneregister_HISe.xml#peVB">V: Bergsøes</HIS:hisRef> store nye Roman?</p>
<signed>H. I.</signed>
</div>
</body>
</text>