<?xml version="1.0" encoding="UTF-8"?><text xmlns="http://www.tei-c.org/ns/1.0" xmlns:HIS="http://www.example.org/ns/HIS" rend="letter" corresp="B18690619LD" xml:lang="da-no">
<body>
<div type="letter">
<dateline>
                            <pb n="[1]"/>Dresden den <date>19<hi rend="raised">de</hi> Juni 1869</date>. –</dateline>
<salute>
                            <anchor type="lemma" xml:id="koB12_2079"/>Carissimo!</salute>
<p>Hjertelig Takk for dit venlige Brev, og ligesaa paa Forhaand for al <anchor type="lemma" xml:id="koB12_2080"/>din biografiske Møje!</p>
<p>Den forlangte <anchor type="lemma" xml:id="koB12_2081"/>Afbildning af min Snude medfølger. Jeg ved ikke om Du gjenkjender mig fra <anchor type="lemma" xml:id="koB12_2082"/>min skjæggede Periode. Man paastaar her, og jeg tror det selv, at Billedet er godt truffet.</p>
<p>Forhaabentlig har Du nu modtaget et Exemplar af <HIS:hisRef type="work" target="Navneregister_HISe.xml#woUF">«De unges Forbund»</HIS:hisRef>, som jeg herved giver Dig <anchor type="lemma" xml:id="koB12_2083"/>Hals og Haand over og beder Dig <anchor type="lemma" xml:id="koB12_2084"/>tage Dig af paa bedste Maade.</p>
<p>
                            <anchor type="lemma" xml:id="koB12_2085"/>Honorar kan jeg jo ikke gjøre Regning paa; derpaa er jeg forberedt; og det er mig jo heldigvis heller ikke det vigtigste.</p>
<p>Som Du ser, er Stykket et jævnt Lystspil, intet andet. Maaske vil nogle i <HIS:hisRef type="place" target="Navneregister_HISe.xml#plN">Norge</HIS:hisRef> sige at jeg har <anchor type="lemma" xml:id="koB12_2086"/>skildret bestemte Personer <pb n="[2]"/>og Forholde. Dette er imidlertid urigtigt; jeg har derimod benyttet Model, og det er nødvendigt ligesaavel for Lystspilforfatteren, som for Maleren og Billedhuggeren.</p>
<p>Jeg synes at Stykket maa kunne passe i <HIS:hisRef type="place" target="Navneregister_HISe.xml#plSE">Sverig</HIS:hisRef> ogsaa, det vil sige, i Virkeligheden; hvorvidt det ogsaa passer for <HIS:hisRef type="org" target="Navneregister_HISe.xml#orgKDTS">Scenen dersteds</HIS:hisRef>, det maa Du afgjøre. Det er ialfald lett spillet, kræver intet Udstyr, blot et <anchor type="lemma" xml:id="koB12_2087"/>Honorar till Oversætteren, – og derfor, kjære gamle Ven, tag <HIS:hisRef type="tcNote" xml:id="noteT12_570" target="B1844-1871ht_noter.xml" corresp="noteT12_570">Dig</HIS:hisRef> af al <HIS:hisRef type="tcNote" xml:id="noteT12_571" target="B1844-1871ht_noter.xml" corresp="noteT12_571">Magt</HIS:hisRef> af Sagen og faa Stykket oppført.</p>
<p>Lykkes dette, saa tænker jeg at <anchor type="lemma" xml:id="koB12_2088"/>komme opp till <HIS:hisRef type="place" target="Navneregister_HISe.xml#plSthlm">Stokholm</HIS:hisRef>; men dermed har det jo Tid endnu. Lad mig høre fra Dig, saasnart Du kan. Sig mig din Mening om Stykket. <anchor type="lemma" xml:id="koB12_2089"/>I Boghandelen kommer det ikke før till Høsten.</p>
<p>En hjertelig Hilsen fra os till eder alle! Lev dermed vel saalænge; naar man har saa meget af alle Slags at meddele hinanden, som vi, kan der ikke blive Tale om lange Breve; det faar altsammen ligge till vi træffes.</p>
<salute>Din hengivne Ven</salute>
<signed>Henrik Ibsen.</signed>
</div>
<div type="postscript">
<p>Hils H. <HIS:hisRef type="person" target="Navneregister_HISe.xml#peHaWi">Wieselgren</HIS:hisRef>; (nu er han jo i Norge); – alle andre Venner og Bekjendte ligesaa!</p>
</div>
</body>
</text>