<?xml version="1.0" encoding="UTF-8"?><text xmlns="http://www.tei-c.org/ns/1.0" xmlns:HIS="http://www.example.org/ns/HIS" rend="letter" corresp="B18730509FH" xml:lang="da-no">
<body>
<div type="letter">
<dateline>
                            <pb n="[1]"/>Dresden den <date>9<hi rend="raised">de</hi> Maj 1873</date>.</dateline>
<salute>Kære herr Hegel!</salute>
<p>Idet jeg frembærer min forbindtligste tak for de modtagne 225 Thaler: pr:, sender jeg Dem hermed <anchor type="lemma" xml:id="koB13_891"/>atter 48 sider <HIS:hisRef type="work" target="Navneregister_HISe.xml#woKG">manuskript</HIS:hisRef>, en lignende, færdigtliggende sending skikker jeg afsted om nogle dage.</p>
<p>Jeg har intet imod at korrekturarkene sendes op til mine venner <HIS:hisRef type="person" target="Navneregister_HISe.xml#peLDa">
                                <anchor type="lemma" xml:id="koB13_892"/>Daae</HIS:hisRef> og <HIS:hisRef type="person" target="Navneregister_HISe.xml#peJLo">Løkke</HIS:hisRef>, såfremt sådant kan ske uden at trykningsarbejdet sinkes. Skulde dette derimod i nogen væsentlig grad blive tilfældet, så kunde man måske indskrænke sig til kun at sende de ark, hvori <anchor type="lemma" xml:id="koB13_893"/>tvivlsomme navne forekommer, og i så henseende stoler jeg ganske på <HIS:hisRef type="person" target="Navneregister_HISe.xml#peAuLa">herr <anchor type="lemma" xml:id="koB13_894"/>Larsens</HIS:hisRef> skøn og <anchor type="lemma" xml:id="koB13_895"/>forsigtighed. Overhovedet overlader jeg denne sag ganske til Dem.</p>
<p>Med hilsen til Dem og <HIS:hisRef type="person" target="Navneregister_HISe.xml#peJH">Deres søn</HIS:hisRef>, og med megen tak for den iforgårs modtagne nye <anchor type="lemma" xml:id="koB13_896"/>bog af <HIS:hisRef type="person" target="Navneregister_HISe.xml#peGB">Brandes</HIS:hisRef>, tegner jeg mig</p>
<salute>Deres hjertelig hengivne</salute>
<signed>Henrik Ibsen.</signed>
</div>
</body>
</text>