<?xml version="1.0" encoding="UTF-8"?><text xmlns="http://www.tei-c.org/ns/1.0" xmlns:HIS="http://www.example.org/ns/HIS" rend="letter" corresp="B18651115FH" xml:lang="da-no">
                <body>
<div type="letter">
<dateline>
                            <pb n="[1]"/>Rom den <date>15<hi rend="raised">de</hi> Novbr: 1865</date>.</dateline>
<salute>Hr: Cancelliraad Hegel!</salute>
<p>Herved giver jeg mig den Ære at oversende <HIS:hisRef type="work" target="Navneregister_HISe.xml#woBr">
                                <anchor type="lemma" xml:id="koB12_989"/>Sluttningen af Manuscriptet</HIS:hisRef>, indeholdende 84 Sider. Deres meget ærede Skrivelse modtog jeg igaar og aflægger min forbindtligste Tak for <anchor type="lemma" xml:id="koB12_990"/>de tillbudte Vilkaar. At <anchor type="lemma" xml:id="koB12_991"/>Digtet udkommer till Jul anser jeg for højst ønskeligt, og skulde ikke Tidens Knapphed tillade at der sendes mig <anchor type="lemma" xml:id="koB12_992"/>Revisionsarkene herned, saa faar jeg stole paa Lykken og paa Kjøbenhavns bekjendte gode Korrekturlæsere. Foruden Undgaaelsen af almindelige Trykkfejl turde jeg maaske udbede mig særlig Oppmærksomhed henvendt paa følgende Punkter.</p>
<p>1.) At Personernes Navne over Replikkerne ikke forvexles. 2.) At ingen Replik overspringes. 3.) At, naar en Verslinje indeholder flere Repliker, Begyndelsen till enhver af disse kommer paa sin rette Plads, stedse mere og mere indover paa Siden. 4.) At ingen Side ender med en <anchor type="lemma" xml:id="koB12_993"/>Replikoverskrift <pb n="[2]"/>medens Repliken selv begynder paa den følgende.</p>
<p>Disse Ting, der baade virker <HIS:hisRef type="tcNote" xml:id="noteT12_259" target="B1844-1871ht_noter.xml" corresp="noteT12_259">meningsforstyrren<supplied>de</supplied>
                            </HIS:hisRef> og tillige skader Bogens Udseende, iagttages ikke altid med Nøjagtighed i Trykkerierne, og jeg vover derfor at haabe Tilgivelse for at have paapeget dem.</p>
<p>Benyttende mig af Hr. Cancelliraadens <anchor type="lemma" xml:id="koB12_994"/>godhedsfulde Tillbud beder jeg at Bogen maa blive sendt till <HIS:hisRef type="person" target="Navneregister_HISe.xml#peBB">B. Bjørnson</HIS:hisRef> og <HIS:hisRef type="person" target="Navneregister_HISe.xml#peBD">Regjeringsadvokat Dunker</HIS:hisRef> i Christiania og i <HIS:hisRef type="place" target="Navneregister_HISe.xml#plKbh">Kjøbenhavn</HIS:hisRef> till <HIS:hisRef type="person" target="Navneregister_HISe.xml#peMT">min Svigermoder, Fru M. Thoresen</HIS:hisRef> samt till <HIS:hisRef type="person" target="Navneregister_HISe.xml#peAK">Cand: jur: A. Klubien</HIS:hisRef>, St. Kannikestræde N<hi rend="raised">o</hi> 15., samt at to Expl: ufrankeret under <anchor type="lemma" xml:id="koB12_995"/>Korsbaand maa blive nedsendte till <HIS:hisRef type="place" target="Navneregister_HISe.xml#plRom">Rom</HIS:hisRef>.</p>
<p>Skulde Correctur blive mig tillsendt, skal den naturligvis blive <HIS:hisRef type="tcNote" xml:id="noteT12_260" target="B1844-1871ht_noter.xml" corresp="noteT12_260">expederet</HIS:hisRef> snarest muligt, men om Tiden tillader det, ved jeg ikke.</p>
<salute>ærbødigst Deres meget forbundne</salute>
<signed>Henr: Ibsen</signed>
</div>
</body>
</text>