<?xml version="1.0" encoding="UTF-8"?><text xmlns="http://www.tei-c.org/ns/1.0" xmlns:HIS="http://www.example.org/ns/HIS" rend="letter" corresp="B18591027NN_Vi_tillade" xml:lang="da-no">
<body>
<div type="letter">
<p>
                            <pb n="[1]"/>
                            <HIS:print>Vi tillade os herved at gjøre Dem opmærksom paa den i Bladene indførte Opfordring til Nationalsubskription, saalydende:</HIS:print>
                        </p>
<p>
                            <HIS:print>«Bestyrelsen for <HIS:hisRef type="org" target="Navneregister_HISe.xml#orgKNT">det norske Theater i Christiania</HIS:hisRef> indbyder herved sine Landsmænd til at tegne Bidrag til Erhvervelse af et bedre Lokale for Theatret. 5 Spd. er det største Beløb, som kan tegnes af nogen Enkelt.»</HIS:print>
                        </p>
<p>
                            <HIS:print>Skulde De ville følge denne Opfordring eller finde Anledning til at virke for vort Anliggende, udbede vi de tegnede Bidrag tilstillede medundertegnede Cand. mag. Siegw. Petersen, som daglig træffes Kl. 4–5 i <anchor type="lemma" xml:id="koB12_484"/>Bager Bruns Gaard, Toldbodgaden, og som vil meddele fornøden Kvittering.</HIS:print>
                        </p>
<p>
                            <HIS:print>
                                <HIS:hisRef type="place" target="Navneregister_HISe.xml#plKri">Kristiania</HIS:hisRef> i Bestyrelsen for det ved Nationalsubskriptionen indkommende Fond den</HIS:print> <date>27 Oktober <HIS:print>18</HIS:print>59</date>
                        </p>
<signed>J. Gamborg</signed>
<signed>C. Hansteen</signed>
<signed>M. K. Holfeldt</signed>
<signed>Henr: Ibsen</signed>
<signed>K. Knudsen</signed>
</div>
</body>
</text>