<?xml version="1.0" encoding="UTF-8"?><text xmlns="http://www.tei-c.org/ns/1.0" xmlns:HIS="http://www.example.org/ns/HIS" rend="letter" corresp="B18731019FH" xml:lang="da-no">
<body>
<div type="letter">
<dateline>
                            <pb n="[1]"/>Dresden den <date>19<hi rend="raised">de</hi> Oktober 1873</date>.</dateline>
<salute>Kære herr Hegel!</salute>
<p>Igår havde jeg den store glæde at modtage <anchor type="lemma" xml:id="koB13_1160"/>bogpakken, hvoraf jeg ser at <HIS:hisRef type="work" target="Navneregister_HISe.xml#woKG">mit nye arbejde</HIS:hisRef> i det <anchor type="lemma" xml:id="koB13_1161"/>splendide udstyr ser ud som et pragtværk. Nu er bogen rimeligvis allerede i manges hænder og jeg vil håbe det bedste. Gid blot ikke at de øjeblikkelige <anchor type="lemma" xml:id="koB13_1162"/>politiske forviklinger i <HIS:hisRef type="place" target="Navneregister_HISe.xml#plKbh">København</HIS:hisRef> må drage opmærksomheden bort fra alt andet.</p>
<p>Indlagt sender jeg <anchor type="lemma" xml:id="koB13_1163"/>de to før berørte skrivelser.</p>
<p>Exemplarerne af <HIS:hisRef type="work" target="Navneregister_HISe.xml#woPG">«Peer Gynt»</HIS:hisRef> havde det ikke været <HIS:hisRef type="tcNote" xml:id="noteT13_182" target="B1871-1879ht_noter.xml" corresp="noteT13_182">nødvendigt</HIS:hisRef> at sende mig, da jeg har flere uindbundne. De defekte skal jeg ret snart tilbagesende.</p>
<p>Med hjertelig hilsen til Dem og <HIS:hisRef type="person" target="Navneregister_HISe.xml#peJH">Deres søn</HIS:hisRef> tegner jeg mig</p>
<salute>Deres hengivne</salute>
<signed>Henrik Ibsen.</signed>
</div>
</body>
</text>