<?xml version="1.0" encoding="UTF-8"?><text xmlns="http://www.tei-c.org/ns/1.0" xmlns:HIS="http://www.example.org/ns/HIS" rend="letter" corresp="B18690210PFS" xml:lang="da-no">
<body>
<div type="letter">
<dateline>
                            <pb n="[1]"/>Dresden den <date>10<hi rend="raised">de</hi> Februar 1869</date>. –</dateline>
<salute>Herr P. F. Siebold!</salute>
<p>
                            <HIS:hisRef type="tcNote" xml:id="noteT12_513" target="B1844-1871ht_noter.xml" corresp="noteT12_513">Jeg</HIS:hisRef> beder Dem indstændigt tillgive at jeg først idag besvarer Deres ærede og venlige Skrivelse af 6<hi rend="raised">te</hi> f: M: <anchor type="lemma" xml:id="koB12_1841"/>Et nyt literært Arbejde, som for Øjeblikket opptager al min Tid og alle mine Tanker, bærer Skylden for denne lange Oppsættelse.</p>
<p>Jeg er Dem i høj Grad takknemmelig fordi De har <anchor type="lemma" xml:id="koB12_1842"/>valgt <HIS:hisRef type="work" target="Navneregister_HISe.xml#woBr">«Brand»</HIS:hisRef> till Oversættelse i det tydske Sprog. Foretagendet er ganske visst meget vanskeligt; men i Deres skjønne Modersmaal kan man jo gjøre Underværker. –</p>
<p>Tror De ikke det vilde være hensigtsmæssigt at ledsage den tydske Udgave med et Forord, indeholdende en kortfattet Meddelelse om den Modtagelse Bogen har faaet i <HIS:hisRef type="place" target="Navneregister_HISe.xml#plDk plN plSE">de tre skandinaviske Lande</HIS:hisRef>? <anchor type="lemma" xml:id="koB12_1843"/>I Løbet af tre Aar er al<supplied>lerede</supplied> det femte store Opplag udkommet; forøvrigt <supplied>vil visst</supplied>nok <HIS:hisRef type="person" target="Navneregister_HISe.xml#peFH">Cancelliraad Hegel</HIS:hisRef> med Glæde <pb n="[2]"/>skaffe Dem de fornødne Opplysn<supplied>inger.</supplied>
                        </p>
<p>Hvis De ikke allerede havde va<supplied>lgt Forlæg</supplied>ger, vilde jeg have tillraadet Dem at <supplied>henvende</supplied> Dem till Ejeren af <anchor type="lemma" xml:id="koB12_1844"/>den skandinaviske Bog<supplied>han</supplied>del i Leipzig, <HIS:hisRef type="person" target="Navneregister_HISe.xml#peHelm">Herr Helms</HIS:hisRef>, der allerede har udgivet mange Oversættelser fra dansk og norsk, og forøvrigt nyder megen Anseelse her. –</p>
<p>I <HIS:hisRef type="place" target="Navneregister_HISe.xml#plKri">Christiania</HIS:hisRef> mødes vi neppe till Sommeren. Jeg agter ikke saa snart at vende tillbage till Hjemmet, hvor jeg finder det for koldt i alle Ordets Betydninger. Jeg oppgiver imidlertid ikke derfor Haabet om engang at have den Fornøjelse personligt at gjøre Deres Bekjendtskab. Vore fælles skandinaviske Venner bedes hilsede, og med Ønsket og Haabet om at De snart og lykkeligt overvinder alle med Udgivelsen forbundne Vanskeligheder tegner jeg mig</p>
<salute>Deres ærbødigst forbundne</salute>
<signed>Henrik Ibsen.</signed>
</div>
</body>
</text>