<?xml version="1.0" encoding="UTF-8"?><text xmlns="http://www.tei-c.org/ns/1.0" xmlns:HIS="http://www.example.org/ns/HIS" rend="letter" corresp="B18660322JG" xml:lang="da-no">
<body>
<div type="letter">
<dateline>
                            <pb n="[1]"/>Rom den <date>22<hi rend="raised">de</hi> Marts 1866</date>.</dateline>
<salute>Hr: John Grieg!</salute>
<p>Allerede forlængesiden skulde jeg have aflagt Dem min hjerteligste Tak for <anchor type="lemma" xml:id="koB12_1105"/>Deres varme og venlige Brev, og det eneste der kan undskylde min Opsættelse er at jeg gjennem <HIS:hisRef type="person" target="Navneregister_HISe.xml#peEGr">
                                <anchor type="lemma" xml:id="koB12_1106"/>Deres Broder</HIS:hisRef> har sendt Dem en foreløbig Hilsen. – Det er mig naturligvis kjært <anchor type="lemma" xml:id="koB12_1107"/>at faa mit Arbejde oversat; kan det løfte og gribe nogen udenfor <HIS:hisRef type="place" target="Navneregister_HISe.xml#plN">vort eget Land</HIS:hisRef>, skal det glæde mig. Hjemme hos os maa desværre Digtningen herefterdags slaa ind paa en anden Vej; at kalde vore historiske Minder frem har for Øjeblikket ikke nogen indre Sandheds Trang og Nødvendighed i sig; hvad der <anchor type="lemma" xml:id="koB12_1108"/>i de 2–3 sidste Aar har fundet Sted hos os – eller rettere sagt, hvad der ikke har fundet Sted, viser noksom at der mellem Nutidens Normænd og vor mægtige Fortid ikke er anden Sammenhæng end mellem <anchor type="lemma" xml:id="koB12_1109"/>vore Dages <pb n="[2]"/>Grækerpirater og hine gamle som havde Mod og Tro og Vilje og derfor ogsaa Guderne i sine Rækker. Naa, det kan muligens lysne endnu, men jeg mener at fortiden har vi andet at gjøre hjemme. – At Bearbejdelsen vil lykkes Dem, og lykkes Dem i bedste Forstand ligeoverfor det Publikum, paa hvilket den er beregnet, det er jeg fast forvisset om. Jeg har taget Bogen for mig og finder selv at den indeholder adskilligt, som maatte kunne give Gjenklang i <HIS:hisRef type="place" target="Navneregister_HISe.xml#plD">Tydskland</HIS:hisRef>. Det er forunderligt med det Historiske; det gjentager sig selv, under skiftende Former, ligesom Variationerne over et Musikthema. <anchor type="lemma" xml:id="koB12_1110"/>I Tydskland kjæmpes jo for Tiden den samme Kamp om at samle og at splitte; de samme Lidenskaber og Interesser rører sig; Tydskerne har paa en Vis baade sin <HIS:hisRef type="work" target="Navneregister_HISe.xml#woKE">
                                <anchor type="lemma" xml:id="koB12_1111"/>Bisp Nikolas og sin <anchor type="lemma" xml:id="koB12_1112"/>Skule Jarl, og <anchor type="lemma" xml:id="koB12_1113"/>Haakon</HIS:hisRef> er ham, som de længter efter og som de haaber paa. – <pb n="[3]"/>Det er ganske sandt at jeg nærer en stærk Uvilje ikke som De siger, mod Tydskerne, – men mod <anchor type="lemma" xml:id="koB12_1114"/>Tydskheden og mod Tydskeriet; naar vi, som jeg haaber, engang træffes, skal jeg faa Lov til at forklare mig nøjere, jeg kan ikke med at skrive lange Breve; men jeg vil kun sige at jeg i mange Maader fuldkommen erkjender det baade smukke og gode, som findes blandt disse <anchor type="lemma" xml:id="koB12_1115"/>vore Arvefiender, – thi det er de for Øjeblikket, men Stillingen maa og vil forandre sig, thi den er unaturlig i sin inderste Grund. Jeg har for flere Aar siden levet <anchor type="lemma" xml:id="koB12_1116"/>fire Maaneder i <HIS:hisRef type="place" target="Navneregister_HISe.xml#plDre">Dresden</HIS:hisRef> og Erindringerne derfra er noget af det lyseste og venligste jeg ejer. – Hvorvidt det er rigtigst at foretage <anchor type="lemma" xml:id="koB12_1117"/>Oversættelsen i Jamber, derom tør jeg ingen Mening have, men stoler ganske paa Deres rigtige Takt i denne som i enhver anden Henseende. At denne Oversættelsesform nødvendigvis betinger en fri Behandling <pb n="[4]"/>af Enkelthederne er jeg naturligvis ganske enig med Dem om.</p>
<p>Idet jeg ønsker os Begge tillykke med Deres Foretagende, haaber jeg ved Lejlighed at faa høre videre om Tingenes Gang og tegner mig med en hjertelig Hilsen</p>
<salute>Deres venligst forbundne</salute>
<signed>Henrik Ibsen.</signed>
</div>
</body>
</text>