<?xml version="1.0" encoding="UTF-8"?><text xmlns="http://www.tei-c.org/ns/1.0" xmlns:HIS="http://www.example.org/ns/HIS" rend="letter" corresp="B18711227FH" xml:lang="da-no">
<body>
<div type="letter">
<dateline>
                            <pb n="[1]"/>Dresden den <date>27<hi rend="raised">de</hi> December 1871</date>. –</dateline>
<salute>Kære herr Hegel!</salute>
<p>Herved tillader jeg mig at frembære vor hjerteligste taksigelse for den smukke og værdifulde <anchor type="lemma" xml:id="koB13_179"/>gave, hvorved De i en så væsentlig grad har bidraget til at skaffe os alle en behagelig juletid. <HIS:hisRef type="person" target="Navneregister_HISe.xml#peCDu">
                                <anchor type="lemma" xml:id="koB13_180"/>Fru Dunkers</HIS:hisRef> bog vil visst finde en stor læsekreds, navnlig i <HIS:hisRef type="place" target="Navneregister_HISe.xml#plN">Norge</HIS:hisRef>, hvor jeg ved at den har været imødeset med stor forventning.</p>
<p>
                            <HIS:hisRef type="work" target="Navneregister_HISe.xml#woKG">Mit <anchor type="lemma" xml:id="koB13_181"/>nye arbejde</HIS:hisRef> går uopholdelig fremad. <anchor type="lemma" xml:id="koB13_182"/>1<hi rend="raised">ste</hi> Afdeling: «Julian og visdomsvennerne» i tre akter ligger allerede færdig i <emph>renskrift</emph>. Den udgør netop 100 sider; men jeg sender Dem intet deraf, da jeg antager at De ønsker det hele forinden De lader trykningen begynde. På anden afdeling arbejder jeg nu flittigt, og denne vil gå raskere fra hånden og blive betydelig kortere; tredje afdeling bliver derimod noget længere; antagelig kommer det hele til at <anchor type="lemma" xml:id="koB13_183"/>udgøre mellem 280–300 sider, altsammen i prosa, og <anchor type="lemma" xml:id="koB13_184"/>i formen nærmest sluttende sig til <HIS:hisRef type="work" target="Navneregister_HISe.xml#woKE">«Kongs-emnerne»</HIS:hisRef>.</p>
<p>
                            <pb n="[2]"/>Af de norske aviser erfarer jeg med glæde at <HIS:hisRef type="person" target="Navneregister_HISe.xml#peBB">Bjørnson</HIS:hisRef> nu endelig opgiver <anchor type="lemma" xml:id="koB13_185"/>sin <HIS:hisRef type="tcNote" xml:id="noteT13_32" target="B1871-1879ht_noter.xml" corresp="noteT13_32">journalistiske</HIS:hisRef> virksomhed, der har gjort ham så megen <HIS:hisRef type="tcNote" xml:id="noteT13_33" target="B1871-1879ht_noter.xml" corresp="noteT13_33">skade</HIS:hisRef>; jeg hører desværre at det imidlertid skal være tvivlsomt hvorvidt han i pekuniær henseende vil kunne slippe helskindet fra <anchor type="lemma" xml:id="koB13_186"/>«Folkebladet», der skal have pådraget sig <anchor type="lemma" xml:id="koB13_187"/>en ikke ubetydelig gæld; dog, hvorledes det end går hermed, så er det alligevel bedre, end om han fortsatte denne for ham og andre fordærvelige trafik.</p>
<p>Jeg har i den senere tid været indviklet i en tysk polemik. Tidsskriftet «Im neuen Reich» der udkommer i <HIS:hisRef type="place" target="Navneregister_HISe.xml#plLei">Leipzig</HIS:hisRef> under redaktion af <HIS:hisRef type="person" target="Navneregister_HISe.xml#peADo">Alfred Dowe</HIS:hisRef> og <HIS:hisRef type="person" target="Navneregister_HISe.xml#peGFr">Gustav Freitag</HIS:hisRef>, har <anchor type="lemma" xml:id="koB13_188"/>anfaldt mig for <anchor type="lemma" xml:id="koB13_189"/>nogle i mine digte forekommende ytringer om Tyskerne. Krigen er derfra gåt over i <anchor type="lemma" xml:id="koB13_190"/>«Constitutionelle Zeitung» og nogle andre <anchor type="lemma" xml:id="koB13_192"/>mindre betydende blade. Jeg har naturligvis måttet tage til <anchor type="lemma" xml:id="koB13_193"/>genmæle og har værget mig så vidt at jeg håber min stilling her bliver holdbar i nogen tid idetmindste.</p>
<p>Tør jeg bede Dem være af den godhed at sende mig <emph>36 Thaler preussisk</emph>? Jeg frygter nemlig for at komme i forlegenhed inden den sædvanlige kvartalsforsendelse fra <HIS:hisRef type="place" target="Navneregister_HISe.xml#plKri">Kristiania</HIS:hisRef> kan indløbe. – Forhåbentlig har De i sin tid modtaget <anchor type="lemma" xml:id="koB13_194"/>universitets-bibliothekets bøger? Jeg har været noget i uro derover, <pb n="[3]"/>fordi vedkommende postembedsmand hersteds sagde mig at indpakningen ikke var rigtig forsvarlig. Skulde dette have foranlediget nogen skade på indbindingen eller andet, så ønsker jeg naturligvis at erstatte samme; at pakken er fremkommen ved jeg deraf at jeg her har fåt tilbagebetalt et fejlagtigt beregnet portobeløb, hvorpå man ved <HIS:hisRef type="place" target="Navneregister_HISe.xml#plKbh">Kbhvns</HIS:hisRef> postkontor havde gjort opmærksom.</p>
<p>
                            <HIS:hisRef type="person" target="Navneregister_HISe.xml#peCC">Fru C: Collett</HIS:hisRef> opholder sig her i denne tid. Hun tænker på at <anchor type="lemma" xml:id="koB13_195"/>begive sig til <HIS:hisRef type="place" target="Navneregister_HISe.xml#plRom">Rom</HIS:hisRef>; jeg tvivler <HIS:hisRef type="tcNote" xml:id="noteT13_34" target="B1871-1879ht_noter.xml" corresp="noteT13_34">imidlertid</HIS:hisRef> på at hun kommer videre; thi <anchor type="lemma" xml:id="koB13_196"/>hun er uden alt begreb om hvorledes man skal indrette sig på en rejse.</p>
<p>Skulde De se <HIS:hisRef type="person" target="Navneregister_HISe.xml#peGB">G: Brandes</HIS:hisRef>, beder jeg Dem hilse ham fra mig; jeg tilskriver ham snart. –</p>
<p>Og hermed vil jeg hjerteligst takke Dem for alt godt i det forløbne år; og modtag, De og <HIS:hisRef type="person" target="Navneregister_HISe.xml#peJH">Deres søn</HIS:hisRef>, vore bedste ønsker for det kommende! Jeg håber temmelig sikkert at vore fælles foretagender i dette sidstnævnte vil løbe af til gensidig tilfredshed.</p>
<salute>Deres hjertelig hengivne</salute>
<signed>Henrik Ibsen.</signed>
</div>
</body>
</text>