<?xml version="1.0" encoding="UTF-8"?><text xmlns="http://www.tei-c.org/ns/1.0" xmlns:HIS="http://www.example.org/ns/HIS" rend="letter" corresp="B18701123Dem" xml:lang="da-no">
                <body>
<div type="letter">
<dateline>
                            <pb n="[1]"/>Dresden den <date>23<hi rend="raised">de</hi> November 1870</date>. –</dateline>
<salute>Herr hofstallmäster Demirgian!</salute>
<p>Da jeg for nogle dage siden har erfaret <anchor type="lemma" xml:id="koB12_2698"/>Deres tilbagekomst til <HIS:hisRef type="place" target="Navneregister_HISe.xml#plSE">Sverge</HIS:hisRef>, så tillader jeg mig herved med nogle ord at sende Dem min hjerteligste og ärbödigste tak for den <anchor type="lemma" xml:id="koB12_2699"/>indbydelse til <HIS:hisRef type="place" target="Navneregister_HISe.xml#plEg">Egypten</HIS:hisRef>, som jeg ved Deres bistand havde den äre at modtage.</p>
<p>Jeg tiltror mig ikke dygtighed nok til at skrive det franske sprog fejlfrit, og De vil derfor tillade mig at benytte mit modersmål.</p>
<p>Opholdet i Egypten har väret <HIS:hisRef type="tcNote" xml:id="noteT12_696" target="B1844-1871ht_noter.xml" corresp="noteT12_696">den</HIS:hisRef> interessanteste og lærerigeste periode i mit liv, og jeg vil derfor aldrig kunne glemme den tjeneste, De ved denne lejlighed har vist mig, og heller aldrig skal jeg glemme den taknemmelighed, jeg skylder Dem.</p>
<p>Men der er et punkt, hvorom det er mig af vigtighed at erholde oplysning, og denne kan jeg ikke erholde af nogen anden end Dem.</p>
<p>
                            <pb n="[2]"/>Sagen er fölgende:</p>
<p>Under opholdet i <HIS:hisRef type="place" target="Navneregister_HISe.xml#plKa">Cairo</HIS:hisRef> forevistes mig en billet fra Dem, hvoraf jeg erfarede at jeg, som Norges repräsentant ved åbningen af <HIS:hisRef type="place" target="Navneregister_HISe.xml#plSuez">Suez-canalen</HIS:hisRef>, var blandt dem, der skulde dekoreres af <HIS:hisRef type="person" target="Navneregister_HISe.xml#peIsP">
                                <HIS:hisRef type="tcNote" xml:id="noteT12_697" target="B1844-1871ht_noter.xml" corresp="noteT12_697">Hs:</HIS:hisRef> Höjhed <anchor type="lemma" xml:id="koB12_2700"/>Khediven</HIS:hisRef>. End videre forevistes mig i sommer i <HIS:hisRef type="place" target="Navneregister_HISe.xml#plKbh">Köbenhavn</HIS:hisRef> flere <anchor type="lemma" xml:id="koB12_2701"/>senere breve fra Dem til den samme person, <emph>hvori De erklärer <HIS:hisRef type="tcNote" xml:id="noteT12_698" target="B1844-1871ht_noter.xml" corresp="noteT12_698">at</HIS:hisRef> udnävnelsen allerede havde fundet sted</emph> og at De selv vilde medbringe dekorationerne til Sverge.</p>
<p>Denne äre var mig i höjeste grad smigrende <emph>ligesom den vilde väre af höjeste nytte for min literäre position i <HIS:hisRef type="place" target="Navneregister_HISe.xml#plN">Norge</HIS:hisRef>
                            </emph>. Den vilde tillige have väret mig en oprejsning for den tilsidesättelse jeg har lidt hjemme, idet man har skänket <anchor type="lemma" xml:id="koB12_2702"/>St: Olafs-ordenen til flere kunstnere, malere og musikere, medens jeg er bleven forbigået, – og det uagtet jeg trofast står på regeringens side og stötter den med min pen og alle mine evner.</p>
<p>Da jeg havde set Deres skriftlige ord for den sag, så har jeg ikke taget i <HIS:hisRef type="tcNote" xml:id="noteT12_699" target="B1844-1871ht_noter.xml" corresp="noteT12_699">betänkning</HIS:hisRef> at omtale den for mine venner, og De vil indse at jeg nu er bragt i en ubehagelig stilling, som kun kan afhjälpes derved at Deres löfte bliver indlöst <pb n="[3]"/>eller der <anchor type="lemma" xml:id="koB12_2703"/>skaffes mig et äqvivalent for samme.</p>
<p>Jeg tänker mig muligheden af at nogen misforståelse ligger til grund for at den mig lovede dekoration er udebleven, og skylder derfor mig selv at oplyse at jeg ingen del har i de <anchor type="lemma" xml:id="koB12_2704"/>korrespondancer, som i sin tid sendtes fra Egypten til de svenske og norske blade. <HIS:hisRef type="person" target="Navneregister_HISe.xml#peOvK">
                                <anchor type="lemma" xml:id="koB12_2705"/>Den svenske korrespondent</HIS:hisRef> kender De; den norske korrespondent, der skrev under signaturen J-s var Dr: Johannes Lieblein. <emph>Jeg har for mit vedkommende <anchor type="lemma" xml:id="koB12_2706"/>ikke skrevet et eneste ord fra Egypten</emph>.</p>
<p>Jeg tvivler ikke på at De på en eller anden måde vil vise mig den velvilje at ordne denne sag således at jeg kan väre tjent dermed.</p>
<p>Muligvis er der grunde for udsättelsen, hvilke jeg ikke kender. Det er mig i al fald af höjeste vigtighed at erfare sagens sammenhäng. Dekorationen vilde i mit fädreland väre bleven opfattet som et bevis på min <HIS:hisRef type="person" target="Navneregister_HISe.xml#peKongK4">
                                <anchor type="lemma" xml:id="koB12_2707"/>konges</HIS:hisRef> nåde og netop derfor väret mig dobbelt dyrebar. Hvad der nu kan göres, overlader jeg i Deres händer, i det jeg <pb n="[4]"/>stoler på det venlige sindelag, hvorpå De allerede i fjor i <HIS:hisRef type="place" target="Navneregister_HISe.xml#plSthlm">Stockholm</HIS:hisRef> gav mig så uforglemmelige beviser.</p>
<p>De vil ikke vredes over denne uforbeholdne henvendelse, og tillader jeg mig at henleve i håbet om snart gennem nogle linjer fra Dem at erholde den visshed, som jeg så meget attrår.</p>
<salute>Deres ärbödige og forbundne</salute>
<signed>Henrik Ibsen.</signed>
</div>
<div type="postscript">
<p>Adr: Königsbrücker-Strasse, N<hi rend="raised">o</hi> 33. Dresden.</p>
</div>
</body>
</text>