<?xml version="1.0" encoding="UTF-8"?><text xmlns="http://www.tei-c.org/ns/1.0" xmlns:HIS="http://www.example.org/ns/HIS" rend="letter" corresp="B18710425AFK" xml:lang="da-no">
                <body>
<div type="letter">
<dateline>
                            <pb n="[1]"/>Dresden den <date>25<hi rend="raised">de</hi> April 1871</date>. –</dateline>
<salute>Til hs: eccellence, herr justitsminister Krieger.</salute>
<p>Som et ringe tegn på det taknemmelige sind, hvormed jeg erkender alt, hvad jeg skylder <anchor type="lemma" xml:id="koB12_3183"/>Deres exellences velvilje for mig, beder jeg om tilladelse til at måtte sende Dem <anchor type="lemma" xml:id="koB12_3184"/>medfølgende exemplar af <HIS:hisRef type="work" target="Navneregister_HISe.xml#woDi">min digtsamling</HIS:hisRef>.</p>
<p>Bogen indeholder digte fra de forskelligste tidspunkter i mit forfatterliv. Der vil findes meget modsigende deri, <pb n="[2]"/>og meget, som jeg selv ikke længere kan godkende; men det hører altsammen med til en fortsat udvikling.</p>
<p>Mit ønske og mit håb er at en lejlighedsvis gennemlæsning af disse småting ikke må svække den interesse for min virksomhed, som jeg fra Deres excellences side indtil nu glæder mig ved at turde forudsætte.</p>
<salute>ærbødigst</salute>
<signed>Henrik Ibsen.</signed>
</div>
</body>
</text>