<?xml version="1.0" encoding="UTF-8"?><text xmlns="http://www.tei-c.org/ns/1.0" xmlns:HIS="http://www.example.org/ns/HIS" rend="letter" corresp="B18720501JHT" xml:lang="da-no">
<body>
<div type="letter">
<dateline>
                            <pb n="[1]"/>Dresden den <date>1<hi rend="raised">ste</hi> Maj 1872</date>.</dateline>
<salute>Kære svoger!</salute>
<p>I anledning af <anchor type="lemma" xml:id="koB13_485"/>indlagte brev, som indløb hertil igår, altså efter <HIS:hisRef type="person" target="Navneregister_HISe.xml#peMTh">
                                <anchor type="lemma" xml:id="koB13_486"/>Maries</HIS:hisRef> afrejse, tilskriver jeg Dem i al hast et par ord.</p>
<p>Først erkender jeg med tak modtagelsen af den sidste <anchor type="lemma" xml:id="koB13_487"/>pengeforsending, og dernæst beder jeg Dem være af den godhed at udbetale herr <HIS:hisRef type="person" target="Navneregister_HISe.xml#peHJN">Nandrup</HIS:hisRef> 100 Sp<hi rend="raised">d</hi> med tilsagn om at <anchor type="lemma" xml:id="koB13_488"/>restbeløbet, omtrent 30 Sp, i løbet af sommeren skal blive erlagt. Han har tilsendt mig en veksel for at få den accepteret, men jeg ønsker ikke at mit navn skal cirkulere på deslige papirer. –</p>
<p>Marie har altså forladt os. Det var ikke efter mit ønske, men jeg blev holdt i uvidenhed om sagen indtil det hele er afgjort. Hun skal imidlertid ikke blive en dag længere, end hun selv vil, deroppe. Vort hus står hende til enhver tid åbent og det vil være os en glæde igen at se hende her.</p>
<p>
                            <pb n="[2]"/>
                            <HIS:hisRef type="person" target="Navneregister_HISe.xml#peTK">
                                <anchor type="lemma" xml:id="koB13_489"/>Thomas</HIS:hisRef> opholder sig for tiden <HIS:hisRef type="place" target="Navneregister_HISe.xml#plDre">her</HIS:hisRef>. Hvor længe han bliver, ved jeg endnu ikke. Blandt andre <anchor type="lemma" xml:id="koB13_490"/>notable besøg kan jeg nævne <HIS:hisRef type="person" target="Navneregister_HISe.xml#peHCA">H. C. Andersen</HIS:hisRef>, der er henrykt over <anchor type="lemma" xml:id="koB13_491"/>modtagelsen i <HIS:hisRef type="place" target="Navneregister_HISe.xml#plN">Norge</HIS:hisRef> ifjor sommer. <HIS:hisRef type="person" target="Navneregister_HISe.xml#peMAG">M. Goldschmidt</HIS:hisRef> har anmeldt sit komme. For resten intet nyt.</p>
<p>Mit <anchor type="lemma" xml:id="koB13_492"/>andragende om <HIS:hisRef type="tcNote" xml:id="noteT13_67" target="B1871-1879ht_noter.xml" corresp="noteT13_67">rejsestipendium</HIS:hisRef> har jeg, ifølge Deres venskabelige råd, begæret taget i betragtning også ved uddelingen af de til kunstneres og videnskabsmænds rejser i udlandet bevilgede midler.</p>
<p>Vi har nu snart i en måned havt fuld sommer. Alt nærmere vil Thomas forhåbentlig fortælle ved hjemkomsten. Han, <HIS:hisRef type="person" target="Navneregister_HISe.xml#peSuI">Susanna</HIS:hisRef> og <HIS:hisRef type="person" target="Navneregister_HISe.xml#peSiI">Sigurd</HIS:hisRef> fremsender sine bedste hilsener ved</p>
<salute>Deres hengivne</salute>
<signed>Henrik Ibsen.</signed>
</div>
</body>
</text>