<?xml version="1.0" encoding="UTF-8"?><text xmlns="http://www.tei-c.org/ns/1.0" xmlns:HIS="http://www.example.org/ns/HIS" rend="letter" corresp="B18731124KAWi" xml:lang="da-no">
<body>
<div type="letter">
<salute>
                            <pb n="[1]"/>Til herr K: A: W.-H. –</salute>
<p>Må det herved være mig tilladt at bringe Dem min forbindtligste tak for Deres særdeles interessante og omfattende <anchor type="lemma" xml:id="koB13_1258"/>afhandling over <HIS:hisRef type="work" target="Navneregister_HISe.xml#woKG">«Kejser og <pb n="[2]"/>Galilæer»</HIS:hisRef>, hvilken jeg i disse dage har havt den fornøjelse at læse i «Morgenbladet». Dette er visselig <anchor type="lemma" xml:id="koB13_1259"/>ikke første gang i de senere år at jeg har havt al opfordring til at sende Dem et takkens ord; men når jeg hidtil har undladt det, da er grunden den at jeg stadig har håbet på, hvad nu <anchor type="lemma" xml:id="koB13_1260"/>til sommeren vil ske, nemlig personlig at kunne få takke Dem og da ved samme lejlighed fornye et behageligt <anchor type="lemma" xml:id="koB13_1261"/>gammelt bekendtskab.</p>
<dateline>d. <date>24. 11. 73</date>. –</dateline>
<salute>Deres</salute>
<signed>Henrik Ibsen.</signed>
</div>
</body>
</text>