<?xml version="1.0" encoding="UTF-8"?><text xmlns="http://www.tei-c.org/ns/1.0" xmlns:HIS="http://www.example.org/ns/HIS" rend="letter" corresp="B18691217JHT" xml:lang="da-no">
<body>
<div type="letter">
<dateline>
                            <pb n="[1]"/>Dresden den <date>17<hi rend="raised">de</hi> December 1869</date>. –</dateline>
<salute>Kjære Svoger!</salute>
<p>Endelig er jeg da i god Behold vendt tillbage fra min egyptiske Rejse, der paa <HIS:hisRef type="place" target="Navneregister_HISe.xml#plNil">Nilen</HIS:hisRef> strakte sig lige ind i <HIS:hisRef type="place" target="Navneregister_HISe.xml#plNu">Nubien</HIS:hisRef> og paa Kanalen till <HIS:hisRef type="place" target="Navneregister_HISe.xml#plRodH">det røde Hav</HIS:hisRef>; vort hele Opphold dernede har været som en eneste stor kongelig Fest, og det faldt trættende i Længden. Forøvrigt har jeg paa hele Rejsen ført en <anchor type="lemma" xml:id="koB12_2199"/>nøjagtig Dagbog og det er min Agt at lægge disse Opptegnelser till Grund for en Række Rejseskildringer. Maaske kan det interessere Dem at høre at jeg i <HIS:hisRef type="place" target="Navneregister_HISe.xml#plIsm">Ismailia</HIS:hisRef> blev præsenteret for og talte med <HIS:hisRef type="person" target="Navneregister_HISe.xml#peAb">
                                <anchor type="lemma" xml:id="koB12_2200"/>Abdel Kader</HIS:hisRef>, i <HIS:hisRef type="place" target="Navneregister_HISe.xml#plLu">Luxor</HIS:hisRef> ligesaa med <HIS:hisRef type="person" target="Navneregister_HISe.xml#peEug">
                                <anchor type="lemma" xml:id="koB12_2201"/>Kejserinden af Frankrig</HIS:hisRef>.</p>
<p>Jeg takker Dem meget for Deres Brev, som jeg modtog i <HIS:hisRef type="place" target="Navneregister_HISe.xml#plKa">Kairo</HIS:hisRef> efter Tillbagekomsten fra <HIS:hisRef type="place" target="Navneregister_HISe.xml#plSuez">Suez</HIS:hisRef>, – og ikke mindre for Telegrammet till <HIS:hisRef type="person" target="Navneregister_HISe.xml#peSuI">Susanna</HIS:hisRef>. Ligesaa beder jeg Dem undskylde at jeg ikke <pb n="[2]"/>tidligere har erkjendt Modtagelsen af <anchor type="lemma" xml:id="koB12_2202"/>Vexelen paa 200 Sp<hi rend="raised">d</hi> i <HIS:hisRef type="place" target="Navneregister_HISe.xml#plSthlm">Stokholm</HIS:hisRef>. Jeg stod i den faste Formening at det var sket, men jeg maa altsaa dog have forglemt det under <anchor type="lemma" xml:id="koB12_2203"/>Rejsetillberedelserne.</p>
<p>De tillbagestaaende 150 Sp<hi rend="raised">d</hi> af mit <anchor type="lemma" xml:id="koB12_2204"/>Stipendium beder jeg Dem hæve og <anchor type="lemma" xml:id="koB12_2205"/>indsætte paa Aar tilligemed mine øvrige Penge, jeg skal da ved <anchor type="lemma" xml:id="koB12_2206"/>et Andragende till Regjeringen faa udvirket at Beløbet maa bevilges mig som Erstattning for mine i <HIS:hisRef type="place" target="Navneregister_HISe.xml#plEg">Egypten</HIS:hisRef> havte Udgifter.</p>
<p>Till <HIS:hisRef type="person" target="Navneregister_HISe.xml#peHJN">Herr Nandrup</HIS:hisRef> beder jeg Dem foreløbig udbetale 50 Sp<hi rend="raised">d</hi>. Jeg kommer rimeligvis opp <anchor type="lemma" xml:id="koB12_2207"/>till <HIS:hisRef type="place" target="Navneregister_HISe.xml#plKri">Christiania</HIS:hisRef> till Sommeren og ønsker da at forvisse mig om hvorledes <anchor type="lemma" xml:id="koB12_2208"/>Affærerne mellem ham og mig staar; jeg synes ikke der kan være rett meget igjen af Gjælden og jeg har forøvrigt ikke set noget Bevis for at de af mig indbetalte Summer er anvendte <anchor type="lemma" xml:id="koB12_2209"/>till Dækkelse af mine Kreditorer. Naturligvis mistror jeg ham ikke; men jeg ønsker dog gjerne et personligt Overblik over Sagerne og indtill det kan ske beder jeg ham venligst hilset.</p>
<p>
                            <HIS:hisRef type="work" target="Navneregister_HISe.xml#woUF">«De unges Forbund»</HIS:hisRef> har, som jeg ventede, vakt Røre; men naar diverse Godtfolk deroppe <HIS:hisRef type="tcNote" xml:id="noteT12_591" target="B1844-1871ht_noter.xml" corresp="noteT12_591">absolut</HIS:hisRef> vil have <pb n="[3]"/>
                            <anchor type="lemma" xml:id="koB12_2210"/>Skildringerne anvendte paa sig personligt, saa faar det blive deres egen Sag. – Et Expl: af Bogen, som vil blive Dem sendt fra <HIS:hisRef type="person" target="Navneregister_HISe.xml#peFH">Hegel</HIS:hisRef>, beder jeg Dem ikke at forsmaa som en ringe Takk for al den Umage jeg forvolder Dem. Ligeledes haaber jeg De ikke <anchor type="lemma" xml:id="koB12_2211"/>fortryder paa at jeg igaar i et Brev till <HIS:hisRef type="org" target="Navneregister_HISe.xml#orgChrTh">Theaterdirektionen</HIS:hisRef> traff Foranstaltninger till at lade den mig efter <anchor type="lemma" xml:id="koB12_2212"/>Skik og Brug tillkommende Adgangsberettigelse till Parkettet gaa over till Dem; det er en stor Tankeløshed af mig naar jeg ikke før har sørget for noget lignende.</p>
<p>Min Gage for 4<hi rend="raised">de</hi> Kvartal d: A: haaber jeg De er saa god at sende mig naar Tiden kommer.</p>
<p>Jeg gaar allerede og arbejder med <anchor type="lemma" xml:id="koB12_2213"/>Planen till et nyt Nutidsskuespil; i Vinterens Løb haaber jeg at faa det færdigt. – Tør jeg bede Dem hilse <HIS:hisRef type="person" target="Navneregister_HISe.xml#peJLo">Overlærer <anchor type="lemma" xml:id="koB12_2214"/>Løkke</HIS:hisRef> og takke ham for Brevet, hvilket jeg samtidigt med Deres modtog i Kairo. Jeg skylder ham Penge for et Expl: af <anchor type="lemma" xml:id="koB12_2215"/>
                            <HIS:hisRef type="person" target="Navneregister_HISe.xml#pePBH">Botten-Hansens</HIS:hisRef> «Norvège literaire»; dette Beløb, hvis <HIS:hisRef type="tcNote" xml:id="noteT12_592" target="B1844-1871ht_noter.xml" corresp="noteT12_592">Størrelse</HIS:hisRef> jeg ikke kjender, bedes betalt af min Gage. Bogen har gjort mig megen Nytte. Løkkes Brev skal jeg med det snareste besvare.</p>
<p>
                            <pb n="[4]"/>Har De lagt nogen Plan for Sommeren? Min Rejseplan vil ikke være nogen Hindring for Deres Besøg hernede. Jeg er jo Herre over min Tid og vi kunde følges ad enten frem eller tillbage. Herom er det imidlertid endnu tidsnok at tale; foreløbig vil jeg nu ønske Dem en glædelig Jul og tegner mig med mange Hilsener till alle gode Venner og Bekjendte deroppe</p>
<salute>Deres stedse forbundne og hengivne</salute>
<signed>Henrik Ibsen.</signed>
</div>
<div type="postscript">
<p>P: S. Susanna, <HIS:hisRef type="person" target="Navneregister_HISe.xml#peMTh">
                                <anchor type="lemma" xml:id="koB12_2216"/>Marie</HIS:hisRef> og <HIS:hisRef type="person" target="Navneregister_HISe.xml#peSiI">Sigurd</HIS:hisRef> sender ligeledes mange Hilsener till Familje og Venner. Indlagte Brev fra Marie bedes besørget. – Det skulde interessere mig at vide <anchor type="lemma" xml:id="koB12_2217"/>hvorledes «De unges Forbund» er blevet opptaget <HIS:hisRef type="person" target="Navneregister_HISe.xml#peLuDa">paa Solnør</HIS:hisRef>. <anchor type="lemma" xml:id="koB12_2218"/>Hvad siger <HIS:hisRef type="person" target="Navneregister_HISe.xml#peHCTh">Apotheker Thaulow</HIS:hisRef>? <HIS:hisRef type="person" target="Navneregister_HISe.xml#peAOV">Vinje</HIS:hisRef> <HIS:hisRef type="tcNote" xml:id="noteT12_593" target="B1844-1871ht_noter.xml" corresp="noteT12_593">vil</HIS:hisRef> jeg ikke spørge efter. Har De nogen Formodning om hvem <anchor type="lemma" xml:id="koB12_2219"/>Morgenbladets Anmelder er? – Fra Hegel har jeg faaet en hel Mængde danske <HIS:hisRef type="tcNote" xml:id="noteT12_594" target="B1844-1871ht_noter.xml" corresp="noteT12_594">Provindsblade,</HIS:hisRef> der omtaler Stykket. Det lader till at, man dernede tager det till Indtægt mod <anchor type="lemma" xml:id="koB12_2220"/>Bondevennerne og deres Ledere. – I <HIS:hisRef type="place" target="Navneregister_HISe.xml#plSE">Sverig</HIS:hisRef> venter jeg Modstand fra <anchor type="lemma" xml:id="koB12_2221"/>de nyliberales Side; om Oppførelsen dersteds har jeg endnu intet hørt.</p>
<signed>H. I.</signed>
</div>
</body>
</text>