<?xml version="1.0" encoding="UTF-8"?><text xmlns="http://www.tei-c.org/ns/1.0" xmlns:HIS="http://www.example.org/ns/HIS" rend="letter" corresp="B18740210FH" xml:lang="da-no">
<body>
<div type="letter">
<dateline>
                            <pb n="[1]"/>Dresden den <date>10<hi rend="raised">de</hi> Februar 1874</date>. –</dateline>
<salute>Kære herr Hegel!</salute>
<p>De vil godhedsfuldt undskylde at jeg først nu med tak erkender modtagelsen af <anchor type="lemma" xml:id="koB13_1393"/>opgøret over vort mellemværende for forrige år. Med glæde erfarer jeg at de gode forhåbninger, jeg i mit nytårsbrev udtalte, synes at ville gå i opfyldelse, nemlig for så vidt at der nu, foruden det <anchor type="lemma" xml:id="koB13_1394"/>nye oplag af <HIS:hisRef type="work" target="Navneregister_HISe.xml#woBr">«Brand»</HIS:hisRef>, også behøves <anchor type="lemma" xml:id="koB13_1395"/>lignende af <HIS:hisRef type="work" target="Navneregister_HISe.xml#woPG">«Peer Gynt»</HIS:hisRef> og af <HIS:hisRef type="work" target="Navneregister_HISe.xml#woUF">
                                <anchor type="lemma" xml:id="koB13_1396"/>«De unges forbund»</HIS:hisRef>. Jeg har længe ventet at noget sådant vilde ske, og skal om kort tid sende Dem begge bøger i <anchor type="lemma" xml:id="koB13_1397"/>rettet stand, så at forarbejderne til udgivelsen nårsomhelst kan begynde. <anchor type="lemma" xml:id="koB13_1398"/>Af «Peer Gynt» har jeg i denne tid foretaget en bearbejdelse til brug for scenen, hvilken <anchor type="lemma" xml:id="koB13_1399"/>til høsten vil komme til opførelse på <HIS:hisRef type="org" target="Navneregister_HISe.xml#orgChrTh">Kristiania theater</HIS:hisRef> med musik, der komponeres af <HIS:hisRef type="person" target="Navneregister_HISe.xml#peEGr">Edvard Grieg</HIS:hisRef>. Bearbejdelsen består mest i forkortninger; men i det nye oplag bør digtet udkomme uforandret. Særdeles kært er det mig at der nu også <pb n="[2]"/>
                            <anchor type="lemma" xml:id="koB13_1400"/>i <HIS:hisRef type="place" target="Navneregister_HISe.xml#plAm">Amerika</HIS:hisRef> er åbnet os et marked. Jeg tror at både «Brand», «Peer Gynt» og «De unges forbund» af forskellige grunde vil falde i <HIS:hisRef type="tcNote" xml:id="noteT13_215" target="B1871-1879ht_noter.xml" corresp="noteT13_215">de</HIS:hisRef> amerikanske Skandinavers smag. Beklageligt er det kun at bogforsendelsen didhen skal være forbunden med så mange <anchor type="lemma" xml:id="koB13_1401"/>extraomkostninger. –</p>
<p>I søndags fik vi for første gang sne og nu har vi en næsten nordisk vinter med flere kuldegrader; sandsynligvis har et lignende omslag fundet sted hjemme; thi aviserne fra <HIS:hisRef type="place" target="Navneregister_HISe.xml#plN">Norge</HIS:hisRef> er idag udeblevne.</p>
<p>Med de venligste hilsener til Dem og <HIS:hisRef type="person" target="Navneregister_HISe.xml#peJH">Deres søn</HIS:hisRef> tegner jeg mig</p>
<salute>Deres hjertelig hengivne</salute>
<signed>Henrik Ibsen.</signed>
</div>
</body>
</text>