<?xml version="1.0" encoding="UTF-8"?><text xmlns="http://www.tei-c.org/ns/1.0" xmlns:HIS="http://www.example.org/ns/HIS" rend="letter" corresp="B18640417BD" xml:lang="da-no">
<front>
<pb n="[a]"/>
<HIS:envelope type="sheet">
<address>
<addrLine>Hr: Regjeringsadvokat Dunker</addrLine>
<addrLine>Christiania</addrLine>
</address>
</HIS:envelope>
</front>
<body>
<div type="letter">
<dateline>
                            <pb n="[1]"/>Kjøbenhavn den <date>17<hi rend="raised">de</hi> April 1864</date>.</dateline>
<salute>Hr: Regjeringsadvokat Dunker.</salute>
<p>Jeg tillader mig herved at aflægge min hjerteligste Tak for den modtagne <anchor type="lemma" xml:id="koB12_817"/>Remisse. Paa <anchor type="lemma" xml:id="koB12_818"/>Onsdag afrejser jeg herfra til <HIS:hisRef type="place" target="Navneregister_HISe.xml#plLub">Lübeck</HIS:hisRef> og videre til <HIS:hisRef type="place" target="Navneregister_HISe.xml#plTri">Triest</HIS:hisRef>. Jeg har havt megen Glæde og Nytte af mit Ophold hernede; saasnart jeg er kommen til <HIS:hisRef type="place" target="Navneregister_HISe.xml#plRom">Rom</HIS:hisRef> paabegynder jeg et <anchor type="lemma" xml:id="koB12_819"/>nyt femakts Drama, som jeg haaber at faa færdigt i Løbet af Sommeren. <anchor type="lemma" xml:id="koB12_820"/>Theaterforholdene haaber jeg har ordnet sig til den Tid og kunde Saisonen aabnes med mit nye Arbejd vilde det glæde mig meget.</p>
<salute>Deres taknemmeligst forbundne</salute>
<signed>Henr: Ibsen</signed>
</div>
</body>
</text>