<?xml version="1.0" encoding="UTF-8"?><text xmlns="http://www.tei-c.org/ns/1.0" xmlns:HIS="http://www.example.org/ns/HIS" rend="letter" corresp="B18510928NN_Til_Abonnenterne" xml:lang="da-no">
<body>
<div type="letter">
<salute>Til Abonnenterne.</salute>
<p>Bladets økonomiske Stilling er Aarsag i at <anchor type="lemma" xml:id="koB12_74"/>Andhrimner for det Første ophører med dette No. Den Opmuntring, som Bladet, trods sit <anchor type="lemma" xml:id="koB12_75"/>ringe Abonnentantal, har fundet blandt sine Læsere, giver dog Udgiverne grundet Haab om, at det vil finde mere Indpas hos Almeenheden, saasnart den bliver nærmere kjendt med <anchor type="lemma" xml:id="koB12_76"/>dets Indhold og Tendents, og derfor <emph>indbyde vi til <anchor type="lemma" xml:id="koB12_77"/>nyt Abonnement paa Andhrimner</emph>, <emph>fra Nytaar af</emph>, da det atter vil begynde at udkomme som før. De forrige Abonnenter betragtes som vedblivende og tilstilles derfor Bladet, saasnart det udkommer igjen.</p>
<signed>
                            <anchor type="lemma" xml:id="koB12_78"/>Udgiverne.</signed>
</div>
</body>
</text>