<?xml version="1.0" encoding="UTF-8"?><text xmlns="http://www.tei-c.org/ns/1.0" xmlns:HIS="http://www.example.org/ns/HIS" rend="letter" corresp="B18730204LDa" xml:lang="da-no">
<body>
<div type="letter">
<dateline>
                            <pb n="[1]"/>Dresden den <date>4<hi rend="raised">de</hi> Februar 1872</date>.</dateline>
<salute>Kære ven!</salute>
<p>I det sikre håb at Du, trods min 9-årige udlændighed, har bevaret mig i venskabelig erindring, tilskriver jeg Dig herved nogle linjer for at trække en veksel på den hjælpsomhed, jeg altid har fundet hos mine gamle <anchor type="lemma" xml:id="koB13_702"/>medhollændere. –</p>
<p>Det er naturligvis <anchor type="lemma" xml:id="koB13_703"/>din lærdom, jeg agter at drage nytte af. Sagen er denne: <HIS:hisRef type="work" target="Navneregister_HISe.xml#woKG">mit <anchor type="lemma" xml:id="koB13_704"/>nye store arbejde</HIS:hisRef> er nu så vidt færdigt at jeg inden 14 dage begynder renskriften. Da jeg, som Du ved, <anchor type="lemma" xml:id="koB13_705"/>ingen stiv græker er, så har jeg, <anchor type="lemma" xml:id="koB13_706"/>af kildeskrifter i originalsprogene, kun kunnet benytte de latinske. Men i disse hersker der en stor forvirring med hensyn til skrivemåden af græske navne. Jeg ønsker, så vidt muligt, at anvende de græske former og spørger dig derfor:</p>
<p>1.) Hvorledes lyder de græske endelser i de personnavne, som de latinske forfattere gengiver med endelserne us, eus <pb n="[2]"/>og ius? Jeg mener, <anchor type="lemma" xml:id="koB13_707"/>gives der nogen fast regel, ifølge hvilken jeg af disse forskellige latinske endelser kan se, hvorledes navnene har været skrevne på græsk? 2.) Har Grækerne brugt at <anchor type="lemma" xml:id="koB13_708"/>forgræske latinske navne? Og, i så fald, efter hvilke regler?</p>
<p>Exempelvis spørger jeg: har Grækerne skrevet Basilios, Basileos eller Basileus? Er navnet <HIS:hisRef type="person" target="Navneregister_HISe.xml#peCaes">Cæsarius</HIS:hisRef> det samme som Cæsarion? Særlig spørger jeg om Grækerne har brugt at forgræske navnet <HIS:hisRef type="person" target="Navneregister_HISe.xml#peMax">Maximus</HIS:hisRef>? Og hvorledes da? Hvorledes lyder på græsk: Libanius? – Kort sagt, kære ven, jeg vilde gerne have en regel at gå efter.</p>
<p>Dernæst vilde jeg gerne vide hvor langt jeg tør gå i brugen af <anchor type="lemma" xml:id="koB13_709"/>k for c, – når jeg nemlig <anchor type="lemma" xml:id="koB13_710"/>går til det yderste. Tør jeg, f. ex. skrive <HIS:hisRef type="place" target="Navneregister_HISe.xml#plKapp">Kappadokia</HIS:hisRef>, ligesom enkelte nyere skriver Kirke for Circe, Kybele o. s. v.</p>
<p>Dette er forholdsvis småting for Dig; men nu kommer noget vanskeligere: Der existerer et <HIS:hisRef type="tcNote" xml:id="noteT13_110" target="B1871-1879ht_noter.xml" corresp="noteT13_110">skrift</HIS:hisRef> af en viss <HIS:hisRef type="person" target="Navneregister_HISe.xml#peEun">
                                <anchor type="lemma" xml:id="koB13_711"/>Eunapius</HIS:hisRef> (Eunapios, eos?) om mystikeren Maximus. <HIS:hisRef type="person" target="Navneregister_HISe.xml#peJAWN">Neander</HIS:hisRef> citerer dette skrift under titelen «Vita Maximi», og man skulde deraf slutte at bogen var affattet på latin. Men det er ikke tilfældet; den <pb n="[3]"/>er skreven på græsk og jeg har ikke kunnet få fat på nogen oversættelse. – Kan Du nu i kort uddrag sige mig, hvad der står i denne bog, som vist ikke hører <HIS:hisRef type="tcNote" xml:id="noteT13_111" target="B1871-1879ht_noter.xml" corresp="noteT13_111">til</HIS:hisRef> <HIS:hisRef type="tcNote" xml:id="noteT13_112" target="B1871-1879ht_noter.xml" corresp="noteT13_112">klassikerne</HIS:hisRef>? Det var navnlig faktiske levnetsomstændigheder, jeg gerne vilde vide. Hvad <HIS:hisRef type="person" target="Navneregister_HISe.xml#peAmm">
                                <anchor type="lemma" xml:id="koB13_712"/>Ammian</HIS:hisRef> fortæller, er ikke betydeligt, og andre, for mig tilgængelige kilder, gives ikke.</p>
<p>Kan og vil Du tjene mig i denne sag? Og tør jeg i så fald snart påregne et <anchor type="lemma" xml:id="koB13_713"/>svar fra Dig? Manuskriptet skal, som sagt, om 14 dage, i renskrift begynde at afgå til <HIS:hisRef type="person" target="Navneregister_HISe.xml#peFH">Hegel</HIS:hisRef>. Om mit arbejde vil jeg ikke nu udtale mig; men kan dog trøstig sige, at det bliver mit <anchor type="lemma" xml:id="koB13_713a"/>«Hauptwerk». Det omfatter <anchor type="lemma" xml:id="koB13_714"/>to forskellige dramaer, hvert i fem akter, og udgør en <anchor type="lemma" xml:id="koB13_715"/>bog på over 400 sider.</p>
<p>Tilgiv at jeg plager <HIS:hisRef type="tcNote" xml:id="noteT13_113" target="B1871-1879ht_noter.xml" corresp="noteT13_113">Dig</HIS:hisRef> med disse sager! Tiden tillader mig ikke at skrive om mangt og meget andet, som jeg nok kunde havt lyst til at drøfte med Dig. Altså kun en hilsen til alle venner, blandt hvilke det vilde være mig særdeles kært, ifald jeg turde <anchor type="lemma" xml:id="koB13_716"/>henregne <HIS:hisRef type="person" target="Navneregister_HISe.xml#peJSD">
                                <anchor type="lemma" xml:id="koB13_717"/>din ærede frue</HIS:hisRef>. Skulde du tilfældigvis se skolebestyrer <HIS:hisRef type="person" target="Navneregister_HISe.xml#peFG">Gjertsen</HIS:hisRef>, så hils ham venskabeligst og sig ham at jeg snart <pb n="[4]"/>tilskriver ham. <HIS:hisRef type="person" target="Navneregister_HISe.xml#peJLo">Løkke</HIS:hisRef>, <HIS:hisRef type="person" target="Navneregister_HISe.xml#peMB">Birkeland</HIS:hisRef>, <HIS:hisRef type="person" target="Navneregister_HISe.xml#peOAB">Bachke</HIS:hisRef>, <HIS:hisRef type="person" target="Navneregister_HISe.xml#peORy">Rygh</HIS:hisRef> og andre gode hollændere bedes iligemåde hilsede fra</p>
<salute>Din hengivne ven</salute>
<signed>Henrik Ibsen.</signed>
</div>
<div type="postscript">
<p>Min adresse er:</p>
<p>Wettiner-Strasse, N<hi rend="raised">o</hi> 22, 2. Etage.</p>
</div>
</body>
</text>