<?xml version="1.0" encoding="UTF-8"?><text xmlns="http://www.tei-c.org/ns/1.0" xmlns:HIS="http://www.example.org/ns/HIS" rend="letter" corresp="B18660304FH" xml:lang="da-no">
<body>
<div type="letter">
<salute>
                            <pb n="[1]"/>Til Herr Cancelliraad, Boghandler F: Hegel Kjøbenhavn.</salute>
<p>Mod denne min Anvisning ville De godhedsfuldt behage at udbetale til Digteren <HIS:hisRef type="person" target="Navneregister_HISe.xml#peBB">Bjørnstjerne Bjørnson</HIS:hisRef> 50 Rdlr: af mit tilgodehavende Forfatterhonorar.</p>
<dateline>Rom den <date>4<hi rend="raised">de</hi> Marts 1866</date>.</dateline>
<signed>Henrik Ibsen</signed>
</div>
</body>
</text>