<?xml version="1.0" encoding="UTF-8"?><text xmlns="http://www.tei-c.org/ns/1.0" xmlns:HIS="http://www.example.org/ns/HIS" rend="letter" corresp="B18691231EaE" xml:lang="da-no">
<body>
<div type="letter">
<dateline>
                            <pb n="[1]"/>Dresden den <date>31<hi rend="raised">te</hi> December 1869</date>. –</dateline>
<salute>Till Herr Hofmarskalken Erik af Edholm.</salute>
<p>Nyss hjemkommen fra min egyptiske Rejse benytter jeg Aarets sidste Dag till at sende Herr <anchor type="lemma" xml:id="koB12_2233"/>Hofmarskalken min ærbødigste og hjerteligste Takksigelse for al den Iver, Omhu og Dygtighed, hvormed <anchor type="lemma" xml:id="koB12_2234"/>Oppførelsen af <HIS:hisRef type="work" target="Navneregister_HISe.xml#woUF">«De unges Forbund»</HIS:hisRef> er bleven iværksatt paa <HIS:hisRef type="org" target="Navneregister_HISe.xml#orgKDTS">
                                <anchor type="lemma" xml:id="koB12_2234a"/>det kgl: Theater</HIS:hisRef>, – en Takksigelse, som jeg ogsaa udbeder mig gjennem Herr Hofmarskalken at maatte faa frembære till samtlige <anchor type="lemma" xml:id="koB12_2235"/>
                            <HIS:hisRef type="tcNote" xml:id="noteT12_596" target="B1844-1871ht_noter.xml" corresp="noteT12_596">Theatrets</HIS:hisRef> Embedsmænd og till de i Stykket <anchor type="lemma" xml:id="koB12_2236"/>medvirkende Artister.</p>
<p>Jeg beder Herr Hofmarskalken være forsikret om at jeg ikke mindre paaskjønner al den for mig saa smigrende Velvilje, hvormed jeg fra Deres Side personlig blev mødt under mit Opphold i <HIS:hisRef type="place" target="Navneregister_HISe.xml#plSthlm">Stockholm</HIS:hisRef>.</p>
<p>Paa Nedrejsen till <HIS:hisRef type="place" target="Navneregister_HISe.xml#plEg">Egypten</HIS:hisRef> <pb n="[2]"/>søgte jeg, efter Løfte, <HIS:hisRef type="person" target="Navneregister_HISe.xml#peLeLa">Herr Labatt</HIS:hisRef> her i Dresden; men han havde da allerede forladt Stedet og det blev mig desværre saaledes umuligt at udføre <anchor type="lemma" xml:id="koB12_2237"/>det mig overdragne Hverv.</p>
<p>Skulde jeg forøvrigt paa nogen Maade kunne være det kgl: Theater till Tjeneste, saa vilde intet være mig kjærere end derved at afbetale en ringe Del af den Takknemmelighedsgjæld, hvori jeg stedse vil betragte mig som staaende saavel till Herr Hofmarskalken personligt, som till Theatret i det Hele. Jeg <HIS:hisRef type="tcNote" xml:id="noteT12_597" target="B1844-1871ht_noter.xml" corresp="noteT12_597">anmærker</HIS:hisRef> for et saadant muligt Tillfælde at min Adresse er: Königsbrücker-Strasse, N<hi rend="raised">o</hi> 33. –</p>
<p>
                            <HIS:hisRef type="tcNote" xml:id="noteT12_598" target="B1844-1871ht_noter.xml" corresp="noteT12_598">Sluttelig</HIS:hisRef> frembærer jeg mine bedste Ønsker om et godt og glædeligt Nyt-Aar, og tegner mig som Herr Hofmarskalkens</p>
<salute>stedse ærbødige og forbundne</salute>
<signed>Henrik Ibsen.</signed>
</div>
</body>
</text>