<?xml version="1.0" encoding="UTF-8"?><text xmlns="http://www.tei-c.org/ns/1.0" xmlns:HIS="http://www.example.org/ns/HIS" rend="letter" corresp="B18670309CP" xml:lang="da-no">
<body>
<div type="letter">
<dateline>
                            <pb n="[1]"/>Rom den <date>9<hi rend="raised">de</hi> Marts 1867</date>. –</dateline>
<salute>Hr: <anchor type="lemma" xml:id="koB12_1500"/>Cand: mag: Clemens Petersen!</salute>
<p>Naar jeg indtill nu, efter næsten et Aars Forløb, har indskrænket mig till blot gjennem <HIS:hisRef type="person" target="Navneregister_HISe.xml#peFH">
                                <anchor type="lemma" xml:id="koB12_1501"/>Tredjemand</HIS:hisRef> at sende Dem et Takkens Ord for <anchor type="lemma" xml:id="koB12_1502"/>Deres Anmeldelse af <HIS:hisRef type="work" target="Navneregister_HISe.xml#woBr">«Brand»</HIS:hisRef> og for hvad derved er virket for mig, saa er det ganske vist ikke af Mangel paa <anchor type="lemma" xml:id="koB12_1503"/>Erkjendtlighed; men <anchor type="lemma" xml:id="koB12_1504"/>De har engang skrevet et Ord om umotiveret Fortrolighed efter et kun kort og flygtigt Bekjendtskab, og dette Ord har gjort mig noget sky. Nu er jeg mig rigtignok ganske sikkert bevidst at der ikke har ligget nogen <anchor type="lemma" xml:id="koB12_1505"/>«Affectation» bagved mine Henvendelser till Dem; men <anchor type="lemma" xml:id="koB12_1506"/>Trækket, saaledes som De fremstiller det, er ialfald saa fuldstændig norsk, at jeg med Visshed kan se det er en Normand, som har givet Dem Anledning till Iagttagelsen og Bemærkningen.</p>
<p>Tilltrods for dette vover jeg dog at henvende mig till Dem med Takk for Anmeldelsen, baade for den skrevne <pb n="[2]"/>og for den, der ligger i det fortiede. Den første har været mig till Glæde og till Gavn <anchor type="lemma" xml:id="koB12_1507"/>udadtill, den sidste har ganske visst ikke været mig til Glæde, men netopp derved till desto større Gavn ligeoverfor et Selvopgjør, som ikke ustraffet lader sig forsømme.</p>
<p>Men jeg har mere end <anchor type="lemma" xml:id="koB12_1508"/>Anmeldelsen af «Brand» og af mine andre Arbejder at takke <HIS:hisRef type="tcNote" xml:id="noteT12_433" target="B1844-1871ht_noter.xml" corresp="noteT12_433">Dem for.</HIS:hisRef> Jeg har at takke Dem for hvert Ord, De har skrevet forøvrigt, og jeg haaber De i <anchor type="lemma" xml:id="koB12_1509"/>mit nye Arbejde skal erkjende at jeg er gaaet et væsentligt Skridt fremad.</p>
<p>Man har fortalt mig, at De engang skal have sagt, at <HIS:hisRef type="tcNote" xml:id="noteT12_434" target="B1844-1871ht_noter.xml" corresp="noteT12_434">De ikke</HIS:hisRef> <HIS:hisRef type="tcNote" xml:id="noteT12_435" target="B1844-1871ht_noter.xml" corresp="noteT12_435">troede</HIS:hisRef> det vilde nytte at anmelde mine Arbejder, fordi jeg rimeligvis ikke vilde rette mig derefter. Jeg vilde ganske vist ikke kunne rette mig derefter i Kraft af den blotte og bare Auktoritet; thi derved blev jeg jo usand ligeoverfor mig selv, og en saadan <anchor type="lemma" xml:id="koB12_1510"/>Befølgelse kunde jo heller ikke være <HIS:hisRef type="tcNote" xml:id="noteT12_436" target="B1844-1871ht_noter.xml" corresp="noteT12_436">
                                <supplied>De</supplied>m</HIS:hisRef> till nogen Glæde. Men det Skridt fremad, som jeg nys <HIS:hisRef type="tcNote" xml:id="noteT12_437" target="B1844-1871ht_noter.xml" corresp="noteT12_437">nævnte</HIS:hisRef>, bestaar netopp deri at der herefter ikke kan være Tale om at «ville» men om at «maatte»; og over dette svælgende Dyb er det at De har hjulpet mig, og derfor er det at jeg nu takker og altid skal takke Dem.</p>
<p>I Haab om at De i disse Linjer ikke vil se noget andet eller mere end <pb n="[3]"/>hvad vort vistnok fjerne personlige Bekjendtskab <anchor type="lemma" xml:id="koB12_1511"/>tillsteder mig at fremføre, tegner jeg mig</p>
<salute>Deres stedse takknemmelige</salute>
<signed>Henrik Ibsen.</signed>
</div>
</body>
</text>