<?xml version="1.0" encoding="UTF-8"?><text xmlns="http://www.tei-c.org/ns/1.0" xmlns:HIS="http://www.example.org/ns/HIS" rend="letter" corresp="Budat1866-68NR" xml:lang="da-no">
<front>
<pb n="[a]"/>
<HIS:envelope type="sheet">
<address>
<addrLine>Illmo Signore</addrLine>
<addrLine>Il Maestro N: Ravnkilde</addrLine>
</address>
</HIS:envelope>
</front>
<body>
<div type="letter">
<dateline>
                            <pb n="[1]"/>Tirsdags Aften.</dateline>
<salute>
                            <anchor type="lemma" xml:id="koB12_1723"/>Carissimo!</salute>
<p>Du spurgte mig igaar, hvad Tid jeg kom i <HIS:hisRef type="org" target="Navneregister_HISe.xml#orgSF">
                                <anchor type="lemma" xml:id="koB12_1724"/>Foreningen</HIS:hisRef>.</p>
<p>Jeg kommer der imorgen, Onsdag, fra Kl: 12 till 1 Middag.</p>
<salute>venskabeligst</salute>
<signed>Henrik Ibsen.</signed>
</div>
</body>
</text>