<?xml version="1.0" encoding="UTF-8"?><text xmlns="http://www.tei-c.org/ns/1.0" xmlns:HIS="http://www.example.org/ns/HIS" rend="letter" corresp="B18660316AK" xml:lang="da-no">
                <body>
<div type="letter">
<dateline>
                            <pb n="[1]"/>Rom, <date>16/3. 66</date>.</dateline>
<salute>
                            <anchor type="lemma" xml:id="koB12_1089"/>Carissimo mio amico!</salute>
<p>Er det for at straffe mig for <anchor type="lemma" xml:id="koB12_1090"/>min tremaaneders Taushed isommer, eller er det for at kunne samtidigt yttre Dig om <HIS:hisRef type="work" target="Navneregister_HISe.xml#woBr">
                                <anchor type="lemma" xml:id="koB12_1090a"/>min Bog</HIS:hisRef> at Du endnu ikke har besvaret mit Brev? Eller har Du ikke modtaget det? Jeg afsendte det herfra den 26<hi rend="raised">de</hi> <HIS:hisRef type="tcNote" xml:id="noteT12_315" target="B1844-1871ht_noter.xml" corresp="noteT12_315">October</HIS:hisRef>, indlagt i en Skrivelse till <HIS:hisRef type="person" target="Navneregister_HISe.xml#peFH">Cancelliraad Hegel</HIS:hisRef>, idet jeg udtrykkelig bad ham sørge for at det kom Dig ihænde; har Du ikke faaet det, saa forhør Dig hos ham derom, saafremt Du finder det Umagen værd. Samtidigt forlangte jeg at et Expl: af min Bog skulde sendes Dig naar den udkommer. Dette er nu enten skeet eller ogsaa <pb n="[2]"/>medfølger den denne Billet. Jeg beder Dig om at læse Bogen uden Paavirkning af Erindringen om <anchor type="lemma" xml:id="koB12_1091"/>vore mange Samtaler; meget ændrer sig og meget siges som ikke skrives. Om <anchor type="lemma" xml:id="koB12_1092"/>min Gjæld till Dig skrev jeg at <anchor type="lemma" xml:id="koB12_1093"/>Mosaiksagerne med Glæde skulde blive kjøbte forsaavidt Du ikke siden havde betænkt Dig <HIS:hisRef type="tcNote" xml:id="noteT12_316" target="B1844-1871ht_noter.xml" corresp="noteT12_316">og</HIS:hisRef> nu foretrak Beløbet efter Anvisning udbetalt hos Hegel. Herpaa har jeg forgjæves ventet Din Bestemmelse. Noget ordentligt Brev vil jeg ikke skrive før jeg ved om hint virkelig er gaaet tabt.</p>
<p>Livet i <HIS:hisRef type="place" target="Navneregister_HISe.xml#plRom">Rom</HIS:hisRef> er ikke som i carissimos Tid, og jeg frygter for, ja jeg ved med Visshed at de gyldne Romerdage for mit Vedkommende aldrig kan vende tillbage hvis vi ikke skulde faa Dig herned anden Gang.</p>
<p>
                            <pb n="[3]"/>
                            <HIS:hisRef type="org" target="Navneregister_HISe.xml#orgSF">
                                <anchor type="lemma" xml:id="koB12_1094"/>Foreningens Kasse</HIS:hisRef> florerer men Livet er sløvt; hver Dag at ruske i Karlene for at holde dem vaagne, det er noget som man trættes ved naar man er ene om Arbejdet. Till Sommeren drager jeg till <HIS:hisRef type="place" target="Navneregister_HISe.xml#plSorr">
                                <anchor type="lemma" xml:id="koB12_1095"/>Sorent</HIS:hisRef>, hvor jeg agter at skrive <HIS:hisRef type="work" target="Navneregister_HISe.xml#woPG">et nyt Skuespil</HIS:hisRef>; jeg maa <HIS:hisRef type="tcNote" xml:id="noteT12_317" target="B1844-1871ht_noter.xml" corresp="noteT12_317">være</HIS:hisRef> nær Havet for at faa den rette Luft ind i det. En Vandring i <anchor type="lemma" xml:id="koB12_1096"/>Sabinerne nordover fra <anchor type="lemma" xml:id="koB12_1097"/>Tivoli till <anchor type="lemma" xml:id="koB12_1098"/>Corese <HIS:hisRef type="tcNote" xml:id="noteT12_318" target="B1844-1871ht_noter.xml" corresp="noteT12_318">agter</HIS:hisRef> jeg at foretage iforvejen formodentlig sammen med <HIS:hisRef type="person" target="Navneregister_HISe.xml#peOE">Evens</HIS:hisRef>, <HIS:hisRef type="person" target="Navneregister_HISe.xml#peJCo">La Cour</HIS:hisRef> og <HIS:hisRef type="person" target="Navneregister_HISe.xml#peJSo">Sonne</HIS:hisRef>; nogen nærmere Plan har vi dog ikke lagt, undtagen forsaavidt det er min faste Besluttning ikke at begaa den Hovedfejl at omgaa <anchor type="lemma" xml:id="koB12_1099"/>Fæstningerne. Det kan blive en morsom Vandring; men det ved jeg paa Forhaand, den vil ikke afblege <anchor type="lemma" xml:id="koB12_1100"/>Erindringen om Dagene i <HIS:hisRef type="place" target="Navneregister_HISe.xml#plGe">
                                <anchor type="lemma" xml:id="koB12_1101"/>Genazzano</HIS:hisRef>, <HIS:hisRef type="place" target="Navneregister_HISe.xml#plOl">
                                <anchor type="lemma" xml:id="koB12_1102"/>Olevano</HIS:hisRef>, <HIS:hisRef type="place" target="Navneregister_HISe.xml#plSu">
                                <anchor type="lemma" xml:id="koB12_1103"/>Subiaco</HIS:hisRef>, <pb n="[4]"/>
                            <HIS:hisRef type="place" target="Navneregister_HISe.xml#plCer">
                                <anchor type="lemma" xml:id="koB12_1104"/>Cerrano</HIS:hisRef> og <HIS:hisRef type="place" target="Navneregister_HISe.xml#plTi">Tivoli</HIS:hisRef>. Det var gyldne Dage; jeg bliver underligt stemt saaofte jeg tænker paa dem. Lev vel, Du min kjære klare prægtige Ven, og skriv snart till</p>
<salute>Din stedse hengivne</salute>
<signed>Henrik Ibsen</signed>
</div>
</body>
</text>