<?xml version="1.0" encoding="UTF-8"?><text xmlns="http://www.tei-c.org/ns/1.0" xmlns:HIS="http://www.example.org/ns/HIS" rend="letter" corresp="B18571118DCD" xml:lang="da-no">
<body>
<div type="letter" hand="B18571118DCD_HI">
<dateline>
                            <pb n="[1]"/>Christiania den <date>18<hi rend="raised">de</hi> November 1857</date>.</dateline>
<salute>Hr. Overlæge Danielssen</salute>
<dateline>Bergen.</dateline>
 <p>Med Dampskibet «Søndmøre» afsendtes imorges en Pakke Souffl<unclear>eu</unclear>rbøger og Musikalier til <HIS:hisRef type="org" target="Navneregister_HISe.xml#orgNTB">Bergens Theater</HIS:hisRef>
                            <unclear>,</unclear> <unclear>adresseret</unclear> til Dem. De Sager, der findes opførte paa medfølgende Liste, tilhøre <HIS:hisRef type="org" target="Navneregister_HISe.xml#orgKNT">Kristiania norske Theater</HIS:hisRef>, Resten <HIS:hisRef type="org" target="Navneregister_HISe.xml#orgChrTh">det danske</HIS:hisRef>, med Undtagelse af de to Stykker: <anchor type="lemma" xml:id="koHISe11_1"/>«En Streg i Regningen» og <anchor type="lemma" xml:id="koHISe11_2"/>«Han spiser hos sin Moder», hvilke ere indleverede til mig fra vedkommende <anchor type="lemma" xml:id="koHISe11_3"/>Oversættere i Kjøbenhavn og hvorfor rigtignok Honorar forlanges, men den Sag skal jeg nok klare; den til disse Stykker hørende Musik haves ikke, men maa med Lethed kunne arrangeres af <HIS:hisRef type="person" target="Navneregister_HISe.xml#peFARo">Rojahn</HIS:hisRef>, – saa gjør ialfald <HIS:hisRef type="person" target="Navneregister_HISe.xml#pePSp">Sperati</HIS:hisRef> hos os. Det var et Held at Dampskibet «Søndmøre» laa her, thi <anchor type="lemma" xml:id="koHISe11_4"/>den regelmæssige Fart er ophørt. – Saa er da <HIS:hisRef type="person" target="Navneregister_HISe.xml#peOBull">Ole Bull</HIS:hisRef> <pb n="[2]"/>bleven sin Rolle tro ogsaa i Theateranliggenderne, – Forstyrrelse overalt, hvor han har Noget at sige! Jeg har en Plan. <anchor type="lemma" xml:id="koHISe11_5"/>Det bergenske Theaters Historie maa og skal skrives, den falske Opfatning af Ole Bulls Betydning som Stifter, maa berigtiges; Ingen kunde give en bedre Fremstilling af de faktiske Forholde end De, men da De maaskee paa Grund af Deres nære Forhold til Sagen ikke kan indlade Dem derpaa, saa vil jeg gjøre det, – men jeg behøver Kilder at øse af og derom beder jeg Dem. Jeg skriver i <HIS:hisRef type="org" target="Navneregister_HISe.xml#orgIN">Nyhedsbladet</HIS:hisRef>, hvori jeg er Medarbeider og som er det mest anseede Blad herinde. Hvad jeg først og fremst <HIS:hisRef type="tcNote" xml:id="noteHISe11_1043" target="B1844-1871ht_noter.xml" corresp="noteHISe11_1043">behøver</HIS:hisRef> er en detailleret Oplysning om <anchor type="lemma" xml:id="koHISe11_6"/>det dramatiske Selskab, de Omstændigheder, hvorunder <unclear>I</unclear>deen om et norsk Theaters Grundlæggelse begynte at udvikle sig, <anchor type="lemma" xml:id="koHISe11_7"/>hvilke Mænd der hovedsagelig tog sig af Tanken, Forhandlingerne desangaaende, <anchor type="lemma" xml:id="koHISe11_8"/>Betingelserne paa hvilke Ole Bull overdroges Theatret og <anchor type="lemma" xml:id="koHISe11_9"/>hans saakaldte Opoffrelser for dette, hvorledes han senere erholdt sine udlagte Penge tilbage, og hvad De ellers <pb n="[3]"/>finder at burde oplyses; kunde Dato og andre nærmere Omstændigheder opgives, da er saadant af stor Kraft for en historisk Fremstilling. Ligeledes beder jeg om en Oversigt (saa nøiagtig som muligt) om <anchor type="lemma" xml:id="koHISe11_10"/>de senere Stridigheder og den derved fremkaldte Katastrofe. Angaaende denne sidste Sag vil jeg ogsaa <anchor type="lemma" xml:id="koHISe11_11"/>henvende mig til <HIS:hisRef type="person" target="Navneregister_HISe.xml#pePB">Hr. P. Blytt</HIS:hisRef>, der maaskee turde være i Besiddelse af de nødvendige Aktstykker. – Skulde en Offentliggjørelse af disse <HIS:hisRef type="tcNote" xml:id="noteHISe11_1044" target="B1844-1871ht_noter.xml" corresp="noteHISe11_1044">Begivenheder</HIS:hisRef> for Øieblikket være utilraadelig da kan jeg vente, men Sagen tilhører vor Kunsthistorie og det er derfor en ligefrem Pligt at fremstille den i sit rette Sammenhæng. – <anchor type="lemma" xml:id="koHISe11_12"/>Mit nye Stykke haaber jeg De nu har læst; hvad synes De om det? Kommer <anchor type="lemma" xml:id="koHISe11_13"/>den gamle Bestyrelse til <unclear>R</unclear>oret igjen saa har den fuld Raadighed over Stykket, endskjønt den ved min Afreise bar sig mindre pynteligt ad idet den <HIS:hisRef type="tcNote" xml:id="noteHISe11_1045" target="B1844-1871ht_noter.xml" corresp="noteHISe11_1045">gjorde</HIS:hisRef> Fordring paa Eiendomsret til mine <HIS:hisRef type="tcNote" xml:id="noteHISe11_1046" target="B1844-1871ht_noter.xml" corresp="noteHISe11_1046">Møbler</HIS:hisRef> hvis Kjøbesum jeg rigtignok i sin Tid fik erstattet af Theat<unclear>e</unclear>rkassen men som jeg dog syntes m<unclear>e</unclear>d Grund at kunne betragte som mine <pb n="[4]"/>efterat have skjænket Scenen <anchor type="lemma" xml:id="koHISe11_14"/>5 nye Stykker hvoraf jeg <unclear>k</unclear>un erholdt <anchor type="lemma" xml:id="koHISe11_15"/>Honorar for det sidste. Dog dette faaer nu være – gid blot Theatret maa komme paafode igjen. <HIS:hisRef type="tcNote" xml:id="noteHISe11_1047" target="B1844-1871ht_noter.xml" corresp="noteHISe11_1047">Med</HIS:hisRef> en hjertelig Hilsen tegner jeg mig</p>
<salute>Deres meget forbundne</salute>
<signed>Henr: Ibsen</signed>
</div>
</body>
<back>
<div type="attachment" hand="B18571118DCD_h1">
<list type="standardList">
<item>
                                <anchor type="lemma" xml:id="koHISe11_16"/>
                                <pb n="[5]"/>En Børneforlovelse og Partitur –</item>
<item>
                                <anchor type="lemma" xml:id="koHISe11_17"/>Den gule Rose –</item>
<item>
                                <anchor type="lemma" xml:id="koHISe11_18"/>Den gamle Elsker og Partitur.</item>
<item>
                                <anchor type="lemma" xml:id="koHISe11_19"/>Landstedet ved Kongeveien</item>
<item>
                                <anchor type="lemma" xml:id="koHISe11_20"/>Paa gale Veie – og Partitur</item>
<item>
                                <anchor type="lemma" xml:id="koHISe11_21"/>De to Naboer – og D<hi rend="raised">o</hi>
                            </item>
<item>
                                <anchor type="lemma" xml:id="koHISe11_22"/>
                                <unclear>Andre</unclear> – og D<hi rend="raised">o</hi>
                            </item>
<item>
                                <anchor type="lemma" xml:id="koHISe11_23"/>3<hi rend="raised">die</hi> Bogs 1<hi rend="raised">ste</hi> Kapitel. –</item>
</list>
<p>
                            <handShift new="B18571118DCD_HI"/>Desuden tilbagesendes som laante fra Bergens Theater:</p>
<list>
<item>
                                <anchor type="lemma" xml:id="koHISe11_24"/>Hvor hun kan lyve.</item>
<item>
                                <anchor type="lemma" xml:id="koHISe11_25"/>Skatten med Partitur.</item>
</list>
</div>
</back>
</text>