<?xml version="1.0" encoding="UTF-8"?><text xmlns="http://www.tei-c.org/ns/1.0" xmlns:HIS="http://www.example.org/ns/HIS" rend="letter" corresp="B18630810CP" xml:lang="da-no">
<body>
<div type="letter">
<dateline>
                            <pb n="[1]"/>Christiania <date>10/8. 63</date>.</dateline>
<salute>Hr: Clemens Petersen.</salute>
<p>Jeg kan aldrig <anchor type="lemma" xml:id="koB12_797"/>komme af med Brevskrivning, navnlig fordi jeg har en Mistanke om at man paa mit Forfatterskab i denne Retning med adskillig Grund kan anvende <anchor type="lemma" xml:id="koB12_798"/>den Charakteristik, hvormed De, som det forekommer mig temmelig haardt, betegner min Prosa ialmindelighed; <HIS:hisRef type="tcNote" xml:id="noteT12_196" target="B1844-1871ht_noter.xml" corresp="noteT12_196">alligevel</HIS:hisRef> maa jeg dog tilskrive Dem etpar Linjer for oprigtigt og hjerteligt at takke for <anchor type="lemma" xml:id="koB12_799"/>Deres Anmeldelse af min Bog. Jeg takker Dem baade for hvad jeg kan være enig med Dem i (hvilket ikke blot og bart er de for mig smigrende Partier af Kritiken) og for hvad jeg, naar jeg engang bliver saa heldig personlig at træffe Dem, ialfald vil <emph>forsøge</emph> at disputere om. Navnlig takker jeg Dem fordi jeg seer at De dog igrunden ikke har saameget imod mig, som jeg hidindtil instinktmæssig har indbildt mig; dette har for mig en Vægt, som maaske ikke vil være let at gjøre Dem indlysende, der ikke kjender til i hvilken forfærdelig Grad jeg gaar sjæleligt allene heroppe. Mine «Venners» <pb n="[2]"/>Opfatning af mig gjør mig forresten ingen Skade; jeg seer, angaaende mig selv, i ethvert Punkt klarere end alle mine Venner – og dette sandelig ikke til min Fordel. – <anchor type="lemma" xml:id="koB12_800"/>Jeg skriver nu paa <HIS:hisRef type="work" target="Navneregister_HISe.xml#woKE">et historisk Skuespil i 5 Akter</HIS:hisRef>, – men i Prosa, jeg <emph>kan</emph> ikke skrive det i Vers. – De gjør mig lidt Uret naar De antyder at jeg har forsøgt paa at ville ligne <HIS:hisRef type="person" target="Navneregister_HISe.xml#peBB">Bjørnson</HIS:hisRef>; <HIS:hisRef type="work" target="Navneregister_HISe.xml#woF1">
                                <anchor type="lemma" xml:id="koB12_801"/>«Fru Inger til Østeraad»</HIS:hisRef> og <HIS:hisRef type="work" target="Navneregister_HISe.xml#woHH">
                                <anchor type="lemma" xml:id="koB12_802"/>«Hærmændene paa Helgeland»</HIS:hisRef> er skrevne <anchor type="lemma" xml:id="koB12_803"/>forinden B: endnu havde digtet en Linje. (NB: det er muligt at «Mellem Slagene» var til paa den Tid jeg skrev «Hærmændene» men kom ikke og kunde ikke komme mig for Øje). – Hvad <HIS:hisRef type="work" target="Navneregister_HISe.xml#woKK">
                                <anchor type="lemma" xml:id="koB12_804"/>«Kjærlighedens Komedie»</HIS:hisRef> angaar, saa kan jeg forsikkre Dem, at har det nogensinde været en Nødvendighed for en Forfatter at skille sig af med en Stemning og et Stof, saa var det Tilfældet <anchor type="lemma" xml:id="koB12_805"/>da jeg gik ivej med dette Arbejde. – <anchor type="lemma" xml:id="koB12_806"/>Deres venlige Raad at indsende «Fru Inger» til <HIS:hisRef type="org" target="Navneregister_HISe.xml#orgKT">det kgl: Theater</HIS:hisRef> skal jeg følge; gid jeg blot maatte gribe Tingen paa den rette Maade og at den maatte lykkes. Disse Linjer til Tak har det været mig en Trang at sende Dem idet jeg varmt og levende føler at De har gjort en god Gjerning mod mig ved ikke at lægge min Bog tilside i Taushed.</p>
<salute>Deres forbundne</salute>
<signed>Henr: Ibsen</signed>
</div>
</body>
</text>