<?xml version="1.0" encoding="UTF-8"?><text xmlns="http://www.tei-c.org/ns/1.0" xmlns:HIS="http://www.example.org/ns/HIS" rend="letter" corresp="B18730206FH" xml:lang="da-no">
<body>
<div type="letter">
<dateline>
                            <pb n="[1]"/>Dresden den <date>6<hi rend="raised">te</hi> Februar 1873</date>. –</dateline>
<salute>Kære herr Hegel!</salute>
<p>Herved har jeg den store glæde at kunne melde <HIS:hisRef type="tcNote" xml:id="noteT13_114" target="B1871-1879ht_noter.xml" corresp="noteT13_114">Dem</HIS:hisRef> at <HIS:hisRef type="work" target="Navneregister_HISe.xml#woKG">mit store arbejde</HIS:hisRef> er færdigt, og lykkeligere tilendebragt end noget af mine tidligere.</p>
<p>Bogen <anchor type="lemma" xml:id="koB13_718"/>fører titel: «Kejser og Galilæer, et <anchor type="lemma" xml:id="koB13_719"/>verdens-drama i to dele.» Den indeholder: 1<hi rend="raised">ste</hi> del: «Cæsars frafald», skuespil i fem akter (170 sider.) 2<hi rend="raised">den</hi> del: «Kejser Julian», skuespil i fem akter (252 sider.) Lad ikke benævnelsen «verdensdrama» forskrække Dem! Den er dannet i lighed med «folkedrama, familjedrama, nationaldrama, o. s. v, og er på sin plads; thi mit stykke <HIS:hisRef type="tcNote" xml:id="noteT13_115" target="B1871-1879ht_noter.xml" corresp="noteT13_115">handler</HIS:hisRef> både om himmel og jord.</p>
<p>Ved den vækst, tanken og ideen har taget under udarbejdelsen, blir det nødvendigt endnu en gang at renskrive det første stykke; det bliver dog derved ikke længere; tvertimod håber jeg at kunne <anchor type="lemma" xml:id="koB13_720"/>forkorte det med omtrent 20 sider, så det hele udgør 400. (Hver af mine sider indeholder omtrent en trykt.)</p>
<p>
                            <pb n="[2]"/>Renskriften begynder om 8 dage, og skal jeg da <anchor type="lemma" xml:id="koB13_721"/>hver 8<hi rend="raised">de</hi> dag sende Dem en portion på 48 sider; dette udgør kun 7 sider pr: dag, og det må jeg kunne overkomme. Det sidste stykke kunde gerne gå i trykkeriet som det er; men dersom De ikke ønsker at påskynde udgivelsen, så vil jeg for sikkerheds skyld også afskrive dette.</p>
<p>Dette stykke har været mig et <anchor type="lemma" xml:id="koB13_722"/>Herkules-arbejde, – ikke ved udarbejdelsen; thi den er gåt let; men ved den møje, det har kostet at leve mig friskt og anskueligt ind i en så fjern og fremmed tid. Det er mig meget kært af Deres næstsidste brev at få en <anchor type="lemma" xml:id="koB13_723"/>god afsætning stillet i udsigt; thi <anchor type="lemma" xml:id="koB13_724"/>flere år af mit liv er ofret på denne bog. Jeg tør forudsige, at vi begge vil få glæde af den.</p>
<p>Bestem nu selv <anchor type="lemma" xml:id="koB13_725"/>tiden for udgivelsen. At jeg ikke straks begynder på renskriften, hidrører fra at jeg har måttet forespørge hos <HIS:hisRef type="person" target="Navneregister_HISe.xml#peLDa">en <anchor type="lemma" xml:id="koB13_726"/>lærd ven</HIS:hisRef> i <HIS:hisRef type="place" target="Navneregister_HISe.xml#plKri">Kristiania</HIS:hisRef> om den rette skrivemåde af nogle græske navne, der i mine latinske kildeskrifter er blevne forvanskede, – en omstændighed, hvorpå jeg først for et par dage siden blev opmærksom. –</p>
<p>For de i Deres brev af 26<hi rend="raised">de</hi> November forrige år tilsendte 150 Thaler takker jeg forbindtligst. <pb n="[3]"/>Ligeså for den til jul modtagne særdeles værdifulde <anchor type="lemma" xml:id="koB13_727"/>bogpakke!</p>
<p>En i sandhed stor og uventet glæde <HIS:hisRef type="tcNote" xml:id="noteT13_116" target="B1871-1879ht_noter.xml" corresp="noteT13_116">beredte De mig</HIS:hisRef> ved i Deres sidste venlige brev at tilmelde mig behovet af <anchor type="lemma" xml:id="koB13_728"/>nye udgaver af <HIS:hisRef type="work" target="Navneregister_HISe.xml#woBr">«Brand»</HIS:hisRef> og <HIS:hisRef type="work" target="Navneregister_HISe.xml#woKK">
                                <HIS:hisRef type="tcNote" xml:id="noteT13_117" target="B1871-1879ht_noter.xml" corresp="noteT13_117">«Kærlighedens</HIS:hisRef> komedie»</HIS:hisRef>. Den første bør <anchor type="lemma" xml:id="koB13_729"/>udgå uforandret; i den sidste <anchor type="lemma" xml:id="koB13_730"/>retter jeg ortografien og <anchor type="lemma" xml:id="koB13_731"/>nogle enkeltheder; jeg anvender mine aftener dertil. <HIS:hisRef type="work" target="Navneregister_HISe.xml#woF1">
                                <anchor type="lemma" xml:id="koB13_732"/>«Fru Inger til Østråt»</HIS:hisRef> vil jeg til sommeren rent omskrive, og skal den da blive en af mine bedste bøger. Hvis De kunde <anchor type="lemma" xml:id="koB13_733"/>skaffe mig et exemplar, vilde jeg takke Dem meget. <HIS:hisRef type="work" target="Navneregister_HISe.xml#woHH">
                                <anchor type="lemma" xml:id="koB13_734"/>«Hærmændene»</HIS:hisRef> tiltrænger ikke mange rettelser. Jeg tror at disse to bøger med fordel vil kunne slippes ud i kølvandet af det store nye opus. –</p>
<p>Nu sluttelig en bøn til Dem. Jeg har hos Dem og i sparekassen indestående ca 49 Rdlr. Vil De, som forskud, supplere denne sum, så det hele udgør <emph>150 Thaler preusisk</emph> og sende mig samme? Jeg er nemlig, ved <HIS:hisRef type="org" target="Navneregister_HISe.xml#orgChrTh">
                                <anchor type="lemma" xml:id="koB13_735"/>Kristiania theaters</HIS:hisRef> nøleri med opførelsen af «Kærlighedens komedie» kommen i forlegenhed og trænger til penge. Tag mig ikke denne nødtvungne anmodning ilde op! Hils venligst <HIS:hisRef type="person" target="Navneregister_HISe.xml#peJH">Deres søn</HIS:hisRef> og modtag selv de oprigtigste hilsener fra</p>
<salute>Deres hjertelig hengivne</salute>
<signed>Henrik Ibsen.</signed>
</div>
</body>
</text>