<?xml version="1.0" encoding="UTF-8"?><text xmlns="http://www.tei-c.org/ns/1.0" xmlns:HIS="http://www.example.org/ns/HIS" rend="letter" corresp="B18680223SF" xml:lang="da-no">
<body>
<div type="letter">
<dateline>
                            <pb n="[1]"/>Rom den <date>23<hi rend="raised">de</hi> Februar 1868</date>. –</dateline>
<p>Med nærværende Skrivelse anmelder jeg mig som <anchor type="lemma" xml:id="koB12_1684"/>udtraadt af Foreningens Bestyrelse.</p>
<salute>ærbødigst</salute>
<signed>Henrik Ibsen.</signed>
<salute>Till Bestyrelsen for den skandinaviske Forening i Rom.</salute>
</div>
</body>
</text>