<?xml version="1.0" encoding="UTF-8"?><text xmlns="http://www.tei-c.org/ns/1.0" xmlns:HIS="http://www.example.org/ns/HIS" rend="letter" corresp="B18690801JHT" xml:lang="da-no">
<body>
<div type="letter">
<head type="letter">
                            <pb n="[1]"/>Fuldmagt.</head>
<p>Herved bemyndiges Herr kgl: Fuldmægtig, Cand: jur: Johan Herman Thoresen till for mig at hæve det mig ved <anchor type="lemma" xml:id="koB12_2144"/>kgl: Resolution af 3<hi rend="raised">die</hi> Juli d. A. tillstaaede Rejsestipendium stort 300 Sp<hi rend="raised">dlr</hi>
                        </p>
<dateline>Stockholm den <date>1<hi rend="raised">ste</hi> August 1869</date>
                        </dateline>
<signed>Henrik Ibsen.</signed>
</div>
</body>
</text>