<?xml version="1.0" encoding="UTF-8"?><text xmlns="http://www.tei-c.org/ns/1.0" xmlns:HIS="http://www.example.org/ns/HIS" rend="letter" corresp="B18730222FH" xml:lang="da-no">
<body>
<div type="letter">
<dateline>
                            <pb n="[1]"/>Dresden den <date>22<hi rend="raised">de</hi> Februar 1873</date>.</dateline>
<salute>Kære herr Hegel!</salute>
<p>Hermed har jeg den fornøjelse at oversende de <anchor type="lemma" xml:id="koB13_748"/>første 48 sider manuskript og håber hver uge at skulle magte en lignende portion.</p>
<p>Jeg vilde meget <anchor type="lemma" xml:id="koB13_749"/>beklage om de smukke franske typer ikke blev benyttede til <HIS:hisRef type="work" target="Navneregister_HISe.xml#woKG">denne bog</HIS:hisRef>, for hvis antike indhold de passer så ypperligt.</p>
<p>
                            <anchor type="lemma" xml:id="koB13_750"/>Titelbladene o. s. v indtages forhåbentlig i 1<hi rend="raised">ste</hi> ark, så at første handling altså begynder side 11. Dette vil være nødvendigt da det andet skuespil, som jo må gives en fortløbende paginering, rimeligvis vil begynde midt inde i et ark, og titelbladet til dette altså må pagineres. –</p>
<p>Forbindtligst tak for de tilsendte 150 Thaler!</p>
<p>Med forbindtlig hilsen til Dem og <HIS:hisRef type="person" target="Navneregister_HISe.xml#peJH">Deres søn</HIS:hisRef> tegner jeg mig i al hast</p>
<salute>Deres hjertelig hengivne</salute>
<signed>Henrik Ibsen.</signed>
</div>
<div type="postscript">
<p>P. S.</p>
<p>Jeg takker for det <anchor type="lemma" xml:id="koB13_751"/>tilbudte honorar. Ideen <anchor type="lemma" xml:id="koB13_752"/>istedetfor oplag at sætte 1<hi rend="raised">ste</hi> tusend o. s. v. på bogen tør have adskilligt for sig. – Det kan jo i al fald forsøges.</p>
<signed>H. I.</signed>
</div>
<div type="postscript">
<p>
                            <anchor type="lemma" xml:id="koB13_753"/>Replikerne er hist og her brudte med nye linjer, hvilket <anchor type="lemma" xml:id="koB13_754"/>sætteren bedes nøje iagttage.</p>
</div>
</body>
</text>