<?xml version="1.0" encoding="UTF-8"?><text xmlns="http://www.tei-c.org/ns/1.0" xmlns:HIS="http://www.example.org/ns/HIS" rend="letter" corresp="B18700604MT" xml:lang="da-no">
<body>
<div type="letter">
<div type="letterpart" part="I">
<dateline>
                                <pb n="[1]"/>Dresden den <date>4<hi rend="raised">de</hi> Juni 1870</date>. –</dateline>
<salute>Kjære Svigermoder!</salute>
<p>I mit forrige Brev glemte jeg en vigtig Sag; og derfor idag et Par Ord i al Hast.</p>
<p>Du maa endelig indlevere <anchor type="lemma" xml:id="koB12_2508"/>«Et rigt Parti» til <HIS:hisRef type="org" target="Navneregister_HISe.xml#orgKDTS">det kgl: Theater i Stockholm</HIS:hisRef>. Send et Expl: af Bogen <anchor type="lemma" xml:id="koB12_2509"/>under Omslag, frankeret, i Brevposten, og adressér Pakken saa vel som din samtidigt afgaaende Skrivelse til: Første Hofmarskalk hos <HIS:hisRef type="person" target="Navneregister_HISe.xml#peKongK4">Hs: Maj: <anchor type="lemma" xml:id="koB12_2510"/>Kongen</HIS:hisRef>, <HIS:hisRef type="person" target="Navneregister_HISe.xml#peEaE">Herr Erik af Edholm, Direktør for de kgl: Theatre</HIS:hisRef>. Hils ham forbindtligst fra mig. Bed ham gjennemlæse Stykket med følgende Rollebesætning i Tankerne:</p>
<p>
                                <table rend="settesManuelt">
<row>
                                        <cell role="data">Eduard Grant</cell>
                                        <cell role="filler"/>
                                        <cell role="data">
                                            <HIS:hisRef type="person" target="Navneregister_HISe.xml#peAWJE">Herr Elmlund</HIS:hisRef>.</cell>
                                    </row>
<row>
                                        <cell role="data">Julie "</cell>
                                        <cell role="filler"/>
                                        <cell role="data">
                                            <HIS:hisRef type="person" target="Navneregister_HISe.xml#peElHw">Fru Hwasser</HIS:hisRef>.</cell>
                                    </row>
<row>
                                        <cell role="data">Carl Brammer</cell>
                                        <cell role="filler"/>
                                        <cell role="data">
                                            <HIS:hisRef type="person" target="Navneregister_HISe.xml#peGF">Herr Fredriksson</HIS:hisRef>.</cell>
                                    </row>
<row>
                                        <cell role="data">Fru Carlsen "</cell>
                                        <cell role="filler"/>
                                        <cell role="data">
                                            <HIS:hisRef type="person" target="Navneregister_HISe.xml#peBeAlm">Fru Almlöf</HIS:hisRef>.</cell>
                                    </row>
</table>
                            </p>
<p>
                                <pb n="[2]"/>Det er min Overbevisning at intet Theater i Europa for Tiden vil kunne præstere et Spil, som af disse fire.</p>
<p>Overlad til Herr Edholm at bestemme Vilkaarene for Honoraret, og vær ikke forventningsfuld i saa Henseende; thi <anchor type="lemma" xml:id="koB12_2511"/>i <HIS:hisRef type="place" target="Navneregister_HISe.xml#plSE">Sverig</HIS:hisRef> har man strængt taget ingen juridiske Forpligtelser lige over for trykte Arbejder. Men berør ikke dette; lad, som om Du var uvidende derom. Ære vil Du i al Fald høste.</p>
<p>Opsæt ikke hermed! Sæt Sagen i Værk straks, for at Stykket i Sommerens Løb kan blive oversat. Resultatet kan ikke være tvivlsomt.</p>
<salute>Din hengivne</salute>
<signed>Henrik Ibsen.</signed>
</div>
<div type="letterpart" part="F">
<dateline rend="letterpart_opener">
                                <pb n="[3]"/>den <date>5<hi rend="raised">te</hi> Juni</date>.</dateline>
<p>Just som jeg skulde afsende foranstaaende Linjer, modtog jeg dit Brev og vil derfor tilføje noget mere.</p>
<p>Jeg erfarer, hvad der ikke var mig uventet, at vi to er komplet uenige i vor Opfatning af <anchor type="lemma" xml:id="koB12_2512"/>Theaterspørgsmaalet. Jeg stiller mig fuldkommen paa Bestyrelsens Side lige over for Oprørerne; jeg kan ikke dele denne sentimentale Medfølelse for alskens Pligtbrud; en Theaterstyrelse tør ikke hengive sig til <anchor type="lemma" xml:id="koB12_2513"/>den bibelske <anchor type="lemma" xml:id="koB12_2514"/>Gesinnung, for hvilken det fortabte Faar er alt og Resten af Hjorden ingenting. Sligt skaber kun Kaos og <HIS:hisRef type="tcNote" xml:id="noteT12_657" target="B1844-1871ht_noter.xml" corresp="noteT12_657">Forvrøvling</HIS:hisRef> og Forvirring, som <anchor type="lemma" xml:id="koB12_2515"/>dengang <HIS:hisRef type="person" target="Navneregister_HISe.xml#peAlLa">Lamartine</HIS:hisRef> skulde regere <HIS:hisRef type="place" target="Navneregister_HISe.xml#plFr">Frankrig</HIS:hisRef>. Jeg har selv været Theaterdirektør; jeg ved at i 99 Tilfælde af 100 har Skuespillerne den <anchor type="lemma" xml:id="koB12_2516"/>udisputerligste Uret ligeover for Bestyrelsen. – <anchor type="lemma" xml:id="koB12_2517"/>«Væ, victis!» hed det i Oldtiden, og saaledes bør det hede den Dag idag. Det vilde være i højeste Grad uforsvarligt mod Institutionen <HIS:hisRef type="tcNote" xml:id="noteT12_658" target="B1844-1871ht_noter.xml" corresp="noteT12_658">om</HIS:hisRef> man ikke nu, netop nu, lagde en <anchor type="lemma" xml:id="koB12_2518"/>Tøjle paa Oprørslysterne. En Skuespiller staar i et andet Forhold, end enhver anden Kunstner; han er ingenting helt i og for sig selv alene, han tilhører en kompliceret Maskine, som han paa en lovbunden Maade har at gribe ind i, og har han valgt Stillingen, saa skal han ogsaa bære <HIS:hisRef type="tcNote" xml:id="noteT12_659" target="B1844-1871ht_noter.xml" corresp="noteT12_659">Stillingens</HIS:hisRef> <pb n="[4]"/>Medfør. Dette er ikke Haardhjertethed, men Resultatet af en sund Erfaring. – Bestyrelsens realistiske Retning finder jeg ikke saa <anchor type="lemma" xml:id="koB12_2519"/>daddelværdig endda, idet jo Talen er om et <anchor type="lemma" xml:id="koB12_2520"/>Sekondtheater, uden Statsbidrag, i en By af 3<hi rend="raised">die</hi> Rang. En anden Sag er det jo rigtignok, dersom Fru Gundersen med Mand, <HIS:hisRef type="person" target="Navneregister_HISe.xml#peAI">Herr Isachsen</HIS:hisRef>, og andre ædle Kunstnernaturer skulde foretrække at <anchor type="lemma" xml:id="koB12_2520a"/>oppebære <anchor type="lemma" xml:id="koB12_2521"/>ideale Gager; men i min Tid var bemeldte Kunstnernaturer i Gagepunktet realistiske nok. Jeg ved jo rigtignok, at <HIS:hisRef type="person" target="Navneregister_HISe.xml#peBB">Herr <anchor type="lemma" xml:id="koB12_2522"/>Bjørnson</HIS:hisRef> dirigerede Theatret saa idealistisk, at dersom han havde faat raade et Aar til, saa vilde han have «løftet» hele Indretningen ud af Realitetens Verden; men jeg kan ikke være med paa at finde dette <anchor type="lemma" xml:id="koB12_2523"/>priseligt. – At <HIS:hisRef type="person" target="Navneregister_HISe.xml#peMWB">Hr: M: Brun</HIS:hisRef> hører hjemme paa en underordnet Plads ved Scenen, er ogsaa <emph>min</emph> Mening; og jeg gjentager det fra mit forrige Brev, jeg har efter Evne virket for Hrr Bjørnsons Gjenindtrædelse med passende Magtbegrænsning. – Hvad angaar Hr: Bruns Forhaabninger under mit eventuelle Regime, saa har jeg bevæget mig for meget ude i Verden til ikke at være bleven en Smule Diplomat. Har Du selv, personlig, hørt ham <anchor type="lemma" xml:id="koB12_2524"/>yttre sig, som anført? Hvis ikke, saa kunde jeg have Lyst til at tillade mig en beskeden Formodning om at Ytringerne muligens kunde hidrøre fra en af Hr: Bjørnsons Underliterater i Skandalpressen. Motivet vilde i saa Fald ligge nær for Haanden; og idethele taget skulde det more mig om Hr: Bjørnsons <anchor type="lemma" xml:id="koB12_2525"/>Livegne vilde spilde ret meget af sin Tid med at sætte ondt Blod mellem mig og <HIS:hisRef type="tcNote" xml:id="noteT12_660" target="B1844-1871ht_noter.xml" corresp="noteT12_660">Theaterbestyrelsen</HIS:hisRef>, for at hindre mig i at overtage en <anchor type="lemma" xml:id="koB12_2526"/>Bestilling, som jeg <emph>ikke</emph> vil have.</p>
<salute>Din</salute>
<signed>Henrik Ibsen.</signed>
</div>
</div>
</body>
</text>