<?xml version="1.0" encoding="UTF-8"?><text xmlns="http://www.tei-c.org/ns/1.0" xmlns:HIS="http://www.example.org/ns/HIS" rend="letter" corresp="B18730602FH" xml:lang="da-no">
<body>
<div type="letter">
<dateline>
                            <pb n="[1]"/>Dresden den <date>2<hi rend="raised">den</hi> Juni 1873</date>. –</dateline>
<salute>Kære herr Hegel!</salute>
<p>Igår havde jeg den fornøjelse at modtage <HIS:hisRef type="work" target="Navneregister_HISe.xml#woKK">
                                <anchor type="lemma" xml:id="koB13_914"/>«Kærlighedens komedie»</HIS:hisRef> i den nye udgave, for hvis <anchor type="lemma" xml:id="koB13_915"/>smukke udstyr jeg er Dem særdeles forbunden. Jeg håber at De på Deres side rigtigen har modtaget de <anchor type="lemma" xml:id="koB13_916"/>to sidste og afsluttende sendinger af manuskriptet til <HIS:hisRef type="work" target="Navneregister_HISe.xml#woKG">«Kejser og Galilæer»</HIS:hisRef>, samt det <anchor type="lemma" xml:id="koB13_917"/>rettede exemplar af <HIS:hisRef type="work" target="Navneregister_HISe.xml#woHH">«Hærmændene»</HIS:hisRef>.</p>
<p>Antageligvis kommer jeg til at afrejse herfra til <HIS:hisRef type="place" target="Navneregister_HISe.xml#plWien">Wien</HIS:hisRef> den 11<hi rend="raised">te</hi> eller 12<hi rend="raised">te</hi> dennes, og da jeg først bagefter får mine rejseudgifter godtgjorte, må jeg atter besvære Dem med anmodning om et forskud, dennegang til beløb <emph>300 preussiske Thaler</emph>, enten i veksel eller kontant.</p>
<p>Skulde De under mit ophold i Wien ville tilskrive mig, så bedes brevene adresserede til: Herrn Ausstellungscommissair <HIS:hisRef type="person" target="Navneregister_HISe.xml#pePNA">P: N: Arbo</HIS:hisRef>, Bureau für Schweden und Norwegen. Weltausstellungsplatz. Wien. –</p>
<p>Med de bedste hilsener til Dem og <HIS:hisRef type="person" target="Navneregister_HISe.xml#peJH">Deres søn</HIS:hisRef>, og med håbet om et godt udfald af <anchor type="lemma" xml:id="koB13_918"/>vort nye foretagende tegner jeg mig</p>
<salute>Deres hjertelig hengivne</salute>
<signed>Henrik Ibsen.</signed>
</div>
</body>
</text>