<?xml version="1.0" encoding="UTF-8"?><text xmlns="http://www.tei-c.org/ns/1.0" xmlns:HIS="http://www.example.org/ns/HIS" rend="letter" corresp="B18690407FH" xml:lang="da-no">
                <body>
<div type="letter">
<dateline>
                            <pb n="[1]"/>Dresden den <date>7<hi rend="raised">de</hi> April 1869</date>. –</dateline>
<salute>Kjære Herr Cancelliraad Hegel!</salute>
<p>Hermed sender jeg Dem <anchor type="lemma" xml:id="koB12_1965"/>den tredje Ladning <HIS:hisRef type="work" target="Navneregister_HISe.xml#woUF">Manuscript</HIS:hisRef>; det under 25<hi rend="raised">de</hi> f. M. afsendte haaber jeg De har modtaget; nu er der en lignende Portion tillbage, og den skal sendes snarest muligt. De paapegede Smaafejl er ganske rigtigt rettede i Korrekturen.</p>
<p>Om en mulig <anchor type="lemma" xml:id="koB12_1966"/>tydsk Oversættelse <HIS:hisRef type="tcNote" xml:id="noteT12_545" target="B1844-1871ht_noter.xml" corresp="noteT12_545">af</HIS:hisRef> mine Arbejder vil jeg senere tillskrive Dem; <anchor type="lemma" xml:id="koB12_1967"/>nogen Pengefordel har jeg aldrig ventet deraf.</p>
<p>Det er jo en <anchor type="lemma" xml:id="koB12_1968"/>forfærdelig Historie med <HIS:hisRef type="person" target="Navneregister_HISe.xml#peCP">Clemens Petersen</HIS:hisRef>! Hvorledes hænger det egentlig sammen? Og hvor er han dragen hen? Jeg har altid havt en stærk Mistanke till hans Karakter; men noget saadant –!!</p>
<p>Hernede har vi fuldt Foraar med grønne Marker og enkelte Rejsende nordfra begynder at vise sig. Jeg ser till min <anchor type="lemma" xml:id="koB12_1969"/>Forundring at Studentermødet synes at komme <HIS:hisRef type="tcNote" xml:id="noteT12_546" target="B1844-1871ht_noter.xml" corresp="noteT12_546">igang</HIS:hisRef>!</p>
<p>
                            <anchor type="lemma" xml:id="koB12_1970"/>
                            <HIS:hisRef type="person" target="Navneregister_HISe.xml#peBB">Bjørnsons</HIS:hisRef> Indtrædelse i Red: af «For Ide og Virkelighed» er en ny Uklogskab af ham; jeg begriber ikke at han kunde ville indtage det Sæde, der endnu var varmt efter den bortdragne. Lev vel!</p>
<salute>Deres hengivne</salute>
<signed>Henrik Ibsen</signed>
</div>
</body>
</text>