<?xml version="1.0" encoding="UTF-8"?><text xmlns="http://www.tei-c.org/ns/1.0" xmlns:HIS="http://www.example.org/ns/HIS" rend="letter" corresp="B18700309RW" xml:lang="da-no">
<body>
<div type="letter">
<dateline>
                            <pb n="[1]"/>Dresden den <date>9<hi rend="raised">de</hi> Marts 1870</date>. –</dateline>
<salute>Kjære Watt!</salute>
<p>Hjertelig Takk for din <anchor type="lemma" xml:id="koB12_2393"/>Ufortrødenhed i at sende mig <anchor type="lemma" xml:id="koB12_2394"/>Meddelelser fra Slagmarken! <anchor type="lemma" xml:id="koB12_2395"/>Mit Stykkes <HIS:hisRef type="tcNote" xml:id="noteT12_632" target="B1844-1871ht_noter.xml" corresp="noteT12_632">Fremgang</HIS:hisRef> paa <HIS:hisRef type="org" target="Navneregister_HISe.xml#orgKT">det danske Theater</HIS:hisRef> er en Sag af overmaade stor Vægt for mig. Efter hvad man har sagt mig har ogsaa <anchor type="lemma" xml:id="koB12_2396"/>
                            <HIS:hisRef type="person" target="Navneregister_HISe.xml#peFLH">Professor Høedt</HIS:hisRef> med al Velvilje taget sig af mit Arbejde, og det skal jeg aldrig glemme ham! – Jeg forbereder nu Udgivelsen af en <anchor type="lemma" xml:id="koB12_2397"/>
                            <HIS:hisRef type="work" target="Navneregister_HISe.xml#woDi">Digtsamling</HIS:hisRef> till Efteraaret, og <anchor type="lemma" xml:id="koB12_2398"/>redigerer forøvrigt mine Rejseopptegnelser. –</p>
<p>For den venlige <anchor type="lemma" xml:id="koB12_2399"/>Anmeldelse i «Dagens Nyheder» er jeg meget forbunden. – For <anchor type="lemma" xml:id="koB12_2400"/>det omtalte fra <HIS:hisRef type="place" target="Navneregister_HISe.xml#plIsm">Ismailia</HIS:hisRef> skal jeg gjøre hvad der staar i min Magt. Og hermed, kjære Ven og Medegypter, tegner jeg mig for dennegang i al Hast</p>
<salute>venskabeligst</salute>
<signed>Henrik Ibsen.</signed>
</div>
</body>
</text>