<?xml version="1.0" encoding="UTF-8"?><text xmlns="http://www.tei-c.org/ns/1.0" xmlns:HIS="http://www.example.org/ns/HIS" rend="letter" corresp="B18450801AWE" xml:lang="da-no">
<body>
<div type="letter" subtype="visitingCard">
<p>
                            <pb n="[1]"/>Jomfru <anchor type="lemma" xml:id="koB12_18"/>M: Wahl hilses venskabeligst fra</p>
<signed>Henrik Ibsen.</signed>
<dateline>
                            <anchor type="lemma" xml:id="koB12_18a"/>Grømstad <date>den 1/8-45</date>
                        </dateline>
</div>
</body>
</text>