<?xml version="1.0" encoding="UTF-8"?><text xmlns="http://www.tei-c.org/ns/1.0" xmlns:HIS="http://www.example.org/ns/HIS" rend="letter" corresp="B18620812CT" xml:lang="da-no">
<body>
<div type="letter">
<p>
                            <pb n="[1]"/>Mod denne min Anvisning vil Hr. <HIS:hisRef type="tcNote" xml:id="noteT12_195" target="B1844-1871ht_noter.xml" corresp="noteT12_195">Toldkasserer</HIS:hisRef> Tønsberg behage at udbetale til Hr. Sagfører <HIS:hisRef type="person" target="Navneregister_HISe.xml#peHJN">Nandrup</HIS:hisRef> mit Honorar for <anchor type="lemma" xml:id="koB12_732"/>den udkommende Samling af norske Folkesagn circa 160 Sp.</p>
<dateline>Christiania den <date>12/8. 62</date>.</dateline>
<signed>Henr: Ibsen</signed>
</div>
<div type="postscript">
<p>NB: Halvdelen om en Maaned
<lb/>Resten naar Trykningen er færdig.</p>
</div>
</body>
</text>