<?xml version="1.0" encoding="UTF-8"?><text xmlns="http://www.tei-c.org/ns/1.0" xmlns:HIS="http://www.example.org/ns/HIS" rend="letter" corresp="B18690718JHT" xml:lang="da-no">
<body>
<div type="letter">
<dateline>
                            <pb n="[1]"/>Dresden den <date>18<hi rend="raised">de</hi> Juli 1869</date>.</dateline>
<salute>Kjære Svoger!</salute>
<p>Med forbindtligst Takk erkjender jeg Modtagelsen af Deres to Breve af 3<hi rend="raised">die</hi> og 13<hi rend="raised">de</hi> dennes med deri indeholdte Vexler paa resp: <anchor type="lemma" xml:id="koB12_2133"/>141 og 150 Thaler. Naar Tiden kommer, haaber jeg De er saa god at <anchor type="lemma" xml:id="koB12_2134"/>sende <HIS:hisRef type="person" target="Navneregister_HISe.xml#peSuI">Susanna</HIS:hisRef> min Gage for 3<hi rend="raised">die</hi> Kvartal i Vexel lydende paa <emph>hendes</emph> Navn for at Udbetalingen ingen Vanskeligheder skal volde.</p>
<p>Haabet om at se Dem hernede isommer havde vi allerede oppgivet forinden vi modtog Deres definitive Afgjørelse. Vi betragter Sagen imidlertid blot som udsatt till et belejligere Tidspunkt. Tirsdag Morgen rejser jeg herfra. Susannas Adresse bliver uforandret den samme. At <anchor type="lemma" xml:id="koB12_2135"/>underrette Morgenbladets Expedition herom er vel ufornødent? Forøvrigt alt vel. Mange Hilsener gjennem Deres hengivne</p>
<signed>Henrik Ibsen.</signed>
</div>
</body>
</text>