<?xml version="1.0" encoding="UTF-8"?><text xmlns="http://www.tei-c.org/ns/1.0" xmlns:HIS="http://www.example.org/ns/HIS" rend="letter" corresp="B18700525FH" xml:lang="da-no">
                <body>
<div type="letter">
<dateline>
                            <pb n="[1]"/>Dresden den <date>25<hi rend="raised">de</hi> Maj 1870</date>. –</dateline>
<salute>Kære Herr Cancelliråd Hegel!</salute>
<p>Jeg takker Dem forbindtligst for det tilsendte expl: af <anchor type="lemma" xml:id="koB12_2474"/>«Et rigt parti», som jeg med megen spænding har imødeseet. Bogen er jo virkelig <HIS:hisRef type="tcNote" xml:id="noteT12_650" target="B1844-1871ht_noter.xml" corresp="noteT12_650">interessant</HIS:hisRef>; den er åndrigt skrevet; måske lidt for åndrig i replikformen; hvorvidt karakterskildringen kan kaldes ganske naturlig, er et andet spørgsmål. Den minder forøvrigt, synes mig, ikke så lidt om <anchor type="lemma" xml:id="koB12_2475"/>manéren i <HIS:hisRef type="person" target="Navneregister_HISe.xml#peAdM">Alfred de Mussts</HIS:hisRef> «proverbes» og navnlig om <HIS:hisRef type="person" target="Navneregister_HISe.xml#peBB">Bjørnsons</HIS:hisRef> <anchor type="lemma" xml:id="koB12_2476"/>«De Nygifte». Har ikke <anchor type="lemma" xml:id="koB12_2477"/>kritiken i <HIS:hisRef type="place" target="Navneregister_HISe.xml#plDk">Danmark</HIS:hisRef> gjort den samme bemærkning? Jeg forudsætter imidlertid at stykket er blevet glimrende spillet, og håber at det derved <anchor type="lemma" xml:id="koB12_2478"/>vil kunne holde sig oppe. Under alle omstændigheder anser jeg det heldigt for <anchor type="lemma" xml:id="koB12_2479"/>
                            <HIS:hisRef type="person" target="Navneregister_HISe.xml#peMT">forfatterinden</HIS:hisRef> at hun er kommen bort fra bondenovellen, der åbenbart har ledet hende mere og mere ind i affektation og <anchor type="lemma" xml:id="koB12_2480"/>forskruelse, hvilket jeg også på det stærkeste har sagt <pb n="[2]"/>hende. Men desværre, hun stoler tryggest på dem, der skader hende mest.</p>
<p>Idag skriver jeg Dem hovedsagelig til for at bede Dem bevise mig den store godhed at sende mig 200 Rdlr <HIS:hisRef type="tcNote" xml:id="noteT12_651" target="B1844-1871ht_noter.xml" corresp="noteT12_651">dansk</HIS:hisRef> i preusiske penge eller vexel efter behag.</p>
<p>
                            <HIS:hisRef type="work" target="Navneregister_HISe.xml#woKE">«Kongs-emnerne»</HIS:hisRef> er nu, som De vel allerede ved, definitivt antaget til opførelse på <HIS:hisRef type="org" target="Navneregister_HISe.xml#orgKT">det kgl: theater</HIS:hisRef> og vil, ifølge <HIS:hisRef type="person" target="Navneregister_HISe.xml#peGBe">Justitsråd Berners</HIS:hisRef> brev, blive givet i begyndelsen af næste sæson. <HIS:hisRef type="person" target="Navneregister_HISe.xml#pePHe">Herr Heise</HIS:hisRef> har med megen beredvillighed påtaget sig at komponere musiken. Den <anchor type="lemma" xml:id="koB12_2481"/>til korene hørende tekst sender jeg ham; men den bør ikke optages i bogen, da den kun vil forsinke og forstyrre læsningen, idet den er overflødig for forståelsen af handlingens gang.</p>
<p>Også for det tilsendte hefte af <anchor type="lemma" xml:id="koB12_2482"/>«Dansk Tidsskrift» takker jeg Dem meget. Hvem kan forfatteren af brevet fra <HIS:hisRef type="place" target="Navneregister_HISe.xml#plN">Norge</HIS:hisRef> være? Jeg har gættet på min gamle ven <HIS:hisRef type="person" target="Navneregister_HISe.xml#peGAK">G. A. Krogh</HIS:hisRef>. <anchor type="lemma" xml:id="koB12_2483"/>Tiden for min rejse til Danmark er endnu ubestemt; jeg vil gerne vælge den smukkeste årstid, og hernede ialfald er vejret endnu så temmelig afvekslende. Jeg har mange literære planer og udkast i tankerne; men til noget afgørende er det endnu ikke kommet. Skulde De have erfaret noget om <anchor type="lemma" xml:id="koB12_2484"/>den påtænkte rollebesætning <pb n="[3]"/>i «Kongs-emnerne», så vilde det interessere mig særdeles ved lejlighed at få høre lidt derom.</p>
<p>Fra Norge hører jeg kun om splid og uro i alle retninger. <anchor type="lemma" xml:id="koB12_2485"/>Bjørnson synes ganske at have skudt sin digtervirksomhed tilside for at kaste sig ind i andre ting; men jeg håber for hans egen skyld at det ikke vil blive af lang varighed.</p>
<p>Med de bedste hilsener tegner jeg mig</p>
<salute>Deres ærbødigst hengivne</salute>
<signed>Henrik Ibsen.</signed>
</div>
</body>
</text>