<?xml version="1.0" encoding="UTF-8"?><text xmlns="http://www.tei-c.org/ns/1.0" xmlns:HIS="http://www.example.org/ns/HIS" rend="letter" corresp="B18711028MB" xml:lang="da-no">
<body>
<div type="letter">
<dateline>
                            <pb n="[1]"/>Dresden, <date>28<hi rend="raised">de</hi> Oktober 1871</date>.</dateline>
<salute>Kære Birkeland!</salute>
<p>Det er meget slemt at mine <anchor type="lemma" xml:id="koB13_137"/>venners råd om ikke at anlægge proces mod eftertrykker <HIS:hisRef type="person" target="Navneregister_HISe.xml#peHJJ">Jensen</HIS:hisRef> skal have havt det af Dig i dit sidste venskabelige brev antydede <anchor type="lemma" xml:id="koB13_138"/>resultat. Jeg ser mig imidlertid herved bestyrket i min anelse om at eftertrykkeren kalkulerede rigtigt når han ved at udplyndre mig gjorde regning på bistand af det norske publikum. Det er mig derfor kært at jeg ikke <HIS:hisRef type="tcNote" xml:id="noteT13_27" target="B1871-1879ht_noter.xml" corresp="noteT13_27">har spildt</HIS:hisRef> et ord på dette publikum, men kun <anchor type="lemma" xml:id="koB13_139"/>henvendt mig til det danske, hos hvilket jeg visselig ikke vil være udsat for en lignende behandling.</p>
<p>Jeg tror ikke at <HIS:hisRef type="work" target="Navneregister_HISe.xml#woF1 woHH">mine stykker</HIS:hisRef> i <anchor type="lemma" xml:id="koB13_140"/>tre år har været ude af boghandelen. Men selv om så var er det dog umuligt at jeg skulde have tabt min ejendomsret. Du må forvexle bestemmelsen med noget andet. I <HIS:hisRef type="tcNote" xml:id="noteT13_28" target="B1871-1879ht_noter.xml" corresp="noteT13_28">de</HIS:hisRef> civiliserede lande gælder den regel at når en boghandler har tilkøbt sig forlagsretten til en afdød forfatters værker og i et længere tidsrum holder dem ude af handelen, så falder forlagsretten under visse omstændigheder i det fri. Anderledes kan det dog vel <pb n="[2]"/>heller ikke være i <HIS:hisRef type="place" target="Navneregister_HISe.xml#plN">Norge</HIS:hisRef>. Det har hidtil ligget i min og <HIS:hisRef type="person" target="Navneregister_HISe.xml#peFH">
                                <HIS:hisRef type="org" target="Navneregister_HISe.xml#orgGyl">min forlæggers</HIS:hisRef>
                            </HIS:hisRef> interesse ikke at foranstalte nye oplag af disse skuespil. I en rationel <HIS:hisRef type="tcNote" xml:id="noteT13_29" target="B1871-1879ht_noter.xml" corresp="noteT13_29">boghandel</HIS:hisRef> er det et princip ikke at overfylde bogmarkedet med en og samme forfatters værker, således at det ene går i vejen for det andet. Siden marts måned 1866 har jeg på Hegels forlag udgivet <anchor type="lemma" xml:id="koB13_141"/>
                            <emph>13</emph> forskellige udgaver af mine skrifter. Der har ikke været plads til mere; det var med vanskelighed at vi fandt tidspunkter for <HIS:hisRef type="work" target="Navneregister_HISe.xml#woKK">«Kærlighedens Komedie»</HIS:hisRef> og <HIS:hisRef type="work" target="Navneregister_HISe.xml#woKE">«Kongsemnerne»</HIS:hisRef>, at kile flere gamle sager ind iblandt det nye har været en umulighed. Og over alt dette skulde ikke en forfatter selv være rådig! Jeg gentager det, det er umuligt; ikke engang i Norge kan barbariet og brutaliteten være drevet til en slig højde.</p>
<p>Indlagt sender jeg min svoger <HIS:hisRef type="person" target="Navneregister_HISe.xml#peJHT">
                                <anchor type="lemma" xml:id="koB13_142"/>Thoresen</HIS:hisRef> en fuldmagt, som bedes udfyldt, og hvorefter han bemyndiges til at lade anlægge proces mod eftertrykkeren og hans bevislige <anchor type="lemma" xml:id="koB13_143"/>hjælpers hjælpere. Til advokat foreslår jeg <HIS:hisRef type="person" target="Navneregister_HISe.xml#peJEb">J. Ebbel</HIS:hisRef>. Taber jeg denne proces, så har jeg derved opnået at rejse den norske nation og navnlig dens lovgivning en vel fortjent skamstøtte.</p>
<p>Denne affære vil efterlade et ar i mit sind om jeg så blev hundrede år gammel. <pb n="[3]"/>Det eventuelle honorar fra Hegel for disse to stykker havde jeg bestemt til anskaffelse af det nødvendige <anchor type="lemma" xml:id="koB13_144"/>indbo for at kunne vende tilbage til hjemmet, hvilket jeg syntes jeg måtte af hensyn til <HIS:hisRef type="person" target="Navneregister_HISe.xml#peSiI">min lille gut</HIS:hisRef>, der her går og blir udlænding. Og i det sted får jeg nu procesudgifter. Hvad jeg i <HIS:hisRef type="place" target="Navneregister_HISe.xml#plDk">Danmark</HIS:hisRef> og <HIS:hisRef type="place" target="Navneregister_HISe.xml#plSE">Sverig</HIS:hisRef> tjener, det går med til <HIS:hisRef type="tcNote" xml:id="noteT13_30" target="B1871-1879ht_noter.xml" corresp="noteT13_30">processer</HIS:hisRef> om min ubestridelige ret i hjemmet!! Fra nu af må jeg altså betragte mig som fuldstændig hjemløs. Jeg ved at det ikke vil være <anchor type="lemma" xml:id="koB13_145"/>enkelte af mine venner imod. Jeg ved godt at enkelte mener jeg i deres interesse bedre <HIS:hisRef type="tcNote" xml:id="noteT13_31" target="B1871-1879ht_noter.xml" corresp="noteT13_31">kan</HIS:hisRef> forrette <anchor type="lemma" xml:id="koB13_146"/>bulbidertjeneste her ude end <HIS:hisRef type="tcNote" xml:id="noteT13_31a" target="B1871-1879ht_noter.xml" corresp="noteT13_31a">hjemme,</HIS:hisRef> og at man derfor ikke ønsker mig hjem. Nu har man fåt det efter ønske.</p>
<p>Tak for din bistand i denne sag, og bring ligeledes min tak til de <anchor type="lemma" xml:id="koB13_147"/>øvrige trofaste; <anchor type="lemma" xml:id="koB13_148"/>vedlagte kort er Du nok så god at besørge</p>
<salute>Din hengivne</salute>
<signed>Henrik Ibsen.</signed>
</div>
<div type="postscript">
<p>P: S: Jeg skriver til min svoger idag og sender ham derfor den nævnte fuldmagt direkte.</p>
<dateline>
                            <date>30/10. 71.</date>
                        </dateline>
<signed>H. I.</signed>
</div>
</body>
</text>