<?xml version="1.0" encoding="UTF-8"?><text xmlns="http://www.tei-c.org/ns/1.0" xmlns:HIS="http://www.example.org/ns/HIS" rend="letter" corresp="B18740723RSch" xml:lang="da-no">
<body>
<div type="letter">
<dateline>
                            <pb n="[1]"/>Kristiania den <date>23<hi rend="raised">de</hi> Juli 1874</date>.</dateline>
<salute>Kære fru Zeier!</salute>
<p>Idet jeg takker Dem for <anchor type="lemma" xml:id="koB13_1467"/>Deres venlige brev beder jeg Dem være forvisset om at jeg har læst samme med hjertelig deltagelse både i <anchor type="lemma" xml:id="koB13_1468"/>Deres sorg og i Deres lykke.</p>
<p>Jeg tror ikke at den korte tid, vi her har at råde over, vil tillade os at besøge Deres hjem i Nitedalen. Skulde De <HIS:hisRef type="tcNote" xml:id="noteT13_226" target="B1871-1879ht_noter.xml" corresp="noteT13_226">vilde</HIS:hisRef> <anchor type="lemma" xml:id="koB13_1469"/>se ind til os her i vor midlertidige bolig, hos <HIS:hisRef type="person" target="Navneregister_HISe.xml#peHHo">frøken Hofgård</HIS:hisRef>, Pilestrædet n<hi rend="raised">o</hi> 7, da vil De blive modtagen som en kær gæst af <HIS:hisRef type="person" target="Navneregister_HISe.xml#peSuI">min hustru</HIS:hisRef> og af</p>
<salute>Deres hengivne</salute>
<signed>Henrik Ibsen.</signed>
</div>
</body>
</text>