<?xml version="1.0" encoding="UTF-8"?><text xmlns="http://www.tei-c.org/ns/1.0" xmlns:HIS="http://www.example.org/ns/HIS" rend="letter" corresp="B18690922FH" xml:lang="da-no">
                <body>
<div type="letter">
<dateline>
                            <pb n="[1]"/>Stockholm, <date>22<hi rend="raised">de</hi> Sept<hi rend="raised">br:</hi> 1869</date>. –</dateline>
<salute>Kjære Herr Cancelliraad Hegel!</salute>
<p>Min forbindtligste Takk for <anchor type="lemma" xml:id="koB12_2152"/>de fremsendte Skrivelser fra Theaterdirektionen i <HIS:hisRef type="org" target="Navneregister_HISe.xml#orgKT">Kjøbenhavn</HIS:hisRef>! <anchor type="lemma" xml:id="koB12_2153"/>I <HIS:hisRef type="org" target="Navneregister_HISe.xml#orgChrTh">Christiania</HIS:hisRef> vil <HIS:hisRef type="work" target="Navneregister_HISe.xml#woUF">Stykket</HIS:hisRef> komme till Oppførelse i Midten af Oktober og her i <HIS:hisRef type="org" target="Navneregister_HISe.xml#orgKDTS">Stockholm</HIS:hisRef> vil det blive givet i Løbet af November. <anchor type="lemma" xml:id="koB12_2154"/>Bogen kan for mit Vedkommende gjerne bringes i Handelen <HIS:hisRef type="tcNote" xml:id="noteT12_581" target="B1844-1871ht_noter.xml" corresp="noteT12_581">naarsomhelst</HIS:hisRef>. Jeg haaber at De formaar <anchor type="lemma" xml:id="koB12_2155"/>
                            <HIS:hisRef type="person" target="Navneregister_HISe.xml#peGB">G: Brandes</HIS:hisRef> till at anmelde den, selv om han paa <HIS:hisRef type="tcNote" xml:id="noteT12_582" target="B1844-1871ht_noter.xml" corresp="noteT12_582">den Tid</HIS:hisRef> skulde være fraværende; der er ingen, der kan gjøre det som han, og jeg føler at han er mig en virkelig Ven.</p>
<p>Muligens kommer jeg om nogen Tid till <HIS:hisRef type="place" target="Navneregister_HISe.xml#plKbh">Kjøbenhavn</HIS:hisRef>; men muligens rejser jeg ogsaa <anchor type="lemma" xml:id="koB12_2156"/>direkte herfra till – <HIS:hisRef type="place" target="Navneregister_HISe.xml#plEg">Egypten</HIS:hisRef>; jeg ved det endnu ikke bestemt, et Brev, som jeg venter, vil afgjøre det.</p>
<p>Jeg haaber at <anchor type="lemma" xml:id="koB12_2157"/>
                            <HIS:hisRef type="person" target="Navneregister_HISe.xml#pePHa">P: Hansen</HIS:hisRef> har bragt <pb n="[2]"/>Dem en Hilsen fra mig? Mit Opphold i <HIS:hisRef type="place" target="Navneregister_HISe.xml#plSE">Sverig</HIS:hisRef> har været og er fremdeles som <anchor type="lemma" xml:id="koB12_2158"/>en eneste stor Festlighed; fra alle Kanter møder jeg en Forekommenhed og en Velvilje, som ikke kan beskrives. <HIS:hisRef type="person" target="Navneregister_HISe.xml#peMJH">Herr <anchor type="lemma" xml:id="koB12_2159"/>M: Hammerichs</HIS:hisRef> Forsøg paa ved Taushed at lyve mig ud af den norske Literatur, har ikke frugtet; jeg er godt kjendt her og vil forhaabentlig herefter blive det end mere.</p>
<p>Jeg skulde for længe siden have tillskrevet Dem, men har oppsatt det fra Dag till Dag. Planer till nye Arbejder har jeg nok af; men for at tage fatt maa jeg tillbage i min Ensomhed; her kan jeg ikke skrive.</p>
<p>Nogle Ord fra Dem vil det være mig en stor Glæde at modtage; min Adresse er: «Herkulesgatan, N<hi rend="raised">o</hi> 5». Gjennem <HIS:hisRef type="person" target="Navneregister_HISe.xml#peRK">Herr Richard Kaufmann</HIS:hisRef> er jeg bleven oppfordret till at yde Bidrag till <anchor type="lemma" xml:id="koB12_2160"/>en Nytaarsgave, som paatænkes udgiven af <HIS:hisRef type="person" target="Navneregister_HISe.xml#pePGP">Philipsen</HIS:hisRef>; herpaa indlader jeg mig imidlertid ikke. Hvorledes gaar det med <anchor type="lemma" xml:id="koB12_2161"/>
                            <HIS:hisRef type="person" target="Navneregister_HISe.xml#peVB">V: Bergsøes</HIS:hisRef> Roman? Og hvorledes gaar det ham selv?</p>
<p>Fra <HIS:hisRef type="person" target="Navneregister_HISe.xml#peMT">min Svigermoder</HIS:hisRef> har jeg ikke hørt paa lang Tid. Har hun <pb n="[3]"/>noget nyt under <HIS:hisRef type="tcNote" xml:id="noteT12_583" target="B1844-1871ht_noter.xml" corresp="noteT12_583">Arbejde</HIS:hisRef>? Rygtet har sagt at <anchor type="lemma" xml:id="koB12_2162"/>hun skulde tænke paa at komme hid i Vinter; men det tror jeg ikke i nogen Henseende vilde være tillraadeligt.</p>
<p>Hermed for dennegang farvel! Med de hjerteligste Hilsener tegner jeg mig</p>
<salute>Deres stedse hengivne</salute>
<signed>Henrik Ibsen.</signed>
</div>
</body>
</text>