<?xml version="1.0" encoding="UTF-8"?><text xmlns="http://www.tei-c.org/ns/1.0" xmlns:HIS="http://www.example.org/ns/HIS" rend="letter" corresp="B18660415GS" xml:lang="da-no">
<body>
<div type="letter">
<salute>
                            <pb n="[1]"/>Deres Excellence, Hr: Statsminister Sibbern!</salute>
<p>Uagtet jeg desværre ikke kan paaberaabe mig den Lykke personligt at være kjendt af Deres Excellence, vover jeg dog i en for mig højst vigtig Anledning at henvende mig til Dem, som Landets første Mand, med ærbødigst Anmodning om at Deres Excellence vilde behage ikke alene at forelægge <HIS:hisRef type="person" target="Navneregister_HISe.xml#peKongK4">Hans Majestæt <anchor type="lemma" xml:id="koB12_1118"/>Kongen</HIS:hisRef> indlagte underdanigste <anchor type="lemma" xml:id="koB12_1119"/>Andragende, men ogsaa at støtte samme med Deres afgjørende Anbefaling og forøvrigt undskylde de mulige formelle Fejl, som deri maatte findes.</p>
<p>Angaaende <HIS:hisRef type="work" target="Navneregister_HISe.xml#woBr">
                                <anchor type="lemma" xml:id="koB12_1120"/>mit nys udkomne Værk</HIS:hisRef> og mine Livsforholde forøvrigt, tillader jeg mig at henvise til <anchor type="lemma" xml:id="koB12_1121"/>«Aftonbladet» for 6<hi rend="raised">te</hi> April, hvori findes optaget et «Brev fra <HIS:hisRef type="place" target="Navneregister_HISe.xml#plN">Norge</HIS:hisRef>», hvis Fremstilling af mine ydre Omstændigheder, i det Store og Hovedsagelige taget, medfører Sandhed.</p>
<p>Den Imødekommenhed, som Deres Excellence hidindtil har benyttet Deres ophøjede Stilling til at udvise, giver <pb n="[2]"/>mig sikkert Haab om at heller ikke jeg vil blive stillet udenfor <anchor type="lemma" xml:id="koB12_1122"/>den talrige Kreds, der pligter at omfatte Deres Excellence med stedsevarende Taknemmelighed, og i dette Haab vover jeg at tegne mig Deres Excellences</p>
<salute>ærbødige</salute>
<signed>Henrik Ibsen.</signed>
<dateline>Rom den <date>15<hi rend="raised">de</hi> April 1866</date>. –</dateline>
</div>
</body>
</text>