<?xml version="1.0" encoding="UTF-8"?><text xmlns="http://www.tei-c.org/ns/1.0" xmlns:HIS="http://www.example.org/ns/HIS" rend="letter" corresp="B18660505BB" xml:lang="da-no">
<front>
<pb n="[a]"/>
<HIS:envelope type="sheet">
<address>
<addrLine>Till</addrLine>
<addrLine>Digteren Bjørnstjerne Bjørnson.</addrLine>
<addrLine>Christiania</addrLine>
</address>
</HIS:envelope>
</front>
<body>
<div type="letter">
<dateline>
                            <pb n="[1]"/>Rom den <date>5<hi rend="raised">te</hi> Mai 1866</date>. –</dateline>
<salute>Kjære Bjørnson!</salute>
<p>Idag kun nogle faa Ord; det for mig <anchor type="lemma" xml:id="koB12_1204"/>afgjørende, som nu forhandles hjemme, levner mig hverken Sindsro till at skrive eller till andet. Men jeg skylder baade Dig og mig selv at erklære, at jeg ingen Andel har i, og ingen Foranledning har givet till, de <anchor type="lemma" xml:id="koB12_1205"/>Skridt, som <HIS:hisRef type="person" target="Navneregister_HISe.xml#peMB">Birkeland</HIS:hisRef> og Flere af Velvilje for mig har foretaget. Jeg ved ikke, men jeg haaber, at det er skeet efter Aftale med Dig, og, hvis saa ikke er, da beder jeg Dig, ikke heri at se noget Tegn paa fra min Side at holde flere Veje aabne paa engang. Den Taktik kan jeg forsikkre Dig at jeg er kommen udover. Birkeland har tillskrevet mig to Breve; først et hvori han raader mig till at henvende mig direkte till <HIS:hisRef type="person" target="Navneregister_HISe.xml#peKongK4">
                                <anchor type="lemma" xml:id="koB12_1206"/>Kongen</HIS:hisRef> med Ansøgning, samt till at indgive Andragende om Rejsestipendium; dernest et andet Brev, hvori han melder mig at han m. F. har indgivet <anchor type="lemma" xml:id="koB12_1207"/>Ansøgning for mig, da han af min Taushed sluttede, at jeg selv intet havde foretaget. Paa disse Breve svarer jeg nemlig først idag. <anchor type="lemma" xml:id="koB12_1208"/>Rejsestipendium har jeg ikke søgt om, da denne Sag jo var lagt i dine <pb n="[2]"/>Hænder. Till Kongen skrev jeg i Convolut till Statsminister <HIS:hisRef type="person" target="Navneregister_HISe.xml#peGS">Sibbern</HIS:hisRef> der uopholdeligt meddelte mig at Kongen endnu samme Dag havde expederet Befaling till <HIS:hisRef type="place" target="Navneregister_HISe.xml#plKri">Christiania</HIS:hisRef> om Fremsættelse af kgl: Proposition, og i et nyt Brev, Dagen efter meldte Sibbern mig at Regjeringsindstilling fra <anchor type="lemma" xml:id="koB12_1209"/>Chr: var indløben og at den vilde blive underskreven af Kongen samme Aften. Dette er hvad der er passeret, og som jeg skylder Dig Regnskab for, da jeg ikke ved paa hvilken Fod Du staar med Vedkommende i denne Sag. – Nu et andet Anliggende, <HIS:hisRef type="tcNote" xml:id="noteT12_353" target="B1844-1871ht_noter.xml" corresp="noteT12_353">som</HIS:hisRef> jeg skriver om i dyb Diskretion till Dig allene. Birkeland berører løseligt i sit sidste Brev at der skal være kommet <anchor type="lemma" xml:id="koB12_1210"/>noget ivejen mellem Dig og <HIS:hisRef type="person" target="Navneregister_HISe.xml#peBD">Dunker</HIS:hisRef>. Jeg vil inderligt ønske, at det intet har at betyde; men skulde det komme till et Brudd, da forlanger jeg, at Du skal stole paa mig. Du erindrer, at man <anchor type="lemma" xml:id="koB12_1211"/>for to Aar siden forsøgte paa at benytte mig for at tvinge Dig, og jeg har derfor Rett till at forudsætte Muligheden af at sligt kan gjentage sig. Jeg erklærer dig derfor, at jeg anser mig moralsk forpligtet till ikke under noget Forhold at indlade mig med <HIS:hisRef type="org" target="Navneregister_HISe.xml#orgChrTh">Theatret</HIS:hisRef> og hvad dertill hører, saalænge det ikke skeer med dit <anchor type="lemma" xml:id="koB12_1212"/>Minde og overensstemmende med dine Ønsker. Denne Erklæring, som naturligvis foreløbig er given till Dig allene, giver jeg Dig fuld Rett till at gjøre offentlig Brug af hvis jeg <pb n="[3]"/>
                            <HIS:hisRef type="tcNote" xml:id="noteT12_354" target="B1844-1871ht_noter.xml" corresp="noteT12_354">nogensinde</HIS:hisRef> skulde handle uoverensstemmende med hvad jeg her har udtalt. Naa, forresten haaber jeg at det hele ordner sig paa bedste Maade. Det vilde naturligvis gjøre mig ondt at maatte støde Dunker, der har vist mig saamegen virkelig Velvilje og Venlighed. – Havde det været Tid dertill vilde jeg have bedet Dig om at formaa gamle <HIS:hisRef type="person" target="Navneregister_HISe.xml#peHHolm">Rektor Holmbo</HIS:hisRef> till enten med en Avisartikel eller paa anden Maade at virke for min Sag; hans Ord har megen Vægt i <HIS:hisRef type="org" target="Navneregister_HISe.xml#orgStort">Storthinget</HIS:hisRef>. Forresten synes jeg at Udsigterne, saavidt jeg kan skjønne, er lyse; Takk for al din Utrættelighed! Med <anchor type="lemma" xml:id="koB12_1213"/>dit Blad gaar det jo fortræffeligt; <HIS:hisRef type="person" target="Navneregister_HISe.xml#peFB">Bætzmann</HIS:hisRef> kommer <HIS:hisRef type="tcNote" xml:id="noteT12_355" target="B1844-1871ht_noter.xml" corresp="noteT12_355">rimeligvis</HIS:hisRef> till i Sommer at <anchor type="lemma" xml:id="koB12_1214"/>besørge en Bogkasse herned till Fo<supplied>ren</supplied>ingen; skulde <HIS:hisRef type="tcNote" xml:id="noteT12_356" target="B1844-1871ht_noter.xml" corresp="noteT12_356">Du</HIS:hisRef> ved den Lejlighed ville <anchor type="lemma" xml:id="koB12_1215"/>forære o<supplied>s</supplied> et Expl: af det udkomne og siden betænke os for Fremtiden, saa glædede <HIS:hisRef type="tcNote" xml:id="noteT12_357" target="B1844-1871ht_noter.xml" corresp="noteT12_357">Du</HIS:hisRef> alle herværende og kommende Skandinaver. – Hils <HIS:hisRef type="person" target="Navneregister_HISe.xml#peKBj">din Kone</HIS:hisRef> og dine <anchor type="lemma" xml:id="koB12_1216"/>Smaagutter fra mig og mine, og lev forresten hjerteligt vel.</p>
<salute>Din hengivne</salute>
<signed>Henrik Ibsen.</signed>
</div>
<div type="postscript">
<p>
                            <emph>P. S.</emph> Hils endelig <HIS:hisRef type="person" target="Navneregister_HISe.xml#peMT">min <anchor type="lemma" xml:id="koB12_1217"/>Svigermoder</HIS:hisRef>, saafremt hun er ankommen og Du træffer hende.</p>
<signed>H. I.</signed>
</div>
</body>
</text>