<?xml version="1.0" encoding="UTF-8"?><text xmlns="http://www.tei-c.org/ns/1.0" xmlns:HIS="http://www.example.org/ns/HIS" rend="letter" corresp="B18710216FH" xml:lang="da-no">
                <body>
<div type="letter">
<dateline>
                            <pb n="[1]"/>Dresden den <date>16<hi rend="raised">de</hi> Februar 1871</date>. –</dateline>
<salute>Kære herr Hegel!</salute>
<p>Igår havde jeg den fornøjelse at modtage Deres venlige brev med <anchor type="lemma" xml:id="koB12_2986"/>det indlagte digt, som hermed tilbagesendes i forbedret skikkelse. Nu <anchor type="lemma" xml:id="koB12_2987"/>fattes kun, så vidt jeg kan se, to digte, nemlig <HIS:hisRef type="work" target="Navneregister_HISe.xml#woHiTilSv">«Hilsen til Svenskerne»</HIS:hisRef>, der er forlangt fra <HIS:hisRef type="place" target="Navneregister_HISe.xml#plKri">Christiania</HIS:hisRef>, og <HIS:hisRef type="work" target="Navneregister_HISe.xml#woOrnDra">«Ørnulfs drapa»</HIS:hisRef>, som jeg håber at få fra Dem. I medfølgende afskrift findes <anchor type="lemma" xml:id="koB12_2988"/>to nye digte, der ikke <HIS:hisRef type="tcNote" xml:id="noteT12_725" target="B1844-1871ht_noter.xml" corresp="noteT12_725">står</HIS:hisRef> på indholdslisten, og som derfor bedes opførte på samme på de i manuskriptet angivne pladse. Disse digte må jeg endelig have med; jeg troede dem tabte og huske dem kunde jeg ikke; endelig fandt jeg dem blandt mine rejsepapirer. De har aldrig været trykte. Plads tror jeg ikke det vil skorte på; thi jeg tror jeg har forregnet mig lidt i mit omtrentlige overslag og ved heller ikke aldeles nøjagtigt hvor meget <HIS:hisRef type="work" target="Navneregister_HISe.xml#woBall">
                                <anchor type="lemma" xml:id="koB12_2989"/>Ballonbrevet</HIS:hisRef> fylder. Skulde det imidlertid blive lidt for meget, så kan de enkelte afsnit af <HIS:hisRef type="work" target="Navneregister_HISe.xml#woPVi">«På vidderne»</HIS:hisRef> rykkes <pb n="[2]"/>lidt tættere sammen; derved vindes i al fald en side.</p>
<p>
                            <anchor type="lemma" xml:id="koB12_2990"/>Vignetten har jeg siden tænkt over. Jeg vil igrunden helst være den foruden, såfremt <HIS:hisRef type="tcNote" xml:id="noteT12_726" target="B1844-1871ht_noter.xml" corresp="noteT12_726">De</HIS:hisRef> ikke allerede har truffet foranstaltninger, og hvis De forøvrigt ikke tror at den vil hjælpe på bogens afsætning. Jeg tror nemlig at <anchor type="lemma" xml:id="koB12_2991"/>de smukke franske typer vil på titelbladet tage sig bedst ud alene, – dog, dette overlader jeg naturligvis ganske og aldeles til Deres bedre skøn.</p>
<p>For <anchor type="lemma" xml:id="koB12_2992"/>underretningen om <HIS:hisRef type="work" target="Navneregister_HISe.xml#woKE">«Kongs-emnerne»</HIS:hisRef> takker jeg Dem meget. Jeg var noget ængstelig for at <HIS:hisRef type="org" target="Navneregister_HISe.xml#orgKT">theatret</HIS:hisRef> efter de store omkostninger ved stykkets udstyr skulde lide noget tab.</p>
<p>Og så <anchor type="lemma" xml:id="koB12_2993"/>min udnævnelse til ridder af Dannebrog! Jeg vil aldrig kunne være noksom taknemmelig mod de mænd, der har bevirket dette! Nu vil mine landsmænd finde min digtsamling dobbelt så god som ellers!</p>
<p>Jeg må dog fortælle Dem at for et par dage siden modtog jeg fra den mod mig utrættelig forekommende og elskværdige <HIS:hisRef type="person" target="Navneregister_HISe.xml#peGS">statsminister Sibbern</HIS:hisRef> i <HIS:hisRef type="place" target="Navneregister_HISe.xml#plSthlm">Stokholm</HIS:hisRef> et brev til ham fra vor gamle udenrigsminister, <HIS:hisRef type="person" target="Navneregister_HISe.xml#peCRLM">grev Manderström</HIS:hisRef>, som var kommen i <anchor type="lemma" xml:id="koB12_2993a"/>henrykkelse over mit «Ballonbrev». Jeg ved ikke om De <pb n="[3]"/>har hørt at jeg <anchor type="lemma" xml:id="koB12_2994"/>i <HIS:hisRef type="place" target="Navneregister_HISe.xml#plRom">Rom</HIS:hisRef> engang havde en temmelig slem historie angående grev M: eller hans politik, en historie, som min ven <anchor type="lemma" xml:id="koB12_2995"/>
                            <HIS:hisRef type="person" target="Navneregister_HISe.xml#peBB">Bjørnson</HIS:hisRef> skaffede en ganske ufornøden udbredelse hjemme. Nu samler den gamle mand <anchor type="lemma" xml:id="koB12_2996"/>gloende kul på mit hoved, på en i sandhed rørende måde! –</p>
<p>De klager over frosten i <HIS:hisRef type="place" target="Navneregister_HISe.xml#plDk">Danmark</HIS:hisRef>; men her har vi havt indtil <anchor type="lemma" xml:id="koB12_2997"/>21 grader! Nu er tøvejr indtrådt og vi kan hver dag vente oversvømmelse af Elben.</p>
<p>Hjertelige hilsener til Dem, <HIS:hisRef type="person" target="Navneregister_HISe.xml#peJH">Deres søn</HIS:hisRef> og alle gode venner forresten.</p>
<salute>Deres inderlig hengivne</salute>
<signed>Henrik Ibsen.</signed>
</div>
<div type="postscript">
<p>P. S. <anchor type="lemma" xml:id="koB12_2998"/>Tak for <HIS:hisRef type="work" target="Navneregister_HISe.xml#woKK">«Kærlighedens Komedie»</HIS:hisRef>! Tør jeg tage Dem på ordet, og, ved lejlighed, bede Dem om et expl: af <HIS:hisRef type="work" target="Navneregister_HISe.xml#woBr">«Brand»</HIS:hisRef> og et d<hi rend="raised">o</hi> af <HIS:hisRef type="work" target="Navneregister_HISe.xml#woPG">«Peer Gynt»</HIS:hisRef>, så har jeg mine bøger komplet. Vor literatur er ikke ganske ubekendt her; og derved er mine bøger kommet på vandring; men det skal nu sættes en stopper for.</p>
<signed>H. I.</signed>
</div>
</body>
</text>