<?xml version="1.0" encoding="UTF-8"?><text xmlns="http://www.tei-c.org/ns/1.0" xmlns:HIS="http://www.example.org/ns/HIS" rend="letter" corresp="B18670209BJC" xml:lang="da-no">
<body>
<div type="letter">
<dateline>
                            <pb n="[1]"/>Rom <date>d. 9 Fe<unclear reason="smudge">b</unclear> 1867</date>
                        </dateline>
<salute>Høivelbaarne Hr. <anchor type="lemma" xml:id="koB12_1476"/>Kammerherre!</salute>
<p>Idet Bestyrelsen for <HIS:hisRef type="org" target="Navneregister_HISe.xml#orgSF">den skandinaviske Forening i Rom</HIS:hisRef> erkjender Modtagelsen af Deres venlige Skrivelse af 26 f. M., iler de<unclear reason="smudge">n til</unclear> med at udtale Foreningens og sin egen varmeste Paaskjønnelse for Opfyldelsen af det af Deres Høivelbaarenhed under Deres korte Ophold her i Sluttningen af f. A. givne Løfte om et portofrit tilsendt Exemplar af <anchor type="lemma" xml:id="koB12_1477"/>Berlingske polit: og Avertissements-Tidende. Den danske Presse var hidentil paa Grund <HIS:hisRef type="tcNote" xml:id="noteT12_424" target="B1844-1871ht_noter.xml" corresp="noteT12_424">af</HIS:hisRef> Foreningens indskrænkede Midler temmelig <anchor type="lemma" xml:id="koB12_1478"/>mangelfuldt repræsenteret, og De har derfor ved den af Dem viste Gavmildhed bidraget meget til at <unclear reason="smudge">afskjedige</unclear> et Savn, der føltes af Mange blandt Foreningens Medlemmer.– Idet vi <pb n="[2]"/>derfor bede Hr. Kammerherren modtage Forsikkringen om vor oprigtige Paaskjønnelse heraf, skulle vi ikke undlade at fremhæve en Omstendighed, som bidrager væsentligt til, at man høster dobbel Nytte af Deres ærede Blad. Siden Modtagelsen af den første Sending er der nemlig <emph>hver Dag</emph> indtruffen <emph>1</emph> Nummer af Berl.Tid.– en meget hensigtsmæssig Foranstaltning, som har vunden almindelig Anerkjendelse i Foreningen, da det er en Selvfølge, at man langtfra kan læse et Dagblad med den udeelte Interesse og Opmærksomhed, naar man faaer 3 Numere 2 Gange om Ugen, som naar man daglig faaer 1.</p>
<p>Idet vi bede Hr. Kammerherren fremdeles at bevare Deres Velvillie og Interesse for den skandinaviske Forening, modtage De Forsikkringen om vor ærbødigste Høiagtelse.</p>
<signed>Henrik Ibsen</signed>
<signed>J. Bravo.</signed>
</div>
</body>
</text>