<?xml version="1.0" encoding="UTF-8"?><text xmlns="http://www.tei-c.org/ns/1.0" xmlns:HIS="http://www.example.org/ns/HIS" rend="letter" corresp="B18690220FH" xml:lang="da-no">
                <body>
<div type="letter">
<dateline>
                            <pb n="[1]"/>Dresden den <date>20<hi rend="raised">de</hi> Februar 1869</date>. –</dateline>
<salute>Kjære Herr Cancelliraad Hegel!</salute>
<p>Herved sender jeg Dem et Par Linjer som Svar paa Deres to sidste Breve af 22 Januar og 2<hi rend="raised">den</hi> Februar. Det er ikke umuligt at jeg <anchor type="lemma" xml:id="koB12_1903"/>till Sommeren kommer opp till <HIS:hisRef type="place" target="Navneregister_HISe.xml#plKbh">Kjøbenhavn</HIS:hisRef>; men isaafald kun for en kort Tid, og for atter at vende tillbage hertill. <anchor type="lemma" xml:id="koB12_1904"/>For Dagbladet er jeg Dem uendelig <HIS:hisRef type="tcNote" xml:id="noteT12_526" target="B1844-1871ht_noter.xml" corresp="noteT12_526">forbunden</HIS:hisRef>; <anchor type="lemma" xml:id="koB12_1905"/>Morgenbladet indeholder intet af Interesse, kun evindelige <anchor type="lemma" xml:id="koB12_1906"/>Kjævlerier om Smaating, og Dumheder forøvrigt. <anchor type="lemma" xml:id="koB12_1907"/>Norsk Folkeblad har jeg ikke seet; men jeg venter mig heller intet godt fra den Kant. <anchor type="lemma" xml:id="koB12_1908"/>Mellem <HIS:hisRef type="person" target="Navneregister_HISe.xml#peBB">Bjørnson</HIS:hisRef> og mig er Brevvexlingen gaaet istaa, og jeg har i flere Henseender Grund till at være misfornøjet med hans Opptræden, der ikke forkommer mig at være en hæderlig Mand værdig. Et aabenbart Brud vil jeg dog forsøge at undgaa i det længste. Jeg takker meget for det tillsendte Exemplar af <anchor type="lemma" xml:id="koB12_1909"/>«Solen i Siljedalen». Den har sine fortjenstlige Sider, men forekommer mig at være uklar i Kompositionen og Sproget er forfærdelig slett; en saadan Mishandling af et <pb n="[2]"/>Tungemaal har jeg endnu aldrig seet paa Trykk, ikke engang i <anchor type="lemma" xml:id="koB12_1910"/>
                            <HIS:hisRef type="person" target="Navneregister_HISe.xml#peCFR">salig Reisers</HIS:hisRef> fyrgterlige <HIS:hisRef type="tcNote" xml:id="noteT12_527" target="B1844-1871ht_noter.xml" corresp="noteT12_527">Ildebrandsgeschichte.</HIS:hisRef> Vil De, literært taget, frelse <HIS:hisRef type="person" target="Navneregister_HISe.xml#peMT">Forfatterinden</HIS:hisRef>, saa raad hende till at holde opp med Bondefortællingerne. Baade Bjørnson og jeg kan benytte Ord og Vendinger af <anchor type="lemma" xml:id="koB12_1911"/>Almuesproget, fordi vi ved og kjender, hvad der har sin Berettigelse, som <HIS:hisRef type="tcNote" xml:id="noteT12_528" target="B1844-1871ht_noter.xml" corresp="noteT12_528">udgaaende</HIS:hisRef> fra <anchor type="lemma" xml:id="koB12_1912"/>Oldsproget, og hvad der er Forvanskning og <anchor type="lemma" xml:id="koB12_1913"/>uvorren Dagligtale; men herimellem formaar Fru Thoresen ikke at skjelne og derfor er hendes Sprog nu blevet et Sammensurium, som hverken har været eller er eller nogensinde kan blive norsk. Jeg har selv tillskrevet hende om den Sag, ligesaa uforbeholdent, som jeg her tillskriver Dem, men har till Dato intet Svar faaet.</p>
<p>
                            <HIS:hisRef type="work" target="Navneregister_HISe.xml#woUF">
                                <anchor type="lemma" xml:id="koB12_1914"/>Mit nye <HIS:hisRef type="tcNote" xml:id="noteT12_529" target="B1844-1871ht_noter.xml" corresp="noteT12_529">dramatiske</HIS:hisRef> Arbejde</HIS:hisRef> kan jeg ikke tænke paa at faa oppført i denne Saison. Det er nu næsten færdigt; saa begynder Renskrivningen, og jeg haaber da at kunde <anchor type="lemma" xml:id="koB12_1915"/>sende Dem en Akt hver Uge. Jeg haaber og tror at De vil blive vel fornøjet med dette fredsommelige Arbejde, der passer ligesaa godt paa danske og svenske, som paa norske Forholde. Kunde Stykket indleveres <anchor type="lemma" xml:id="koB12_1916"/>till Theatrene i Mai, saa vilde det kunne komme till Oppførelse i September, og i Boghandelen i Oktober. Det vil udgjøre omtrent 200 trykte Sider.</p>
<p>For <anchor type="lemma" xml:id="koB12_1917"/>det modtagne Aarsoppgjør er jeg Dem nu, som altid, og i alle Henseender, takknemmelig.</p>
<p>
                            <anchor type="lemma" xml:id="koB12_1918"/>Bogpakken fra <HIS:hisRef type="place" target="Navneregister_HISe.xml#plRom">Rom</HIS:hisRef> skal jeg faa gjennem <pb n="[3]"/>en Rejsende; det har nu ikke saa meget Hastværk, da jeg fra Nytaar har sat <HIS:hisRef type="person" target="Navneregister_HISe.xml#peSiI">min Søn</HIS:hisRef> ind i <anchor type="lemma" xml:id="koB12_1919"/>et herværende Institut, væsentlig beregnet paa udenlandske Børn, og hvor Undervisningen foregaar mundtlig paa Fransk og Tydsk.</p>
<p>Hernede har vi saagodtsom ingen Vinter; 10–12 Graders Varme er almindelig og Græsset begynder mangesteds at spire.</p>
<p>Hvem er <HIS:hisRef type="person" target="Navneregister_HISe.xml#peTho">Herr <anchor type="lemma" xml:id="koB12_1920"/>Chr: Thorkildsen</HIS:hisRef>? Det er dog vel aldrig en <anchor type="lemma" xml:id="koB12_1921"/>Projektmager, en norsk <anchor type="lemma" xml:id="koB12_1922"/>Portefeuillefabrikant Thorkildsen, som for nogle Aar siden boede i <HIS:hisRef type="place" target="Navneregister_HISe.xml#plKri">Christiania</HIS:hisRef>, og som altid havde en <HIS:hisRef type="tcNote" xml:id="noteT12_530" target="B1844-1871ht_noter.xml" corresp="noteT12_530">Mængde</HIS:hisRef> besynderlige Jern i Ilden? Han har anmodet mig om Bidrag till et stort Pragtværk; men det kan jeg ikke indlade mig paa. Fra <HIS:hisRef type="person" target="Navneregister_HISe.xml#peRS">Herr Rudolf Schmidt</HIS:hisRef> har jeg modtaget nogle besynderlige Breve. Han vedbliver at bede mig om Bidrag paa samme Tid, som han lader mig vide, at <anchor type="lemma" xml:id="koB12_1923"/>hans Tidsskrift «ikke behøver at trygle nogen»; han skriver at Tidsskriftet «skal samle Alt, hvad der er Aand i <HIS:hisRef type="tcNote" xml:id="noteT12_531" target="B1844-1871ht_noter.xml" corresp="noteT12_531">Norden</HIS:hisRef>», og erklærer at han «anseer mig for en Mand, der svigter sin Pligt», hvis jeg ikke skriver deri. Det er dog en underlig Tale!</p>
<p>Og hermed et hjerteligt Levvel for dennegang! Er der noget at indvende mod Udgivelsestiden for mit Skuespil, eller forøvrigt noget at bemærke till den Sags bedre Ordning, saa haaber jeg at faa høre fra Dem.</p>
<salute>Deres ærbødigst <HIS:hisRef type="tcNote" xml:id="noteT12_532" target="B1844-1871ht_noter.xml" corresp="noteT12_532">hengivne</HIS:hisRef>
                        </salute>
<signed>Henrik Ibsen.</signed>
</div>
</body>
</text>