<?xml version="1.0" encoding="UTF-8"?><text xmlns="http://www.tei-c.org/ns/1.0" xmlns:HIS="http://www.example.org/ns/HIS" rend="letter" corresp="B18700626JPA" xml:lang="da-no">
<body>
<div type="letter">
<dateline>
                            <pb n="[1]"/>Dresden den <date>26<hi rend="raised">de</hi> Juni 1870</date>. –</dateline>
<salute>Herr advokat Andresen!</salute>
<p>Det har gjort mig ondt at læse den skildring af <anchor type="lemma" xml:id="koB12_2564"/>
                            <HIS:hisRef type="org" target="Navneregister_HISe.xml#orgChrTh">theatrets</HIS:hisRef> oekonomiske tilstand, hvormed De indleder Deres sidste ærede brev. Jeg fatter rigtignok ikke gansk<unclear reason="gap">e</unclear> hvorledes <anchor type="lemma" xml:id="koB12_2565"/>
                            <HIS:hisRef type="person" target="Navneregister_HISe.xml#peGHK">Krohns</HIS:hisRef> død, der indtraf 14 dage før sæsonens slutning, kan betegnes som årsag til dette resultat, så meget mere som i tidligere tider Maj måneds indtægt aldrig har været afgjørende for <anchor type="lemma" xml:id="koB12_2566"/>indretningen<unclear reason="gap">s</unclear> status; men under disse omstændigheder lykønsker jeg direktionen til <anchor type="lemma" xml:id="koB12_2567"/>den betydelige besparelse af sommergager, som opsigelserne har medført.</p>
<p>At den private brevveksling om th<unclear reason="gap">e</unclear>ateranliggender, som De venligst har indlede<unclear reason="gap">t</unclear> med mig, er bleven gjort til gjenstand for uefterrettelig og vildledende <anchor type="lemma" xml:id="koB12_2568"/>omtale i dagbladene, forundrer mig mindre, når jeg ser hen til at sagen, selv blandt theatret<unclear reason="gap">s</unclear> nærmeste vedkommende, synes at hvile under en viss utydelighed i opfatningen, som jeg beklager, og som jeg ikke tror at jeg har givet anledning til.</p>
<p>
                            <pb n="[2]"/>For kort tid siden modtog jeg nemlig et brev fra <HIS:hisRef type="person" target="Navneregister_HISe.xml#peMWB">hr: direktør Brun</HIS:hisRef>, der indleder sin skrivelse med følgende ord: «At jeg har været vidende om de <anchor type="lemma" xml:id="koB12_2569"/>Forhandlinger, Herr Højesteretsadvokat Andresen paa Direktionens Vegne har ført med Dem, behøver jeg vel neppe at sige Dem»; – – – «Jeg ved altsaa, hvad der er skrevet og bifalder det fuldkomment».</p>
<p>Bortseet fra det mindre korrekte udtryk «paa Direktionens Vegne» var jo dette fuldkommen i sin orden; men jeg må tilstå at jeg har havt nogen vanskelighed ved at bringe hr: Bruns <anchor type="lemma" xml:id="koB12_2570"/>medviden i forhandlingerne i samklang med en af ham i <HIS:hisRef type="place" target="Navneregister_HISe.xml#plKri">Kristiania</HIS:hisRef> brugt yttring, i hvilken han uden forbehold har udtalt, at om jeg tog ansættelse ved theatret, så kom han lige fuldt til at beholde sin <anchor type="lemma" xml:id="koB12_2571"/>nu havende stilling og myndighed. Jeg drog først referatet af disse hr: Bruns ord i tvivl; men på <anchor type="lemma" xml:id="koB12_2572"/>min yderligere forespørgsel fik jeg til svar, at «det var aldeles visst, at hr: Brun havde udtrykt sig så». – Disse <anchor type="lemma" xml:id="koB12_2573"/>oplysninger meddeltes mig i tidsrummet mellem 12<hi rend="raised">te</hi> og 20<hi rend="raised">de</hi> Maj.</p>
<p>Hvorledes er nu dette at forstå? Når jeg gjennemlæser Deres breve tror jeg mig fremdeles berettiget til deraf at uddrage <pb n="[3]"/>den slutning, at den post, De tilbyder mig<unclear reason="gap">,</unclear> skulde oprettes gjennem en <anchor type="lemma" xml:id="koB12_2574"/>deling af det embede, hr: Brun for tiden beklæder. Her<unclear reason="gap">r</unclear> Brun derimod, som jo ogsaa kjender underhandlingerne, synes derimod at opfatte sagen som om man tilsigtede oprettelsen af en ny <anchor type="lemma" xml:id="koB12_2575"/>bestilling, medens han beholdt sin hele magt og myndighed ubeskåret.</p>
<p>En tredje fortolkning kunde rigti<unclear reason="gap">g</unclear>nok vore fælles uvenner falde på at give tilbedste; den nemlig, at han skulde have magten og jeg ansvaret. Men denne fortolkning er både for Dem og for mig så fornærmelig, at jeg ikke videre skal opholde mig derved. –</p>
<p>Når jeg gentagende gange og til trods for mange nærliggende betænkeligheder har anbefalet <HIS:hisRef type="person" target="Navneregister_HISe.xml#peBB">Hr: Bjørnson</HIS:hisRef>, så er dette skeet fordi han er den eneste, om hvem jeg ved at han har den første og nødvendigste betingelse for at <anchor type="lemma" xml:id="koB12_2576"/>komme i forslag, nemlig villighed til at overtage posten. Et andet hensyn har <anchor type="lemma" xml:id="koB12_2577"/>derho<unclear reason="gap">s</unclear> for mig været medvirkende; nemlig <anchor type="lemma" xml:id="koB12_2578"/>gjenoprettelsen af den gode forståelse <HIS:hisRef type="tcNote" xml:id="noteT12_667" target="B1844-1871ht_noter.xml" corresp="noteT12_667">mellem</HIS:hisRef> <HIS:hisRef type="tcNote" xml:id="noteT12_668" target="B1844-1871ht_noter.xml" corresp="noteT12_668">theatret og</HIS:hisRef> Bjør<unclear reason="gap">n</unclear>son som dramatisk forfatter. En stadig forøgelse af det nationale repertoire vil altid i en væsentlig grad betinge <pb n="[4]"/>theatrets pekuniære status og derigjennem dets virkeevne i kunstnerisk retning overhovedet. –</p>
<p>At avisernes uefterrettelige meddelelser ikke i tide er blevne gjendrevne fra den eneste kant, hvorfra sådant med virkning kunde ske, tør muligens senere hen vise sig at være uheldigt. Det er ikke usandsynligt at <anchor type="lemma" xml:id="koB12_2579"/>den nuværende theaterstyrelses modstandere vil betegne denne taushed som planmæssigt beregnet på at svække <anchor type="lemma" xml:id="koB12_2580"/>agitationerne så længe, indtil den for disse belejligste tid var forbi. Hvor vidt da ikke, som følge heraf, striden med forøget hadskhed og hensynsløshed vil blive fornyet, turde være et spørgsmål, som vel havde været værd at overveje. Hvad der nu klogest bør gjøres, har jeg her i frastand noget vanskeligt for at bedømme. <anchor type="lemma" xml:id="koB12_2581"/>Min agt er derfor at forholde mig afventende og parat til <HIS:hisRef type="tcNote" xml:id="noteT12_669" target="B1844-1871ht_noter.xml" corresp="noteT12_669">handling</HIS:hisRef>. Skulde pressen grundløst og <anchor type="lemma" xml:id="koB12_2582"/>ubeføjet <anchor type="lemma" xml:id="koB12_2583"/>påbyrde mig ansvar for delagtighed i formentlige intriger, så vil forhåbentlig ingen kunne fortænke mig i at jeg vælter dette ansvar fra mig. For øvrigt tiltræder jeg ganske Deres slutningsbemærkning, at der i disse anliggender indblander sig så mange omstændigheder, at en skriftveksel derom bliver lidet udtømmende.</p>
<salute>Deres ærbødige</salute>
<signed>Henrik Ibsen.</signed>
</div>
</body>
</text>