<?xml version="1.0" encoding="UTF-8"?><text xmlns="http://www.tei-c.org/ns/1.0" xmlns:HIS="http://www.example.org/ns/HIS" rend="letter" corresp="B18700512JPA" xml:lang="da-no">
<body>
<div type="letter">
<div type="letterpart" part="I">
<dateline>
                                <pb n="[1]"/>Dresden den <date>12<hi rend="raised">te</hi> Maj 1870</date>. –</dateline>
<salute>Herr Advokat Andresen!</salute>
<p>At jeg med megen Interesse følger Theaterbevægelserne <HIS:hisRef type="place" target="Navneregister_HISe.xml#plN">hjemme</HIS:hisRef>, vil De jo nok kunne tænke Dem, og jeg er Dem derfor særdeles taknemmelig for den Oversigt over Stillingen, som De i Deres sidste Brev har været saa god a<unclear reason="gap">t</unclear> meddele mig.</p>
<p>For saa vidt som det i <HIS:hisRef type="tcNote" xml:id="noteT12_642" target="B1844-1871ht_noter.xml" corresp="noteT12_642">Frastand</HIS:hisRef> gaa<unclear reason="gap">r</unclear> an at dømme om Tingene, saa tror jeg at man maa ønske <HIS:hisRef type="org" target="Navneregister_HISe.xml#orgChrTh">Theatret</HIS:hisRef> til Lykke med <anchor type="lemma" xml:id="koB12_2457"/>det stedfundne Oprør. De fratrædendes Antal er ikke stort nok til at ku<unclear reason="gap">n</unclear>ne standse Driften, og dog tilstrækkeligt til at overbevise Publikum om, at <emph>det</emph> bliver den skadelidende Part, saa længe Agitationerne fortsættes. Hvis den herved fremkaldte Uvilje udnyttes i sit hele Omfang, saa er meget vundet.</p>
<p>Det er klart at Oprørerne kun ha<unclear reason="smudge">r</unclear> risikeret sine Livsstillinger i det sikr<unclear reason="smudge">e</unclear> Haab at Direktionen snart skulde giv<unclear reason="smudge">e</unclear> efter. Svigter dette Haab, saa vil der om <pb n="[2]"/>
                                <HIS:hisRef type="tcNote" xml:id="noteT12_643" target="B1844-1871ht_noter.xml" corresp="noteT12_643">kort</HIS:hisRef> Tid opstaa Splittelse i selve <anchor type="lemma" xml:id="koB12_2458"/>Oprørslejren; nogen lang Belejring vil de ikke kunne udholde, og Troppen er ikke heller saaledes sammensat at der paa den kan grundes et Repertoire. Efter mit Kjendskab til Personerne vil <HIS:hisRef type="person" target="Navneregister_HISe.xml#peAI">Isachsen</HIS:hisRef> først krybe til Korset, og dernæst <anchor type="lemma" xml:id="koB12_2459"/>Gundersens. Men da bør man rigtignok ogsaa til Advarsel for Fremtiden gjøre dem det saa hedt som muligt. Hvis jeg i nærværende Øjeblik havde nogen Indflydelse paa Direktionsanliggenderne, saa vilde jeg, for det større Eftertryks Skyld, foranledige en <anchor type="lemma" xml:id="koB12_2460"/>Henstillen <anchor type="lemma" xml:id="koB12_2461"/>fra Repræsentantskabet <anchor type="lemma" xml:id="koB12_3294"/>til Bestyrelsen, gaaende ud paa kun at <anchor type="lemma" xml:id="koB12_2462"/>tilstede en delvis Gjenoptagelse af <anchor type="lemma" xml:id="koB12_2463"/>de frafaldne, og det kun paa betydeligt nedsatte Gager og med Fortabelse af Pensionsret af det Fond, der er opsparet forinden deres Gjenindtrædelse. – I al Fald maa jeg udtale, at <anchor type="lemma" xml:id="koB12_2464"/>hvis jeg skulde overtage nogen Befatning ved Theatret, saa maatte jeg vide <HIS:hisRef type="tcNote" xml:id="noteT12_644" target="B1844-1871ht_noter.xml" corresp="noteT12_644">mig</HIS:hisRef> sikkret mod deslige Optøjer. Det er meget muligt at min Ansættelse kunde foranledige en Tilbagevenden af de Udtraadte, enten fordi disse i mig saa <anchor type="lemma" xml:id="koB12_2465"/>«en Overgang til <HIS:hisRef type="person" target="Navneregister_HISe.xml#peBB">Bjørnson»</HIS:hisRef>, eller fordi de gjorde Regning paa en Medgjørlighed <pb n="[3]"/>fra min Side, som jeg ikke længere besidder<unclear reason="gap">;</unclear> men hvis <HIS:hisRef type="tcNote" xml:id="noteT12_645" target="B1844-1871ht_noter.xml" corresp="noteT12_645">man</HIS:hisRef> i det ene eller det andet, eller i begge Dele, fandt sig skuffet<unclear reason="gap">,</unclear> saa er det klart at Theatret til næste Aar havde den samme <HIS:hisRef type="tcNote" xml:id="noteT12_646" target="B1844-1871ht_noter.xml" corresp="noteT12_646">Historie</HIS:hisRef> om igjen. De Personer maa lære at føle at det er lettere at gaa bort end at ko<unclear reason="gap">m</unclear>me ind igjen, og ingen Tid er hertil belejligere end de lange gageløse Sommermaaneder.</p>
<p>At <anchor type="lemma" xml:id="koB12_2466"/>et Forlig med Bjørnson under de nuværende Omstændigheder er en Umulighed, deri er jeg ganske enig med Dem; og jeg tror at Bjørnson aldri<unclear reason="gap">g</unclear> under nogensomhelst Omstændigheder burde overdrages den hele artistiske Styrelse og Myndighed. Han mangle<unclear reason="gap">r</unclear> i en paafaldende Grad Literaturkundskab og vil af den Grund aldri<unclear reason="gap">g</unclear> kunne opstille et principmæssigt Repertoire. Heller ikke vil hverken Scen<unclear reason="gap">e</unclear>arrangementet eller Detailinstruktionen være tjent med ham. Men han vil alligevel kunne øve en vækkende Indflydelse paa Personalet, og overhovedet stifte Gavn alene derved at han er der<unclear reason="gap">.</unclear>
                            </p>
</div>
<div type="letterpart" part="F">
<dateline rend="letterpart_opener">den <date>20<hi rend="raised">de</hi> Maj</date>.</dateline>
<p>Dette Brev er ved tilfældige Omstændigheder blevet liggende ufuldført og <pb n="[4]"/>imidlertid er jo ved en sørgelig Begivenhed Theaterspørgsmaalet blevet væsentlig forandret. Jeg modtog igaar Efterretning om <anchor type="lemma" xml:id="koB12_2467"/>
                                <HIS:hisRef type="person" target="Navneregister_HISe.xml#peGHK">Krohns</HIS:hisRef> Død. Det er formentlig givet at <anchor type="lemma" xml:id="koB12_2468"/>det <HIS:hisRef type="tcNote" xml:id="noteT12_647" target="B1844-1871ht_noter.xml" corresp="noteT12_647">Bjørnsonske</HIS:hisRef> Komplot dermed vil være sprængt, og at Bestyrelsen kan foreskrive Oprørerne hvilke Betingelser, den lyster. Jeg haaber ogsaa at man vil vide at benytte sig <HIS:hisRef type="tcNote" xml:id="noteT12_648" target="B1844-1871ht_noter.xml" corresp="noteT12_648">af</HIS:hisRef> Lejligheden til Betryggelse for Theatrets Fremtid.</p>
<p>Hvad jeg i dette Brev egentlig havde tænkt at slutte med, vil jeg paa Grund af den forandrede Situation indtil vidre beholde for mig selv. – De med <HIS:hisRef type="tcNote" xml:id="noteT12_649" target="B1844-1871ht_noter.xml" corresp="noteT12_649">mig</HIS:hisRef> <anchor type="lemma" xml:id="koB12_2469"/>plejede <anchor type="lemma" xml:id="koB12_3297"/>Underhandlinger betragter jeg naturligvis ikke som paalæggende Direktionen nogenslags Hensyn. Kan der tilvejebringes en anstændig Fredsslutning med det Resultat at Bjørnson indtræder som <anchor type="lemma" xml:id="koB12_2470"/>Censor eller øverste Leder af den literære Styrelse, medens <HIS:hisRef type="person" target="Navneregister_HISe.xml#peMWB">Hr: <anchor type="lemma" xml:id="koB12_2471"/>M: Bruun</HIS:hisRef> forbliver Sceneinstruktør og Regissør, saa ser jeg det gjerne. Kun skulde jeg i saa Fald andrage paa at det med bindende Virkning maa gjøres <anchor type="lemma" xml:id="koB12_2472"/>Bjørnson til Pligt ikke at udestænge mig eller andre norske Forfattere <anchor type="lemma" xml:id="koB12_3298"/>fra Repertoiret. Er Bestyrelsen uvillig til i den eventuelle Fredstraktat at optage en saadan Paragraf, beder jeg mig derom underrettet, for derefter at kunne henvende mig med en motiveret <anchor type="lemma" xml:id="koB12_2473"/>Forestilling til Repræsentantskabet. – Jeg er meget spændt paa at erfare hvad der i den nærmeste Fremtid vil ske, og haaber det bedste. Med mange Hilsener tegner jeg mig</p>
<salute>Deres meget forbundne</salute>
<signed>Henrik Ibsen.</signed>
</div>
</div>
</body>
</text>