<?xml version="1.0" encoding="UTF-8"?><text xmlns="http://www.tei-c.org/ns/1.0" xmlns:HIS="http://www.example.org/ns/HIS" rend="letter" corresp="B18720531GB" xml:lang="da-no">
<body>
<div type="letter">
<dateline>
                            <pb n="[1]"/>Dresden den <date>31<hi rend="raised">te</hi> Maj 1872</date>. –</dateline>
<salute>Kære Brandes!</salute>
<p>Tak for <anchor type="lemma" xml:id="koB13_495"/>Deres sidste linjer. <anchor type="lemma" xml:id="koB13_496"/>Deres bog til forsvar har jeg læst med stor interesse; men jeg kan ikke komme bort fra den tanke, som jeg udtalte forinden jeg vidste at en sådan bog skulde udkomme, – nemlig at De beviser størsteparten af Deres modstandere altfor megen ære når De nedlader Dem til at føre et forsvar. Deres sag er det vordendes sag, og den forsvarer sig selv når man blot giver tid.</p>
<p>Forrige gang skrev jeg i al hast og var således optagen af det <anchor type="lemma" xml:id="koB13_497"/>ene store thema at jeg ganske glemte at takke Dem for <anchor type="lemma" xml:id="koB13_498"/>anmeldelsen af <HIS:hisRef type="work" target="Navneregister_HISe.xml#woDi">mine digte</HIS:hisRef>. Den kom til mig som et brev fra en ven, og som et sådant skulde jeg have besvaret den. Nu er det for sent og jeg vil opsætte det til et <anchor type="lemma" xml:id="koB13_499"/>personligt sammentræf.</p>
<p>Ja, hvor og hvorledes skal <pb n="[2]"/>
                            <HIS:hisRef type="tcNote" xml:id="noteT13_69" target="B1871-1879ht_noter.xml" corresp="noteT13_69">vi</HIS:hisRef> kunne mødes i sommer? Til <HIS:hisRef type="place" target="Navneregister_HISe.xml#plKbh">København</HIS:hisRef> kan jeg ikke komme, kan overhovedet <anchor type="lemma" xml:id="koB13_500"/>knapt forlade <HIS:hisRef type="place" target="Navneregister_HISe.xml#plDre">Dresden</HIS:hisRef>. Men tænker ikke De på at gøre en udflugt og indlede forbindelser her i <HIS:hisRef type="place" target="Navneregister_HISe.xml#plD">Tyskland</HIS:hisRef>? Tænker De ikke på at <anchor type="lemma" xml:id="koB13_501"/>oversætte Deres forelæsninger? I <anchor type="lemma" xml:id="koB13_502"/>et brev, jeg for nogle dage siden modtog, betegner <HIS:hisRef type="person" target="Navneregister_HISe.xml#peAS">Adolf Strodtmann</HIS:hisRef> Dem som <anchor type="lemma" xml:id="koB13_503"/>«den geistvollsten aller moderner Kritiker». At De er både dette og noget meget mere tillige, det tror og ved jeg, og derfor ved jeg også at De ikke er sat her i verden for at virke for <anchor type="lemma" xml:id="koB13_504"/>vort skandinaviske norden alene. Kom herned, hvis De kan!</p>
<p>Det har undret mig at De ikke har tænkt på at holde forelæsninger i <HIS:hisRef type="place" target="Navneregister_HISe.xml#plSE">Sverig</HIS:hisRef>. <anchor type="lemma" xml:id="koB13_505"/>Svenskerne står i visse henseender i udvikling tilbage for os andre skandinaver; men netop derved står de nærmere ved det kommende; thi vort forspring for dem er et <anchor type="lemma" xml:id="koB13_506"/>forspring ind på en afvej. –</p>
<p>
                            <HIS:hisRef type="work" target="Navneregister_HISe.xml#woKG">
                                <anchor type="lemma" xml:id="koB13_507"/>Julian</HIS:hisRef> tumler jeg stadigt med. Jeg har den største lyst til at meddele mig til Dem angående dette stykke; men jeg føler at jeg ikke kan det uden at udsætte mig for at blive misforstået. –</p>
<p>Jeg vil håbe at mit forrige brev <pb n="[3]"/>er kommet Dem ihænde? Er det meningen at lade <anchor type="lemma" xml:id="koB13_508"/>Deres nye forelæsninger trykke strax?</p>
<p>Der er en hel del ting, jeg havde at skrive om; men så længe jeg endnu håber på muligheden <HIS:hisRef type="tcNote" xml:id="noteT13_70" target="B1871-1879ht_noter.xml" corresp="noteT13_70">af</HIS:hisRef> at vi om nogen tid kunde mødes, vil jeg udsætte dermed. Skriv snart!</p>
<salute>Deres hengivne</salute>
<signed>Henrik Ibsen.</signed>
</div>
</body>
</text>