<?xml version="1.0" encoding="UTF-8"?><text xmlns="http://www.tei-c.org/ns/1.0" xmlns:HIS="http://www.example.org/ns/HIS" rend="letter" corresp="B18570102ESte" xml:lang="da-no">
<body>
<div type="letter">
<dateline>
                            <pb n="[1]"/>Bergen <date>2-1-57 –</date>
                        </dateline>
<salute>Frøken Estance Steen!</salute>
<p>Da det er mig om at gjøre, ret snart at erfare Deres Mening om <anchor type="lemma" xml:id="koB12_336"/>mit nye Stykke, vover jeg herved at tilstille Dem en Billet med Bøn om at De godhedsfuldt vil gjøre Brug deraf iaften.</p>
<p>Dersom den venlige Interesse, hvormed De omfattede «Gildet paa Solhoug» ogsaa maatte blive mit nye Arbeide tildeel, da har jeg ikke skrevet det forgjæves. –</p>
<p>Ifald <HIS:hisRef type="person" target="Navneregister_HISe.xml#peKS">
                                <anchor type="lemma" xml:id="koB12_337"/>Deres Søster</HIS:hisRef> vilde benytte den anden vedlagte Billet, skulde det være mig særdeles kjært. –</p>
<salute>forbindtligst</salute>
<signed>Henr: Ibsen</signed>
</div>
</body>
</text>