<?xml version="1.0" encoding="UTF-8"?><text xmlns="http://www.tei-c.org/ns/1.0" xmlns:HIS="http://www.example.org/ns/HIS" rend="letter" corresp="Budat18620825CHo" xml:lang="da-no">
                <front>
<pb n="[a]"/>
<HIS:envelope type="sheet">
<address>
<addrLine>Hr: Kammerherre Chr: Holst</addrLine>
</address>
</HIS:envelope>
</front>
<body>
<div type="letter">
<p>
                            <pb n="[1]"/>Hvis Hr: <anchor type="lemma" xml:id="koB12_733"/>Kammerherren kan <anchor type="lemma" xml:id="koB12_734"/>bruge indlagte Linier vil det være mig meget kjært.</p>
<salute>med Høiagtelse ærbødigst</salute>
<signed>Henr: Ibsen</signed>
</div>
</body>
<back>
<div type="attachment">
<lg>
<figure type="num"/>
<lg>
<l>
                                    <anchor type="lemma" xml:id="koB12_735"/>Rejst er Hytten paa Norges Fjeld,</l>
<l>Rundt om dens Fod skal sig kjærligt blande</l>
<l>Roser fra Nordens Bakkeheld</l>
<l>Med Blomster fra mildere Strande.</l>
                            </lg>
<figure type="num"/>
<lg>
<l>Her skal fra Syd Erindringens Bud</l>
<l>Samles med Nordens kjærlige Tanke,</l>
<l>Stedse forynget folde sig ud,</l>
<l>Som den evigt grønnende Ranke.</l>
                            </lg>
<figure type="num"/>
<lg>
<l>Her, til den lille ensomme Plet,</l>
<l>Knyttes saa <HIS:hisRef type="tcNote" xml:id="noteT12_761" target="B1844-1871ht_noter.xml" corresp="noteT12_761">rigt</HIS:hisRef> et Minde,</l>
<l>Knyttes <anchor type="lemma" xml:id="koB12_736"/>et Navn, – det er kun <emph>Et</emph>,</l>
<l>Dog <emph>Trende</emph> slutter det inde.</l>
                            </lg>
                        </lg>
</div>
</back>
</text>