<?xml version="1.0" encoding="UTF-8"?><text xmlns="http://www.tei-c.org/ns/1.0" xmlns:HIS="http://www.example.org/ns/HIS" rend="letter" corresp="B18560314CT" xml:lang="da-no">
<front>
<pb n="[a]"/>
<HIS:envelope type="sheet">
<address>
<addrLine>S.T.</addrLine>
<addrLine>Hr: Consul Chr: Tønsberg</addrLine>
<addrLine>Christiania</addrLine>
</address>
<stamp>
                            <HIS:hisRef type="tcNote" xml:id="noteT12_108" target="B1844-1871ht_noter.xml" corresp="noteT12_108">Beta<supplied>lt</supplied>
                            </HIS:hisRef>
                        </stamp>
</HIS:envelope>
</front>
<body>
<div type="letter">
<dateline>
                            <pb n="[1]"/>Trondhjem <date>14. 3. 56</date>.</dateline>
<salute>S.T. Hr: Consul Ch<hi rend="raised">r</hi> Tønsberg.</salute>
<p>Deres ærede Skrivelse af 20<hi rend="raised">d</hi> f. M: har jeg modtaget og er naturligviis i alle Henseender vel tilfreds med <anchor type="lemma" xml:id="koB12_289"/>de Bestemmelser hvorom jeg deri er underrettet. Jeg tillader mig at gjentage min Bøn om bogstavelig Correcturlæsning efter Manuscriptet, ligeledes vilde jeg være Dem særdeles taknemmelig <HIS:hisRef type="tcNote" xml:id="noteT12_109" target="B1844-1871ht_noter.xml" corresp="noteT12_109">dersom</HIS:hisRef> saavel <anchor type="lemma" xml:id="koB12_290"/>Honoraret som <anchor type="lemma" xml:id="koB12_291"/>Friexemplarerne maatte blive mig tilstillede under den i mit forrige Brev opgivne Adresse og saasnart det maatte falde Dem beleiligt.</p>
<salute>Med Høiagtelse Deres ærbødige</salute>
<signed>Henr: Ibsen</signed>
</div>
</body>
</text>