<?xml version="1.0" encoding="UTF-8"?><text xmlns="http://www.tei-c.org/ns/1.0" xmlns:HIS="http://www.example.org/ns/HIS" rend="letter" corresp="B18740112OvK" xml:lang="da-no">
<front>
<pb n="[a]"/>
<HIS:envelope type="envelope">
<address>
<addrLine>Herrn Major Oscar von Knorring.</addrLine>
<addrLine>Commandeur und Ritter m: Ord:</addrLine>
<addrLine>Drottninggatan, N<hi rend="raised">o</hi> 98. –</addrLine>
<addrLine>Stockholm.</addrLine>
</address>
<stamp>fr:</stamp>
</HIS:envelope>
</front>
<body>
<div type="letter">
<dateline>
                            <pb n="[1]"/>Dresden den <date>12<hi rend="raised">te</hi> Januar <HIS:hisRef type="tcNote" xml:id="noteT13_203" target="B1871-1879ht_noter.xml" corresp="noteT13_203">1874</HIS:hisRef>
                            </date>. –</dateline>
<salute>Min kære hæders-ven!</salute>
<p>To gange har jeg nu gennemlæst dit store fortræffelige <anchor type="lemma" xml:id="koB13_1324"/>egyptiske værk, og takker Dig af hjertet for den rige nydelse, Du derved har beredt mig og mine. Det var mig under læsningen som om jeg gjorde den vidunderlige østerlandske rejse om igen. Mange små ejendommelige drag og begivenheder, som var gået mig af minde, trådte atter lyslevende frem for erindringen, og jeg følte mig her midt i den tyske kulde ligesom gennemvarmet af orientens sol. Mange værdifulde bidrag til <HIS:hisRef type="place" target="Navneregister_HISe.xml#plEg">Egyptens</HIS:hisRef> historie og statistik har Du jo også leveret, og særdeles interessant var det mig i din bog at få en sammentrængt og let fattelig oversigt over <HIS:hisRef type="place" target="Navneregister_HISe.xml#plSuez">Suez-kanalens</HIS:hisRef> tilblivelseshistorie. Når hertil kommer den elegante form, også i det ydre udstyr, hvorunder din bog så fordelagtigt præsenterer sig, så kan jeg ikke andet end oprigtigt ønske <pb n="[2]"/>Dig til lykke med at have fuldført dette omfangsrige værk, hvis udgivelse ganske visst må bringe Dig både ære og glæde.</p>
<p>Nu vil jeg håbe at den bebudede <anchor type="lemma" xml:id="koB13_1325"/>fortsættelse af din rejseskildring ikke altfor længe vil lade vente på sig. Det skal blive <HIS:hisRef type="tcNote" xml:id="noteT13_204" target="B1871-1879ht_noter.xml" corresp="noteT13_204">interessant</HIS:hisRef>, både for mig og for mange andre, at følge dig videre på din vej gennem <HIS:hisRef type="place" target="Navneregister_HISe.xml#plIt">Italien</HIS:hisRef> og <HIS:hisRef type="place" target="Navneregister_HISe.xml#plFr">Frankrig</HIS:hisRef>. Men vil Du tillade mig som ven et råd, så vær ikke altfor kortfattet og sparsom med at fortælle hvad der passerer Dig og hvad Du personligt oplever. Mangt sligt, der kan synes uvigtige småting, bidrager til at give skildringen liv og yder derhos et vigtigt <anchor type="lemma" xml:id="koB13_1326"/>moment til belysning af de forholde, hvorunder den rejsende færdes og bevæger sig i de fremmede lande.</p>
<p>
                            <HIS:hisRef type="work" target="Navneregister_HISe.xml#woKG">
                                <anchor type="lemma" xml:id="koB13_1327"/>Min nye bog</HIS:hisRef> skal blive sendt Dig fra <HIS:hisRef type="place" target="Navneregister_HISe.xml#plKbh">København</HIS:hisRef> så snart en bogsending derfra afgår til <HIS:hisRef type="place" target="Navneregister_HISe.xml#plSthlm">Stockholm</HIS:hisRef>, hvilket ikke vil vare længe. <anchor type="lemma" xml:id="koB13_1328"/>«Fata Morgana» skal jeg også se til at finde frem til Dig og skikke den med en eller anden rejsende, hvis jeg ikke <anchor type="lemma" xml:id="koB13_1329"/>bringer den selv; for <pb n="[3]"/>øjeblikket ligger den bortgemt i nogle store bogkasser, hvor jeg har vanskeligt for at finde den.</p>
<p>Over al måde kært skulde det være os om Du på din forestående rejse vilde <anchor type="lemma" xml:id="koB13_1330"/>lægge vejen over <HIS:hisRef type="place" target="Navneregister_HISe.xml#plDre">Dresden</HIS:hisRef>; jeg skal da gøre hvad der står i min magt for at vise Dig om i staden og dens omegn, og vil det i sandhed være en festdag for vort hus, den dag da Du træder ind gennem vor dør.</p>
<p>Jeg vil håbe at din øjensygdom nu er lykkelig overstået, det gjorde mig meget ondt at erfare at Du igen var bleven angreben af dette onde. –</p>
<p>Lad mig endnu engang frembære en hjertelig tak fra mig og mine; og lad mig dernæst ønske Dig held og lykke til fortsættelsen af det værk, <HIS:hisRef type="tcNote" xml:id="noteT13_205" target="B1871-1879ht_noter.xml" corresp="noteT13_205">til</HIS:hisRef> hvis første bind, egypterrejsen, Du af hjertet gratuleres fra</p>
<salute>Din hengivne og forbundne ven</salute>
<signed>Henrik Ibsen.</signed>
</div>
</body>
</text>