<?xml version="1.0" encoding="UTF-8"?><text xmlns="http://www.tei-c.org/ns/1.0" xmlns:HIS="http://www.example.org/ns/HIS" rend="letter" corresp="B18710917HJJ" xml:lang="da-no">
<body>
<div type="letter">
<p>
                            <pb n="[1]"/>Med den største Forbauselse modtog jeg idag <anchor type="lemma" xml:id="koB13_41"/>Deres frække og uforskammede Brev, hvoraf jeg erfarer, at De agter at udgive et nyt Oplag af mine dramatiske Arbeider: <HIS:hisRef type="work" target="Navneregister_HISe.xml#woF1">«Fru Inger til Østeraad»</HIS:hisRef> og <HIS:hisRef type="work" target="Navneregister_HISe.xml#woHH">
                                <HIS:hisRef type="tcNote" xml:id="noteT13_8" target="B1871-1879ht_noter.xml" corresp="noteT13_8">«Hærmændene</HIS:hisRef> paa Helgeland»</HIS:hisRef>. –</p>
<p>Det er en Selvfølge, at jeg paa det bestemteste modsætter mig dette Deres tilsigtede Attentat paa min Pengepung. –</p>
<p>
                            <pb n="[2]"/>De har ikke det fjærneste Skin af Eiendomsret til de nævnte Arbeider, der af mig i sin Tid kun solgtes til Brug for <HIS:hisRef type="org" target="Navneregister_HISe.xml#orgIN">«Illustreret Nyhedsblad»</HIS:hisRef>. –</p>
<p>Jeg lader Dem endvidere vide, at <anchor type="lemma" xml:id="koB13_42"/>begge Bøger udkommer paa <HIS:hisRef type="org" target="Navneregister_HISe.xml#orgGyl">den Gyldendalske Boghandels Forlag</HIS:hisRef> i en fuldstændig omarbeidet Skikkelse og at Publikum uopholdelig vil blive underrettet herom, saa at Deres paatænkte Svindleri ikke vil indbringe Dem andet end Skam og Skade. –</p>
<p>For øvrigt har jeg <anchor type="lemma" xml:id="koB13_43"/>idag lagt Sagen i <HIS:hisRef type="person" target="Navneregister_HISe.xml#peJHT">en Jurists</HIS:hisRef> hænder, og vover De at fremture i Deres Forsæt, saa skal jeg saavel <anchor type="lemma" xml:id="koB13_44"/>gjennem Pressen som for Domstolene vise Dem, hvad deslige Kæltringstreger fører efter sig. –</p>
<p>
                            <anchor type="lemma" xml:id="koB13_45"/>Den tilsendte Pakke remitteres uaabnet. –</p>
</div>
</body>
</text>