<?xml version="1.0" encoding="UTF-8"?><text xmlns="http://www.tei-c.org/ns/1.0" xmlns:HIS="http://www.example.org/ns/HIS" rend="letter" corresp="B18731212JHT" xml:lang="da-no">
<body>
<div type="letter">
<dateline>
                            <pb n="[1]"/>Dresden den <date>12<hi rend="raised">te</hi> December 1873</date>. –</dateline>
<salute>Kære svoger!</salute>
<p>Hjertelig tak for Deres to sidste venlige breve. <HIS:hisRef type="work" target="Navneregister_HISe.xml#woHH">
                                <anchor type="lemma" xml:id="koB13_1304"/>«Hærmændene»</HIS:hisRef> udkom, som jeg havde beregnet, i en meget belejlig tid. Den 5<hi rend="raised">te</hi> December <anchor type="lemma" xml:id="koB13_1305"/>gaves bogen i handelen og allerede i brev af 8<hi rend="raised">de</hi> melder <HIS:hisRef type="person" target="Navneregister_HISe.xml#peFH">Hegel</HIS:hisRef> mig at hele det betydelige oplag er <HIS:hisRef type="tcNote" xml:id="noteT13_197" target="B1871-1879ht_noter.xml" corresp="noteT13_197">afsat</HIS:hisRef>. Et nyt oplag er nu atter under pressen og vil udkomme før jul. Dette stykke, som <anchor type="lemma" xml:id="koB13_1306"/>fra først af indbragte mig så lidet, bliver mig således nu en <anchor type="lemma" xml:id="koB13_1307"/>betydelig indtægtskilde.</p>
<p>Tillad mig i forbindelse hermed at bevidne Dem min tak for den virkelig elegante og for mig smigrende <anchor type="lemma" xml:id="koB13_1308"/>måde, hvorpå De erkender modtagelsen af <HIS:hisRef type="work" target="Navneregister_HISe.xml#woKG">«Kejser og Galilæer»</HIS:hisRef>; og ikke mindre takker jeg Dem for al den ulejlighed, De forøvrigt har havt i mine anliggender.</p>
<p>Tør jeg derhos anmode Dem om så snart Deres tid måtte tillade <HIS:hisRef type="tcNote" xml:id="noteT13_198" target="B1871-1879ht_noter.xml" corresp="noteT13_198">det</HIS:hisRef>, at ville sende mig af det <anchor type="lemma" xml:id="koB13_1309"/>i kreditkassen indestående beløb <emph>80 Spdlr:</emph> enten i veksel eller i postanvisninger.</p>
<p>
                            <pb n="[2]"/>Det er mig særdeles kært at det <anchor type="lemma" xml:id="koB13_1310"/>endelige opgør med <HIS:hisRef type="person" target="Navneregister_HISe.xml#peHJN">sagfører Nandrup</HIS:hisRef> nu har fundet sted. Jeg <HIS:hisRef type="tcNote" xml:id="noteT13_199" target="B1871-1879ht_noter.xml" corresp="noteT13_199">er</HIS:hisRef> nu <anchor type="lemma" xml:id="koB13_1311"/>gældfri og har <anchor type="lemma" xml:id="koB13_1312"/>nogle tusender anbragt i statspapirer, hvilke Hegel i årenes løb har indkøbt for mig og stadig forøger, så jeg tør imødese, som ikke fjern, den tid da vi kan leve udelukkende af mine renter og min gage. Dette er det imidlertid for <anchor type="lemma" xml:id="koB13_1313"/>visse årsagers skyld ikke værd at omtale.</p>
<p>Deres bemærkninger om hr: <HIS:hisRef type="person" target="Navneregister_HISe.xml#peAI">
                                <anchor type="lemma" xml:id="koB13_1314"/>Isachsens</HIS:hisRef> avisartikel er særdeles træffende; det synes imidlertid heldigvis at han har indstillet sine oplæsninger af min bog. Hans antydning <HIS:hisRef type="tcNote" xml:id="noteT13_200" target="B1871-1879ht_noter.xml" corresp="noteT13_200">af</HIS:hisRef> at jeg skulde have givet ham et slags samtykke er en fuldstændig usandhed. Han bad mig engang om <emph>nogle scener</emph>, som han ved <emph>en</emph> forelæsning vilde oplæse blandt andre småting af <HIS:hisRef type="tcNote" xml:id="noteT13_200a" target="B1871-1879ht_noter.xml" corresp="noteT13_200a">forskellige</HIS:hisRef> forfattere, og <anchor type="lemma" xml:id="koB13_1315"/>hertil svarede jeg at han kunde udvælge sig nogle når bogen udkom.</p>
<p>Har ikke <HIS:hisRef type="person" target="Navneregister_HISe.xml#peTK">
                                <anchor type="lemma" xml:id="koB13_1316"/>Thomas</HIS:hisRef> noget nyt færdigt til Julen? Jeg vil håbe at <HIS:hisRef type="tcNote" xml:id="noteT13_201" target="B1871-1879ht_noter.xml" corresp="noteT13_201">beskæftigelsen</HIS:hisRef> med theatret ikke bortdrager ham fra en literær virksomhed, der, efter alt hvad jeg kan skønne, må siges at være usædvanlig lovende begyndt. Tør jeg bede Dem hilse ham venligst fra os, og <pb n="[3]"/>modtag selv de bedste hilsener fra os alle gennem</p>
<salute>Deres altid hengivne</salute>
<signed>Henrik Ibsen.</signed>
</div>
</body>
</text>