<?xml version="1.0" encoding="UTF-8"?><text xmlns="http://www.tei-c.org/ns/1.0" xmlns:HIS="http://www.example.org/ns/HIS" rend="letter" corresp="B18740101SK" xml:lang="da-no">
<body>
<div type="letter">
<salute>
                            <pb n="[1]"/>Til fru Sophie Krohn født Cappelen!</salute>
<p>Deres smukke <anchor type="lemma" xml:id="koB13_1320"/>julegave indvier og tager jeg herved i brug idet jeg på årets første dag med en <anchor type="lemma" xml:id="koB13_1321"/>slægtskabs- og venskabs-hilsen beder Dem modtage denne <anchor type="lemma" xml:id="koB13_1322"/>bog til erindring om <anchor type="lemma" xml:id="koB13_1323"/>samværet i Dresden. –</p>
<dateline>
                            <date>1<hi rend="raised">ste</hi> Januar 1874</date>. –</dateline>
<signed>Henrik Ibsen. –</signed>
</div>
</body>
</text>