<?xml version="1.0" encoding="UTF-8"?><text xmlns="http://www.tei-c.org/ns/1.0" xmlns:HIS="http://www.example.org/ns/HIS" rend="letter" corresp="B18720622FH" xml:lang="da-no">
<body>
<div type="letter">
<dateline>
                            <pb n="[1]"/>Dresden den <date>22<hi rend="raised">de</hi> Juni 1872</date>. –</dateline>
<salute>Kære herr Hegel!</salute>
<p>Idet jeg erkender modtagelsen af de i brev af 5<hi rend="raised">te</hi> Maj fremsendte 150 Thaler, tillader jeg mig herved at anmode Dem om igen godhedsfuldt at ville sende mig <emph>75 Thaler</emph>.</p>
<p>Alt vel. <HIS:hisRef type="work" target="Navneregister_HISe.xml#woKG">
                                <anchor type="lemma" xml:id="koB13_510"/>Mit arbejde</HIS:hisRef> går stadigt fremad. Fra midten af næste måned tænker jeg at <anchor type="lemma" xml:id="koB13_511"/>rejse på landet i en fem ugers tid; men hvorhen er endnu ubestemt.</p>
<p>Jeg ønsker ofte at jeg kunde være i <HIS:hisRef type="place" target="Navneregister_HISe.xml#plKbh">København</HIS:hisRef> i <anchor type="lemma" xml:id="koB13_512"/>denne interessante tid; men desværre, det er ugørligt.</p>
<p>Med de bedste hilsener til Dem og <HIS:hisRef type="person" target="Navneregister_HISe.xml#peJH">Deres søn</HIS:hisRef> tegner jeg mig</p>
<salute>Deres hjertelig hengivne</salute>
<signed>Henrik Ibsen.</signed>
</div>
</body>
</text>