<?xml version="1.0" encoding="UTF-8"?><text xmlns="http://www.tei-c.org/ns/1.0" xmlns:HIS="http://www.example.org/ns/HIS" rend="letter" corresp="B18731203FH" xml:lang="da-no">
<body>
<div type="letter">
<dateline>
                            <pb n="[1]"/>Dresden den <date>3<hi rend="raised">die</hi> December 1873</date>.</dateline>
<salute>Kære herr Hegel!</salute>
<p>Hjertelig tak for Deres sidste venlige brev, og tør jeg med det samme anmode Dem om ved første givne anledning at <anchor type="lemma" xml:id="koB13_1280"/>bevidne <HIS:hisRef type="person" target="Navneregister_HISe.xml#peJLH">
                                <anchor type="lemma" xml:id="koB13_1281"/>fru Hejberg</HIS:hisRef> min forbindtligste <anchor type="lemma" xml:id="koB13_1282"/>erkendtlighed, for <anchor type="lemma" xml:id="koB13_1283"/>hendes skrivelse, som jeg for nogle dage siden ved Deres godhed havde den glæde at modtage.</p>
<p>Ikke mindre takker jeg Dem for de forskellige <anchor type="lemma" xml:id="koB13_1284"/>tilsendte aviser og tidsskrifter. Den <HIS:hisRef type="person" target="Navneregister_HISe.xml#peFW">
                                <anchor type="lemma" xml:id="koB13_1285"/>W:-Hornske</HIS:hisRef> anmeldelse tager jeg ingen notits af. Inden kort tid vil deslige indvendinger forstumme. <HIS:hisRef type="work" target="Navneregister_HISe.xml#woKE">
                                <anchor type="lemma" xml:id="koB13_1286"/>«Kongsemnerne»</HIS:hisRef> havde, da det udkom, meget mere at gennemgå.</p>
<p>Tør jeg bede Dem bevise mig den store tjeneste at sende mig <emph>75 thaler preussisk</emph>? Og går det an i denne travle tid at anmode Dem om for min regning og for <HIS:hisRef type="person" target="Navneregister_HISe.xml#peSuI">min hustru</HIS:hisRef> at lade tage 5 lodder i <anchor type="lemma" xml:id="koB13_1287"/>«det danske industrilotteri», hvis trækning foregår den 12<hi rend="raised">te</hi> December, og hvori hvert lod <pb n="[2]"/>skal koste omtrent 1 rdlr? Tag ikke denne anmodning ilde op!</p>
<p>Med venlige hilsener til Dem og <HIS:hisRef type="person" target="Navneregister_HISe.xml#peJH">Deres søn</HIS:hisRef>
                        </p>
<salute>Deres hjertelig hengivne</salute>
<signed>Henrik Ibsen.</signed>
</div>
</body>
</text>