<?xml version="1.0" encoding="UTF-8"?><text xmlns="http://www.tei-c.org/ns/1.0" xmlns:HIS="http://www.example.org/ns/HIS" rend="letter" corresp="B18721024HL" xml:lang="da-no">
<body>
<div type="letter">
<dateline>
                            <pb n="[1]"/>Dresden den <date>24<hi rend="raised">de</hi> Oktober 1872</date>. –</dateline>
<salute>Højstærede herr Hartvig Lassen!</salute>
<p>Allerede fra den første tid da jeg havde den tilfredsstillelse at vide den <anchor type="lemma" xml:id="koB13_642"/>artistiske ledelse af <HIS:hisRef type="org" target="Navneregister_HISe.xml#orgChrTh">Kristiania theater</HIS:hisRef> i Deres hænder, har jeg gåt hernede med et stille håb om fra Dem at modtage et <HIS:hisRef type="tcNote" xml:id="noteT13_98" target="B1871-1879ht_noter.xml" corresp="noteT13_98">forslag</HIS:hisRef>, sigtende til at lade <HIS:hisRef type="work" target="Navneregister_HISe.xml#woKK">
                                <anchor type="lemma" xml:id="koB13_643"/>«Kærlighedens Komedie»</HIS:hisRef> <anchor type="lemma" xml:id="koB13_644"/>opføre for det norske publikum.</p>
<p>Et sådant forslag er imidlertid, imod forventning, ikke fremkommet, og jeg nødes derfor til selv at gribe initiativet, hvilket herved sker, idet jeg <HIS:hisRef type="tcNote" xml:id="noteT13_99" target="B1871-1879ht_noter.xml" corresp="noteT13_99">beder Dem</HIS:hisRef> betragte stykket som ved denne skrivelse officielt indleveret til theatret. Noget exemplar af bogen vedlægger jeg ikke da denne (<anchor type="lemma" xml:id="koB13_645"/>i 2<hi rend="raised">den</hi> udgave) med lethed kan erholdes deroppe.</p>
<p>De betænkeligheder, jeg i sin tid nærede mod stykkets opførelse, er for længe siden forsvundne. Af mange tegn er jeg kommen til den overbevisning at almenheden nu har fåt sine øjne opladte for den sandhed at dette arbejde i sin inderste idé hviler på et ubetinget moralsk grundlag, og hvad stykkets hele kunstneriske struktur angår, <pb n="[2]"/>så har jeg, nu mere end nogensinde, den formening at denne er ulastelig og ialfald ikke overtræffes i noget af mine <anchor type="lemma" xml:id="koB13_646"/>andre dramatiske arbejder. Jeg henregner overhovedet «Kærlighedens Komedie» til noget af det bedste, jeg har frembragt.</p>
<p>At jeg derfor gerne ønsker at se stykket på scenen hjemme er en selvfølge, og jeg tror heller ikke at publikum vil være utilfreds med om så sker. Ja, jeg tror også at min stilling i den skandinaviske literatur til en viss grad berettiger mig til at fremsætte en venskabelig begæring i så henseende, en begæring, som for en forfatter under lignende forholde i andre lande vilde været overflødig.</p>
<p>
                            <anchor type="lemma" xml:id="koB13_647"/>Denne sæson vil neppe, efter hvad jeg kan tænke mig, blive synderlig rig på originale nyheder, og det er dog især sådanne, der giver en spilletermin både glans og præg, samtidigt med at de væsentligt bidrager til at opfriske interessen for theatret, om ikke ved andet, så dog ved en belivet diskussion for og imod.</p>
<p>Stykket lader sig med lethed besætte i <HIS:hisRef type="place" target="Navneregister_HISe.xml#plKri">Kristiania</HIS:hisRef>. Jeg vedlægger et forslag til rollebesætning men overlader naturligvis til Dem at foretage de ændringer i samme, som af artistiske grunde måtte <anchor type="lemma" xml:id="koB13_648"/>befindes ønskelige. Kan herr <HIS:hisRef type="person" target="Navneregister_HISe.xml#peJFB">
                                <anchor type="lemma" xml:id="koB13_649"/>Johannes Brun</HIS:hisRef>, uden skade for helheden, holdes udenfor, vilde det i visse måder <pb n="[3]"/>tjene mig til beroligelse.</p>
<p>Det er min faste overbevisning at dette stykke, godt besat og i alle henseender omhyggeligt indstuderet, navnlig ved en naturtro gengivelse af karaktererne og ved en fin behandling af <anchor type="lemma" xml:id="koB13_650"/>pointerne i dialogen, vil erobre sig en blivende plads på repertoiret. Dets udstyr stiller ikke store fordringer og tiden er endnu ikke så langt fremskreden at det jo, hvis sagen gribes an med kraft og interesse fra alle sider, endnu med lethed kan sættes op i den <anchor type="lemma" xml:id="koB13_651"/>bedste del af sæsonen.</p>
<p>Som <anchor type="lemma" xml:id="koB13_652"/>honorar må jeg betinge mig <HIS:hisRef type="tcNote" xml:id="noteT13_100" target="B1871-1879ht_noter.xml" corresp="noteT13_100">bruttoindtægten</HIS:hisRef> af første forestilling med en garanteret minimumsindtægt af 300 Spdlr: –</p>
<p>Jeg beklager meget at jeg ikke har anledning til at forhandle personligt med Dem i dette anliggende, men hengiver mig imidlertid til det håb at også den skriftlige <HIS:hisRef type="tcNote" xml:id="noteT13_101" target="B1871-1879ht_noter.xml" corresp="noteT13_101">vej</HIS:hisRef> vil vise sig tilstrækkelig. I dette håb forventer jeg Deres ærede svar og tegner mig</p>
<salute>Deres venskabeligst forbundne</salute>
<signed>Henrik Ibsen.</signed>
</div>
</body>
<back>
<div type="attachment">
<head type="letter">
                            <pb n="[4]"/>Forslag til <anchor type="lemma" xml:id="koB13_653"/>rollebesætning.</head>
<p>
                            <table rend="settesManuelt">
<row>
                                    <cell role="data">Fru Halm</cell>
                                    <cell role="filler"/>
                                    <cell role="data">
                                        <HIS:hisRef type="person" target="Navneregister_HISe.xml#peSPa">Frøken Parelius</HIS:hisRef>.</cell>
                                </row>
<row>
                                    <cell role="data">Svanhild</cell>
                                    <cell role="filler"/>
                                    <cell role="data">
                                        <HIS:hisRef type="person" target="Navneregister_HISe.xml#peLG">Fru Gundersen</HIS:hisRef>.</cell>
                                </row>
<row>
                                    <cell role="data">Anna</cell>
                                    <cell role="filler"/>
                                    <cell role="data">
                                        <HIS:hisRef type="person" target="Navneregister_HISe.xml#peJRJ">Fru Juel</HIS:hisRef>.</cell>
                                </row>
<row>
                                    <cell role="data">Falk</cell>
                                    <cell role="filler"/>
                                    <cell role="data">
                                        <HIS:hisRef type="person" target="Navneregister_HISe.xml#peSG">Herr Gundersen</HIS:hisRef>.</cell>
                                </row>
<row>
                                    <cell role="data">Lind</cell>
                                    <cell role="filler"/>
                                    <cell role="data">
                                        <HIS:hisRef type="person" target="Navneregister_HISe.xml#peCARA">Herr Abelsted</HIS:hisRef>.</cell>
                                </row>
<row>
                                    <cell role="data">Guldstad</cell>
                                    <cell role="filler"/>
                                    <cell role="data">
                                        <HIS:hisRef type="person" target="Navneregister_HISe.xml#peJWNW">Herr Wolf</HIS:hisRef>.</cell>
                                </row>
<row>
                                    <cell role="data">Styver</cell>
                                    <cell role="filler"/>
                                    <cell role="data">
                                        <HIS:hisRef type="person" target="Navneregister_HISe.xml#peAI">Herr Isachsen</HIS:hisRef>.</cell>
                                </row>
<row>
                                    <cell role="data">Frøken Skjære</cell>
                                    <cell role="filler"/>
                                    <cell role="data">
                                        <HIS:hisRef type="person" target="Navneregister_HISe.xml#peCU">Fru Ursin</HIS:hisRef>.</cell>
                                </row>
<row>
                                    <cell role="data">Stråmand</cell>
                                    <cell role="filler"/>
                                    <cell role="data">
                                        <HIS:hisRef type="person" target="Navneregister_HISe.xml#peHeKl">
                                            <anchor type="lemma" xml:id="koB13_654"/>Herr Clausen</HIS:hisRef>.</cell>
                                </row>
<row>
                                    <cell role="data">Fru Stråmand</cell>
                                    <cell role="filler"/>
                                    <cell role="data">
                                        <HIS:hisRef type="person" target="Navneregister_HISe.xml#peLW">Fru Wolf</HIS:hisRef>.</cell>
                                </row>
</table>
                        </p>
<p>eller:</p>
<p>
                            <table rend="settesManuelt">
<row>
                                    <cell role="data">Fru Halm</cell>
                                    <cell role="filler"/>
                                    <cell role="data">
                                        <HIS:hisRef type="person" target="Navneregister_HISe.xml#peSGi">Fru Giebelhausen</HIS:hisRef>.</cell>
                                </row>
<row>
                                    <cell role="data">Falk</cell>
                                    <cell role="filler"/>
                                    <cell role="data">
                                        <HIS:hisRef type="person" target="Navneregister_HISe.xml#peARei">Herr Reimers</HIS:hisRef> (?)</cell>
                                </row>
<row>
                                    <cell role="data">Lind</cell>
                                    <cell role="filler"/>
                                    <cell role="data">
                                        <HIS:hisRef type="person" target="Navneregister_HISe.xml#peHBru">Herr H: Brun</HIS:hisRef>.</cell>
                                </row>
<row>
                                    <cell role="data">Frøken Skjære</cell>
                                    <cell role="filler"/>
                                    <cell role="data">Fru Wolf.</cell>
                                </row>
<row>
                                    <cell role="data">Stråmand</cell>
                                    <cell role="filler"/>
                                    <cell role="data">Herr J: Brun.</cell>
                                </row>
<row>
                                    <cell role="data">Fru Stråmand</cell>
                                    <cell role="filler"/>
                                    <cell role="data">Frøken Parelius.</cell>
                                </row>
</table>
                        </p>
</div>
</back>
</text>