<?xml version="1.0" encoding="UTF-8"?><text xmlns="http://www.tei-c.org/ns/1.0" xmlns:HIS="http://www.example.org/ns/HIS" rend="letter" corresp="B18630527KongK4" xml:lang="da-no">
<body>
<div type="letter">
<dateline>Christiania den <date>27<hi rend="raised">de</hi> Mai 1863</date>.</dateline>
<salute>Til Kongen!</salute>
<p>Henrik Ibsen ansøger underdanigst om, af <anchor type="lemma" xml:id="koB12_785"/>Fondet til Videnskabsmænds og Kunstneres Rejser i Udlandet, at maatte bevilges et Stipendium, stort 600 (sex hundrede) Spd. for under et Aars Ophold <anchor type="lemma" xml:id="koB12_786"/>væsentligst i <HIS:hisRef type="place" target="Navneregister_HISe.xml#plRom">Rom</HIS:hisRef> og <HIS:hisRef type="place" target="Navneregister_HISe.xml#plPa">Paris</HIS:hisRef> at studere Kunst, Kunsthistorie og Skjønliteratur.</p>
<p>I et i indeværende Aar indgivet underdanigst Andragende, gaaende ud paa at der, i Lighed med hvad der for <HIS:hisRef type="person" target="Navneregister_HISe.xml#peBB">
                                <anchor type="lemma" xml:id="koB12_787"/>en anden norsk Forfatters</HIS:hisRef> Vedkommende var skeet, maatte blive fremsat kongelig Proposition til det nu forsamlede <HIS:hisRef type="org" target="Navneregister_HISe.xml#orgStort">Storthing</HIS:hisRef> om at bevilge mig en aarlig Gage af Statskassen, har jeg givet en Udsigt over min snart trettenaarige Forfattervirksomhed og over mine Livsvilkaar forøvrigt, hvilken Fremstilling jeg vover at paaberaabe mig til Støtte for denne min fornyede underdanigste Henvendelse til Deres Majestæt. De mange og store Vanskeligheder, en Forfatter hertillands har at kjæmpe med, forøges i en end yderligere Grad ved den næsten fuldstændige Mangel paa Anledning til at erhverve det Grundlag af alsidig Uddannelse, der ellers overalt ansees som en nødvendig Betingelse for med Held og størst muligt Udbytte at virke paa den Bane, hvortil jeg tror mig kaldet.</p>
<p>Idet jeg vover at bemærke at Rejsestipendier af lignende Art allerede har, med Undtagelse af mig, <anchor type="lemma" xml:id="koB12_788"/>været tilstaaet samtlige norske Forfattere, der har gjort den literære Production til deres udelukkende Livsgjerning, er det derfor at jeg herved underdanigst ansøger om at der af Fondet til Videnskabsmænds og Kunstneres Rejser i Udlandet maa blive mig bevilget et Stipendium, stort sex Hundrede Spdlr. for under et Aars Ophold væsentligst i Rom og Paris at studere Kunst, <anchor type="lemma" xml:id="koB12_789"/>Kunsthistorie og Literatur.</p>
<salute>Underdanigst</salute>
<signed>Henrik Ibsen.</signed>
</div>
</body>
</text>