<?xml version="1.0" encoding="UTF-8"?><text xmlns="http://www.tei-c.org/ns/1.0" xmlns:HIS="http://www.example.org/ns/HIS" rend="letter" corresp="B18661123FH2" xml:lang="da-no">
                <front>
<pb n="[a]"/>
<HIS:envelope type="sheet">
<address>
<addrLine>Herr Cancelliraad Hegel</addrLine>
<addrLine>Kjøbenhavn.</addrLine>
</address>
</HIS:envelope>
</front>
<body>
<div type="letter">
<dateline>
                            <pb n="[1]"/>Rom den <date>23<hi rend="raised">de</hi> Novbr: 1866</date>. –</dateline>
<salute>Kjære Hr: Cancelliraad Hegel!</salute>
<p>For at tjene <anchor type="lemma" xml:id="koB12_1429"/>en fælles Landsmand hernede har jeg taget mig den Frihed at udstede en Anvisning paa Dem, stor <anchor type="lemma" xml:id="koB12_1430"/>halvtredsindstyve Rdlr:, som jeg beder Dem bevise mig den Godhed at honorere. Jeg ledsager Anvisningen med disse Linjer for at opplyse om, at endskjønt Summen er den samme, som den i mit sidste Brev omskrevne (og denne Anvisning ligeledes udstedt i <HIS:hisRef type="person" target="Navneregister_HISe.xml#peNR">N. Ravnkildes</HIS:hisRef> Interesse) – saa har denne Affære intet at bestille med den af mig <anchor type="lemma" xml:id="koB12_1431"/>tidligere omskrevne. – Jeg sender Dem i Hast mine hjerteligste Hilsener og tegner mig</p>
<salute>Deres ærbødigst hengivne</salute>
<signed>Henrik Ibsen.</signed>
</div>
</body>
</text>