<?xml version="1.0" encoding="UTF-8"?><text xmlns="http://www.tei-c.org/ns/1.0" xmlns:HIS="http://www.example.org/ns/HIS" rend="letter" corresp="B18720605SWH" xml:lang="da-no">
<body>
<div type="letter">
<dateline>
                            <pb n="[1]"/>Dresden den <date>5<hi rend="raised">te</hi> Juni 1872</date>. –</dateline>
<salute>Herr <anchor type="lemma" xml:id="koB13_509"/>cand: Hofgaard!</salute>
<p>Igår eftermiddag havde jeg anledning til at tale med <HIS:hisRef type="person" target="Navneregister_HISe.xml#pePH">dr: Hohlfeld</HIS:hisRef>, som vil gøre sig en fornøjelse af at kunne være Dem til tjeneste.</p>
<p>Hans bolig er: Grosse Klostergasse, Hinterhaus, 3 Treppen. Tiden bekvemmest imellem ¼ 1–2.</p>
<p>Jeg har sagt ham at De nærmest ønskede at gøre Dem bekendt med den her brugelige methode ved undervisningen i de moderne sprog. Hvad De for øvrigt ønsker oplysning om, må De bestemt udtale for ham. Især bør De direkte anmode ham om at skaffe Dem adgang til en eller flere skoler, hvor De kunde erholde tilladelse til <pb n="[2]"/>at overvære undervisningen.</p>
<p>Er der ellers noget, hvori jeg kan bistå Dem, så vær så god at sige til.</p>
<salute>Deres</salute>
<signed>Henrik Ibsen.</signed>
<pb n="[3]"/>
<pb n="[4]"/>
</div>
</body>
</text>