<?xml version="1.0" encoding="UTF-8"?><text xmlns="http://www.tei-c.org/ns/1.0" xmlns:HIS="http://www.example.org/ns/HIS" rend="letter" corresp="B18690615FH" xml:lang="da-no">
                <body>
<div type="letter">
<dateline>
                            <pb n="[1]"/>Dresden, <date>15<hi rend="raised">de</hi> Juni 1869</date>.</dateline>
<salute>Kjære Herr Cancelliraad Hegel!</salute>
<p>Forbindtligst Takk for de tillsendte 75 Thaler pr: saavelsom for <anchor type="lemma" xml:id="koB12_2046"/>Numrene af Fædrelandet!</p>
<p>
                            <anchor type="lemma" xml:id="koB12_2047"/>Indlagt følger min Skrivelse till <HIS:hisRef type="org" target="Navneregister_HISe.xml#orgKT">det kgl: Theater</HIS:hisRef>; om et Par Dage eller kanske imorgen sender jeg Dem <anchor type="lemma" xml:id="koB12_2048"/>de to øvrige till godhedsfuld Besørgelse.</p>
<p>
                            <anchor type="lemma" xml:id="koB12_2049"/>Min Biografi kommer med det første i den Stokholmske «Ny illustr: Tidning», ligesaa i en tydsk Tidende paa <anchor type="lemma" xml:id="koB12_2050"/>Foranstaltning af Oversætteren af <HIS:hisRef type="work" target="Navneregister_HISe.xml#woBr">«Brand»</HIS:hisRef>. <HIS:hisRef type="work" target="Navneregister_HISe.xml#woKG">
                                <anchor type="lemma" xml:id="koB12_2051"/>«Kejser Julian»</HIS:hisRef> sysselsætter alle mine Tanker; jeg tror der kan formes noget stort ud af det Stof.</p>
<salute>Deres ærbødigst hengivne</salute>
<signed>Henrik Ibsen.</signed>
</div>
</body>
</text>