<?xml version="1.0" encoding="UTF-8"?><text xmlns="http://www.tei-c.org/ns/1.0" xmlns:HIS="http://www.example.org/ns/HIS" rend="letter" corresp="B18700307OvK" xml:lang="da-no">
<front>
<pb n="[a]"/>
<HIS:envelope type="envelope">
<address>
<addrLine>Herrn Oscar von Knorring.</addrLine>
<addrLine>Hauptmann, Ritter etc. etc.</addrLine>
<addrLine>Drottning-gatan N<hi rend="raised">o</hi> 98.</addrLine>
<addrLine>Stockholm.</addrLine>
</address>
<stamp>fr:</stamp>
</HIS:envelope>
</front>
<body>
<div type="letter">
<dateline>
                            <pb n="[1]"/>Dresden den <date>7<hi rend="raised">de</hi> marts 1870</date>. –</dateline>
<salute>Min kære og højt ærede ven!</salute>
<p>Netop som jeg idag skulde till at besvare <anchor type="lemma" xml:id="koB12_2356"/>din skrivelse fra <HIS:hisRef type="place" target="Navneregister_HISe.xml#plKbh">København</HIS:hisRef>, havde jeg den store glæde at modtage <anchor type="lemma" xml:id="koB12_2357"/>dit venlige brev fra <HIS:hisRef type="place" target="Navneregister_HISe.xml#plSthlm">Stockholm</HIS:hisRef> og kan nu frembære min hjerteligste takk for dem begge to på engang.</p>
<p>Når jeg så længe har udsat med at skrive, så var det fordi jeg umulig kunde tænke at Du <anchor type="lemma" xml:id="koB12_2358"/>i denne hårde Tid havde vovet Dig over <HIS:hisRef type="tcNote" xml:id="noteT12_624" target="B1844-1871ht_noter.xml" corresp="noteT12_624">sundet</HIS:hisRef>. Ja, det må i sandhed have været en forfærdelig rejse, Du har havt fra <HIS:hisRef type="place" target="Navneregister_HISe.xml#plPa">Paris</HIS:hisRef>! For mit vedkommende synes jeg at <HIS:hisRef type="place" target="Navneregister_HISe.xml#plEg">Egyptens</HIS:hisRef> solhede må være ti gange at foretrække for den sibiriske <HIS:hisRef type="tcNote" xml:id="noteT12_625" target="B1844-1871ht_noter.xml" corresp="noteT12_625">temperatur</HIS:hisRef>, Du rimeligvis har været udsat for. I det hele kan Du nok sige at Du har prøvet <anchor type="lemma" xml:id="koB12_2359"/>extremerne på <anchor type="lemma" xml:id="koB12_2360"/>din udenlandsfærd. Men i grunden er Du jo en <anchor type="lemma" xml:id="koB12_2361"/>kæmpestærk Mand, og når <pb n="[2]"/>det først lykkeligt er overstået, så er det jo behageligt siden at tænke tillbage på.</p>
<p>
                            <anchor type="lemma" xml:id="koB12_2362"/>Mit seneste brev håber jeg Du modtog i Paris; det var adresseret till <anchor type="lemma" xml:id="koB12_2363"/>vort sendebud dersteds. Du har været i min tanke <anchor type="lemma" xml:id="koB12_2364"/>hver <HIS:hisRef type="tcNote" xml:id="noteT12_626" target="B1844-1871ht_noter.xml" corresp="noteT12_626">Dag</HIS:hisRef> siden vi skiltes; og jeg tør vel sige at jeg skylder Dig det indholdsrigeste afsnit af mit liv, og at det aldrig vil kunne stå i min magt at vise Dig min takknemmelighed i det mål, som Du fortjener den. Mange andre steder i verden kunde jeg jo altid komme; men <anchor type="lemma" xml:id="koB12_2365"/>till Egypten var jeg aldrig kommen uden ved hjælp af Dig. Dog, herom vil jeg ikke videre udtale mig till Dig, men i <anchor type="lemma" xml:id="koB12_2366"/>min officielle rejseberettning, og i <anchor type="lemma" xml:id="koB12_2367"/>min rejseskildring, som jeg nu skriver på, og hvoraf om nogle uger den første prøve vil komme i det norske «Morgenbladet».</p>
<p>Jeg takker og jeg ønsker Dig till lykke med <anchor type="lemma" xml:id="koB12_2368"/>din opptræden ved festmiddagen i Paris. Ligeså takker jeg Dig fordi Du var en venlig tillskuer ved oppførelsen af <HIS:hisRef type="work" target="Navneregister_HISe.xml#woUF">«De unges forbund»</HIS:hisRef> i København. Din idé, at vi skulde skrive <anchor type="lemma" xml:id="koB12_2369"/>en egyptisk komedie, interesserer mig levende og jeg har tænkt meget over den sag. Jeg tror at grundplanen måtte være at en svensk, en dansk og en norsk, muligens <pb n="[3]"/>med sine respektive familjer, var rejst med den berlinske <HIS:hisRef type="person" target="Navneregister_HISe.xml#peKSt">rejseagent <anchor type="lemma" xml:id="koB12_2370"/>Stangens</HIS:hisRef> store selskab till Egypten (Du ved, at et sådant var i <HIS:hisRef type="place" target="Navneregister_HISe.xml#plKa">Kairo</HIS:hisRef> og ved kanalindvielsen.) Mange løjerlige situationer både med indfødte og med personer fra andre europæiske lande kunde derved bringes tillveje, og stykket vilde passe for hele Skandinavien. Dans, dekorationer og musik måtte der ikke spares på. Men lad mig nu høre <emph>din</emph> mening; har Du noget bedre at foreslå, så går jeg ind på det. Forøvrigt er det min tanke at komme opp <anchor type="lemma" xml:id="koB12_2371"/>till Stockholm till våren, og da kan vi forhandle om sagen. –</p>
<p>Jeg kan begribe at <anchor type="lemma" xml:id="koB12_2372"/>korrespondencen om ordensuddelingen i Kairo har forvoldt Dig ubehageligheder; men jeg kan forsikkre Dig at Du, ialfald i <HIS:hisRef type="place" target="Navneregister_HISe.xml#plN">Norge</HIS:hisRef>, og visst ogsaa i <HIS:hisRef type="tcNote" xml:id="noteT12_627" target="B1844-1871ht_noter.xml" corresp="noteT12_627">
                                <HIS:hisRef type="place" target="Navneregister_HISe.xml#plSE">Sverig</HIS:hisRef>,</HIS:hisRef> har vundet og ikke tabt derved. Enhver skjønner hvorledes det hele hænger sammen, og når Du ved <anchor type="lemma" xml:id="koB12_2373"/>taushed skåner vedkommende, så har Du også derved bevist <HIS:hisRef type="tcNote" xml:id="noteT12_628" target="B1844-1871ht_noter.xml" corresp="noteT12_628">Dig</HIS:hisRef> at være den sande riddersmand, som Du forøvrigt er i al din færd, og hvorfor jeg også till min <HIS:hisRef type="tcNote" xml:id="noteT12_629" target="B1844-1871ht_noter.xml" corresp="noteT12_629">dødsdag</HIS:hisRef> vil sætte min ære i at beholde dit <pb n="[4]"/>venskab. Men han, som er opphavsmanden, skylder Dig stor takknemmelighed, og det håber jeg at han i gerningen vil vise. <anchor type="lemma" xml:id="koB12_2374"/>«Türk-dekorationen» glæder jeg mig meget till, både for udmærkelsen i og for sig selv og fordi jeg da kan sende min rejseberettning med langt større <anchor type="lemma" xml:id="koB12_2375"/>eclat end ellers.</p>
<p>Og hermed, kære hedersven, vil jeg slutte for denne gang. Skriv mig snart till. Der går ingen dag uden at vi her taler om Dig; <HIS:hisRef type="person" target="Navneregister_HISe.xml#peSuI">min hustru</HIS:hisRef> og <anchor type="lemma" xml:id="koB12_2376"/>
                            <HIS:hisRef type="person" target="Navneregister_HISe.xml#peMTh">min svigerinde</HIS:hisRef>, som er hos os, tør jeg uden overdrivelse med et københavnsk udtryk sige <anchor type="lemma" xml:id="koB12_2377"/>«sværmer» for Dig, og jeg må fortælle om igjen og om igjen om <anchor type="lemma" xml:id="koB12_2378"/>dine kjække sammenstød <HIS:hisRef type="tcNote" xml:id="noteT12_630" target="B1844-1871ht_noter.xml" corresp="noteT12_630">med</HIS:hisRef> tyskere og franskmænd, om din udmærkte måde at repræsentere vore lande på, om Dit trofaste venskab for mig, og alt hvad jeg forresten aldrig skal glemme. – Bring så din ærede familje og modtag selv den hjerteligste hilsen fra</p>
<salute>Din altid hengivne og forbundne</salute>
<signed>Henrik Ibsen.</signed>
</div>
</body>
</text>