<?xml version="1.0" encoding="UTF-8"?><text xmlns="http://www.tei-c.org/ns/1.0" xmlns:HIS="http://www.example.org/ns/HIS" rend="letter" corresp="B18691230SAH" xml:lang="da-no">
<body>
<div type="letter">
<salute>
                            <pb n="[1]"/>Till Red: af «Götheborgs Handels- ock Sjöfarts-Tidning».</salute>
<p>
                            <anchor type="lemma" xml:id="koB12_2231"/>Et udtrykk i Deres ärede blad angående en overräkkelse af nogle svenske og norske ordensdekorationer, der skal have fundet sted i <HIS:hisRef type="place" target="Navneregister_HISe.xml#plKa">Kairo</HIS:hisRef> den 8<hi rend="raised">de</hi> november, giver mig grund till at tro, at De tillägger mig forfatterskabet af de <anchor type="lemma" xml:id="koB12_2232"/>i «Morgenbladet» opptagne og med <HIS:hisRef type="person" target="Navneregister_HISe.xml#peJDCL">signaturen I-s</HIS:hisRef> forsynede korrespondentartikler fra <HIS:hisRef type="place" target="Navneregister_HISe.xml#plEg">Egypten</HIS:hisRef>.</p>
<p>Dette forholder sig ikke så. Jeg har under min egyptiske rejse intet offentliggjort og befandt mig forövrigt den 8<hi rend="raised">de</hi> november henimod 100 mile fra Kairo.</p>
<dateline>Dresden, <date>30<hi rend="raised">te</hi> december 1869</date>.</dateline>
<salute>ärbödigst</salute>
<signed>Henrik Ibsen.</signed>
</div>
</body>
</text>