<?xml version="1.0" encoding="UTF-8"?><text xmlns="http://www.tei-c.org/ns/1.0" xmlns:HIS="http://www.example.org/ns/HIS" rend="letter" corresp="B18650325KNVS" xml:lang="da-no">
                <body>
<div type="letter">
<dateline>
                            <pb n="[1]"/>Rom den <date>25<hi rend="raised">de</hi> Marts 1865</date>.</dateline>
<salute>Til Det kgl: Videnskabernes Selskab i Trondhjem.</salute>
<p>I sin Tid blev mig af Regjeringen bevilget et <anchor type="lemma" xml:id="koB12_909"/>Stipendium stort 400 Sp<hi rend="raised">d</hi> for dermed at foretage en Udenlandsrejse, navnlig til <HIS:hisRef type="place" target="Navneregister_HISe.xml#plRom">Rom</HIS:hisRef> og <HIS:hisRef type="place" target="Navneregister_HISe.xml#plPa">Paris</HIS:hisRef>.</p>
<p>Dels ved dette Stipendium, og dels og fornemmelig støttet til <anchor type="lemma" xml:id="koB12_910"/>privat Bistand fra <HIS:hisRef type="place" target="Navneregister_HISe.xml#plKri">Kristiania</HIS:hisRef>, har jeg nu i et Aar opholdt mig i Udlandet og den største Del af Tiden i Rom. Men det er umuligt at gjennemleve Rom paa saa kort en Tid. Jeg, for mit Vedkommende, behøver endnu et Aars Ophold her, hvis ikke Rejsen skal mere end halvvejs forfejles. Hertil kommer at jeg har under <HIS:hisRef type="tcNote" xml:id="noteT12_223" target="B1844-1871ht_noter.xml" corresp="noteT12_223">Forberedelse</HIS:hisRef> <HIS:hisRef type="work" target="Navneregister_HISe.xml#woKG">et større <anchor type="lemma" xml:id="koB12_911"/>dramatisk Arbejde</HIS:hisRef>, hvis Stof er taget fra den romerske Historie; dette Arbejde, som jeg har paabegyndt <pb n="[2]"/>her, maa jeg ogsaa fuldføre her; midt under en saadan Produktion at skifte Opholdssted er det samme som at skifte Stemning og aandeligt Synspunkt tillige, noget, hvorved et Arbejdes Enhed ialfald lider om ikke helt og holdent forstyrres.</p>
<p>
                            <anchor type="lemma" xml:id="koB12_912"/>Den Hjælp jeg hidtil har modtaget hjemmefra, kan jeg ikke længere paaregne og <anchor type="lemma" xml:id="koB12_913"/>Regjeringsstipendierne fornyes ikke undtagen med et større Tidsrum imellem.</p>
<p>I Betragtning heraf er det at jeg herved henvender mig til Direktionen for det kgl: Videnskabernes Selskab med Andragende om at der, i <anchor type="lemma" xml:id="koB12_914"/>Lighed med hvad der tidligere har fundet Sted med norske Digtere og Videnskabsmænd, maa af Selskabets Midler blive mig bevilget en Sum af 500 (fem hundrede) Sp<hi rend="raised">d</hi>, for derved at kunne forlænge mit Ophold i <HIS:hisRef type="place" target="Navneregister_HISe.xml#plIt">Italien</HIS:hisRef> med et Aar, regnet fra Stipendiets Modtagelse.</p>
<p>Min Ven, <HIS:hisRef type="person" target="Navneregister_HISe.xml#peBB">Bjørnstjerne Bjørnson</HIS:hisRef>, i hvis Hænder jeg forøvrigt har lagt denne Sag, vil forhaabentlig nærmere udvikle hvad der maatte tale til <pb n="[3]"/>Fordel for mit Andragende.</p>
<p>Det ligger i Forholdenes Natur at en snarlig Afgjørelse er mig af megen Vigtighed.</p>
<salute>ærbødigst</salute>
<signed>Henr: Ibsen</signed>
</div>
</body>
</text>