<?xml version="1.0" encoding="UTF-8"?><text xmlns="http://www.tei-c.org/ns/1.0" xmlns:HIS="http://www.example.org/ns/HIS" rend="letter" corresp="B18590806PB" xml:lang="da-no">
<body>
<div type="letter">
<dateline>
                            <pb n="[1]"/>Christiania <date>6/8. 59</date>.</dateline>
<salute>Hr. P: Blytt.</salute>
<p>For første, og, som jeg lover Dem, sidste Gang beder jeg Dem at udvirke <anchor type="lemma" xml:id="koB12_442"/>min Obligation fornyet denne Termin uden Afdrag; mangehaande Udgifter gjør mig det vanskeligt dennegang at udrede det, og jeg stoler paa Deres Venskab. Indlagt følger 3 Sp, min Gjæld til Dem er 1 Sp 6 ʄ, Resten er altsaa tilstrækkeligt til <anchor type="lemma" xml:id="koB12_443"/>Renter saafremt De godhedsfuldt er villig til Ovenstaaende. Jeg har oftere tænkt at skrive Dem til men derved er det ogsaa blevet; et <anchor type="lemma" xml:id="koB12_444"/>Pragtexemplar af <HIS:hisRef type="work" target="Navneregister_HISe.xml#woHH">«Hærmendene»</HIS:hisRef> har jeg længe havt liggende til Dem, men det er gaaet med Afsendelsen heraf som med mine Breve. Nogle Ord fra Dem vilde glæde mig usigeligt, – og da dygtigt meget om de bergenske Theater- og andre Anliggender! – De har vel hørt <anchor type="lemma" xml:id="koB12_445"/>den frygtelige <pb n="[2]"/>Ildebrandshistorie herinde? 18 Lig ligger nu paa Hospitalet og man graver efter flere. Forresten intet Nyt; jeg lever meget vel og sender Dem min forbindtligste Hilsen,</p>
<salute>venskabeligst</salute>
<signed>Henr: Ibsen</signed>
</div>
<div type="postscript">
<p>P.S.</p>
<p>
                            <HIS:hisRef type="person" target="Navneregister_HISe.xml#peSiP">Siegw: Petersen</HIS:hisRef> har De vel talt med i Bergen? Er ikke det et storartet Foretagende, saaledes at holde et <anchor type="lemma" xml:id="koB12_446"/>ambulerende Medlem af <HIS:hisRef type="org" target="Navneregister_HISe.xml#orgNTB">Theaterdirektionen</HIS:hisRef> til at reise Landet rundt?</p>
</div>
</body>
</text>