<?xml version="1.0" encoding="UTF-8"?><text xmlns="http://www.tei-c.org/ns/1.0" xmlns:HIS="http://www.example.org/ns/HIS" rend="letter" corresp="B18690926HSto" xml:lang="da-no">
                <body>
<div type="letter">
<dateline>
                            <pb n="[1]"/>Stockholm den <date>26<hi rend="raised">de</hi> September 1869</date>.</dateline>
<salute>Kjære Hedvig!</salute>
<p>
                            <anchor type="lemma" xml:id="koB12_2177"/>Der er gaaet Maaneder siden jeg modtog dit kjærlige Brev, – og nu først svarer jeg. Men der er saa meget, som staar imellem os, imellem mig og Hjemmet; forstaa dette og tro ikke at jeg i de lange Aar og nu senest i Sommer har tiet af Ligegyldighed. Jeg kan ikke skrive Breve; jeg maa være personligt nær og give mig selv helt og holdent. Du derimod, Du kan skrive; gjør det; gjør det ofte! Jeg skal svare – med en kjærlig Hilsen ialfald, med et Budskab, som jeg haaber ikke skal bedrøve Dig.</p>
<p>Jeg ser indad i mig selv; der har jeg min Kampplads, hvor jeg snart sejrer snart lider Nederlag. Men om alt dette lader sig intet skrive i et Brev. <anchor type="lemma" xml:id="koB12_2178"/>Forsøg ikke paa <pb n="[2]"/>noget Omvendelsesværk. Jeg vil være sand; hvad der skal komme, det kommer nok.</p>
<p>
                            <HIS:hisRef type="person" target="Navneregister_HISe.xml#peMI">Vor kjære gamle Moder</HIS:hisRef> er altsaa død. Takk, fordi Du saa kjærlighedsfuldt har <anchor type="lemma" xml:id="koB12_2179"/>baaret Pligten for os andre. Du er visselig den bedste!</p>
<p>Jeg flakker meget omkring i Verden. Hvem ved om jeg ikke <anchor type="lemma" xml:id="koB12_2180"/>næste Sommer kommer till <HIS:hisRef type="place" target="Navneregister_HISe.xml#plN">Norge</HIS:hisRef>, og da vil jeg se det gamle Hjem, hvor jeg dog endnu hænger fast med saa mange Rødder. Hils <HIS:hisRef type="person" target="Navneregister_HISe.xml#peKPI">Fader</HIS:hisRef> kjærligst fra mig; forklar ham, angaaende mig, hvad Du saa godt forstaar; han gjør det kanske ikke.</p>
<p>Her i <HIS:hisRef type="place" target="Navneregister_HISe.xml#plSthlm">Stockholm</HIS:hisRef> har jeg været siden Midten af Juli; nu rejser jeg over <HIS:hisRef type="place" target="Navneregister_HISe.xml#plDre">Dresden</HIS:hisRef> og <HIS:hisRef type="place" target="Navneregister_HISe.xml#plPa">Paris</HIS:hisRef> <anchor type="lemma" xml:id="koB12_2181"/>till <HIS:hisRef type="place" target="Navneregister_HISe.xml#plEg">Egypten</HIS:hisRef>, hvorhen jeg, som Du maaske af Aviserne har erfaret, er indbuden af <HIS:hisRef type="person" target="Navneregister_HISe.xml#peIsP">Vicekongen</HIS:hisRef>. I Midten af December tænker jeg igjen at være i Dresden, hvor <HIS:hisRef type="person" target="Navneregister_HISe.xml#peSuI">min Kone</HIS:hisRef> er og hvor <HIS:hisRef type="person" target="Navneregister_HISe.xml#peSiI">min lille <anchor type="lemma" xml:id="koB12_2182"/>Gut</HIS:hisRef> gaar i Skole; jeg har kun den ene.</p>
<p>Indlagt sender jeg Dig mit Portræt; har Du noget Billede <HIS:hisRef type="tcNote" xml:id="noteT12_586" target="B1844-1871ht_noter.xml" corresp="noteT12_586">af</HIS:hisRef> Dig <pb n="[3]"/>og dine, saa send os et igjen. Min Kone skulde jeg ønske Du kjendte; hun passer aldeles for mig og beder mig hilse. Vor Adresse i Dresden er: Königsbrücker-Strasse, N<hi rend="raised">o</hi> 33.</p>
<p>Dette Brev er kort og jeg er <anchor type="lemma" xml:id="koB12_2183"/>gaaet forbi, hvad Du maaske ønskede at jeg især skulde udtale mig om. Anderledes kan det for Tiden ikke være; men tro ikke at jeg mangler den Hjærtevarme, som først og fremst maa være tillstede, hvor et sandt og stærkt Aandsliv skal trives.</p>
<p>
                            <HIS:hisRef type="tcNote" xml:id="noteT12_587" target="B1844-1871ht_noter.xml" corresp="noteT12_587">
                                <gap reason="damage"/>
                            </HIS:hisRef>
                        </p>
</div>
</body>
</text>