<?xml version="1.0" encoding="UTF-8"?><text xmlns="http://www.tei-c.org/ns/1.0" xmlns:HIS="http://www.example.org/ns/HIS" rend="letter" corresp="B18710518GB" xml:lang="da-no">
                <body>
<div type="letter">
<dateline>
                            <pb n="[1]"/>Dresden den <date>18<hi rend="raised">de</hi> Maj 1871</date>. –</dateline>
<salute>Kære Brandes!</salute>
<p>Gennem <HIS:hisRef type="person" target="Navneregister_HISe.xml#peJB">vor gamle <anchor type="lemma" xml:id="koB12_3246"/>konsul</HIS:hisRef> håber jeg at De i den sidst forløbne tid har modtaget en hilsen fra mig; i al fald har jeg fremsendt en sådan, og <anchor type="lemma" xml:id="koB12_3247"/>fra <HIS:hisRef type="place" target="Navneregister_HISe.xml#plKbh">København</HIS:hisRef> har jeg med glæde hørt at De nu er <anchor type="lemma" xml:id="koB12_3248"/>rask igen og for længe siden uden fare. Ja, faren har jeg nu egentlig ikke troet på; man dør ikke i <anchor type="lemma" xml:id="koB12_3249"/>expositionen; <anchor type="lemma" xml:id="koB12_3250"/>den store <anchor type="lemma" xml:id="koB12_3250a"/>verdens-dramaturg behøver Dem til en hovedrolle i den <anchor type="lemma" xml:id="koB12_3251"/>«Haupt- und Statsaction», som han vel nu snart belaver sig på at lade opføre for et højstæret publikum.</p>
<p>Hjertelig tak for <anchor type="lemma" xml:id="koB12_3252"/>portrætet! Det har hjulpet mig et stort skridt fremad til forståelse, eller egentlig til tilegnelse af Deres indre personlighed. At denne ligger klar nok i <anchor type="lemma" xml:id="koB12_3253"/>Deres værker, er utvivlsomt; men jeg vil altid gerne have en <pb n="[2]"/>personlig form at knytte forestillingen til. Derfor slår jeg mig heller ikke til ro før jeg har truffet Dem, og jeg tænker det da vil vise sig at vi samstemmer i noget mere end <anchor type="lemma" xml:id="koB12_3254"/>forkærlighed for fløjelsfrakker.</p>
<p>I denne temmelig lange mellemtid har jeg ikke kunnet bekvemme mig til at tilskrive Dem. Af Deres sidste breve fremgik at De var en smule vred på mig, og da nu <anchor type="lemma" xml:id="koB12_3255"/>udgivelsen af <HIS:hisRef type="work" target="Navneregister_HISe.xml#woDi">mine digte</HIS:hisRef> stod for døren, vilde jeg ikke gøre noget skridt, der kunde se ud som et forsøg på at få Dem forsonet før gennemlæsningen. At Deres opfatning ikke lader sig bestikke, ved jeg meget vel; men en vis takt bød mig at undgå ethvert skin af at have troet noget sådant. Kære ven, De vil forstå dette.</p>
<p>Jeg håber at <HIS:hisRef type="person" target="Navneregister_HISe.xml#peFH">Hegel</HIS:hisRef> for længe siden har sendt Dem bogen. Der er både nyt og gammelt deri, og meget, som jeg ikke lægger vidre vægt på; men det hører dog altsammen med til min udviklingshistorie. Sig mig så Deres <pb n="[3]"/>
                            <HIS:hisRef type="tcNote" xml:id="noteT12_752" target="B1844-1871ht_noter.xml" corresp="noteT12_752">dom</HIS:hisRef> derom; jeg lægger den allerstørste vægt på at få denne at vide.</p>
<p>Og hvad bestiller De så dernede i det dejlige varme <HIS:hisRef type="place" target="Navneregister_HISe.xml#plIt">Italien</HIS:hisRef>? En fordel har måske Deres sygdom bragt Dem, den nemlig at De får leve en sommer dernede. Jeg tænker daglig på Dem; jeg ser Dem snart i <anchor type="lemma" xml:id="koB12_3256"/>
                            <HIS:hisRef type="place" target="Navneregister_HISe.xml#plFras">Frascati</HIS:hisRef> snart i Albano eller <HIS:hisRef type="place" target="Navneregister_HISe.xml#plAric">Ariccia</HIS:hisRef>. Hvilket er nu det rette? Og hvad forberedes dernede af nyt for vor åndelige fremtid? Thi at noget sådant er modnet under Deres lange sygdom, det tror jeg sikkert. Det er et af goderne ved en afkræftelse, at den giver renhed, og vækst til så meget, som ellers ikke får udfolde sig. Jeg har kun <anchor type="lemma" xml:id="koB12_3257"/>en eneste gang været rigtig syg; men just derfor har jeg måske aldrig været rigtig frisk. <anchor type="lemma" xml:id="koB12_3258"/>Chi lo sa!</p>
<p>Er det ikke nederdrægtigt af <anchor type="lemma" xml:id="koB12_3259"/>«Communen» i <HIS:hisRef type="place" target="Navneregister_HISe.xml#plPa">Paris</HIS:hisRef> at den har gået hen og fordærvet mig min fortræffelige stats-theori – eller rettere – ikke-stats-theori! Nu er ideen ødelagt for lange tider, og jeg kan ikke engang anstændigvis fremsætte den på vers. Men den har en sund kerne i sig, <pb n="[4]"/>det ser jeg så klart; og engang vil den nok blive praktiseret uden al karrikatur. –</p>
<p>Jeg har ofte tænkt på, hvad De engang skrev, at jeg ikke havde tilegnet mig <anchor type="lemma" xml:id="koB12_3260"/>videnskabens nuværende standpunkt. Hvorledes skulde jeg også kunne overkomme dette? Men fødes dog ikke enhver generation med samtidens forudsætninger? Har De aldrig i en portrætsamling fra et af de foregående århundreder bemærket en forunderlig familjelighed mellem de forskellige personer af samme periode? Således også i det åndelige. Hvad <anchor type="lemma" xml:id="koB12_3261"/>vi profane ikke har som viden, det tror jeg vi til en viss grad har som anelse eller instinkt. Og en digters opgave er jo også væsentlig at <emph>se</emph>, ikke at reflektere; navnlig vilde jeg for mig selv se en fare heri.</p>
<p>Kære Brandes, – det er mig altid en lettelse at udtale mig for Dem, og en stor, stor glæde at høre Dem tale, selv blot på papiret. Glæd da nu snart</p>
<salute>Deres hengivne</salute>
<signed>Henrik Ibsen.</signed>
</div>
</body>
</text>