<?xml version="1.0" encoding="UTF-8"?><text xmlns="http://www.tei-c.org/ns/1.0" xmlns:HIS="http://www.example.org/ns/HIS" rend="letter" corresp="B18710323FH" xml:lang="da-no">
                <front>
<pb n="[a]"/>
<HIS:envelope type="sheet">
<address>
                            <addrLine>Hr: cancelliråd Hegel.</addrLine>
                        </address>
</HIS:envelope>
</front>
<body>
<div type="letter">
<dateline>
                            <pb n="[1]"/>Dresden den <date>23<hi rend="raised">de</hi> Marts 1871</date>. –</dateline>
<salute>Kære herr Hegel!</salute>
<p>Med tak erkender jeg modtagelsen af Deres venlige brev af 3<hi rend="raised">die</hi> dennes, hvori indlagt <anchor type="lemma" xml:id="koB12_3100"/>150 thaler: <HIS:hisRef type="tcNote" xml:id="noteT12_745" target="B1844-1871ht_noter.xml" corresp="noteT12_745">pr:.</HIS:hisRef> <anchor type="lemma" xml:id="koB12_3101"/>Fuldmagt til at hæve mit honorar ved <HIS:hisRef type="org" target="Navneregister_HISe.xml#orgKT">det kgl: theater</HIS:hisRef> har jeg ikke sendt, da jeg antog det overflødigt. Fejler jeg heri, beder jeg mig derom underrettet.</p>
<p>Det var en virkelig elskværdig opmærksomhed af Dem at sende mig <anchor type="lemma" xml:id="koB12_3102"/>det smukke ordensbånd, som jeg ganske visst ikke her vilde kunne have <anchor type="lemma" xml:id="koB12_3103"/>erholdt. Hjertelig tak også herfor!</p>
<p>Mange hilsener til Dem og <HIS:hisRef type="person" target="Navneregister_HISe.xml#peJH">Deres søn</HIS:hisRef>!</p>
<salute>Deres hengivne</salute>
<signed>Henrik Ibsen.</signed>
</div>
</body>
</text>