<?xml version="1.0" encoding="UTF-8"?><text xmlns="http://www.tei-c.org/ns/1.0" xmlns:HIS="http://www.example.org/ns/HIS" rend="letter" corresp="B18651107FH" xml:lang="da-no">
                <body>
<div type="letter">
<dateline>
                            <pb n="[1]"/>Rom den <date>7<hi rend="raised">de</hi> November 1865</date>.</dateline>
<salute>Hr: Cancelliraad Hegel. Kjøbenhavn.</salute>
<p>Herved tillader jeg mig atter at fremsende <HIS:hisRef type="work" target="Navneregister_HISe.xml#woBr">
                                <anchor type="lemma" xml:id="koB12_986"/>100 Sider Manuscript</HIS:hisRef>; det Resterende, som snart skal følge, udgjør mellem 70 og 80 Sider. Jeg tror jeg udtrykte mig noget utydeligt om Correcturlæsningen da jeg i min forrige Skrivelse omtalte denne. Meningen var at en saa omhyggelig Correctur, som muligt, blev læst i <HIS:hisRef type="place" target="Navneregister_HISe.xml#plKbh">Kjøbenhavn</HIS:hisRef> og at der tilsendtes mig et Aftryk til den endelige Revision. Forsendt under <anchor type="lemma" xml:id="koB12_987"/>Korsbaand koster det ikke meget, efter hvad <HIS:hisRef type="person" target="Navneregister_HISe.xml#peCKFM">Professor Molbech</HIS:hisRef> har bragt i Erfaring. Tiden er rigtignok temmelig knap, men dersom <anchor type="lemma" xml:id="koB12_988"/>Revisionsarkene tilsendes mig efterhaanden som de blive færdige, vil ingen synderlig Forsinkelse opstaa; jeg skal herfra expedere dem uopholdelig tilbage.</p>
<salute>Deres ærbødige</salute>
<signed>Henr: Ibsen</signed>
</div>
</body>
</text>