<?xml version="1.0" encoding="UTF-8"?><text xmlns="http://www.tei-c.org/ns/1.0" xmlns:HIS="http://www.example.org/ns/HIS" rend="letter" corresp="B18730422FH" xml:lang="da-no">
<body>
<div type="letter">
<dateline>
                            <pb n="[1]"/>Dresden den <date>22<hi rend="raised">de</hi> April 1873</date>.</dateline>
<salute>Kære herr Hegel!</salute>
<p>Tilgiv godhedsfuldt at jeg siden modtagelsen af Deres venlige brev af 9<hi rend="raised">de</hi> Marts ikke har ladet høre fra mig. I <anchor type="lemma" xml:id="koB13_837"/>alt, hvad det indeholdt, var jeg enig med Dem, og derfor har jeg så længe opsat med at svare.</p>
<p>Det <anchor type="lemma" xml:id="koB13_838"/>rettede exemplar af <HIS:hisRef type="work" target="Navneregister_HISe.xml#woKK">
                                <HIS:hisRef type="tcNote" xml:id="noteT13_133" target="B1871-1879ht_noter.xml" corresp="noteT13_133">«Kærlighedens</HIS:hisRef> komedie»</HIS:hisRef> er forhåbentlig rigtigt kommet Dem ihænde og trykningen af den nye udgave i fuld gang. <HIS:hisRef type="work" target="Navneregister_HISe.xml#woBr">
                                <anchor type="lemma" xml:id="koB13_839"/>«Brand»</HIS:hisRef> må <anchor type="lemma" xml:id="koB13_840"/>oplægges uforandret. Et <anchor type="lemma" xml:id="koB13_841"/>rettet exemplar af <HIS:hisRef type="work" target="Navneregister_HISe.xml#woHH">«Hærmændene»</HIS:hisRef> samt en <anchor type="lemma" xml:id="koB13_842"/>renskrift af det omarbejdede <HIS:hisRef type="work" target="Navneregister_HISe.xml#woF1">«Fru Inger»</HIS:hisRef> skal blive sendt Dem snarest muligt.</p>
<p>Hermed følger <anchor type="lemma" xml:id="koB13_843"/>48 sider manuskript til <HIS:hisRef type="work" target="Navneregister_HISe.xml#woKG">«Kejser og Galilæer»</HIS:hisRef>; fortsættelsen skal nu indløbe regelmæssigt. Jeg påskynder renskriften af alle kræfter, så meget mere, som jeg om nogen tid kommer til at rejse til <HIS:hisRef type="place" target="Navneregister_HISe.xml#plWien">Wien</HIS:hisRef>, hvor jeg er valgt til norsk medlem af den internationale <anchor type="lemma" xml:id="koB13_844"/>jury for kunstudstillingen.</p>
<p>Jeg erindrer ikke <anchor type="lemma" xml:id="koB13_845"/>om jeg på personlisten til det første af stykkerne har opført navnene: «Soldaten Laipso» eller «Soldaten Festus». I dette tilfælde bedes disse navne <emph>udstrøgne</emph>, og derimod, umiddelbart <emph>foran</emph> navnet «Fanebæreren Mauros» <emph>indsat</emph> følgende to navne: «<emph>Underføreren Laipso</emph>» og «Underføreren Varro».</p>
<p>
                            <pb n="[2]"/>
                            <anchor type="lemma" xml:id="koB13_846"/>«Kærlighedens komedie» er det min agt at indlevere til <HIS:hisRef type="org" target="Navneregister_HISe.xml#orgKT">det kongelige theater</HIS:hisRef> så snart den nye udgave er færdig. <anchor type="lemma" xml:id="koB13_847"/>Ligeså «Fru Inger.»</p>
<p>
                            <anchor type="lemma" xml:id="koB13_848"/>Sætternes strike er vel nu forbi i <HIS:hisRef type="place" target="Navneregister_HISe.xml#plKbh">København</HIS:hisRef>; den <anchor type="lemma" xml:id="koB13_849"/>nye skrift lader vel heller ikke længe vente på sig?</p>
<p>Med hjertelige hilsener til Dem og <HIS:hisRef type="person" target="Navneregister_HISe.xml#peJH">Deres søn</HIS:hisRef> tegner jeg mig</p>
<salute>Deres oprigtigt hengivne</salute>
<signed>Henrik Ibsen.</signed>
</div>
</body>
</text>