<?xml version="1.0" encoding="UTF-8"?><text xmlns="http://www.tei-c.org/ns/1.0" xmlns:HIS="http://www.example.org/ns/HIS" rend="letter" corresp="B18741202FH" xml:lang="da-no">
<body>
<div type="letter">
<dateline>
                            <pb n="[1]"/>Dresden den <date>2<hi rend="raised">den</hi> December 1874</date>.</dateline>
<salute>Kære herr Hegel!</salute>
<p>Herved er jeg så fri at vedlægge <anchor type="lemma" xml:id="koB13_1638"/>følgebreve til de exemplarer af <HIS:hisRef type="work" target="Navneregister_HISe.xml#woF2">«Fru Inger»</HIS:hisRef>, som jeg gerne vilde have afleverede.</p>
<p>Til <anchor type="lemma" xml:id="koB13_1639"/>månedsskriftet vil jeg, snarest muligt, levere et bidrag; men <HIS:hisRef type="work" target="Navneregister_HISe.xml#woDi">de <anchor type="lemma" xml:id="koB13_1640"/>omskrevne digte</HIS:hisRef> henligger endnu i en så ufuldført form at de først må gennemarbejdes.</p>
<p>Forbindtligst tak for de tilsendte 150 Thaler, samt for <anchor type="lemma" xml:id="koB13_1641"/>exemplaret af <HIS:hisRef type="work" target="Navneregister_HISe.xml#woC1">«Catilina»</HIS:hisRef>. Med omskrivningen af dette stykke er jeg nu beskæftiget. <HIS:hisRef type="person" target="Navneregister_HISe.xml#pePFSt">Steensballe</HIS:hisRef> ejer ikke forlagsretten til 1<hi rend="raised">ste</hi> oplag; det blev kun, som på titelbladet anført, givet ham i kommision. Den, der bestred udgifterne, var min afdøde ven <HIS:hisRef type="person" target="Navneregister_HISe.xml#peOS">O: Schulrud</HIS:hisRef>, og hvis det er nødvendigt, skal jeg gerne af <HIS:hisRef type="person" target="Navneregister_HISe.xml#peRSch">
                                <anchor type="lemma" xml:id="koB13_1642"/>dennes <HIS:hisRef type="tcNote" xml:id="noteT13_254" target="B1871-1879ht_noter.xml" corresp="noteT13_254">enke</HIS:hisRef>
                            </HIS:hisRef> erholde bemyndigelse for Dem til at indkalde de <anchor type="lemma" xml:id="koB13_1643"/>endnu existerende exemplarer. Herom er De kanske så god at lade mig vide Deres <pb n="[2]"/>mening.</p>
<p>Med hjertelig hilsen til Dem og Deres kære tegner jeg mig</p>
<salute>Deres oprigtigt hengivne</salute>
<signed>Henrik Ibsen.</signed>
</div>
<div type="postscript">
<p>P: s: Den til <HIS:hisRef type="place" target="Navneregister_HISe.xml#plKri">Kristiania</HIS:hisRef> sendte <anchor type="lemma" xml:id="koB13_1644"/>pakke med exemplarer af <HIS:hisRef type="work" target="Navneregister_HISe.xml#woPG">«Peer Gynt»</HIS:hisRef> ligger hos min svoger <HIS:hisRef type="person" target="Navneregister_HISe.xml#peJHT">bureauchef <anchor type="lemma" xml:id="koB13_1645"/>Thoresen</HIS:hisRef> dersteds. Men ved en forveksling med en postsendelse andetsteds fra, som jeg havde bemyndiget ham til at åbne, er også Deres pakke bleven åbnet og kan således ikke <HIS:hisRef type="tcNote" xml:id="noteT13_255" target="B1871-1879ht_noter.xml" corresp="noteT13_255">returneres</HIS:hisRef>. Vil De måske have den godhed at underrette <HIS:hisRef type="tcNote" xml:id="noteT13_256" target="B1871-1879ht_noter.xml" corresp="noteT13_256">mig</HIS:hisRef> om, hvorvidt den muligens kan <anchor type="lemma" xml:id="koB13_1646"/>afleveres til en boghandler i Kristiania?</p>
<salute>Deres</salute>
<signed>H. I.</signed>
</div>
</body>
</text>