<?xml version="1.0" encoding="UTF-8"?><text xmlns="http://www.tei-c.org/ns/1.0" xmlns:HIS="http://www.example.org/ns/HIS" rend="letter" corresp="B18620514JBK" xml:lang="da-no">
                <front>
<pb n="[a]"/>
<HIS:envelope type="sheet">
<address>
<addrLine>Hr. Ingeniørkaptejn Klingenberg.</addrLine>
</address>
</HIS:envelope>
</front>
<body>
<div type="letter">
<p>
                            <pb n="[1]"/>Hvis De, ifølge givet Tilsagn, har truffet nogen af <HIS:hisRef type="org" target="Navneregister_HISe.xml#orgKNT">
                                <anchor type="lemma" xml:id="koB12_712"/>Theaterkommitteens</HIS:hisRef> Medlemmer eller maatte være villig til at handle paa egen Haand, beviser De mig den største Tjeneste, der for Tiden kan vises mig, ved med <anchor type="lemma" xml:id="koB12_713"/>Budet at lade mig faa hvad der af de indkomne Penge kan udbetales paa min Part. <anchor type="lemma" xml:id="koB12_714"/>For forrige Aars Skatter <HIS:hisRef type="tcNote" xml:id="noteT12_192" target="B1844-1871ht_noter.xml" corresp="noteT12_192">(Beløb 11–12 Sp)</HIS:hisRef> har man udpantet og jeg trues idag med Afhentning af Effekterne. Dette er dog mere end haardt, naar jeg <anchor type="lemma" xml:id="koB12_715"/>har en saa stor Rest af min surterhvervede Aarsløn udestaaende, og jeg stoler derfor paa Dem, som den Eneste, til hvem jeg kan henvende mig.</p>
<dateline>Kr: <date>14/5. 62</date>.</dateline>
<salute>Deres meget forbundne</salute>
<signed>Henr: Ibsen</signed>
<salute>ST. Hr. Ingeniørkaptejn Klingenberg.</salute>
<pb n="[2]"/>
 <note resp="editor">Påskrift av andre hender, ikke transkribert.</note>
<pb n="[3]"/>
 <note resp="editor">Påskrift av andre hender, ikke transkribert.</note>
</div>
</body>
</text>