<?xml version="1.0" encoding="UTF-8"?><text xmlns="http://www.tei-c.org/ns/1.0" xmlns:HIS="http://www.example.org/ns/HIS" rend="letter" corresp="B18650912BB" xml:lang="da-no">
<front>
<pb n="[a]"/>
<HIS:envelope type="sheet">
<address>
<addrLine>Til</addrLine>
<addrLine>Digteren <HIS:hisRef type="tcNote" xml:id="noteT12_224" target="B1844-1871ht_noter.xml" corresp="noteT12_224">Bjørnstje<supplied>r</supplied>ne</HIS:hisRef> Bjørnson</addrLine>
<addrLine>Christiania</addrLine>
<addrLine>Norvegia.</addrLine>
</address>
</HIS:envelope>
</front>
<body>
<div type="letter">
<dateline>
                            <pb n="[1]"/>Ariccia den <date>12<hi rend="raised">te</hi> September 1865</date>.</dateline>
<salute>Min kjære Bjørnson!</salute>
<p>
                            <anchor type="lemma" xml:id="koB12_919"/>Dit Brev og <anchor type="lemma" xml:id="koB12_920"/>Vexelen fra <HIS:hisRef type="person" target="Navneregister_HISe.xml#peFH">Hegel</HIS:hisRef> kom i en god Tid; Tak, min kjære velsignede Ven, for begge Dele! Men saa godt og kjærligt dit Brev var, – og netop mest derfor, – har jeg læst det med Bebrejdelse mod mig selv, da jeg ser at Du for min Skyld har gaaet i Angst og Bekymring. Tak ogsaa for dette! <HIS:hisRef type="tcNote" xml:id="noteT12_225" target="B1844-1871ht_noter.xml" corresp="noteT12_225">Det</HIS:hisRef> ene som det andet, den hele store Ting, det ubetinget <emph>største</emph> for mig <HIS:hisRef type="tcNote" xml:id="noteT12_226" target="B1844-1871ht_noter.xml" corresp="noteT12_226">og</HIS:hisRef> min Livsretning – at jeg har truffet og virkelig fundet Dig, kan jeg dog aldrig erstatte uden ved en Hengivenhed, som hverken <emph>mine</emph> Venner eller <emph>dine</emph> Uvenner skal faa nogen Indflydelse paa. Jeg ved Du forstaar mig, det er ikke <anchor type="lemma" xml:id="koB12_921"/>Pengeindsamleren Bjørnson, som jeg her nærmest sigter til. Nu ja, mere herom naar <HIS:hisRef type="tcNote" xml:id="noteT12_227" target="B1844-1871ht_noter.xml" corresp="noteT12_227">vi</HIS:hisRef> træffes; nu kan jeg tale med Dig, før har jeg aldrig ret kunnet det. – Alting er nu godt og vel og igrunden har det været saa hele Tiden med Undtagelse af de enkelte Tider, da jeg ikke vidste hvor jeg skulde hen i nogen Henseende, ikke med Hensyn til Penge allene, men fordi det ikke vilde gaa med <anchor type="lemma" xml:id="koB12_922"/>mit Arbejde<unclear reason="writing">.</unclear> Saa gik jeg <HIS:hisRef type="tcNote" xml:id="noteT12_228" target="B1844-1871ht_noter.xml" corresp="noteT12_228">en</HIS:hisRef> Dag i <HIS:hisRef type="place" target="Navneregister_HISe.xml#plPeKi">
                                <anchor type="lemma" xml:id="koB12_923"/>Peterskirken</HIS:hisRef> – jeg var et Erinde i <HIS:hisRef type="place" target="Navneregister_HISe.xml#plRom">Rom</HIS:hisRef> – og der <HIS:hisRef type="tcNote" xml:id="noteT12_229" target="B1844-1871ht_noter.xml" corresp="noteT12_229">gik</HIS:hisRef> der med engang op for mig <anchor type="lemma" xml:id="koB12_924"/>en stærk og klar Form for hvad jeg havde at sige. – Nu har jeg kastet overbord hvad jeg i et Aar har pint mig med uden at komme nogen Vej og i Midten af Juli begyndte jeg paa <HIS:hisRef type="work" target="Navneregister_HISe.xml#woBr">noget nyt</HIS:hisRef>, der gik frem saaledes, som endnu aldrig noget er gaaet frem for mig. Nyt er det i den Forstand at jeg da begyndte at <pb n="[2]"/>skrive, men Stoffet og Stemningen har hvilet som en Mare over mig ligesiden de mange <HIS:hisRef type="tcNote" xml:id="noteT12_230" target="B1844-1871ht_noter.xml" corresp="noteT12_230">
                                <anchor type="lemma" xml:id="koB12_925"/>uhyggelige</HIS:hisRef> Begivenheder <HIS:hisRef type="place" target="Navneregister_HISe.xml#plN">hjemme</HIS:hisRef> bragte mig til at se ind i mig selv og vort Liv der, og tænke over Ting, som før havde strøget mig løseligt forbi og som jeg ialfald ikke havde havt noget Alvor for. Det er et dramatisk Digt, Stof fra Nutiden, alvorligt Indhold, 5 Akter <HIS:hisRef type="tcNote" xml:id="noteT12_231" target="B1844-1871ht_noter.xml" corresp="noteT12_231">paa</HIS:hisRef> rimede Vers (ikke nogen «Kjærlighedens Komedie»). 4<hi rend="raised">de</hi> Akt er nu snart <HIS:hisRef type="tcNote" xml:id="noteT12_232" target="B1844-1871ht_noter.xml" corresp="noteT12_232">færdig</HIS:hisRef> og 5<hi rend="raised">te</hi> føler jeg at jeg kan skrive paa 8 Dage; jeg arbejder baade Formiddag og Eftermiddag hvilket jeg før aldrig har kunnet. Herude er velsignet fredeligt, ingen Bekjendtskaber, <anchor type="lemma" xml:id="koB12_926"/>jeg læser ikke andet end Bibelen, – den er kraftig og stærk! – Dersom jeg nu fortiden skulde betegne hvori det væsentligste Udbytte af min Rejse bestaar, saa vilde jeg sige, det bestaar i at jeg har drevet ud af mig selv <anchor type="lemma" xml:id="koB12_927"/>det Æsthetiske, saaledes isoleret og med Fordring paa at gjælde for sig selv, som det før havde Magt over <HIS:hisRef type="tcNote" xml:id="noteT12_233" target="B1844-1871ht_noter.xml" corresp="noteT12_233">mig.</HIS:hisRef> Æsthetik i denne Forstand forekommer mig nu at være en ligesaa stor Forbandelse for Poesien, som Theologien er det for Religionen. Du har aldrig havt det Æsthetiske at trækkes med i denne Forstand, <HIS:hisRef type="tcNote" xml:id="noteT12_234" target="B1844-1871ht_noter.xml" corresp="noteT12_234">Du</HIS:hisRef> har aldrig gaaet og seet paa Tingene gjennem <anchor type="lemma" xml:id="koB12_928"/>den hule Haand. – Er det ikke en ubeskrivelig Lykkegave at kunne skrive? Men et stort Ansvar er med; og jeg har nu Alvor nok til at føle det og være mig selv <anchor type="lemma" xml:id="koB12_929"/>en haard Mand. <anchor type="lemma" xml:id="koB12_930"/>En kjøbenhavnsk Æsthetiker sagde engang da jeg var dernede: «<HIS:hisRef type="person" target="Navneregister_HISe.xml#peKri">Kristus</HIS:hisRef> er dog virkelig det interessanteste Fænomen i Verdenshistorien,» – Æsthetikeren nød <HIS:hisRef type="tcNote" xml:id="noteT12_235" target="B1844-1871ht_noter.xml" corresp="noteT12_235">ham</HIS:hisRef> som Fraadseren nyder Synet af en Østers. Sligt et <anchor type="lemma" xml:id="koB12_932"/>Bruskdyr har jeg rigtignok altid været for stærk til at blive, men hvad alskens aandrige Æsler kunde faaet gjort ud af mig, hvis de havde havt mig uforstyrret, det ved jeg ikke, og det som har forstyrret dem, det, kjære Bjørnson, det er netop Dig. Du har Klarsyn nok baade paa Dig selv og paa mig til at se, at mit Behov falder sammen med hvad Du har givet og har villet give. Jeg synes jeg har endeløst meget at sige <HIS:hisRef type="tcNote" xml:id="noteT12_236" target="B1844-1871ht_noter.xml" corresp="noteT12_236">Dig</HIS:hisRef>, det kommer ligesom strømmende over mig og <HIS:hisRef type="tcNote" xml:id="noteT12_237" target="B1844-1871ht_noter.xml" corresp="noteT12_237">uordnet</HIS:hisRef> er det, men skulde jeg skrive det altsammen, vilde ingen Postporto forslaa; altsaa overtvært til <pb n="[3]"/>Forretningssager. Du siger at <HIS:hisRef type="org" target="Navneregister_HISe.xml#orgStort">Storthinget</HIS:hisRef> skal bevilge. Ja, tror Du Storthinget gjør det? Jeg har Formodning om at mit nye Arbejde ikke vil stemme Storthingsmændene mildere for mig, men Gud straffe mig om jeg af den Grund vil eller kan stryge en eneste Linje, hvorledes den saa end kommer til at smage disse Sjæle i Lommeformat. Lad mig saa heller blive en Tigger min Livstid. Kan jeg ikke være mig selv i hvad jeg skriver, saa er det hele Løgn og Humbug, og deraf har vort Land nok uden at udrede Extragager for at faa mere. Forsøge skal jeg imidlertid; – hvorledes bærer jeg mig rettest ad med <anchor type="lemma" xml:id="koB12_934"/>Ansøgningen? Maa jeg sende den igjennem Dig? Tid er der vel endnu, men jeg skal ikke nøle forlænge. – <anchor type="lemma" xml:id="koB12_935"/>
                            <HIS:hisRef type="org" target="Navneregister_HISe.xml#orgKNVS">Throndhjemmerne</HIS:hisRef> har vist benyttet et tomt Paaskud, naar de angiver at mit Andragende er kommet for sent; det er skrevet den 26<hi rend="raised">de</hi> Marts; men er <anchor type="lemma" xml:id="koB12_936"/>
                            <HIS:hisRef type="person" target="Navneregister_HISe.xml#peCaMu">Rector Müller</HIS:hisRef> i Direktionen, saa har jeg <HIS:hisRef type="tcNote" xml:id="noteT12_238" target="B1844-1871ht_noter.xml" corresp="noteT12_238">Grund</HIS:hisRef> til at tro, at jeg har en Uven der. Tak, fordi <HIS:hisRef type="tcNote" xml:id="noteT12_239" target="B1844-1871ht_noter.xml" corresp="noteT12_239">Du</HIS:hisRef> ikke slipper Sagen, ligesaa fordi <HIS:hisRef type="tcNote" xml:id="noteT12_240" target="B1844-1871ht_noter.xml" corresp="noteT12_240">Du</HIS:hisRef> søger <anchor type="lemma" xml:id="koB12_937"/>Posten ved Universitetsbibliotheket; jeg ved rigtignok ikke hvilken Post Du mener, men det gjør intet. <anchor type="lemma" xml:id="koB12_938"/>Det ankerske Legat gives under de nuværende Forholde neppe til <emph>
                                <anchor type="lemma" xml:id="koB12_939"/>Skandinaver</emph>, hverken danske eller norske; men vil Du søge, saa Tak for din gode Vilje ogsaa heri.</p>
<p>
                            <anchor type="lemma" xml:id="koB12_940"/>Indlagte Brev til <HIS:hisRef type="person" target="Navneregister_HISe.xml#peJS">Sagfører Sverdrup</HIS:hisRef> maa Du velvilligt tage Dig <unclear>af</unclear> før min Afrejse opfordrede han mig til at underrette ham derom naar jeg paa min Rejse trængte til Penge. Heraf har jeg til Dato ikke benyttet mig, men <anchor type="lemma" xml:id="koB12_941"/>Gjælden til <HIS:hisRef type="person" target="Navneregister_HISe.xml#peJB">Bravo</HIS:hisRef> trykker og <anchor type="lemma" xml:id="koB12_942"/>Manuskript kan jeg ikke sende før det hele er færdigt, medmindre jeg vil tage en Afskrift til eget Brug under <HIS:hisRef type="tcNote" xml:id="noteT12_241" target="B1844-1871ht_noter.xml" corresp="noteT12_241">Nedskrivningen</HIS:hisRef> af Resten, og derved forsinkes jeg. – <HIS:hisRef type="org" target="Navneregister_HISe.xml#orgChrTh">Theatret</HIS:hisRef> tror jeg ikke kan <anchor type="lemma" xml:id="koB12_943"/>indrømme mig nogen Forestilling, – var jeg i Direktionen maatte jeg stemme derimod, – men kan I bruge <anchor type="lemma" xml:id="koB12_944"/>mit nye Arbejde, saa er det en anden Sag; dramatisk er det, – men hvorvidt det af andre Grunde er opførligt faar Du selv bedømme. – Din <anchor type="lemma" xml:id="koB12_945"/>«Maria Stuart» har vi allerede ivaar faaet og glædet os og styrket os ved; naar kommer <anchor type="lemma" xml:id="koB12_946"/>dit Lystspil? – Hvad er det for Djævelskab der tales om – et <anchor type="lemma" xml:id="koB12_947"/>Folketheater i Christiania? Er det <HIS:hisRef type="person" target="Navneregister_HISe.xml#peGHK">Krohn</HIS:hisRef> som der er ude? Det kunde ialfald være ham, om det ikke er! Lev vel og tag vore hjerteligste Hilsener til Dig og <HIS:hisRef type="person" target="Navneregister_HISe.xml#peKBj">dine</HIS:hisRef>.</p>
<salute>Din hengivne</salute>
<signed>Henr: Ibsen</signed>
</div>
</body>
</text>