<?xml version="1.0" encoding="UTF-8"?><text xmlns="http://www.tei-c.org/ns/1.0" xmlns:HIS="http://www.example.org/ns/HIS" rend="letter" corresp="B18661111CT" xml:lang="da-no">
<front>
<pb n="[a]"/>
<HIS:envelope type="sheet">
<address>
<addrLine>Herr Generalkonsul Tønsberg.</addrLine>
<addrLine>
                                <anchor type="lemma" xml:id="koB12_1428"/>Ridder af Dannebrog og fl: O:</addrLine>
<addrLine>Adr: Bredgade N<hi rend="raised">o</hi> 14.</addrLine>
<addrLine>Copenaghen.</addrLine>
<addrLine>Danimarca.</addrLine>
</address>
</HIS:envelope>
</front>
<body>
<div type="letter">
<dateline>
                            <pb n="[1]"/>Rom den <date>11<hi rend="raised">te</hi> November 1866</date>.–</dateline>
<salute>
                            <anchor type="lemma" xml:id="koB12_1421"/>Herr Generalkonsul Tønsberg!</salute>
<p>Deres meget ærede og forbindtlige Skrivelse, som jeg igaar modtog, skynder jeg mig, ifølge <HIS:hisRef type="tcNote" xml:id="noteT12_413" target="B1844-1871ht_noter.xml" corresp="noteT12_413">Deres</HIS:hisRef> Ønske, at besvare, idet jeg desværre maa erklære det for en Umulighed at kunne levere noget Bidrag till den <anchor type="lemma" xml:id="koB12_1421a"/>paatænkte Julebog. <HIS:hisRef type="work" target="Navneregister_HISe.xml#woPG">Et større <anchor type="lemma" xml:id="koB12_1422"/>forestaaende Arbejde</HIS:hisRef> opptager alle mine Tanker og al min Tid, hvorfor jeg ogsaa tilltrods for mit tidligere givne Tillsagn saavel till <HIS:hisRef type="person" target="Navneregister_HISe.xml#peFH">Cancelliraad Hegel</HIS:hisRef> som till Digteren <HIS:hisRef type="person" target="Navneregister_HISe.xml#peECR">Chr: Richardt</HIS:hisRef> ikke ser mig istand till at assistere ved et i <anchor type="lemma" xml:id="koB12_1423"/>
                            <HIS:hisRef type="place" target="Navneregister_HISe.xml#plDk">Danmark</HIS:hisRef> paatænkt lignende Foretagende. Min Ven <HIS:hisRef type="person" target="Navneregister_HISe.xml#peBB">Bjørnsons</HIS:hisRef> Anmodninger om Bidrag till <anchor type="lemma" xml:id="koB12_1424"/>«Norsk Folkeblad» har jeg af samme Grund ligesaalidt kunnet efterkomme. De ser altsaa at det er den tvingende Nødvendighed, som volder at jeg ikke kan modtage Deres ærede Tillbud.</p>
<p>Den unge norske Forfatter <HIS:hisRef type="person" target="Navneregister_HISe.xml#peCNJ">Chr: Janson</HIS:hisRef> kommer rimeligvis om nogle Dage hertill fra <HIS:hisRef type="place" target="Navneregister_HISe.xml#plNa">Neapel</HIS:hisRef>. Han har, som De ved, allerede vundet et hæderligt Navn ved <anchor type="lemma" xml:id="koB12_1425"/>sin Bog i Landsmaal, og hvis han ikke allerede er blandt de Bidragydende, <anchor type="lemma" xml:id="koB12_1426"/>kunde han maaske levere noget. Forudsat at De ønsker det, og ikke foretrækker selv at tillskrive ham, skal jeg med Fornøjelse henvende mig till ham paa Deres Vegne, De behage blot med et Par Ord at underrette mig herom.</p>
<p>Det har gjort mig meget ondt af Deres Brev at erfare at Deres Helbred fortiden ikke er <pb n="[2]"/>den bedste. Jeg havde af Aviserne seet at <HIS:hisRef type="tcNote" xml:id="noteT12_414" target="B1844-1871ht_noter.xml" corresp="noteT12_414">De</HIS:hisRef> havde erholdt <anchor type="lemma" xml:id="koB12_1427"/>Tjenesteledighed for at foretage en Udenlandsrejse, men troede at det egentlig gjaldt en Fornøjelsestour og havde allerede saa halvt om halvt tænkt mig Muligheden af at faa see Dem <HIS:hisRef type="place" target="Navneregister_HISe.xml#plRom">hernede</HIS:hisRef>. – Idet jeg ønsker Dem en snarlig Bedring og en behagelig Vinter tegner jeg mig –</p>
<salute>Deres ærbødige</salute>
<signed>Henrik Ibsen.</signed>
</div>
</body>
</text>