<?xml version="1.0" encoding="UTF-8"?><text xmlns="http://www.tei-c.org/ns/1.0" xmlns:HIS="http://www.example.org/ns/HIS" rend="letter" corresp="B18660609FH" xml:lang="da-no">
                <body>
<div type="letter">
<dateline>
                            <pb n="[1]"/>Frascati den <date>9<hi rend="raised">de</hi> Juni 1866</date>.</dateline>
<salute>Kjære Hr. Cancelliraad Hegel.</salute>
<p>Mangfoldig Takk for <HIS:hisRef type="tcNote" xml:id="noteT12_379" target="B1844-1871ht_noter.xml" corresp="noteT12_379">
                                <anchor type="lemma" xml:id="koB12_1301"/>de</HIS:hisRef> tillsendte <HIS:hisRef type="tcNote" xml:id="noteT12_380" target="B1844-1871ht_noter.xml" corresp="noteT12_380">Anmeldelser!</HIS:hisRef> <HIS:hisRef type="person" target="Navneregister_HISe.xml#peHFH">Helvegs Bog</HIS:hisRef> har jeg læst med megen Interesse; den berigtiger adskilligt, hvori de fleste Kritikere have fejlet. <HIS:hisRef type="person" target="Navneregister_HISe.xml#peGB">Brandes</HIS:hisRef> beder jeg Dem hilse. Expl: af <anchor type="lemma" xml:id="koB12_1302"/>
                            <HIS:hisRef type="work" target="Navneregister_HISe.xml#woBr">2<hi rend="raised">det</hi> Opplag af «Brand»</HIS:hisRef> har jeg ogsaa med Fornøjelse modtaget.</p>
<p>Indlagt sender jeg <anchor type="lemma" xml:id="koB12_1303"/>de to Breve, som jeg nævnte i min Skrivelse af 21<hi rend="raised">de</hi> f. M.; er <anchor type="lemma" xml:id="koB12_1304"/>de indbundne Expl: færdige, saa bedes de afsendte som tidligere omskrevet: 1 med Brevet til <HIS:hisRef type="place" target="Navneregister_HISe.xml#plKri">Chr-a</HIS:hisRef> og 2 med Brevet till <HIS:hisRef type="place" target="Navneregister_HISe.xml#plSthlm">Stokholm</HIS:hisRef>.</p>
<p>Min Adresse er fremdeles den samme. Jeg lever herude mellem Bjergene, <anchor type="lemma" xml:id="koB12_1304a"/>ser intet till <HIS:hisRef type="tcNote" xml:id="noteT12_381" target="B1844-1871ht_noter.xml" corresp="noteT12_381">Aviser</HIS:hisRef> og ved intet af hvad der foregaar udenom. Men her er vidunderligt dejligt. Lev vel!</p>
<salute>Deres hengivne</salute>
<signed>Henrik Ibsen.</signed>
</div>
<div type="postscript">
<p>P. S.</p>
<p>
                            <anchor type="lemma" xml:id="koB12_1305"/>
                            <HIS:hisRef type="person" target="Navneregister_HISe.xml#peBB">Bjørnson</HIS:hisRef> forlader rimeligvis <HIS:hisRef type="org" target="Navneregister_HISe.xml#orgChrTh">Theatret</HIS:hisRef> till Sommeren.</p>
<p>
                            <pb n="[2]"/>Om Helvegs Bog maa jeg dog i Sandhedens Navn sige, at det ikke egentlig forholder sig, som der forudsat, at det netop <anchor type="lemma" xml:id="koB12_1306"/>skulde være <HIS:hisRef type="person" target="Navneregister_HISe.xml#peSKi">S. Kierkegaard</HIS:hisRef>, der nærmest havde staaet for mig som Stoff eller lignende; Sagen er at Fremstillingen af et Liv der har Ideforholdets Gjennemførelse till Sigtepunkt, vil altid komme till paa visse Punkter at falde sammen med S. Kierkegaards.</p>
<signed>H. I.</signed>
</div>
</body>
</text>