<?xml version="1.0" encoding="UTF-8"?><text xmlns="http://www.tei-c.org/ns/1.0" xmlns:HIS="http://www.example.org/ns/HIS" rend="letter" corresp="B18710712FH" xml:lang="da-no">
<body>
<div type="letter">
<dateline>
                            <pb n="[1]"/>Dresden den <date>12<hi rend="raised">te</hi> Juli 1871</date>. –</dateline>
<salute>Kære herr Hegel!</salute>
<p>I det jeg tager Deres sidste venlige brev for mig, ser jeg til min forskrækkelse at det er hele to måneder gammelt og til dato ubesvaret! Jeg håber imidlertid at De i mellemtiden har modtaget et par livstegn fra mig, nemlig det <anchor type="lemma" xml:id="koB13_19"/>rettede exemplar af <HIS:hisRef type="work" target="Navneregister_HISe.xml#woBr">«Brand»</HIS:hisRef>, og dernest en hilsen gennem herr <HIS:hisRef type="person" target="Navneregister_HISe.xml#peRK">R: Kaufmann</HIS:hisRef>, med hvem jeg tilbagesendte de af herr bibliothekar <HIS:hisRef type="person" target="Navneregister_HISe.xml#peHGu">Gundorph</HIS:hisRef> <anchor type="lemma" xml:id="koB13_20"/>lånte <HIS:hisRef type="tcNote" xml:id="noteT13_3" target="B1871-1879ht_noter.xml" corresp="noteT13_3">bøger</HIS:hisRef>, for hvilke jeg herved beder om at måtte frembære min hjerteligste og forbindtligste taksigelse.</p>
<p>Ikke mindre taknemmelig er jeg Dem, kære herr Hegel, for de til forskellige tider modtagne blade med <anchor type="lemma" xml:id="koB13_21"/>anmeldelser af <HIS:hisRef type="work" target="Navneregister_HISe.xml#woDi">digtsamlingen</HIS:hisRef>. I det hele taget kan jeg jo være tilfreds med bedømmelserne og ønsker blot at bogens udbredelse må gå raskt fra hånden.</p>
<p>Og nu grunden til min lange taushed: Jeg er i fuldt <pb n="[2]"/>arbejde med <HIS:hisRef type="work" target="Navneregister_HISe.xml#woKG">
                                <anchor type="lemma" xml:id="koB13_22"/>«Kejser Julian»</HIS:hisRef>. Denne bog vil blive mit hovedværk, og den optager alle mine tanker og al min tid. Den <anchor type="lemma" xml:id="koB13_23"/>positive verdensanskuelse, som kritikerne så længe har afkrævet mig, skal man her få. Men nu har jeg en bøn til Dem! I foråret 1866 skrev pastor <HIS:hisRef type="person" target="Navneregister_HISe.xml#peALCL">Listow</HIS:hisRef> en gennem 3 nummere af Fædrelandet gående <anchor type="lemma" xml:id="koB13_24"/>skildring af Julians liv. Skulde det være Dem muligt at skaffe mig disse tre nummere tillåns, så viste De mig en overmåde stor tjeneste. Endvidere et <HIS:hisRef type="tcNote" xml:id="noteT13_4" target="B1871-1879ht_noter.xml" corresp="noteT13_4">spørgsmål</HIS:hisRef>. Findes der på dansk nogen <anchor type="lemma" xml:id="koB13_25"/>anden historisk fremstilling af dette emne, hvori det <emph>faktiske</emph> er nogenlunde udførligt behandlet? Hvis så er, beder jeg Dem for min regning at købe og sende mig værket. <HIS:hisRef type="person" target="Navneregister_HISe.xml#peJAWN">
                                <anchor type="lemma" xml:id="koB13_26"/>Neanders</HIS:hisRef> tyske værker om denne <anchor type="lemma" xml:id="koB13_27"/>genstand har jeg; <HIS:hisRef type="person" target="Navneregister_HISe.xml#peDFS">D: Strauss</HIS:hisRef> har jeg også; men <anchor type="lemma" xml:id="koB13_28"/>hans bog indeholder kun raisonnerende galskab, og den kan jeg selv præstere. Det er fakta, jeg behøver. Tag ikke ilde op at jeg besværer Dem med denne sag!</p>
<p>Hjertelig tak, hvis De vil købe mig for <anchor type="lemma" xml:id="koB13_29"/>2000 Rdlr i kgl: obligationer, som De i Deres sidste brev godhedsfuldt foreslog.</p>
<p>
                            <pb n="[3]"/>Skulde <HIS:hisRef type="person" target="Navneregister_HISe.xml#peJLi">Jonas Lie</HIS:hisRef> <HIS:hisRef type="tcNote" xml:id="noteT13_5" target="B1871-1879ht_noter.xml" corresp="noteT13_5">på</HIS:hisRef> sin udenlandsrejse komme over <HIS:hisRef type="place" target="Navneregister_HISe.xml#plKbh">København</HIS:hisRef>, da må De sige ham at han på touren til <HIS:hisRef type="place" target="Navneregister_HISe.xml#plIt">Italien</HIS:hisRef> endelig må lægge <anchor type="lemma" xml:id="koB13_30"/>vejen over <HIS:hisRef type="place" target="Navneregister_HISe.xml#plDre">Dresden</HIS:hisRef>, såsom <anchor type="lemma" xml:id="koB13_31"/>jeg ønsker at skælde ham ud og forøvrigt give ham gode råd og formaninger m. m, hvilket alt kun kan ske mundtligt.</p>
<p>Vi har hidtil havt et afskyeligt sommervejr her; jeg vil håbe at det i <HIS:hisRef type="place" target="Navneregister_HISe.xml#plDk">Danmark</HIS:hisRef> har været bedre.</p>
<p>Tusende hilsener til Dem og <HIS:hisRef type="person" target="Navneregister_HISe.xml#peJH">Deres søn</HIS:hisRef>!</p>
<salute>Deres hjertelig hengivne</salute>
<signed>Henrik Ibsen.</signed>
</div>
</body>
</text>