<?xml version="1.0" encoding="UTF-8"?><text xmlns="http://www.tei-c.org/ns/1.0" xmlns:HIS="http://www.example.org/ns/HIS" rend="letter" corresp="B18731004JHT" xml:lang="da-no">
<body>
<div type="letter">
<dateline>
                            <pb n="[1]"/>Dresden den <date>4<hi rend="raised">de</hi> Oktober 1873</date>.</dateline>
<salute>Kære svoger!</salute>
<p>Hver dag har jeg foresat mig at besvare <anchor type="lemma" xml:id="koB13_1057"/>Deres venskabelige brev af 6<hi rend="raised">te</hi> f. m:, men altid er der kommet noget imellem; nu tør jeg dog ikke opsætte det længere.</p>
<p>For <anchor type="lemma" xml:id="koB13_1058"/>advarselen angående herr <HIS:hisRef type="person" target="Navneregister_HISe.xml#peBB">Bjørnson</HIS:hisRef> er jeg Dem meget taknemmelig. Til dato har han dog ikke vist sig her, og jeg anser det heller ikke rimeligt at han skulde føle sig opfordret til at <anchor type="lemma" xml:id="koB13_1059"/>aflægge mig et besøg. At han på forhånd har søgt at <anchor type="lemma" xml:id="koB13_1060"/>skade <HIS:hisRef type="work" target="Navneregister_HISe.xml#woKG">mit nye arbejde</HIS:hisRef> er ganske i samklang med hans øvrige færd. Efter hvad <HIS:hisRef type="person" target="Navneregister_HISe.xml#peFH">
                                <anchor type="lemma" xml:id="koB13_1061"/>min forlægger</HIS:hisRef> skriver, lader det dog ikke til at hans hensigt vil lykkes, thi der er indløben <anchor type="lemma" xml:id="koB13_1062"/>så overvættes store bestillinger på bogen at dens udgivelsestid derved er bleven forsinket, idet der nemlig udfordres et langt større antal <emph>indbundne</emph> exemplarer end <pb n="[2]"/>påregnet. Det er nu fastsat at bogen, der udgør et meget tykt bind på 512 sider, skal <anchor type="lemma" xml:id="koB13_1063"/>samtidigt udkomme i <HIS:hisRef type="place" target="Navneregister_HISe.xml#plN plDk plSE">alle tre skandinaviske lande</HIS:hisRef> fredagen den 17<hi rend="raised">de</hi> Oktober. Kunde De angående tidspunktet gennem en tredjemand få ind en liden <anchor type="lemma" xml:id="koB13_1064"/>notits i Morgenbladet, vilde jeg være Dem meget forbunden; thi jeg frygter at mange deroppe på grund af forsinkelsen kan tro at der fra min side er noget ivejen. Med den første <anchor type="lemma" xml:id="koB13_1065"/>forsending til <HIS:hisRef type="place" target="Navneregister_HISe.xml#plKri">Kristiania</HIS:hisRef> har jeg pålagt min forlægger at lade medfølge <anchor type="lemma" xml:id="koB13_1066"/>et exemplar til Dem, hvilket jeg herved på forhånd beder Dem venligst modtage.</p>
<p>Jeg takker Dem for Deres lykønskning i anledning af <anchor type="lemma" xml:id="koB13_1067"/>St: Olafs-ordenen, hvilken jeg nu har modtagen. Den var mig for så vidt kærkommen, som udnævnelsen dog vidnede om <anchor type="lemma" xml:id="koB13_1068"/>et visst slags mod fra en side, hvorfra man ikke i den senere tid er vant til at se prøver på den slags egenskaber. –</p>
<p>Fejltagelsen med <HIS:hisRef type="person" target="Navneregister_HISe.xml#peSuI">Susannas</HIS:hisRef> lagener håber jeg er tilfredsstillende opklaret. Hun havde aldeles <pb n="[3]"/>misforstået et brev fra <HIS:hisRef type="person" target="Navneregister_HISe.xml#peMTh">
                                <anchor type="lemma" xml:id="koB13_1069"/>Marie</HIS:hisRef> og troede at talen var om nogle lagener, som hun brugte under opholdet i <HIS:hisRef type="place" target="Navneregister_HISe.xml#plKbh">København</HIS:hisRef>, og som siden har været opbevaret i en kiste hos professor <HIS:hisRef type="person" target="Navneregister_HISe.xml#peLKDaa">
                                <anchor type="lemma" xml:id="koB13_1070"/>Daa</HIS:hisRef>, hvilken kiste hun nu ønskede herned. Skulde De have vanskelighed ved at blive af med <anchor type="lemma" xml:id="koB13_1071"/>de sachsiske sedler, beder jeg Dem at sende disse tilbage og <HIS:hisRef type="tcNote" xml:id="noteT13_172" target="B1871-1879ht_noter.xml" corresp="noteT13_172">
                                <anchor type="lemma" xml:id="koB13_1072"/>afholde</HIS:hisRef> beløbet i min gage, hvoraf jeg i så fald tillader mig at bede mig resten <HIS:hisRef type="tcNote" xml:id="noteT13_172a" target="B1871-1879ht_noter.xml" corresp="noteT13_172a">tilstillet</HIS:hisRef> på sædvanlig måde – hvis sådant, ved fremkomsten af disse linjer, ikke allerede er sket.</p>
<p>Opholdet i <HIS:hisRef type="place" target="Navneregister_HISe.xml#plWien">Wien</HIS:hisRef> isommer var særdeles interessant; nærmere herom håber jeg at <HIS:hisRef type="person" target="Navneregister_HISe.xml#peTK">
                                <anchor type="lemma" xml:id="koB13_1073"/>Thomas</HIS:hisRef> har fortalt. – Da han på hjemrejsen passerede <HIS:hisRef type="place" target="Navneregister_HISe.xml#plDre">Dresden</HIS:hisRef> medtog han et exemplar af <HIS:hisRef type="person" target="Navneregister_HISe.xml#peFSch">Schillers</HIS:hisRef> verker, som han lovede at sende Marie; dette skal imidlertid ikke være sket og <anchor type="lemma" xml:id="koB13_1074"/>Marie skriver at hun for sine sprogstudiers skyld nødvendigvis behøver bøgerne, hvorfor jeg herved anmoder Dem om at <pb n="[4]"/>
                            <anchor type="lemma" xml:id="koB13_1075"/>bringe ham denne sag i erindring.</p>
<p>
                            <HIS:hisRef type="person" target="Navneregister_HISe.xml#peJLo">
                                <anchor type="lemma" xml:id="koB13_1076"/>Løkke</HIS:hisRef> har jeg for nogen tid siden tilskrevet; jeg håber at mit brev er kommet ham ihænde. I al fald bedes han og alle andre gode venner hilset.</p>
<p>Særdeles kært skulde det være os, om De vilde sende os <anchor type="lemma" xml:id="koB13_1077"/>Deres <HIS:hisRef type="tcNote" xml:id="noteT13_173" target="B1871-1879ht_noter.xml" corresp="noteT13_173">fotografi,</HIS:hisRef> selv om det ikke skulde være i alle henseender tilfredsstillende. Men endnu kærere vilde det rigtignok være os om De tog en kraftig beslutning og overbragte det selv. Man kan nu rejse meget billigt; jeg kan opgive Dem en rute, på hvilken <emph>tour og <HIS:hisRef type="tcNote" xml:id="noteT13_173a" target="B1871-1879ht_noter.xml" corresp="noteT13_173a">retour</HIS:hisRef>
                            </emph> (1<hi rend="raised">ste</hi> plads dampskib og 2<hi rend="raised">den</hi> plads jernbane) mellem Kristiania og Dresden koster 22 sp<hi rend="raised">d</hi>. Hernede er det endnu fuldstændig sommerligt; <anchor type="lemma" xml:id="koB13_1078"/>koleraen er for længe siden ophørt og <anchor type="lemma" xml:id="koB13_1079"/>theatrene med meget andet i fuld virksomhed.</p>
<p>Og hermed en hjertelig hilsen fra os alle gennem</p>
<salute>Deres hengivne</salute>
<signed>Henrik Ibsen.</signed>
</div>
</body>
</text>