<?xml version="1.0" encoding="UTF-8"?><text xmlns="http://www.tei-c.org/ns/1.0" xmlns:HIS="http://www.example.org/ns/HIS" rend="letter" corresp="B18630306AkKoll2" xml:lang="da-no">
<body>
<div type="letter">
<dateline>Christiania den <date>6<hi rend="raised">te</hi> Marts 1863</date>.</dateline>
<salute>Til det akademiske Collegium!</salute>
<p>Undertegnede ansøger herved ærbødigst det høje Collegium om, af <anchor type="lemma" xml:id="koB12_747"/>Fondet for videnskabelige Rejser i <HIS:hisRef type="place" target="Navneregister_HISe.xml#plN">Norge</HIS:hisRef> <anchor type="lemma" xml:id="koB12_748"/>at maatte bevilges et Stipendium, stort 120 (et hundrede og tyve) Spd., for i et Tidsrum af to Maaneder i indeværende Aars Sommer at foretage <anchor type="lemma" xml:id="koB12_750"/>en Rejse i de trondhjemske Fjord- og Sødistrikter samt om muligt i det nordlandske, i det Øjemed at fortsætte den af mig i forrige Aar med naadigst bevilget Stipendium paabegyndte Indsamling af Sagn og Folkeviser.</p>
<p>Det efter Omstændighederne ikke ringe Udbytte af min første Rejse, paa hvilken det lykkedes mig, navnlig i <HIS:hisRef type="place" target="Navneregister_HISe.xml#plNFjrd">Nordfjord</HIS:hisRef> og <HIS:hisRef type="place" target="Navneregister_HISe.xml#plSMre">Søndmør</HIS:hisRef>, at faa optegnet 70–80 forskjellige og hidtil utrykte Folkesagn, i Forbindelse med de i mangehaande Retninger indvundne Erfaringer, lader mig haabe, at Undersøgelser i de denne Gang tilsigtede Landsdele vil kunne foretages med Nytte. Jeg tillader mig <anchor type="lemma" xml:id="koB12_751"/>derhos ærbødigst at gjøre opmærksom paa, at jeg isommer, strax efter Tilbagekomsten fra min dengang foretagne Rejse, <anchor type="lemma" xml:id="koB12_752"/>afsluttede Kontrakt med <HIS:hisRef type="person" target="Navneregister_HISe.xml#peJAAFD">en af Byens Forlæggere</HIS:hisRef> om Udgivelsen af en, saavidt muligt, fuldstændig Samling af norske Folkesagn, væsentlig beregnet paa at skulle være <anchor type="lemma" xml:id="koB12_753"/>en Folkebog, og hvortil der formentlig maa siges at være Trang, da <anchor type="lemma" xml:id="koB12_754"/>
                            <HIS:hisRef type="person" target="Navneregister_HISe.xml#peAFa">A. Fayes</HIS:hisRef> Samling, den eneste, der gives hertillands, næppe kan ansees for at tilfredsstille Tidens Krav og ialfald staar langt tilbage for, <anchor type="lemma" xml:id="koB12_755"/>hvad man i Nabolandene i denne Retning allerede i lang Tid har besiddet. Dette Arbejde, hvormed jeg i Løpet af Vinteren stadig har beskjæftiget mig, er nu temmelig langt fremskredet, men under Syslen dermed er det mere og mere blevet mig klart, at det endnu foreliggende Materiale langtfra er tilstrækkeligt til at frembringe et Arbejde af nogenlunde Fuldstændighed, og at derfor Værkets Udgivelse vil være afhængig af, hvorvidt det høje Collegium, ved at indstille dette mit Andragende til Indvilgelse, maatte sætte mig istand til at udfylde en væsentlig Række af for Tiden <anchor type="lemma" xml:id="koB12_756"/>stedfindende Lakuner i Stoffet.</p>
<p>Rejsen havde jeg tænkt at foretage fra <HIS:hisRef type="place" target="Navneregister_HISe.xml#plODA">Opdal</HIS:hisRef> gjennem <HIS:hisRef type="place" target="Navneregister_HISe.xml#plSda">Sundalen</HIS:hisRef>, derfra udigjennem Fjorden og videre nordigjennem <HIS:hisRef type="place" target="Navneregister_HISe.xml#plNMre">Nordmør</HIS:hisRef>; men nogen detaljeret Rejseplan for Rejsen, i det her tilsigtede Øjemed, vil det paa Forhaand være umuligt at opstille, eftersom Oplysninger, erhvervede under selve Rejsen, hyppigen og nødvendigvis maa komme til at øve en afgjørende Indflydelse paa dens videre Fortsættelse. Hvad Beløbets Størrelse angaar, vover jeg ærbødigst at bemærke, at det formentlig er sat saa lavt som muligt, naar der hensees til, at Ruten, saaledes som den ifølge Øjemedet nødvendigvis for den største Del maa lægges, gjør det fornødent at benytte <anchor type="lemma" xml:id="koB12_757"/>Baadskyds efter Akkord, hvorved Omkostningerne i ikke ringe Grad forøges.</p>
<salute>Ærbødigst</salute>
<signed>Henr: Ibsen.</signed>
</div>
</body>
</text>