<?xml version="1.0" encoding="UTF-8"?><text xmlns="http://www.tei-c.org/ns/1.0" xmlns:HIS="http://www.example.org/ns/HIS" rend="letter" corresp="B18680922FH" xml:lang="da-no">
                <body>
<div type="letter">
<dateline>
                            <pb n="[1]"/>München den <date>22<hi rend="raised">de</hi> Sept<hi rend="raised">br</hi> 1868</date>.–</dateline>
<salute>Kjære Herr Cancelliraad Hegel!</salute>
<p>Hjertelig Takk for Deres <HIS:hisRef type="tcNote" xml:id="noteT12_491" target="B1844-1871ht_noter.xml" corresp="noteT12_491">sidste</HIS:hisRef> venlige Brev med de nødvendige <anchor type="lemma" xml:id="koB12_1758"/>Opplysninger om <HIS:hisRef type="org" target="Navneregister_HISe.xml#orgKT">Theaterdirektionen</HIS:hisRef>. Naar jeg kommer till <HIS:hisRef type="place" target="Navneregister_HISe.xml#plDre">Dresden</HIS:hisRef>, benytter jeg mig af Deres godhedsfulde Tillbud og sender <HIS:hisRef type="tcNote" xml:id="noteT12_492" target="B1844-1871ht_noter.xml" corresp="noteT12_492">Dem</HIS:hisRef> till Besørgelse <anchor type="lemma" xml:id="koB12_1759"/>et rettet Exemplar af <HIS:hisRef type="work" target="Navneregister_HISe.xml#woKE">Kongsemnerne</HIS:hisRef>. At <anchor type="lemma" xml:id="koB12_1760"/>Tiden till et nyt Opplag endnu ikke er kommen, kunde jeg godt vide; thi det første Opplag var meget stort, og jeg er forvisset om, at hvad der deraf er solgt og udbredt, skylder jeg væsentlig Dem, der har skaffet mig et Forhold till det danske Publikum. <anchor type="lemma" xml:id="koB12_1761"/>
                            <HIS:hisRef type="place" target="Navneregister_HISe.xml#plN">Norge</HIS:hisRef> alene kan ikke underholde nogen Forfatter. – I Dresden skriver jeg <HIS:hisRef type="work" target="Navneregister_HISe.xml#woUF">
                                <anchor type="lemma" xml:id="koB12_1762"/>mit nye Skuespil</HIS:hisRef>, – hvorom mere senere; jeg haaber at det skal være færdigt till Jul, men da Tiden till Udgivelse og Oppførelse altsaa for iaar er altfor langt fremskredet, saa faar det henligge; jeg skal sende Dem en Afskrift og derefter kunne vi <pb n="[2]"/>jo træffe en Aftale om hvad videre er at gjøre. Jeg er meget glad i dette mit nye <emph>fredsommelige</emph> Arbejde.</p>
<p>Her har vi levet den hele Tid under en velsignet italiensk Himmel, nydt alle <HIS:hisRef type="place" target="Navneregister_HISe.xml#plMun">
                                <anchor type="lemma" xml:id="koB12_1763"/>Münchens virkelige Kunstskatte</HIS:hisRef> og <anchor type="lemma" xml:id="koB12_1764"/>Befolkningens Preusserhad, om hvilket sidste man hjemme ingen Forestilling kan gjøre sig. Vi rejser herfra, sandsynligvis direkte till Dresden, den 1<hi rend="raised">ste</hi> eller 2<hi rend="raised">den</hi> Oktober. Uagtet jeg ikke er blottet for Penge, tillader jeg mig dog, for alle Muligheders Skyld, at anmode Dem om godhedsfuldt at sende mig 200 Rdl, enten <anchor type="lemma" xml:id="koB12_1765"/>i preussiske Penge eller i Vexel. Min Adresse er: <emph>
                                <HIS:hisRef type="person" target="Navneregister_HISe.xml#peCBa">Frau C. Bauer</HIS:hisRef>, Maximiliansplatz, N<hi rend="raised">o</hi> 13, 3<hi rend="raised">ten</hi> Stock</emph>. For <anchor type="lemma" xml:id="koB12_1766"/>de modtagne Aviser takker jeg gjentagende. <anchor type="lemma" xml:id="koB12_1767"/>Bogpakken fra <HIS:hisRef type="place" target="Navneregister_HISe.xml#plTu">Turin</HIS:hisRef> er till Dato udebleven; det er en lang og besynderlig Historie, som jeg fra Dresden skal i al Udførlighed fortælle.</p>
<salute>Deres hengivne</salute>
<signed>Henrik Ibsen</signed>
</div>
</body>
</text>