<?xml version="1.0" encoding="UTF-8"?><text xmlns="http://www.tei-c.org/ns/1.0" xmlns:HIS="http://www.example.org/ns/HIS" rend="letter" corresp="B18690529JHT" xml:lang="da-no">
<body>
<div type="letter">
<dateline>
                            <pb n="[1]"/>Dresden, <date>29<hi rend="raised">de</hi> Maj 1869</date>. –</dateline>
<salute>Kjære Svoger!</salute>
<p>Modtagelsen af Deres Brev af 4<hi rend="raised">de</hi> April med indlagt Vexel erkjendes herved; min Gage for indeværende Kvartal haaber jeg De godhedsfuldt sender mig naar Tiden kommer. Fra 8<hi rend="raised">de</hi> Juni er min Adresse: «Königsbrücker-Strasse, N<hi rend="raised">o</hi> 33, 1<hi rend="raised">te</hi> Etage.»</p>
<p>Mit Abonnement paa «Morgenbladet» er ude med Maj Maaned; tør jeg bede Dem om at fornye samme for ½ Aar saa <anchor type="lemma" xml:id="koB12_2024"/>betimeligt at ingen Standsning i Forsendelsen sker, samt tillige anmelde den nye Adresse, hvorunder Bladet efter 8<hi rend="raised">de</hi> Juni vil finde mig.</p>
<p>Nu <anchor type="lemma" xml:id="koB12_2025"/>stunder jo <anchor type="lemma" xml:id="koB12_2026"/>
                            <HIS:hisRef type="org" target="Navneregister_HISe.xml#orgStort">Storthinget</HIS:hisRef> mod Enden. Vi haaber da snart at faa høre hvad Beslutning De fatter for Sommeren. – Lev vel saalænge!</p>
<salute>Deres hengivne</salute>
<signed>Henrik Ibsen.</signed>
</div>
</body>
</text>