<?xml version="1.0" encoding="UTF-8"?><text xmlns="http://www.tei-c.org/ns/1.0" xmlns:HIS="http://www.example.org/ns/HIS" rend="letter" corresp="B18651201SF" xml:lang="da-no">
<body>
<div type="letter">
<p>
                            <pb n="[1]"/>Undertegnede tillader sig herved gjennem den ærede Bestyrelse at indgive til Behandling paa Generalforsamlingen den 15<hi rend="raised">de</hi> December følgende Forslag til Forandringer i <anchor type="lemma" xml:id="koB12_1006"/>Foreningens Love:</p>
<p>N<hi rend="raised">o</hi>. 1.) I Lovenes § 1, a, 3, saalydende: «Trende af Foreningens Medlemmer, der saavidt muligt skulle være en af hver Nation. Disse tre vælges paa et Aar af Generalforsamlingen»</p>
<p>foreslaaes at Ordene: «der saavidt muligt skulle være en af <HIS:hisRef type="place" target="Navneregister_HISe.xml#plN plSE plDk">hver Nation</HIS:hisRef>» <emph>udgaar</emph>.</p>
<p>N<hi rend="raised">o</hi>. 2.) Af Lovenes § 1, b:</p>
<p>foreslaaes at Ordene: «saavidt muligt af samme Nation, som den fratrædende» <emph>udgaar</emph>.</p>
<dateline>Rom den <date>1<hi rend="raised">ste</hi> December 1865</date>.</dateline>
<salute>ærbødigst</salute>
<signed>Henrik Ibsen</signed>
<salute>Til Bestyrelsen for den skandinaviske Forening!</salute>
</div>
</body>
</text>