<?xml version="1.0" encoding="UTF-8"?><text xmlns="http://www.tei-c.org/ns/1.0" xmlns:HIS="http://www.example.org/ns/HIS" rend="letter" corresp="B18660316FH" xml:lang="da-no">
<body>
<div type="letter">
<dateline>
                            <pb n="[1]"/>Rom den <date>16<hi rend="raised">de</hi> Marts 1866</date>.</dateline>
<salute>Hr: Cancelliraad Hegel!</salute>
<p>Igaar modtog jeg Deres meget ærede og kjærkomne Skrivelse af 6<hi rend="raised">te</hi> d. M., hvilken jeg med disse Linjer skynder mig at besvare.</p>
<p>Deres Brev af 23<hi rend="raised">de</hi> Novbr: <anchor type="lemma" xml:id="koB12_1077"/>f. A: blev af mig besvaret allerede paa selve Modtagelsesdagen, nemlig Lørdagen den 2<hi rend="raised">den</hi> December. Da jeg ingen <anchor type="lemma" xml:id="koB12_1078"/>Concept skriver og heller ikke holder <anchor type="lemma" xml:id="koB12_1079"/>Copibog, men kun optegner mine Breves Afsendelsesdatum, kan jeg naturligvis ikke nu ordrett gjengive Indholdet af nysnævnte Skrivelse, men Hovedsummen deraf var at jeg indgik paa <anchor type="lemma" xml:id="koB12_1080"/>Deres Forslag om <HIS:hisRef type="work" target="Navneregister_HISe.xml#woBr">Deling af Opplaget</HIS:hisRef> saavelsom af Honoraret, samt at jeg, for ikke yderligere at sinke Trykningen ved en fortsatt Brevvexling frem og tilbage, gav <HIS:hisRef type="tcNote" xml:id="noteT12_304" target="B1844-1871ht_noter.xml" corresp="noteT12_304">Dem</HIS:hisRef> ubetinget Fuldmagt till i et og alt denne Sag betræffende at afgjøre alle muligens oppstaaende Spørgsmaal paa <HIS:hisRef type="tcNote" xml:id="noteT12_305" target="B1844-1871ht_noter.xml" corresp="noteT12_305">egen</HIS:hisRef> Haand uden <HIS:hisRef type="tcNote" xml:id="noteT12_306" target="B1844-1871ht_noter.xml" corresp="noteT12_306">derom</HIS:hisRef> <HIS:hisRef type="tcNote" xml:id="noteT12_307" target="B1844-1871ht_noter.xml" corresp="noteT12_307">at</HIS:hisRef> indhente mit Samtykke, idet jeg udtrykkelig tillføjede at jeg følte mig fuldt forvisset om at De vilde efter eget fri Valg vide at <anchor type="lemma" xml:id="koB12_1081"/>ramme mit Tarv ligesaagodt som jeg selv. Om <HIS:hisRef type="person" target="Navneregister_HISe.xml#peBB">Bjørnsons Yttring</HIS:hisRef> till Dem isommer at mit Digt behandlede et Emne fra en langt tillbageliggende Periode erklærede jeg, som jeg fremdeles gjør, at den maa grunde sig paa <pb n="[2]"/>en Misforstaaelse; jeg har derom tillskrevet ham men endnu ikke modtaget Svar. Deres allerede i Skrivelse af 18<hi rend="raised">de</hi> Novbr: fremførte <anchor type="lemma" xml:id="koB12_1082"/>Anke mod min Orthografi havde jeg besvaret under 25<hi rend="raised">de</hi> November, hvilket Brev De jo har modtaget; till den i nysnævnte Skrivelse givne Tilladelse til at foretage Forandringer i Skrivemaaden, henviste jeg kortelig i Brevet af 2<hi rend="raised">den</hi> December. Bemærkningen om de mange af mig brugte men i <HIS:hisRef type="place" target="Navneregister_HISe.xml#plDk">Danmark</HIS:hisRef> ukjendte Ord besvarede jeg med at saadant var uundgaaeligt, at Ordene vare brugte saagodtsom udelukkende for at betegne Lokalforholde, Fjeldformationer o. s. v. hvorfor man naturligvis i et Sletteland ingen tillsvarende Betegnelser har, men at Ulempen herved ikke var større, end den, som Læsningen af en Søroman medfører for en Indlandsbeboer; han forstaar vistnok ikke alle de i Sølivet forekommende Udtryk, men derved bliver dog ikke Bogen uforstaaelig.</p>
<p>At et Brev af saadant Indhold under førnævnte Dato af mig blev skrevet og indleveret, erklærer jeg herved paa Ære og Samvittighed, og naar De ikke har <HIS:hisRef type="tcNote" xml:id="noteT12_308" target="B1844-1871ht_noter.xml" corresp="noteT12_308">modtaget</HIS:hisRef> det, maa det altsaa være bortkommet undervejs. Men dette Tillfælde har jeg ikke før nu tænkt mig Muligheden af og herfra skriver sig at jeg <emph>ikke</emph> besvarede Deres Brev af 14<hi rend="raised">de</hi> December (formentlig fejlagtigt dateret, da det ifølge <HIS:hisRef type="place" target="Navneregister_HISe.xml#plKbh">Kjøbenhavns Poststempel</HIS:hisRef> allerede er afgaaet den 13<hi rend="raised">de</hi>); thi hvad deri tilltrængte Besvarelse havde allerede faaet en saadan i hint (bortkomne) Brev, hvilket jeg dengang antog for blot forsinket og <pb n="[3]"/>Dem nogle Dage senere ihændekommet.</p>
<p>I et Brev, som <HIS:hisRef type="person" target="Navneregister_HISe.xml#peMT">min Svigermoder</HIS:hisRef> tillskrev mig den 2<hi rend="raised">den</hi> Januar d. A. forekommer Yttringer, som fremkaldte min siden vedligeholdte Uvisshed og pinlige Forventning. Hun skriver at hun Dagen iforvejen havde talt med Dem; hun beklagede at Trykningsanliggendet endnu ikke var afgjort o. s. v. Jeg, der ikke anede at mit Brev af 2<hi rend="raised">de</hi> Dcbr: var bortkommet, fortolkede <HIS:hisRef type="tcNote" xml:id="noteT12_309" target="B1844-1871ht_noter.xml" corresp="noteT12_309">dette</HIS:hisRef> som om De nu havde faaet nye Betænkeligheder og at De agtede at fremsætte yderligere Forslag, hvilke jeg siden den Tid med hver Postdag har ventet, idet jeg afvexlende i Uvissheden har spejdet i alle Blade efter Bogens Udkomst henholdende mig till at De engang havde nævnt Februar som en hensigtsmæssig Udgivelsestid.</p>
<p>Det var under Vægten af en saadan Stemning at jeg skrev mit Brev i forrige Uge og skulde deri forekomme noget Udtryk, der paa nogensomhelst Maade kunde vække Anstød, beder jeg Dem opprigtigt at tillgive mig.</p>
<p>Deres højsindede Tillbud om at lade det forblive ved <anchor type="lemma" xml:id="koB12_1083"/>den første Aftale om Opplag og Honorar ønsker jeg ikke at modtage, jeg beder Dem tvertimod indstændigt og indtrængende at <anchor type="lemma" xml:id="koB12_1084"/>lade det have sit Forblivende med Delingen. Nogen Nødvendighed for Dem af at lade trykke det store Opplag paa engang indser jeg ikke at der, tilltrods for min nu forklarede Taushed, har været tillstede. Thi selv <pb n="[4]"/>om jeg skulde have faldet paa at fordre det hele Honorar, <HIS:hisRef type="tcNote" xml:id="noteT12_310" target="B1844-1871ht_noter.xml" corresp="noteT12_310">saa</HIS:hisRef> havde jeg dog ingensomhelst Rett til at paastaa Trykningen af det hele Opplag, og dersom De mener at Afsættningen foreløbig kun vil kræve et mindre Antal Exemplarer, er det jo unødvendigt at paatage Dem fordobblede Omkostninger till Papir og Trykning; <anchor type="lemma" xml:id="koB12_1085"/>Typerne blive jo, efter hvad <HIS:hisRef type="tcNote" xml:id="noteT12_311" target="B1844-1871ht_noter.xml" corresp="noteT12_311">De</HIS:hisRef> tidligere har foreslaaet, staaende i Satsen og jeg vil inderlig ønske at dette Brev maa komme tidsnok till at forhindre det i Deres sidste Skrivelse nævnte Arrangement eller at De af Dem selv i Mellemtiden er falden paa den her nævnte Udvej. Jeg gjentager det, jeg ønsker og jeg gjør Fordring paa at bære min Andel af et muligt Tab i dette Anliggende; at vide dette helt og holdent væltet over paa Dem, vilde blive en Tanke, som kom till at pine mig baade dybt og længe. Hvis De derimod vil indgaa paa min Anmodning om <HIS:hisRef type="tcNote" xml:id="noteT12_312" target="B1844-1871ht_noter.xml" corresp="noteT12_312">at udbetale</HIS:hisRef> den anden Halvdel af Honoraret som foreløbigt Forskudd paa nye Arbejder, saaledes som omskrevet er i mit Brev af 8<hi rend="raised">de</hi> dennes, da er dette naturligvis en anden Sag, hvorfor jeg vil være Dem meget taknemmelig.</p>
<p>Hermed haaber jeg at alle Misforstaaelser maa være fjernede og at jeg i Fremtiden maa nyde Æren og Behageligheden af som Forfatter at være knyttet till Dem, ligesom det er min Agt saameget som muligt at knytte mig till Danmark. Normænd og Svensker har en forfærdelig <anchor type="lemma" xml:id="koB12_1086"/>Blodskyld at afvaske ligeover for eder og jeg føler det som mit Livs Oppgave at bruge de Evner Gud har givet mig til at <pb n="[5]"/>vække mine Landsmænd opp af Sløvheden <HIS:hisRef type="tcNote" xml:id="noteT12_313" target="B1844-1871ht_noter.xml" corresp="noteT12_313">og</HIS:hisRef> bringe dem till at se hvor de store Livsspørgsmaal peger hen.</p>
<p>Indlagte Skrivelse till <HIS:hisRef type="person" target="Navneregister_HISe.xml#peAK">Cand: jur: A. Klubien</HIS:hisRef> bedes ham godhedsfuldt tillstillet samtidigt med det till ham begjærede Friexemplar; den Billet till ham, som jeg tog mig den Frihed at indlægge i min Skrivelse till <HIS:hisRef type="tcNote" xml:id="noteT12_314" target="B1844-1871ht_noter.xml" corresp="noteT12_314">Dem</HIS:hisRef> af 26<hi rend="raised">de</hi> October f. A. har han, efter alle Mærker at dømme, <HIS:hisRef type="tcNote" xml:id="noteT12_753" target="B1844-1871ht_noter.xml" corresp="noteT12_753">ikke</HIS:hisRef> modtaget; formodentlig er den bortkommen i <anchor type="lemma" xml:id="koB12_1087"/>Byposten.</p>
<p>Ogsaa Postportoen af dette Brev beder jeg mig ført i Regning; <HIS:hisRef type="place" target="Navneregister_HISe.xml#plRom">
                                <anchor type="lemma" xml:id="koB12_1088"/>Pavestaten</HIS:hisRef> har nemlig ingen Postkonvention med Danmark, og at frankere længere end till Grændsen herfra medfører derfor en Portoforøgelse af henimod 1 MՖ dansk for et enkelt Brev.</p>
<p>Idet jeg imødeser Udkomsten og Modtagelsen af min Bog, tegner jeg mig med Højagtelse</p>
<salute>Deres stedse forbundne</salute>
<signed>Henrik Ibsen</signed>
</div>
</body>
</text>