<?xml version="1.0" encoding="UTF-8"?><text xmlns="http://www.tei-c.org/ns/1.0" xmlns:HIS="http://www.example.org/ns/HIS" rend="letter" corresp="B18691214FH" xml:lang="da-no">
                <body>
<div type="letter">
<dateline>
                            <pb n="[1]"/>Dresden den <date>14<hi rend="raised">de</hi> Dec<hi rend="raised">br</hi> 1869</date>. –</dateline>
<salute>Kjære Herr Cancelliraad Hegel!</salute>
<p>Endelig er jeg da kommen tillbage fra min 2 Maaneders Rejse i <HIS:hisRef type="place" target="Navneregister_HISe.xml#plEg">Egypten</HIS:hisRef> og skynder mig at takke for <anchor type="lemma" xml:id="koB12_2184"/>Deres venlige Brev till <HIS:hisRef type="person" target="Navneregister_HISe.xml#peSuI">min Kone</HIS:hisRef>, saa vel som for <anchor type="lemma" xml:id="koB12_2185"/>de modtagne Bladanmeldelser, hvis Række jeg har faaet <anchor type="lemma" xml:id="koB12_2186"/>suppleret fra <HIS:hisRef type="place" target="Navneregister_HISe.xml#plN">Norge</HIS:hisRef>. Den Modtagelse, <HIS:hisRef type="work" target="Navneregister_HISe.xml#woUF">«<HIS:hisRef type="tcNote" xml:id="noteT12_588" target="B1844-1871ht_noter.xml" corresp="noteT12_588">De</HIS:hisRef> unges Forbund»</HIS:hisRef> har faaet, glæder mig meget; Modstanden var jeg forberedt paa og det vilde været mig en Skuffelse om den var udebleven. Men hvad jeg <anchor type="lemma" xml:id="koB12_2187"/>ikke var forberedt paa var at <HIS:hisRef type="person" target="Navneregister_HISe.xml#peBB">Bjørnson</HIS:hisRef> efter Sigende har følt sig rammet af Stykket. Forholder dette sig virkelig saa? Han maa dog kunne se at det ikke er ham, men <anchor type="lemma" xml:id="koB12_2188"/>hans fordærvelige og «gjennemløjede» Partikreds, der har tjent mig till Modeller. <anchor type="lemma" xml:id="koB12_2189"/>Forresten skriver jeg ham till idag eller imorgen, <HIS:hisRef type="tcNote" xml:id="noteT12_589" target="B1844-1871ht_noter.xml" corresp="noteT12_589">og</HIS:hisRef> jeg haaber at Sagen, till Trods for alle <anchor type="lemma" xml:id="koB12_2190"/>Differentser forøvrigt, vil <pb n="[2]"/>ende med en <anchor type="lemma" xml:id="koB12_2191"/>Udsoning. At allerede andet Opplag er udkommet, har oversteget min Forventning; nu er jeg blot spændt paa at erfare hvorvidt Stykket maatte vise sig at passe for <anchor type="lemma" xml:id="koB12_2192"/>Kjøbenhavns Theater.</p>
<p>Hvis jeg tør anmode Dem om enten i Vexel eller i preussiske Penge at sende mig en Sum svarende till 200 Rdlr dansk, saa vilde jeg være Dem meget forbunden. Ligeledes vilde det være mig kjært at modtage et Par Expl: af Bogen, ligesom jeg beder Dem sende et Expl: till <HIS:hisRef type="person" target="Navneregister_HISe.xml#peJHT">min Svoger</HIS:hisRef> i <HIS:hisRef type="place" target="Navneregister_HISe.xml#plKri">Christiania</HIS:hisRef>, Cand: jur: Johan Herman Thoresen, kgl: Fuldmægtig i Justitsdepartementet.</p>
<p>Till Rejseskildringer har jeg rigeligt Stof, da jeg har holdt nøjagtig Dagbog den hele Tid. Jeg lover Dem med Bestemthed et <anchor type="lemma" xml:id="koB12_2193"/>Bidrag till Dansk <HIS:hisRef type="tcNote" xml:id="noteT12_590" target="B1844-1871ht_noter.xml" corresp="noteT12_590">Tidsskrift</HIS:hisRef> saasnart jeg har indfriet en tidligere <anchor type="lemma" xml:id="koB12_2194"/>Forpligtelse till Morgenbladet.</p>
<p>
                            <HIS:hisRef type="person" target="Navneregister_HISe.xml#peGB">G: Brandes</HIS:hisRef> beder jeg Dem hilse; senere tillskriver jeg ham. Der er noget baade i <anchor type="lemma" xml:id="koB12_2195"/>hans Ros og i hans Dadel, som gjør mig saa ubeskrivelig godt, og det er at jeg bliver forstaaet.</p>
<p>Jeg gaar omkring med Planen till <anchor type="lemma" xml:id="koB12_2196"/>et nyt alvorligt Nutidsdrama i tre Akter; rimeligvis tager jeg fatt i den nærmeste <pb n="[3]"/>Fremtid.</p>
<p>De kan tro jeg har havt en behagelig Rejse. Jeg har været lige nede i <HIS:hisRef type="place" target="Navneregister_HISe.xml#plNu">Nubien</HIS:hisRef>, senere ved <HIS:hisRef type="place" target="Navneregister_HISe.xml#plRodH">det røde Hav</HIS:hisRef>, opplevet mange Eventyr og derhos gjort <anchor type="lemma" xml:id="koB12_2197"/>Bekjendtskab med mange interessante Mennesker. Men allerbedst er det dog at sidde stille herhjemme og se tillbage paa det altsammen. Af Danske har jeg truffet <HIS:hisRef type="person" target="Navneregister_HISe.xml#pePHa">P: Hansen</HIS:hisRef> og <HIS:hisRef type="person" target="Navneregister_HISe.xml#peRW">
                                <anchor type="lemma" xml:id="koB12_2198"/>Robert Watt</HIS:hisRef>; vi har ligget i Telt i Ørkenen og læst danske Aviser.</p>
<p>Hvis jeg ikke endnu en Gang tillskriver Dem før Jul, saa sender jeg herved en Hilsen og de bedste Ønsker om en glædelig Højtid for Dem og Deres.</p>
<salute>Deres stedse hengivne</salute>
<signed>Henrik Ibsen.</signed>
</div>
</body>
</text>