<?xml version="1.0" encoding="UTF-8"?><text xmlns="http://www.tei-c.org/ns/1.0" xmlns:HIS="http://www.example.org/ns/HIS" rend="letter" corresp="Budat18610302KNT" xml:lang="da-no">
<front>
<pb n="[a]"/>
<HIS:envelope type="sheet">
<address>
<addrLine>Til</addrLine>
<addrLine>Bestyrelsen for det norske Theater.</addrLine>
</address>
</HIS:envelope>
</front>
<body>
<div type="letter">
<p>
                            <pb n="[1]"/>Paa Grund af <HIS:hisRef type="person" target="Navneregister_HISe.xml#peGHK">Krohns</HIS:hisRef> Sygdom kan hans Benefice ikke gives paa Mandag. Det foreslaaes derfor at <anchor type="lemma" xml:id="koB12_684"/>«Mursvendene» gives istedet, og at Beneficen sættes til Fredag. Efter Samraad med Dhr. <HIS:hisRef type="person" target="Navneregister_HISe.xml#peJCG">Gamborg</HIS:hisRef> og <HIS:hisRef type="person" target="Navneregister_HISe.xml#peMKH">Holfeldt</HIS:hisRef> anmodes Bestyrelsen om <HIS:hisRef type="tcNote" xml:id="noteT12_186" target="B1844-1871ht_noter.xml" corresp="noteT12_186">i</HIS:hisRef> denne Anledning at <anchor type="lemma" xml:id="koB12_685"/>afgive Møde i Theatret idag Middag Kl: 1.</p>
<dateline>Lørdag Form:</dateline>
<salute>ærb:</salute>
<signed>Henr: Ibsen</signed>
</div>
<div type="postscript">
<p>Gamborg møder. Holfeldt møder.</p>
</div>
</body>
</text>