<?xml version="1.0" encoding="UTF-8"?><text xmlns="http://www.tei-c.org/ns/1.0" xmlns:HIS="http://www.example.org/ns/HIS" rend="letter" corresp="B18710131FH" xml:lang="da-no">
                <body>
<div type="letter">
<dateline>
                            <pb n="[1]"/>Dresden, <date>31<hi rend="raised">te</hi> Januar 1871</date>. –</dateline>
<salute>Kære herr Hegel!</salute>
<p>Forbindtligst tak for alle <anchor type="lemma" xml:id="koB12_2937"/>gode efterretninger om <HIS:hisRef type="work" target="Navneregister_HISe.xml#woKE">«Kongs-emnerne»</HIS:hisRef>! Den <anchor type="lemma" xml:id="koB12_2938"/>tvivl jeg ytrede med hensyn til forkortninger o. s. v., er nu fjernet ved et brev fra <HIS:hisRef type="person" target="Navneregister_HISe.xml#peGBe">Justitsråd Berner</HIS:hisRef>; alt er i orden. <anchor type="lemma" xml:id="koB12_2939"/>Arrangementet i slutnings-scenen er <HIS:hisRef type="person" target="Navneregister_HISe.xml#peJLH">fru Heibergs</HIS:hisRef> idé.</p>
<p>Hermed følger atter en del manuskript. <anchor type="lemma" xml:id="koB12_2940"/>Indholdsfortegnelsen sender jeg først næste gang, da den, når bogen skal være 10 ark stor, må omarbejdes. Trykningen kan påbegyndes nårsomhelst indtil digtet <HIS:hisRef type="work" target="Navneregister_HISe.xml#woBergm">«Bergmanden»</HIS:hisRef> inclusive; men derfra begynder indfletningen af de digte, som nu kommer til. Ønsker De <anchor type="lemma" xml:id="koB12_2941"/>et andet format, end det af mig nævnte, så er det naturligvis ganske overladt til Dem. – En <anchor type="lemma" xml:id="koB12_2942"/>titelvignet vil jeg gerne have; men jeg tør ikke påtage mig selv at give idéen til den; min ven <HIS:hisRef type="person" target="Navneregister_HISe.xml#pePHa">P: Hansen</HIS:hisRef> er manden til at finde det <pb n="[2]"/>rette. Udførelsen bør for <anchor type="lemma" xml:id="koB12_2943"/>nemheds skyld, om ikke også af andre grunde, <anchor type="lemma" xml:id="koB12_2944"/>overdrages til en dansk kunstner.</p>
<p>I <anchor type="lemma" xml:id="koB12_2945"/>de store franske typer er jeg aldeles forelsket; jeg har ikke set noget smukkere for en digtsamling; og, hvad der er det vigtigste, de svarer, synes mig, aldeles til karakteren af mine digte. Trykte med disse typer vil digtene blive dobbelt så gode! – Men kan det ikke <anchor type="lemma" xml:id="koB12_2946"/>i digtet <HIS:hisRef type="work" target="Navneregister_HISe.xml#woByg">
                                <HIS:hisRef type="tcNote" xml:id="noteT12_718" target="B1844-1871ht_noter.xml" corresp="noteT12_718">«Byggeplaner»</HIS:hisRef>
                            </HIS:hisRef> lade sig gøre at undgå brud på de tre linjer (drag, Nord, galt)? Versets konstruktion blir ellers forrykket for øjet, og derved også for forestillingen; men det er måske umuligt.</p>
<p>Af to digte ønskede jeg mig afskrifter fra <HIS:hisRef type="place" target="Navneregister_HISe.xml#plKbh">København</HIS:hisRef>. Det ene er <anchor type="lemma" xml:id="koB12_2947"/>
                            <HIS:hisRef type="work" target="Navneregister_HISe.xml#woAbLi">«Abraham Lincolns mord»</HIS:hisRef> der stod i «Fædrelandet» i Marts eller April 1865. <anchor type="lemma" xml:id="koB12_2948"/>Det andet er en sang, digtet ved Skuespiller Jørgensens og frues afrejse fra <HIS:hisRef type="place" target="Navneregister_HISe.xml#plN">Norge</HIS:hisRef>. Fru Jørgensen vil på anmodning skaffe Dem et expl: til afskrift. Hun bor hos sin broder, <HIS:hisRef type="person" target="Navneregister_HISe.xml#peLHG">kgl: solodanser Gade</HIS:hisRef>. Begge disse digte må, ligesom de øvrige, affiles og gennemarbejdes. <anchor type="lemma" xml:id="koB12_2949"/>Drikkevisen af <HIS:hisRef type="work" target="Navneregister_HISe.xml#woKK">«Kærlighedens Komedie»</HIS:hisRef> ønsker jeg også efter nærmere overvejelse at tage med, og beder om en afskrift, da jeg ikke har bogen. <pb n="[3]"/>Fra min hånd vil <anchor type="lemma" xml:id="koB12_2950"/>alting mageligt kunne være leveret i den tredje uge af Februar.</p>
<p>For <anchor type="lemma" xml:id="koB12_2951"/>det modtagne regnskab takker jeg i alle henseender, – og ikke mindre for de <anchor type="lemma" xml:id="koB12_2952"/>gode vilkår betræffende digtsamlingen!</p>
<p>Med venlige hilsener til Dem og <HIS:hisRef type="person" target="Navneregister_HISe.xml#peJH">Deres søn</HIS:hisRef> tegner jeg mig</p>
<salute>Deres altid hengivne</salute>
<signed>Henrik Ibsen.</signed>
</div>
<div type="postscript">
<p>P.S.</p>
<p>Er <anchor type="lemma" xml:id="koB12_2953"/>
                            <HIS:hisRef type="person" target="Navneregister_HISe.xml#peCKFM">professor Molbech</HIS:hisRef> fremdeles literatur- og theateranmelder i «Dagbladet»? I så fald bedes han ved lejlighed takket for hans velvillige omtale af <HIS:hisRef type="tcNote" xml:id="noteT12_719" target="B1844-1871ht_noter.xml" corresp="noteT12_719">«Kongs-emnerne»</HIS:hisRef>. Under alle omstændigheder bedes han hilset.</p>
</div>
</body>
</text>