<?xml version="1.0" encoding="UTF-8"?><text xmlns="http://www.tei-c.org/ns/1.0" xmlns:HIS="http://www.example.org/ns/HIS" rend="letter" corresp="B18720429MB" xml:lang="da-no">
<body>
<div type="letter">
<dateline>
                            <pb n="[1]"/>Dresden den <date>29<hi rend="raised">de</hi> April 1872</date>.</dateline>
<salute>Kære ven!</salute>
<p>Jeg er dig særdeles forbunden for den tilsendte <anchor type="lemma" xml:id="koB13_462"/>Harald Hårfagers saga. Skulde jeg, hvilket nok kan være muligt, tillige behøve <HIS:hisRef type="person" target="Navneregister_HISe.xml#pePAM">
                                <anchor type="lemma" xml:id="koB13_463"/>Munchs</HIS:hisRef> Historie, så håber jeg at kunne få den fra <HIS:hisRef type="place" target="Navneregister_HISe.xml#plKbh">København</HIS:hisRef>. Herr <HIS:hisRef type="person" target="Navneregister_HISe.xml#peJL">
                                <anchor type="lemma" xml:id="koB13_464"/>Lorange</HIS:hisRef> har atter tilskrevet mig; jeg agter imidlertid ikke at svare og stoler på at Du i sin tid velvilligt ordner det fornødne. Jeg ønsker at <HIS:hisRef type="work" target="Navneregister_HISe.xml#woTF">
                                <anchor type="lemma" xml:id="koB13_465"/>digtet</HIS:hisRef> må blive <anchor type="lemma" xml:id="koB13_466"/>foredraget både i <HIS:hisRef type="place" target="Navneregister_HISe.xml#plKri">Kristiania</HIS:hisRef> og <HIS:hisRef type="place" target="Navneregister_HISe.xml#plHau">Haugesund</HIS:hisRef>. Dersom skolebestyrer <HIS:hisRef type="person" target="Navneregister_HISe.xml#peFG">Gjertsen</HIS:hisRef> på det førstnævnte sted vil påtage sig oplæsningen, er jeg vel tilfreds. Alt afhænger imidlertid af at festkomitéerne ønsker og <emph>forlanger</emph> min medvirkning; thi jeg vil naturligvis være <anchor type="lemma" xml:id="koB13_467"/>medindbefattet i det officielle program og ikke komme bagefter når «ordet er blevet frit». Hvis Du er med herpå, <pb n="[2]"/>beder jeg dig indlede de fornødne <anchor type="lemma" xml:id="koB13_468"/>underhandlinger med vedkommende.</p>
<p>Til <anchor type="lemma" xml:id="koB13_469"/>17<hi rend="raised">de</hi> Maj kan jeg af diverse grunde intet skrive.</p>
<p>
                            <anchor type="lemma" xml:id="koB13_470"/>Indlagte brev vilde jeg gerne have besørget snarest muligt; <HIS:hisRef type="person" target="Navneregister_HISe.xml#peMLo">
                                <anchor type="lemma" xml:id="koB13_471"/>fru Løkke</HIS:hisRef> er måske på anmodning så god at fremsende det.</p>
<p>Tænker Du aldrig på at gøre en udflugt til udlandet? Det er jo dog nuomstunder i alle henseender så let at rejse. Jeg for min part kommer neppe til København i sommer, og endnu mindre længer nordpå.</p>
<p>Mere næstegang!</p>
<salute>Din hengivne</salute>
<signed>Henrik Ibsen.</signed>
</div>
</body>
</text>