<?xml version="1.0" encoding="UTF-8"?><text xmlns="http://www.tei-c.org/ns/1.0" xmlns:HIS="http://www.example.org/ns/HIS" rend="letter" corresp="B18741123FH" xml:lang="da-no">
<body>
<div type="letter">
<dateline>
                            <pb n="[1]"/>Dresden den <date>23<hi rend="raised">de</hi> November 1874</date>. –</dateline>
<salute>Kære herr Hegel!</salute>
<p>Først og fremst har jeg at frembære <HIS:hisRef type="person" target="Navneregister_HISe.xml#peSuI">min hustrus</HIS:hisRef> og min egen hjerteligste tak, såvel for al Deres venlige forekommenhed imod min hustru under hendes sidste sørgelige <anchor type="lemma" xml:id="koB13_1606"/>ophold i <HIS:hisRef type="place" target="Navneregister_HISe.xml#plKbh">København</HIS:hisRef>, som for den ære, De viste os og <anchor type="lemma" xml:id="koB13_1607"/>vor <HIS:hisRef type="person" target="Navneregister_HISe.xml#peMTh">afdøde slægtning</HIS:hisRef> ved at ledsage hende til graven.</p>
<p>Ligeså erkender jeg med tak modtagelsen af De i Deres venlige brev af 25<hi rend="raised">de</hi> Oktober indesluttede 150 Thaler, samt det <anchor type="lemma" xml:id="koB13_1608"/>beløb, som min hustru hævede hos Dem.</p>
<p>Og <HIS:hisRef type="tcNote" xml:id="noteT13_248" target="B1871-1879ht_noter.xml" corresp="noteT13_248">endelig</HIS:hisRef> ser jeg mig desværre nødt til atter igen at bede Dem godhedsfuldt sende mig 150 Thaler.</p>
<p>Min hustru bragte mig en <anchor type="lemma" xml:id="koB13_1609"/>glædelig meddelelse fra Dem angående udsigterne for afsætningen af <HIS:hisRef type="work" target="Navneregister_HISe.xml#woUF">«De unges forbund»</HIS:hisRef> og af <HIS:hisRef type="work" target="Navneregister_HISe.xml#woF2">«Fru Inger»</HIS:hisRef>. Er det virkelig så, at en stor del af oplagene allerede er forudbestilt? Udgivelsestiden er jo gunstig. Gid blot, det <anchor type="lemma" xml:id="koB13_1610"/>manglende papir ikke altfor længe må lade vente <pb n="[2]"/>på sig. <anchor type="lemma" xml:id="koB13_1611"/>Med udgivelsen af «Fru Inger» bør der naturligvis ikke ventes til stykket er opført. Jo før det kan komme i handelen, desto bedre. De fornødne <anchor type="lemma" xml:id="koB13_1612"/>breve til theaterdirektionerne skal jeg være så fri at sende Dem i betimelig tid.</p>
<p>Det var mig kært at erfare at De ikke har noget imod at <HIS:hisRef type="work" target="Navneregister_HISe.xml#woDi">
                                <anchor type="lemma" xml:id="koB13_1613"/>digtsamlingen</HIS:hisRef> forøges med et par ark. <anchor type="lemma" xml:id="koB13_1614"/>Alt derhen hørende skal fra min side være ordnet og afleveret inden udgangen af <HIS:hisRef type="tcNote" xml:id="noteT13_248a" target="B1871-1879ht_noter.xml" corresp="noteT13_248a">Februar</HIS:hisRef>, eller, om muligt, før.</p>
<p>Men nu har jeg et andet forslag at henstille til Deres overvejelse. Til næste år <anchor type="lemma" xml:id="koB13_1615"/>fejrer jeg, foruden som student, også mit 25-årige forfatterjubilæum. <anchor type="lemma" xml:id="koB13_1616"/>I Marts måned 1850 udkom nemlig <HIS:hisRef type="work" target="Navneregister_HISe.xml#woC1">«Catilina»</HIS:hisRef>, drama i tre akter, hvilket var den første bog, jeg lod trykke. Dette arbejde indeholder adskilligt godt ved siden af adskilligt umodent; i de senere år har <anchor type="lemma" xml:id="koB13_1617"/>kritiken ofte fremhævet det som karakteristi<unclear reason="writing">s</unclear>k for mig at jeg debuterede med dette stykke; <HIS:hisRef type="tcNote" xml:id="noteT13_249" target="B1871-1879ht_noter.xml" corresp="noteT13_249">og</HIS:hisRef> jeg må selv være enig heri, idet jeg nu føler at det hænger nøje sammen med mine daværende livsforholde, og at det indeslutter i sig spirerne til adskilligt, som senere er kommet frem i min digtning. Dette og andet mere havde jeg nu tænkt <pb n="[3]"/>at gøre rede for i en <anchor type="lemma" xml:id="koB13_1618"/>fortale og dermed besørge en <HIS:hisRef type="work" target="Navneregister_HISe.xml#woC2">ny rettet udgave af bogen</HIS:hisRef>. Der skulde ikke røres ved tankerne og ideerne, men kun ved disses sproglige form; thi <anchor type="lemma" xml:id="koB13_1619"/>versene er, som <HIS:hisRef type="person" target="Navneregister_HISe.xml#peGB">Brandes</HIS:hisRef> etsteds har sagt, slette, hvilket kommer deraf at <anchor type="lemma" xml:id="koB13_1620"/>mit første løst henkastede manuskript benyttedes urettet da bogen blev trykt.</p>
<p>Jeg for min part tror at dette digt vil blive modtaget med adskillig interesse, og at de, der besidder mine øvrige arbejder, også vil købe dette. Bogen kender man nu kun af omtale blandt publikum, den blev i sin tid knapt udbredt i 60 – 100 exemplarer og jeg har <anchor type="lemma" xml:id="koB13_1621"/>selv været vidne til at det øvrige af oplaget blev gjort til makulatur.</p>
<p>Nu vilde jeg gerne høre <anchor type="lemma" xml:id="koB13_1622"/>Deres uforbeholdne mening om dette forslag. Tvivler De på hensigtsmæssigheden deraf, så beder jeg Dem sige det. Går De ind derpå, så vilde jeg være Dem meget taknemmelig dersom De snarest muligt kunde skaffe mig et exemplar af bogen; thi der må tages en hel afskrift at trykke efter for de mange rettelsers og omskrivningers skyld, og den nye udgave burde jo helst udkomme på samme tid af året, som den første. Det <pb n="[4]"/>lånte exemplar skal blive leveret tilbage i ubeskadiget stand; jeg <HIS:hisRef type="tcNote" xml:id="noteT13_250" target="B1871-1879ht_noter.xml" corresp="noteT13_250">antager</HIS:hisRef> at et sådant vil kunne erholdes på et af de store bibliotheker.</p>
<p>I håb om snart at høre Deres anskuelse om dette, og med hjertelige hilsener til Dem og Deres tegner jeg mig</p>
<salute>Deres hengivne</salute>
<signed>Henrik Ibsen.</signed>
</div>
</body>
</text>