<?xml version="1.0" encoding="UTF-8"?><text xmlns="http://www.tei-c.org/ns/1.0" xmlns:HIS="http://www.example.org/ns/HIS" rend="letter" corresp="B18661210SF" xml:lang="da-no">
<body>
<div type="letter">
<salute>
                            <pb n="[1]"/>Til Bestyrelsen for den skandinaviske Forening i Rom.</salute>
<p>Undertegnede tillade sig at anmelde nedenstaaende til Forhandling paa førstkommende Generalforsamling:</p>
<p>Da der blandt Medlemmerne er yttret Misfornøjelse med at en for Foreningens Regning anskaffet <anchor type="lemma" xml:id="koB12_1433"/>protestantisk Calender, affattet i <anchor type="lemma" xml:id="koB12_1434"/>det tydske Sprog, for Aaret 1867<unclear>,</unclear> er udlagt i Læsesalen, saa tillade vi os at begjære Generalforsamlingens Afstemning over hvorvidt nævnte Calender bør forblive udlagt i Salen eller indtages i Foreningens Bibliothek. –</p>
<dateline>Rom den <date>10<hi rend="raised">de</hi> December 1866</date>. –</dateline>
<signed>Henrik Ibsen.</signed>
<signed>J. la Cour.</signed>
</div>
</body>
</text>