<?xml version="1.0" encoding="UTF-8"?><text xmlns="http://www.tei-c.org/ns/1.0" xmlns:HIS="http://www.example.org/ns/HIS" rend="letter" corresp="B18671123FH" xml:lang="da-no">
                <body>
<div type="letter">
<dateline>
                            <pb n="[1]"/>Rom den <date>23<hi rend="raised">de</hi> November 1867</date>.</dateline>
<salute>Kjære Herr Cancelliraad Hegel!</salute>
<p>De kan tro det igaar var en Festdag for os, thi da modtog jeg Deres Brev fuldt af <anchor type="lemma" xml:id="koB12_1611"/>de mange glædelige Efterrettninger! For Deres storartet liberale Tillbud om <anchor type="lemma" xml:id="koB12_1612"/>Honorar for det nye Opplag kan jeg ikke noksom takke Dem. Naturligvis staar det Dem frit at dele Opplaget i <emph>to</emph>, hvert paa 1000 Expl: hvis De saa synes. Det tillsendte Expl: har jeg modtaget og takker for særdeles <HIS:hisRef type="tcNote" xml:id="noteT12_459" target="B1844-1871ht_noter.xml" corresp="noteT12_459">omhyggelig</HIS:hisRef> Korrektur samt smukt Udstyr. Af Trykkfejl har jeg kun bemærket Side 80: (En Stemme i Mørket) der er sat i Parentes med smaa Typer istedetfor som de sædvanlige Overskrifter. Side 236 staar <emph>hverve</emph> istedetfor kverve. Paa sidste Side staar i Knappestøberens Replik Tankestregen foran Ordet <emph>om</emph> istedetfor bagefter (skal staa: se, om –;) Nederst paa Side 50 staar Ordene «Hvad er saa Resten» for langt fremskudt. De Partier der er skrevne i korte <pb n="[2]"/>Verslinjer, f: Ex: Side 222 o. fl. skulde jeg gjerne ønske Verskolonnerne flyttede mere midt paa Siden. Det samme gjælder nogle Parenteser ved <emph>Sceneforandringerne</emph> f. Ex: S. 144, 150, 157, 161. Paa Side 247 bør Punktum i sidste Linje udgaa foran Tankestregen. Altsammen Smaating.</p>
<p>Gid nu <HIS:hisRef type="tcNote" xml:id="noteT12_460" target="B1844-1871ht_noter.xml" corresp="noteT12_460">Kritiken</HIS:hisRef> vil være os gunstig. Jeg tror Bogen vil blive meget læst i <HIS:hisRef type="place" target="Navneregister_HISe.xml#plN">Norge</HIS:hisRef>.</p>
<p>Forbindtligst Takk for <anchor type="lemma" xml:id="koB12_1614"/>
                            <HIS:hisRef type="person" target="Navneregister_HISe.xml#peGB">Brandes’s</HIS:hisRef> Artikel i Dansk Maanedskrift! Jeg skal selv tillskrive ham i næste Uge; midlertidigt beder jeg Dem hilse ham hjerteligst fra mig.</p>
<p>
                            <anchor type="lemma" xml:id="koB12_1615"/>De omskrevne 16 Sp. till <HIS:hisRef type="person" target="Navneregister_HISe.xml#peJAAFD">Johan Dahl</HIS:hisRef> i <HIS:hisRef type="place" target="Navneregister_HISe.xml#plKri">Christiania</HIS:hisRef> bedes betalte.</p>
<p>For <anchor type="lemma" xml:id="koB12_1616"/>Deres Ulejlighed med Lotteriet er jeg Dem meget forbunden; jeg har jo været heldig; <anchor type="lemma" xml:id="koB12_1617"/>to Gange Gevinst! At <HIS:hisRef type="work" target="Navneregister_HISe.xml#woBr">
                                <anchor type="lemma" xml:id="koB12_1618"/>«Brand»</HIS:hisRef> kunde paaregne et 5<hi rend="raised">te</hi> Opplag saa snart var mig en stor Glæde. Naar den Tid kommer, kunde jeg maaske have Lyst till at foretage nogle smaa Rettelser; men der er jo langt frem endnu.</p>
<p>Det er i stort Hastværk <HIS:hisRef type="tcNote" xml:id="noteT12_461" target="B1844-1871ht_noter.xml" corresp="noteT12_461">jeg</HIS:hisRef> idag skriver. Vi er endnu ikke ganske kommen i Orden i <anchor type="lemma" xml:id="koB12_1619"/>vor nye Bolig. Paa Grændsen laa vi under <anchor type="lemma" xml:id="koB12_1620"/>Krigsurolighederne og kunde først efter <pb n="[3]"/>mangeslags Eventyr komme ind i <HIS:hisRef type="place" target="Navneregister_HISe.xml#plVat">Pavestaten</HIS:hisRef>. Nu er alting roligt, tillsyneladende ialfald.</p>
<p>Hvis jeg turde bede Dem om engang i December Maaned at tillsende mig gjennem <anchor type="lemma" xml:id="koB12_1621"/>Vexel paa Paris det <anchor type="lemma" xml:id="koB12_1622"/>resterende af Honoraret for 1<hi rend="raised">ste</hi> Opplag af <HIS:hisRef type="work" target="Navneregister_HISe.xml#woPG">Peer Gynt</HIS:hisRef>, saa var det mig kjært.</p>
<salute>Med de hjerteligste Hilsener tegner jeg mig Deres stedse takknemmelige og hengivne</salute>
<signed>Henrik Ibsen.</signed>
</div>
</body>
</text>