<?xml version="1.0" encoding="UTF-8"?><text xmlns="http://www.tei-c.org/ns/1.0" xmlns:HIS="http://www.example.org/ns/HIS" rend="letter" corresp="B18671209BB" xml:lang="da-no">
<body>
<div type="letter">
<div type="letterpart" part="I">
<dateline>
                                <pb n="[1]"/>Rom den <date>9<hi rend="raised">de</hi> December 1867</date>. –</dateline>
<salute>Kjære Bjørnson!</salute>
<p>Hvad er det igrunden for <anchor type="lemma" xml:id="koB12_1623"/>Helvedesskab, som paa hvert eneste Punkt kommer og stiller sig imellem os? Det er som om <anchor type="lemma" xml:id="koB12_1625"/>den personlige Djævel kom og skyggede. Jeg havde faaet <anchor type="lemma" xml:id="koB12_1624"/>dit Brev. Naar man skriver, som Du der skrev, saa er der ikke <anchor type="lemma" xml:id="koB12_1626"/>Svig i ens Mund. Der gives Ting, som ikke lader sig eftergjøre. Jeg havde ogsaa skrevet et Svar fuldt ud af et Takknemmeligt Hjerte; thi det er ikke Ros man kan takke for; men at være forstaaet, det gjør usigelig takknemmelig. Og nu har jeg ingen Brug for mit Svar; jeg har revet det istykker. For en Time siden læste jeg <HIS:hisRef type="person" target="Navneregister_HISe.xml#peCP">
                                    <anchor type="lemma" xml:id="koB12_1627"/>Hr. Clemens Petersens</HIS:hisRef> Anmeldelse i «Fædrelandet». Skal jeg <emph>nu</emph> besvare Dit Brev maa jeg begynde paa en anden Maade: jeg maa erkjende Modtagelsen af din ærede Skrivelse af den og den Dato med dertillhørende Kritik i nævnte Blad. – <pb n="[2]"/>
                                <anchor type="lemma" xml:id="koB12_1628"/>Hvis <emph>jeg</emph> var i <HIS:hisRef type="place" target="Navneregister_HISe.xml#plKbh">Kjøbenhavn</HIS:hisRef> og der havde nogen, der stod mig saa nær, som Clemens Petersen staar Dig, saa havde jeg slaaet ham helseløs før jeg havde tilladt ham at begaa en slig tendentiøs Forbrydelse mod Sandhed og Ret. Der ligger en Løgn involveret i Clemens Petersens Artikel; ikke i hvad han siger, men i hvad han fortier. Og her er meget <emph>forsættlig</emph> fortiet. Du maa gjerne meddele ham dette Brev; saa visst, som jeg ved, at han har et dybt og alvorligt Forhold till det, for hvilket det er Umagen værd at leve i denne Verden, saa visst ved jeg, at den Artikel engang kommer till at svide og brænde paa hans Sjæl; thi Fortielse er Løgn ligesaa fuldt som det positive Udsagn, og Clemens Petersen har et stort <HIS:hisRef type="tcNote" xml:id="noteT12_462" target="B1844-1871ht_noter.xml" corresp="noteT12_462">Ansvar</HIS:hisRef>; thi Vorherre har sat ham till at varetage en stor Oppgave. Tro ikke, at jeg er nogen blind forfængelig Nar! Du kan tro at jeg i mine stille Timer roder og sonderer og anatomerer ganske artigt i mine egne Indvolde; – og det paa de Punkter, hvor det bider værst. – <anchor type="lemma" xml:id="koB12_1630"/>Min Bog <emph>er</emph> Poesi; <pb n="[3]"/>og er den det ikke, saa skal den blive det. Begrebet Poesi skal i vort Land, i <HIS:hisRef type="place" target="Navneregister_HISe.xml#plN">Norge</HIS:hisRef>, komme og bøje sig efter Bogen. Der er intet stabilt i Begrebernes Verden; <anchor type="lemma" xml:id="koB12_1631"/>
                                <HIS:hisRef type="tcNote" xml:id="noteT12_463" target="B1844-1871ht_noter.xml" corresp="noteT12_463">Skandinaverne</HIS:hisRef> i vort Aarhundrede er ikke Grækere. Han siger at den fremmede Passager er <anchor type="lemma" xml:id="koB12_1632"/>Begrebet Angst! Om jeg stod paa Retterstedet og kunde friet mit Liv ved den Forklaring, var den ikke faldet mig ind; jeg har aldrig tænkt derpaa; jeg smurte Scenen ind som en <anchor type="lemma" xml:id="koB12_1633"/>Caprice. Og er nu ikke Peer Gynt en Personlighed, afsluttet, individuel? <emph>Jeg</emph> ved at den er det. Er ikke Moderen det? – Der er mange Ting at lære af Clemens Petersen, og jeg har lært meget af ham; men der er noget, <emph>han</emph> kunde have godt af at lære, og som jeg, om jeg end ikke kan lære ham det, dog har forud for ham, og det er <anchor type="lemma" xml:id="koB12_1634"/>hvad Du i dit Brev kalder «Trofasthed». Ja, det er just Ordet! Ikke Trofasthed mod en Ven, et Formaal eller sligt, men mod noget uendelig højere.</p>
<p>Jeg er imidlertid glad ved den Forurettelse, som er tillføjet mig; der er en Guds Hjælp og Tillskikkelse deri; thi jeg føler mine Kræfter voxe ved Harmen. Skal det være Krig, saa lad det være! Er jeg ikke Digter, saa har jeg jo intet at tabe. Jeg skal forsøge det <pb n="[4]"/>som Fotograf. Min Samtid deroppe, enkeltvis, Person for Person, skal jeg tage for mig, <anchor type="lemma" xml:id="koB12_1635"/>som jeg har gjort det med Maalstræverne; jeg skal ikke spare Barnet i Moders Liv, ikke Tanken eller Stemningen bag Ordet hos nogen Sjæl, der fortjener den Ære at tages med. – Kjære Bjørnson, Du er en varm velsignet Sjæl, som har skjænket mig mere af stort og herligt, end jeg nogensinde kan gjengjælde Dig; men der er noget i din Natur, som lett kan volde at din Lykke, og netopp <emph>den</emph>, kan blive Dig en Forbandelse. Jeg har Rett till at sige Dig dette; thi jeg ved at jeg under Skorpen af Vrøvl og Svineri har været alvorlig i min Livsførelse. Ved Du at jeg har for hele Livet trukket mig bort fra mine egne Forældre, fra min hele Slægt, fordi jeg ikke kunde blive staaende i et halvt Forstaaelsesforhold? – Det er nok temmelig usammenhængende, hvad jeg her skriver sammen; men <anchor type="lemma" xml:id="koB12_1636"/>Summa Summarum er: jeg <emph>vil</emph> ikke være Antikvar eller Geograf, jeg <emph>vil</emph> ikke vidre uddanne mine Anlægg for <anchor type="lemma" xml:id="koB12_1637"/>den <HIS:hisRef type="person" target="Navneregister_HISe.xml#peMaMo">Monradske</HIS:hisRef> Filosofi, kort sagt, jeg vil slett ikke følge gode Raad. Men <emph>en</emph> Ting vil jeg, selv om ydre og indre Magter driver mig till at rive Taget ned over Hovedet paa mig selv, – jeg vil altid, – <emph>saa sandt hjælpe mig Gud</emph>, være og <HIS:hisRef type="tcNote" xml:id="noteT12_464" target="B1844-1871ht_noter.xml" corresp="noteT12_464">blive</HIS:hisRef>
                            </p>
<salute>Din trofast og opprigtigt hengivne</salute>
<signed>Henrik Ibsen.</signed>
</div>
<div type="letterpart" part="F">
<dateline rend="letterpart_opener">
                                <pb n="[5]"/>
                                <date>10<hi rend="raised">de</hi> December</date>.</dateline>
<p>Jeg har sovet paa foranstaaende Linjer og læst dem igjennem med koldt Blod. De er Udtrykket for min Stemning igaar; men de skal sendes alligevel.</p>
<p>Nu vil jeg langsomt og vel overvejet sige Dig hvad der kommer till at flyde af Hr: Cl: Petersens Artikel.</p>
<p>Jeg viger ikke godvillig og Hr: Cl: Petersen kan ikke fordrive mig; det er forsent. Muligens kan han bevirke at jeg trækker mig bort fra <HIS:hisRef type="place" target="Navneregister_HISe.xml#plDk">Danmark</HIS:hisRef>; men i saa Fald agter jeg at skifte noget mere end Forlægger. Undervurder ikke <anchor type="lemma" xml:id="koB12_1638"/>mine Venner og mit Tillhæng i Norge. – <anchor type="lemma" xml:id="koB12_1639"/>Det Parti, hvis Blad har aabnet sig for Urettfærdighed mod mig, skal da faa føle at jeg ikke staar alene. Udover en viss Grænse kjender jeg ingen Hensyn og passer jeg blot paa, hvad jeg ogsaa formaar, at parre denne Stemningens <anchor type="lemma" xml:id="koB12_1640"/>Ubændighed med <HIS:hisRef type="tcNote" xml:id="noteT12_465" target="B1844-1871ht_noter.xml" corresp="noteT12_465">Koldblodighed</HIS:hisRef> i Valg af Midler, saa skal mine <HIS:hisRef type="tcNote" xml:id="noteT12_466" target="B1844-1871ht_noter.xml" corresp="noteT12_466">Fiender</HIS:hisRef> faa føle, at kan jeg ikke bygge opp, saa skal jeg være Mand for at rive ned omkring mig.</p>
<p>Dette var imidlertid kun om Fremtiden. Nu vil jeg sige Dig noget om det nærværende Øjeblik.</p>
<p>
                                <pb n="[6]"/>Jeg har ingen Korrespondance med Hjemmet. Men ligefuldt kan jeg sige Dig noget derfra. Ved Du, hvad der i disse Dage siges i Norge saa langt <anchor type="lemma" xml:id="koB12_1641"/>
                                <HIS:hisRef type="person" target="Navneregister_HISe.xml#peCPP">Carl Plougs</HIS:hisRef> Avis læses? Der siges: Det kan mærkes paa Cl: Petersens Kritik at Bjørnson er i Kjøbenhavn.</p>
<p>Har Du <anchor type="lemma" xml:id="koB12_1642"/>anmeldt <HIS:hisRef type="work" target="Navneregister_HISe.xml#woPG">«Peer Gynt»</HIS:hisRef> i «Norsk Folkeblad», saa siger man: Diplomatisk Trækk; men ikke fint nok.</p>
<p>Saaledes vil nogle sige af Overbevisning, andre af Hævnlyst og Harme. Kritiken vil komme till at danne Partier for eller imod. Du vil erfare det.</p>
<p>Man vil kalde Clemens Petersens Kritik et Takk for sidst. En mig ubekjendt Mand skrev for nogen Tid siden <anchor type="lemma" xml:id="koB12_1643"/>endel Artikler i Morgenbladet, hvori der reves uvorrent ned paa Hr: Petersens literære Virksomhed; jeg blev deri omtalt med Velvilje. Disse Combinationer vil man oppfriske i Erindringen. Jeg kjender de Karles Tankegang. –</p>
<p>Kjære Bjørnson, lad os dog forsøge at holde sammen. Vore Venner har ofte nok gjort os Livet surt og Striden tungere end nødvendigt.</p>
<p>At <emph>jeg</emph> ikke mistror Dig i denne Sag, <pb n="[7]"/>det vil Du jo se deraf at jeg tillskriver Dig alt dette. Jeg hverken staar eller vil nogensinde komme till at staa <anchor type="lemma" xml:id="koB12_1644"/>paa mine Tillhængeres Side ligeover for Dig. Ligeoverfor dine Venner, – det er anden Sag. –</p>
<p>Hr: Petersens Artikel – jeg kommer atter tillbage till den – vil ikke kunne skade mig. Den Fraværende har altid en stor Fordel i selve Fraværelsen. Men at skrive Artiklen i den Form, som sket er, var uklogt. I <anchor type="lemma" xml:id="koB12_1645"/>Artiklen om <HIS:hisRef type="work" target="Navneregister_HISe.xml#woBr">«Brand»</HIS:hisRef> behandlede han mig med Agtelse; og Publikum vil ikke i de mellemliggende Aar finde noget, der gjør mig hjemfalden till Foragt. Publikum vil ikke indrømme Herr Petersen Rett till at affeje mig, saaledes som han forsøger at gjøre. Sligt burde han overlade till de Kolleger, der lever <emph>af</emph> deres kritiske Virksomhed; men om Hr: Petersen troede jeg rigtignok till Dato at han levede <emph>for</emph> sin.</p>
<p>Dig bebrejder jeg kun Uvirksomhed. <HIS:hisRef type="tcNote" xml:id="noteT12_467" target="B1844-1871ht_noter.xml" corresp="noteT12_467">Det</HIS:hisRef> var ikke smukt, at Du ved Efterladenhed tillod et sligt Forsøg paa <anchor type="lemma" xml:id="koB12_1646"/>i min Fraværelse at faa min literære Stilling sat under Auktionshammeren. –</p>
<p>Se saa! Hermed har jeg skrevet mig <pb n="[8]"/>lett tillsinds igjen. Skjæld mig nu Huden fuld, helst i et langt Brev, <HIS:hisRef type="tcNote" xml:id="noteT12_468" target="B1844-1871ht_noter.xml" corresp="noteT12_468">om</HIS:hisRef> Du har det nødig! – Og tag saa med et godt Hjerte en Hilsen fra os alle till Dig og Dine. Vis ikke <HIS:hisRef type="person" target="Navneregister_HISe.xml#peKBj">din Kone</HIS:hisRef> dette Brev; men bring hende vore bedste Ønsker baade for Jul og Nytaar og <emph>især</emph> for <anchor type="lemma" xml:id="koB12_1647"/>den tredje forestaaende store Højtidsstund!</p>
<salute>Din</salute>
<signed>Henrik Ibsen.</signed>
</div>
</div>
</body>
</text>