<?xml version="1.0" encoding="UTF-8"?><text xmlns="http://www.tei-c.org/ns/1.0" xmlns:HIS="http://www.example.org/ns/HIS" rend="letter" corresp="B18720927JHT" xml:lang="da-no">
<body>
<div type="letter">
<dateline>
                            <pb n="[1]"/>Dresden den <date>27<hi rend="raised">de</hi> September 1872</date>.</dateline>
<salute>Kære svoger!</salute>
<p>Idet jeg herved, som sædvanligt, noget sent, takker for og erkender modtagelsen af den sidste pengeremisse, beder jeg Dem om i min gage for 3<hi rend="raised">die</hi> kvartal at tage Dem betalt for hvad De til dato godhedsfuldt måtte have udlagt for mig og derpå sende mig postanvisninger for det øvrige.</p>
<p>Vor udflugt til <HIS:hisRef type="place" target="Navneregister_HISe.xml#plTy">Tyrol</HIS:hisRef> i sommer var i alle henseender særdeles behagelig. Efter tilbagekomsten hertil har vi levet et mere end almindelig selskabeligt liv da stedet i denne tid har været besøgt af en <anchor type="lemma" xml:id="koB13_598"/>masse skandinaver. <HIS:hisRef type="person" target="Navneregister_HISe.xml#peMAG">
                                <anchor type="lemma" xml:id="koB13_599"/>Goldschmidt</HIS:hisRef> og <HIS:hisRef type="person" target="Navneregister_HISe.xml#peGB">G: Brandes</HIS:hisRef> er kommet hid specielt for at besøge os; hvad flertallet af de visit-aflæggende norske angår, så formoder jeg at det er nysgærrigheden, som driver dem. Nogen dybere sympati deroppefra tror jeg ikke at turde påregne når jeg ser hen til den typisk-norske <anchor type="lemma" xml:id="koB13_600"/>hensynsløshed, hvormed jeg i sommer blev behandlet fra den såkaldte <HIS:hisRef type="tcNote" xml:id="noteT13_89" target="B1871-1879ht_noter.xml" corresp="noteT13_89">Haralds-komites</HIS:hisRef> side. Man anmoder mig om at skrive et <HIS:hisRef type="work" target="Navneregister_HISe.xml#woTF">digt</HIS:hisRef>, bestemt til oplæsning i <HIS:hisRef type="place" target="Navneregister_HISe.xml#plHau">Haugesund</HIS:hisRef>. Jeg skriver <pb n="[2]"/>digtet; man forbigår det ved festen og sælger det som andre <anchor type="lemma" xml:id="koB13_601"/>kurvekone-viser, uden at man til dato har <anchor type="lemma" xml:id="koB13_602"/>fundet sig beføjet til med et eneste ord at give mig en forklaring over denne mysteriøse sag. Er grunden til forkastelsen den, at der i digtet er <anchor type="lemma" xml:id="koB13_603"/>hentydet til vore dages adsplittelsesmænd, så må jeg sige at <anchor type="lemma" xml:id="koB13_604"/>ordenens, dannelsens og fremskridtets sag hos os for øjeblikket er i hænderne på folk, der aldrig vil formå at føre den frem til sejr, og da vil jeg i min egenskab af <anchor type="lemma" xml:id="koB13_605"/>statssatyrikus anse det for min nærmest liggende pligt at fremstille <anchor type="lemma" xml:id="koB13_606"/>dette parti i al dets jammerlige holdningsløshed, i al dets mangel på mod og vilje og i <HIS:hisRef type="tcNote" xml:id="noteT13_90" target="B1871-1879ht_noter.xml" corresp="noteT13_90">dets</HIS:hisRef> naragtige naive tro på at en grætten passiv modstand skulde kunne bringe et resultat ligeover for en <anchor type="lemma" xml:id="koB13_607"/>masse, der både er <HIS:hisRef type="tcNote" xml:id="noteT13_91" target="B1871-1879ht_noter.xml" corresp="noteT13_91">hensynsløs</HIS:hisRef> og vel organiseret. Kort sagt, jeg vilde ansé det for gavnligt, om det kunde lykkes mig at bringe alle angældende til at skamme sig <HIS:hisRef type="tcNote" xml:id="noteT13_92" target="B1871-1879ht_noter.xml" corresp="noteT13_92">over</HIS:hisRef> sig selv. Jeg antager at De ikke vil være ganske uenig med mig heri; jeg antager at De vil indrømme, at den øjeblikkelige situation hjemme ikke så meget er en frugt af nogen særdeles fremragende begavelse hos <anchor type="lemma" xml:id="koB13_608"/>oppositionens førere, som meget mere af en aldeles uforsvarlig fejghed, eftergivenhed og gåen på akkord hos næsten alle dem, der <pb n="[3]"/>skulde og burde være kaldede til at værne om grundlaget for vort samfund. Denne mangel på villighed til personlig at <anchor type="lemma" xml:id="koB13_609"/>stille sig i breschen er <HIS:hisRef type="place" target="Navneregister_HISe.xml#plN">vort lands</HIS:hisRef> ulykke; man viger fod for fod, man opgiver terrænet stykkevis; derfor er det at vi nu står således, som <HIS:hisRef type="tcNote" xml:id="noteT13_93" target="B1871-1879ht_noter.xml" corresp="noteT13_93">vi</HIS:hisRef> står, og jeg synes der skulde en overmenneskelig forsagelse til, for at <HIS:hisRef type="tcNote" xml:id="noteT13_94" target="B1871-1879ht_noter.xml" corresp="noteT13_94">
                                <anchor type="lemma" xml:id="koB13_610"/>lade</HIS:hisRef> et så righoldigt stof til <anchor type="lemma" xml:id="koB13_611"/>epigrammer og komedier slippe sig af hænderne. –</p>
<p>Først og fremst arbejder jeg imidlertid på <HIS:hisRef type="work" target="Navneregister_HISe.xml#woKG">
                                <anchor type="lemma" xml:id="koB13_612"/>«<HIS:hisRef type="tcNote" xml:id="noteT13_95" target="B1871-1879ht_noter.xml" corresp="noteT13_95">Kejser</HIS:hisRef> Julian»</HIS:hisRef>, der antagelig vil være færdig ved juletider. Med de ovenfor nævnte planer har det visst ingen hast; jeg antager ikke at forholdene så snart vil forbedre sig, og gjorde de det, så var det jo det ønskeligste. Jeg tænker ofte på hvad man kan vente af <HIS:hisRef type="person" target="Navneregister_HISe.xml#peKongO2">vor <anchor type="lemma" xml:id="koB13_613"/>nye konge</HIS:hisRef>. En fast og frygtløs mand i hans stilling kunde udrette meget; men om han har disse egenskaber tør måske være tvivlsomt nok; så meget er imidlertid visst, at skal han kunne udrette noget godt, så blir det ikke ved hjælp af de nuværende <anchor type="lemma" xml:id="koB13_614"/>kongelige rådgivere. Folk, der lader <HIS:hisRef type="person" target="Navneregister_HISe.xml#peSJaa">Jaabæk</HIS:hisRef> og <HIS:hisRef type="person" target="Navneregister_HISe.xml#peBB">Bjørnson</HIS:hisRef> gå på fri fod, kvalificerer sig til selv at puttes i hullet. –</p>
<p>
                            <HIS:hisRef type="person" target="Navneregister_HISe.xml#peMTh">
                                <anchor type="lemma" xml:id="koB13_615"/>Marie</HIS:hisRef> tænker vi ofte på. Jeg ansér det fremdeles for ikke vel overvejet at hun <pb n="[4]"/>forlod Dresden. Gid det nu måtte lykkes hende at finde en nogenlunde <anchor type="lemma" xml:id="koB13_616"/>tilfredsstillende plads! – <anchor type="lemma" xml:id="koB13_617"/>Falsens lever vel. Jeg hører af dem at <anchor type="lemma" xml:id="koB13_618"/>planerne til <HIS:hisRef type="person" target="Navneregister_HISe.xml#peAxT">Axels</HIS:hisRef> militære løbebane er <anchor type="lemma" xml:id="koB13_619"/>gået i lyset. Det var ikke andet end hvad man kunde vente. Han står altså nu på samme <anchor type="lemma" xml:id="koB13_620"/>standpunkt, som da han gik ud af <anchor type="lemma" xml:id="koB13_621"/>Heyerdahls fabrik, kun at diverse hundreder er bortkastede til unytte.</p>
<p>Hermed får jeg for dennegang slutte. <HIS:hisRef type="person" target="Navneregister_HISe.xml#peSuI">Susanna</HIS:hisRef> og <HIS:hisRef type="person" target="Navneregister_HISe.xml#peSiI">Sigurd</HIS:hisRef> sender Dem de hjerteligste hilsener; ligeså</p>
<salute>Deres hengivne</salute>
<signed>Henrik Ibsen.</signed>
</div>
</body>
</text>