<?xml version="1.0" encoding="UTF-8"?><text xmlns="http://www.tei-c.org/ns/1.0" xmlns:HIS="http://www.example.org/ns/HIS" rend="letter" corresp="Budat18600218KNT" xml:lang="da-no">
                <body>
<div type="letter">
<salute>
                            <pb n="[3]"/>Til <anchor type="lemma" xml:id="koB12_622"/>Bestyrelsens Formand.</salute>
<p>Foranstaaende Brev modtog jeg iformiddag og tror det bedst (efter Samraad med <HIS:hisRef type="person" target="Navneregister_HISe.xml#peSiP">Siegw. Petersen</HIS:hisRef>) at faa afholdt et Møde f. Ex: i Efterm: Kl: 6 og der see Sagen ordnet.</p>
<signed>Henr: Ibsen</signed>
</div>
</body>
</text>