<?xml version="1.0" encoding="UTF-8"?><text xmlns="http://www.tei-c.org/ns/1.0" xmlns:HIS="http://www.example.org/ns/HIS" rend="letter" corresp="B18731113FH" xml:lang="da-no">
<body>
<div type="letter">
<dateline>
                            <pb n="[1]"/>Dresden den <date>13<hi rend="raised">de</hi> November 1873</date>. –</dateline>
<salute>Kære herr Hegel!</salute>
<p>Tillad mig idag med et par ord at besvare Deres to sidste venlige breve.</p>
<p>Det var mig særdeles behageligt at erfare at <anchor type="lemma" xml:id="koB13_1199"/>første oplag af <HIS:hisRef type="work" target="Navneregister_HISe.xml#woKG">bogen</HIS:hisRef> fandt så rask afsætning. Kært er det mig også at <anchor type="lemma" xml:id="koB13_1200"/>andet oplag kan forventes så snart; thi skulde den i længere tid været ude af boghandelen, så vilde hver dag have medført et skår i den fordel, som vi begge kunde havt af foretagendet. Jeg kender mine landsmænd; de hjælper sig nu med lån og siden undlader de at købe. Dette kan imidlertid ikke være anderledes; thi hvem skulde vel kunne tænkt at hele det første store oplag så snart skulde blive bortrevet?</p>
<p>Af <anchor type="lemma" xml:id="koB13_1201"/>mangfoldige breve fra <HIS:hisRef type="place" target="Navneregister_HISe.xml#plN">Norge</HIS:hisRef> fremgår det at ingen af mine tidligere bøger har vakt en sådan bevægelse deroppe, som denne. Den har slåt ned selv <anchor type="lemma" xml:id="koB13_1202"/>i kredse, som ellers ikke befatter sig med literatur. Fra <HIS:hisRef type="place" target="Navneregister_HISe.xml#plDk">Danmark</HIS:hisRef> har jeg endnu intet hørt; men dette kan vel have <pb n="[2]"/>forskellige grunde. Har <HIS:hisRef type="person" target="Navneregister_HISe.xml#peGB">G: Brandes</HIS:hisRef> fåt et exemplar? At <anchor type="lemma" xml:id="koB13_1203"/>han ikke i et og alt vil være mig gunstig, må jeg være forberedt på. <HIS:hisRef type="person" target="Navneregister_HISe.xml#peEBogh">
                                <anchor type="lemma" xml:id="koB13_1204"/>Erik Bøghs</HIS:hisRef> anmeldelse kan ikke tillægges nogen vægt; den røber en uvidenhed om alt det, hvorom der egentlig handles, som burde have afholdt ham fra at udtale sig.</p>
<p>
                            <anchor type="lemma" xml:id="koB13_1205"/>Pagineringen vilde jeg helst skulde blive <emph>uforandret</emph> som i første oplag. Bogen gør derved mere indtryk af at danne et uadskilleligt helt, og jeg udsætter mig ikke for at et af bindene alene falder i nogen læsers hænder; man tvinges til at læse det hele. <HIS:hisRef type="tcNote" xml:id="noteT13_189" target="B1871-1879ht_noter.xml" corresp="noteT13_189">En liden fejl</HIS:hisRef> bedes rettet. Side 476 står: fuglens flugt og skrig istedetfor: fuglenes flugt og skrig. Overhovedet <anchor type="lemma" xml:id="koB13_1206"/>anbefaler jeg mig til <HIS:hisRef type="person" target="Navneregister_HISe.xml#peAuLa">herr <anchor type="lemma" xml:id="koB13_1207"/>Larsens</HIS:hisRef> gode hjælp og tilsyn, så vidt muligt.</p>
<p>Jeg takker Dem forbindtligst for <anchor type="lemma" xml:id="koB13_1208"/>indkøbet af obligationerne, og ikke mindre for alt extra, som står i forbindelse med bogens udgivelse og <anchor type="lemma" xml:id="koB13_1209"/>omsendelse til venner og velyndere.</p>
<p>Kan der intet <anchor type="lemma" xml:id="koB13_1210"/>nyt ventes fra <HIS:hisRef type="person" target="Navneregister_HISe.xml#peBB">Bjørnson</HIS:hisRef> eller <HIS:hisRef type="person" target="Navneregister_HISe.xml#peJLi">Jonas Lie</HIS:hisRef> til julen? Det er mig kært at den <anchor type="lemma" xml:id="koB13_1211"/>førstnævnte nu er rask igen og at <anchor type="lemma" xml:id="koB13_1212"/>han vil læse min bog; før <HIS:hisRef type="tcNote" xml:id="noteT13_190" target="B1871-1879ht_noter.xml" corresp="noteT13_190">sin</HIS:hisRef> afrejse fra <HIS:hisRef type="place" target="Navneregister_HISe.xml#plKri">Kristiania</HIS:hisRef> <anchor type="lemma" xml:id="koB13_1213"/>fortalte han <HIS:hisRef type="tcNote" xml:id="noteT13_191" target="B1871-1879ht_noter.xml" corresp="noteT13_191">offentlig</HIS:hisRef> <pb n="[3]"/>at min bog var «fuld af Atheisme»! –</p>
<p>
                            <anchor type="lemma" xml:id="koB13_1214"/>Udgivelsen af <HIS:hisRef type="work" target="Navneregister_HISe.xml#woHH">«Hærmændene»</HIS:hisRef> skal ikke fra min side komme længe til at lade vente på sig; jeg imødeser hver dag brev fra <HIS:hisRef type="person" target="Navneregister_HISe.xml#peESta">
                                <anchor type="lemma" xml:id="koB13_1215"/>min sagfører</HIS:hisRef> om <anchor type="lemma" xml:id="koB13_1216"/>udfaldet af processen, hvilket ikke kan være tvivlsomt, og skal da uopholdelig tilskrive Dem. Skulde det lykkes modparten endnu at udhale sagen længere, så indser jeg ikke at der derfor er noget ivejen for bogens udgivelse. Også for denne muligheds skyld har jeg igen tilskrevet min sagfører.</p>
<p>Nu er vel al opmærksomhed i Danmark rettet mod den <anchor type="lemma" xml:id="koB13_1217"/>politiske situation? Også jeg imødeser med spænding udfaldet; imorgen skal jo de nye valg foregå.</p>
<p>Endnu engang, hjertelig tak, og mange hilsener til Dem og <HIS:hisRef type="person" target="Navneregister_HISe.xml#peJH">Deres søn</HIS:hisRef> fra</p>
<salute>Deres oprigtigt hengivne</salute>
<signed>Henrik Ibsen.</signed>
</div>
<div type="postscript">
<p>P: S: Som De måske <anchor type="lemma" xml:id="koB13_1218"/>af de norske aviser har set, har <HIS:hisRef type="person" target="Navneregister_HISe.xml#peAI">skuespiller <anchor type="lemma" xml:id="koB13_1219"/>Isachsen</HIS:hisRef> for et meget stort antal tilhørere oplæst «Cæsars frafald». Jeg kan ikke tro at dette skader bogens yderligere afsætning; <anchor type="lemma" xml:id="koB13_1220"/>min tilladelse <pb n="[4]"/>har han forøvrigt ikke indhentet. <anchor type="lemma" xml:id="koB13_1221"/>Efter vore love kan sådant heller ikke forbydes. – Det skulde interessere mig ved lejlighed at erfare om der indløber mange <anchor type="lemma" xml:id="koB13_1222"/>bestillinger på det nye oplag.</p>
<signed>H. I. –</signed>
</div>
</body>
</text>