<?xml version="1.0" encoding="UTF-8"?><text xmlns="http://www.tei-c.org/ns/1.0" xmlns:HIS="http://www.example.org/ns/HIS" rend="letter" corresp="B18740228FH" xml:lang="da-no">
<body>
<div type="letter">
<dateline>
                            <pb n="[1]"/>Dresden den <date>28<hi rend="raised">de</hi> Februar 1874</date>. –</dateline>
<salute>Kære herr Hegel!</salute>
<p>Tillad mig i al hast at tilskrive Dem et par ord for at bede Dem bevise mig den overordentlig store tjeneste med omgående post at sende mig 150 Thaler preussisk.</p>
<p>Samtidigt hermed har jeg den fornøjelse at tilstille Dem et <anchor type="lemma" xml:id="koB13_1402"/>rettet exemplar af <HIS:hisRef type="work" target="Navneregister_HISe.xml#woUF">«De unges forbund»</HIS:hisRef>; et lignende af <HIS:hisRef type="work" target="Navneregister_HISe.xml#woPG">«Peer Gynt»</HIS:hisRef> skal følge om kort tid.</p>
<p>Min forbindtligste tak for det modtagne <anchor type="lemma" xml:id="koB13_1403"/>nye bind af <HIS:hisRef type="person" target="Navneregister_HISe.xml#peGB">Brandes’s</HIS:hisRef> literaturhistorie. Tør jeg bede Dem hilse ham fra mig; jeg tilskriver ham snart.</p>
<p>Med de venligste hilsener til Dem og <HIS:hisRef type="person" target="Navneregister_HISe.xml#peJH">Deres søn</HIS:hisRef> tegner jeg mig</p>
<salute>Deres hjertelig hengivne</salute>
<signed>Henrik Ibsen.</signed>
</div>
</body>
</text>