<?xml version="1.0" encoding="UTF-8"?><text xmlns="http://www.tei-c.org/ns/1.0" xmlns:HIS="http://www.example.org/ns/HIS" rend="letter" corresp="B18520516NTB" xml:lang="da-no">
<front>
<pb n="[a]"/>
<HIS:envelope type="sheet">
<address>
<addrLine>Til</addrLine>
<addrLine>Bestyrelsen for det norske Theater</addrLine>
<addrLine>i Bergen.</addrLine>
</address>
</HIS:envelope>
</front>
<body>
<div type="letter">
<dateline>
                            <pb n="[1]"/>Kjøbenhavn <date>den 16<hi rend="raised">de</hi> Mai 1852</date>.</dateline>
<salute>Til Bestyrelsen for det norske Theater!</salute>
<p>I mit forrige Brev til den ærede Bestyrelse kunde jeg blot i Korthed antyde hvad jeg hersteds ifølge <anchor type="lemma" xml:id="koB12_90"/>min Instrux havde udrettet; jeg skal dennegang tillade mig at være udførligere.</p>
<p>Som <anchor type="lemma" xml:id="koB12_91"/>Dandselærer for <HIS:hisRef type="person" target="Navneregister_HISe.xml#peHaNi">H. Nielsen</HIS:hisRef>, samt <anchor type="lemma" xml:id="koB12_92"/>Bruun og hans Kone har jeg antaget <HIS:hisRef type="person" target="Navneregister_HISe.xml#peJFH">
                                <anchor type="lemma" xml:id="koB12_93"/>Kgl: Solodandser Hoppe</HIS:hisRef>, der ansees som den første Dandser blandt Balletpersonalet, og som tillige, efter hvad jeg iforveien forvissede mig om, har den største Øvelse i at <anchor type="lemma" xml:id="koB12_94"/>informere. Hvad der hovedsagelig bliver gjort til Gjenstand for Dandseunderviisningen er <anchor type="lemma" xml:id="koB12_95"/>Menuet, samt hvad der forøvrigt kan bidrage til en elegant Optræden paa Scenen, i hvilken Henseende Herr Hoppe har <anchor type="lemma" xml:id="koB12_96"/>Underviisningsmethoden ved den herværende dramatiske Skole for Øie. Han har beregnet Underviisningen efter et Kursus af tre Uger, i hvilket Tidsrum der dandses en Time <HIS:hisRef type="tcNote" xml:id="noteT12_40" target="B1844-1871ht_noter.xml" corresp="noteT12_40">daglig</HIS:hisRef>, <pb n="[2]"/>og hvorfor Honoraret for alle Tre tilsammen er ansat til <anchor type="lemma" xml:id="koB12_97"/>24 Rbdl eller omtr: 12 Sp norsk, hvilket vistnok ikke kan ansees for <anchor type="lemma" xml:id="koB12_98"/>ubilligt. – Med Hensyn til det paatænkte Engagement af en Dandser til det øvrige Skuespillerpersonale i Bergen, da skal jeg tillade mig at yttre <HIS:hisRef type="tcNote" xml:id="noteT12_41" target="B1844-1871ht_noter.xml" corresp="noteT12_41">Følgende</HIS:hisRef>: Med <HIS:hisRef type="person" target="Navneregister_HISe.xml#peAAB">Balletmester Bournonville</HIS:hisRef>, der strax efter min Ankomst afreiste til <HIS:hisRef type="place" target="Navneregister_HISe.xml#plKri">Christiania</HIS:hisRef>, fik jeg kun løselig <HIS:hisRef type="tcNote" xml:id="noteT12_42" target="B1844-1871ht_noter.xml" corresp="noteT12_42">tale</HIS:hisRef> i Theatret Aftenen før hans Afreise; ved Udløbet af denne Maaned følger den største Deel af Balletpersonalet ham derop. <HIS:hisRef type="person" target="Navneregister_HISe.xml#peLHG">Solodandser Gade</HIS:hisRef>, som bliver tilbage her, vilde maaskee ikke være uvillig til i Sommer at seile til <HIS:hisRef type="place" target="Navneregister_HISe.xml#plBerg">Bergen</HIS:hisRef>, men Theaterbestyrelsen maatte i dette Fald opstille saadanne Garantier, at han kunde foretage Reisen uden at befrygte noget <anchor type="lemma" xml:id="koB12_99"/>Pengetab. Efter de <anchor type="lemma" xml:id="koB12_100"/>Discursioner, som den ærede Bestyrelse vil erindre at være faldne i denne Sag, troer jeg ikke at Bestyrelsen indlader sig herpaa; den havde, saavidt jeg troer, tænkt sig, at vedkommende Dandser maatte søge sine Reiseomkostninger dækkede ved privat Underviisning, og Theatrets Honorar som Erstatning for den Tid han anvendte paa Personalets Underviisning; men paa disse Betingelser <pb n="[3]"/>vil man ikke kunde faa nogen Dandser engageret, medmindre der gjennem et i Forveien aabnet <anchor type="lemma" xml:id="koB12_101"/>Abonnement kunde <HIS:hisRef type="tcNote" xml:id="noteT12_43" target="B1844-1871ht_noter.xml" corresp="noteT12_43">sikkres</HIS:hisRef> Vedkommende et bestemt og tilstrækkeligt Honorar for den private Dandseunderviisning; i August Maaned begynder Balletpersonalets Tjenestetid igjen, og da maa Enhver være tilbage; hvis nu Theaterbestyrelsen troer at det her antydede Arrangement vilde kunne træffes uden at Tiden dertil for iaar blev for kort, saa beder jeg mig derom snarest muligt underrettet; i modsat Fald har Herr Hoppe erklæret sig villig til, saafremt betimelig Aftale blev gjort, til næste Aar at reise til Bergen med en Deel af Balletpersonalet, saafremt han, i den Tid Theatret ikke benyttedes, kunde faa samme overladt til der at give et vist Antal <anchor type="lemma" xml:id="koB12_102"/>Abonnementsforestillinger, hvortil da i Forveien maatte indbydes, <anchor type="lemma" xml:id="koB12_103"/>hvorhos Theaterpersonalet i den Tid vilde kunne gjennemgaa en fuldstændig Dandseskole. Denne sidstnævnte Ordning af Sagen har nu vistnok sine gode Sider, men et heelt Aar gaaer dog hen, og det vilde vistnok være ønskeligt, om Publicum ogsaa i denne Retning saasnart som muligt sporede de gavnlige Følger, af <anchor type="lemma" xml:id="koB12_104"/>de Foranstaltninger, som Bestyrelsen iaar til Theatrets Bedste har truffet. Troer derfor Bestyrelsen at kunne stille nogenlunde betryggende Garantier for den Dandser, som iaar maatte ville reise til Bergen, (f: Ex: ved at aabne <pb n="[4]"/>et foreløbigt Abonnement paa Underviisning i Dands), saa beder jeg mig, som ovenfor sagt, underrettet derom. – Saavel H. Nielsen, som Bruun og hans Kone omfatte Dandseunderviisningen med megen Interesse, og, hvad der er det Bedste, de indsee fuldkommen det Nødvendige ved Samme. – Hvad H. Nielsen angaaer, da ved jeg ikke hvad jeg skal foretage med Hensyn til at skaffe ham fri Entree i Theatret. Ved vor Ankomst hertil var han mod Formodning endnu ikke kommen, og <HIS:hisRef type="tcNote" xml:id="noteT12_44" target="B1844-1871ht_noter.xml" corresp="noteT12_44">da</HIS:hisRef> saavel Bestyrelsens foregaaende Breve til <HIS:hisRef type="person" target="Navneregister_HISe.xml#peJLHe">Etatsraad Heiberg</HIS:hisRef>, som <anchor type="lemma" xml:id="koB12_105"/>de Skrivelser vi medbragte, Intet indeholdt angaaende ham, og hans Reise desuden var <anchor type="lemma" xml:id="koB12_106"/>et aldeles privat <HIS:hisRef type="tcNote" xml:id="noteT12_45" target="B1844-1871ht_noter.xml" corresp="noteT12_45">Foretagende</HIS:hisRef>, som muligens efter vor Afreise fra Bergen kunde være bleven indstillet, saa turde jeg med Hensyn til ham Intet foretage før hans Ankomst, som jeg hver Dag ventede. Denne indtraf imidlertid først efter over 14 Dages Forløb, og da han nu selv, ligeledes mod Formodning, intetsomhelst <anchor type="lemma" xml:id="koB12_107"/>Skrivteligt medbragte, saa har jeg, med <HIS:hisRef type="tcNote" xml:id="noteT12_46" target="B1844-1871ht_noter.xml" corresp="noteT12_46">Hensyn</HIS:hisRef> til fri Entree i Theatret, ikke kunnet udrette Noget for ham; han har naturligviis imidlertid hver Aften besøgt Theatret, og da Adgangen til <anchor type="lemma" xml:id="koB12_108"/>Parterret kun koster en Ubetydelighed, saa maa jeg henstille til Bestyrelsen, om den finder det fornødent at skaffe ham den samme Begunstigelse som os, kun maa jeg bemærke at <anchor type="lemma" xml:id="koB12_109"/>Theatrets Saison ender i den sidste Uge af indeværende Maaned, og han saaledes kun i faa Dage vil kunne gjøre Brug af den fri Adgang, som <pb n="[5]"/>muligens maatte tilstaaes ham.</p>
<p>Med Hensyn til Theatrets indre Indretninger, da bliver jeg gjennem <HIS:hisRef type="person" target="Navneregister_HISe.xml#peTO">Herr Overskou</HIS:hisRef> gjort bekjendt med Samme, saavelsom med Regisseurvæsnet, Maskineriet, o. s. v. – <anchor type="lemma" xml:id="koB12_110"/>Costumeværker ere ikke at erholde her, dog vil Herr Overskou opgive mig hvilke Udgaver der findes af Saadanne, og hvor de ville kunde erholdes; disse vil jeg altsaa paa min Reise kunne anskaffe; – at opgive noget Bestemt om deres Kostende, kan jeg ikke, dog antager jeg at man for 10–12 Sp maatte kunne faa hvad <HIS:hisRef type="org" target="Navneregister_HISe.xml#orgNTB">Bergens Theater</HIS:hisRef> tiltrænger. Af nye Stykker har jeg kun kjøbt et, nemlig <anchor type="lemma" xml:id="koB12_111"/>«<HIS:hisRef type="tcNote" xml:id="noteT12_47" target="B1844-1871ht_noter.xml" corresp="noteT12_47">For</HIS:hisRef> 10 Aar siden,» af <HIS:hisRef type="person" target="Navneregister_HISe.xml#peCaBe">Carl Bernhard</HIS:hisRef>; – men ogsaa til denne Udgivtspost vil det være nødvendigt at bevilge en lille Sum, da jeg rimeligviis i <HIS:hisRef type="place" target="Navneregister_HISe.xml#plD">Tydskland</HIS:hisRef> vil forefinde Adskilligt som kunde være værd at anskaffes. Ved <HIS:hisRef type="person" target="Navneregister_HISe.xml#peCNJS">Skuespiller Sichlaus</HIS:hisRef> Hjælp haaber jeg at kunne skaffe en Deel <anchor type="lemma" xml:id="koB12_112"/>brugte Musicalier; jeg er imidlertid i denne Sag i nogen Uvished, da jeg er saagodtsom ganske ubekjendt med, hvad Theatret allerede besidder, og jeg saaledes let kan være udsat for at paaføre Samme unødvendige <anchor type="lemma" xml:id="koB12_113"/>Udgivter; hvis jeg derfor kunde erholde en Fortegnelse over hvad jeg af Musik <emph>ikke</emph> maa kjøbe, saa vilde det være mig meget kjært. – Hvad <anchor type="lemma" xml:id="koB12_114"/>mit Reisestipendium angaaer, da har jeg stærk og velbegrundet Frygt for at Samme ikke vil være tilstrækkeligt for mig. Jeg har under <pb n="[6]"/>
                            <anchor type="lemma" xml:id="koB12_115"/>Opholdet i <HIS:hisRef type="place" target="Navneregister_HISe.xml#plHam">Hamburg</HIS:hisRef> faaet en Forsmag paa, hvad det vil sige at reise i Tydskland; saaledes vilde ogsaa Bruun være kommen i en slem Forlegenhed, dersom han ikke ved <anchor type="lemma" xml:id="koB12_116"/>vor Reisefælle, <HIS:hisRef type="person" target="Navneregister_HISe.xml#peTSHH">Doctor Hofmanns</HIS:hisRef> Hjælp, var bleven sat i Stand til at kunne fortsætte Reisen til Kjøbenhavn. Jeg tillader mig derfor at ansøge den ærede Bestyrelse om, at der af min Gage maa blive mig bevilget et Forskud stort 48 Sp, som tilligemed de 12 Sp, jeg ved min Afreise ansøgte om, og som jeg haaber at Bestyrelsen har bevilget, ville kunne fradrages min Gage med 5 Sp. maanedlig. Dersom Bestyrelsen indvilger heri, saa haaber jeg at den godhedsfuldt sørger for at jeg kan have disse Penge her, samtidigt med <anchor type="lemma" xml:id="koB12_117"/>Honoraret til Herr Hoppe, samt den Pengesum der maatte bestemmes <HIS:hisRef type="tcNote" xml:id="noteT12_48" target="B1844-1871ht_noter.xml" corresp="noteT12_48">til</HIS:hisRef> Anskaffelse af Bøger, Musikalier, o. s. v. – Med Hensyn til Repertoiret have vi været meget heldige. Vi have saaledes <anchor type="lemma" xml:id="koB12_118"/>seet Hamlet, samt flere af <HIS:hisRef type="person" target="Navneregister_HISe.xml#peWiS">Schakspeares</HIS:hisRef> Stykker, ligeledes <anchor type="lemma" xml:id="koB12_119"/>af <HIS:hisRef type="person" target="Navneregister_HISe.xml#peLuH">Holbergs</HIS:hisRef>, – samt <anchor type="lemma" xml:id="koB12_120"/>«Naar Damer føre Krig», <anchor type="lemma" xml:id="koB12_121"/>En Søndag paa Amager, <anchor type="lemma" xml:id="koB12_122"/>Slægtningerne, o. fl: – At vi forresten gjøre os bekjendte med Alt, hvad der kan have kunstnerisk Interesse, følger af sig selv. De Danske vise sig overalt særdeles høflige og forekommende mod os, og langtfra at føle nogen Uvillie over at vi søge at frigjøre os for deres Indflydelse paa vort Theatervæsen, forundrer <pb n="[7]"/>man sig blot over at Saadant ikke allerede forlængst er skeet. Med <HIS:hisRef type="person" target="Navneregister_HISe.xml#peHCA">
                                <anchor type="lemma" xml:id="koB12_123"/>H. C. Andersen</HIS:hisRef> er jeg bleven bekjendt; han raader mig meget til, fra <HIS:hisRef type="place" target="Navneregister_HISe.xml#plDre">Dresden</HIS:hisRef> af at gjøre en Tour til <HIS:hisRef type="place" target="Navneregister_HISe.xml#plWien">Wien</HIS:hisRef> for at see <HIS:hisRef type="org" target="Navneregister_HISe.xml#orgBurg">
                                <anchor type="lemma" xml:id="koB12_124"/>Burg-Theatret</HIS:hisRef>; maaskee kommer han paa samme Tid til at opholde sig der, og vil da veilede mig, hvis ikke, saa vil forhaabentlig <HIS:hisRef type="person" target="Navneregister_HISe.xml#peJCD">
                                <anchor type="lemma" xml:id="koB12_125"/>Professor Dahls</HIS:hisRef> Assistence kunne udrette det Samme. – I Haab om at den ærede Bestyrelse snarest muligt besvarer denne Skrivelse tegner jeg mig</p>
<salute>ærbødigst</salute>
<signed>Henr: Ibsen</signed>
</div>
<div type="postscript">
<p>P. S.</p>
<p>Fra Etatsraad Heiberg har jeg en Hilsen at overbringe saavel til Bestyrelsen som til <anchor type="lemma" xml:id="koB12_126"/>Herr <HIS:hisRef type="person" target="Navneregister_HISe.xml#peCRH">Byfoged Hanson</HIS:hisRef>. –</p>
</div>
</body>
</text>