<?xml version="1.0" encoding="UTF-8"?><text xmlns="http://www.tei-c.org/ns/1.0" xmlns:HIS="http://www.example.org/ns/HIS" rend="letter" corresp="Budat18600525CPo" xml:lang="da-no">
                <body>
<div type="letter">
<p>
                            <pb n="[1]"/>Paa Grund af <HIS:hisRef type="person" target="Navneregister_HISe.xml#peAVW">Hr: Wiehes</HIS:hisRef> <anchor type="lemma" xml:id="koB12_648"/>Benefice har <HIS:hisRef type="org" target="Navneregister_HISe.xml#orgKNT">det norske Theater</HIS:hisRef> indstillet sin Fredagsforestilling.</p>
<salute>Til Chr: Posten.</salute>
                    </div>
<div type="postscript">
<p>Bedes optaget i Dagsnummeret.</p>
<signed>Henr: Ibsen</signed>
</div>
</body>
</text>