<?xml version="1.0" encoding="UTF-8"?><text xmlns="http://www.tei-c.org/ns/1.0" xmlns:HIS="http://www.example.org/ns/HIS" rend="letter" corresp="B18720723GB" xml:lang="da-no">
<body>
<div type="letter">
<dateline>
                            <pb n="[1]"/>Berchtesgaden i Bayern, den <date>23<hi rend="raised">de</hi> Juli 1872</date>. –</dateline>
<salute>Kære Brandes!</salute>
<p>Når De erfarer grunden vil De ikke tage mig min lange taushed ilde op; thi dennegang er jeg virkelig, imod sædvane, ganske uskyldig.</p>
<p>Jeg har nemlig <anchor type="lemma" xml:id="koB13_559"/>flakket om i <HIS:hisRef type="place" target="Navneregister_HISe.xml#plBoh">Bøhmen</HIS:hisRef> og andre <HIS:hisRef type="place" target="Navneregister_HISe.xml#plOst">østerrigske landsdele</HIS:hisRef> og er nu endelig havnet her i bayersk <HIS:hisRef type="place" target="Navneregister_HISe.xml#plTy">Tyrol</HIS:hisRef>, hvor jeg har taget fast bolig for en 4–5 uger. Her forefandt jeg <anchor type="lemma" xml:id="koB13_560"/>Deres brev.</p>
<p>At De tænkte på at komme til <HIS:hisRef type="place" target="Navneregister_HISe.xml#plDre">Dresden</HIS:hisRef> i sommer kunde jeg aldeles ikke udlede af Deres tidligere yttringer ellers havde jeg ganske visst arrangeret mig på en anden måde. Men sommeren er lang hernede og <anchor type="lemma" xml:id="koB13_561"/>kommer De i September, vil De ganske sikkert træffe mig og skal blive modtagen med åbne arme.</p>
<p>Det er så langt fra at jeg har følt nogen forskrækkelse ved tanken om at skulle yde bidrag til <anchor type="lemma" xml:id="koB13_562"/>Deres tidsskrift, at jeg tvertimod har opgjort en plan <pb n="[2]"/>over adskilligt, som jeg kunde ønske at udtale og som De måske kunde bruge, – alt i form af <anchor type="lemma" xml:id="koB13_563"/>rimbreve over forskellige af vore og overhovedet af nutidens forholde i politik, literatur og andet lignende. Det skulde på en måde blive min troesbekendelse. Nogen direkte hjælp for Dem og Deres sag vilde det ikke blive; men, kære Brandes, anderledes kan jeg ikke være med. Jeg må begrænse mig indenfor det, som er mit eget; rundt om dette kredser alle mine tanker. Området er ikke meget vidtstrakt, men jeg bearbejder det af bedste evne. Se nu blot ikke noget egoistisk heri!</p>
<p>Hvad tid jeg kan begynde hermed, ved jeg imidlertid endnu ikke; uhyret <HIS:hisRef type="work" target="Navneregister_HISe.xml#woKG">
                                <anchor type="lemma" xml:id="koB13_564"/>Julian</HIS:hisRef> har endnu et så fast tag i mig at jeg ikke kan slippe <HIS:hisRef type="tcNote" xml:id="noteT13_80" target="B1871-1879ht_noter.xml" corresp="noteT13_80">ham</HIS:hisRef>. Dog, herom kan <HIS:hisRef type="tcNote" xml:id="noteT13_81" target="B1871-1879ht_noter.xml" corresp="noteT13_81">vi</HIS:hisRef> nærmere tales ved, helst mundtlig. Nogen frygt for at betragtes som partigænger nærer jeg aldeles ikke; og <anchor type="lemma" xml:id="koB13_565"/>jeg kan igrunden ikke godt forstå at man nu betragter mig som stående udenfor partierne.</p>
<p>At De vilde behøve et eget organ for Deres gerning har jeg længe tænkt mig. Men jeg havde rigtignok ikke troet at De skulde behøve det for, som De skriver, «at leve af». Har <HIS:hisRef type="place" target="Navneregister_HISe.xml#plDk">Danmark</HIS:hisRef> da virkelig ikke <pb n="[3]"/>en ledig plads for Dem? <anchor type="lemma" xml:id="koB13_566"/>Er professorposten besat? Og i så fald med hvem? At de gamle herrer gerne vil holde Dem borte, kan man ikke fortænke dem i. Men hvem er det, der skulde vove at tage posten når De er bleven forbigået? Hvem skulde vove at vise sig som den foretrukne uden at føle sig skammet sønder og sammen under sammenligningen? Jeg begriber ikke dette.</p>
<p>Det glæder mig at Deres <anchor type="lemma" xml:id="koB13_567"/>forelæsninger udkommer på tysk. Nogle uddrag, som allerede skal have været oversatte i <anchor type="lemma" xml:id="koB13_568"/>«Ueber Land und Meer» har vakt megen opmærksomhed og interesse; jeg hørte dem omtale i <anchor type="lemma" xml:id="koB13_569"/>den literære forening i Dresden. Kom her ned! Det er i udlandet vi nordboer skal vinde vore feltslag; en sejr i Tyskland, og De vil være ovenpå hjemme.</p>
<p>Hjertelig hilsen, og på snarligt gensyn!</p>
<salute>Deres hengivne</salute>
<signed>Henrik Ibsen.</signed>
</div>
</body>
</text>