<?xml version="1.0" encoding="UTF-8"?><text xmlns="http://www.tei-c.org/ns/1.0" xmlns:HIS="http://www.example.org/ns/HIS" rend="letter" corresp="B18720306PFS" xml:lang="da-no">
<body>
<div type="letter">
<dateline>
                            <pb n="[1]"/>Dresden den <date>6<hi rend="raised">te</hi> Marts 1872</date>. –</dateline>
<salute>Kære herr Siebold!</salute>
<p>Det var mig en dobbelt glæde efter så lang tids taushed, at modtage <anchor type="lemma" xml:id="koB13_321"/>Deres venlige brev. Jeg er aldeles viss på at jeg har <anchor type="lemma" xml:id="koB13_322"/>tilskrevet Dem efter at biografien havde stået i «Illustr: <HIS:hisRef type="tcNote" xml:id="noteT13_47" target="B1871-1879ht_noter.xml" corresp="noteT13_47">Zeitung»</HIS:hisRef>; straks efter <anchor type="lemma" xml:id="koB13_323"/>brød krigen løs, jeg <anchor type="lemma" xml:id="koB13_324"/>rejste til <HIS:hisRef type="place" target="Navneregister_HISe.xml#plKbh">København</HIS:hisRef> og interessen optoges helt og holdent af de storartede verdensbegivenheder. Jeg kan forsikkre Dem at jeg tænkte ofte på Dem i hine urolige tider; jeg vidste jo ikke om De måske stod som officer i <anchor type="lemma" xml:id="koB13_325"/>landeværnet, – og jeg forestillede mig alle slags muligheder. Heldigvis var det altsammen kun indbildninger og jeg takker Dem fordi De nu har gjort alvor af Deres forsæt at <anchor type="lemma" xml:id="koB13_326"/>indføre <HIS:hisRef type="work" target="Navneregister_HISe.xml#woBr">«Brand»</HIS:hisRef> i den tyske læseverden. <emph>Bogen har jeg endnu ikke modtaget</emph>; jeg længes meget efter den, men tvivler forøvrigt ingenlunde på at oversættelsen vil tilfredsstille mig. Det var forresten på høj tid, at Deres arbejde udkom; thi her i Dresden ligger <anchor type="lemma" xml:id="koB13_327"/>en anden oversættelse færdig og skulde <pb n="[2]"/>netop i disse dage være sendt i trykkeriet. Denne oversættelse er af romanforfatterinden <HIS:hisRef type="person" target="Navneregister_HISe.xml#peJR">Julie Ruhkopf</HIS:hisRef>, der har sendt mig manuskriptet til gennemsyn. At hun under de nuværende omstændigheder ikke udgiver samme, anser jeg for en selvfølge. – I <anchor type="lemma" xml:id="koB13_328"/>en berlinsk boghandlertidende bebudes en <anchor type="lemma" xml:id="koB13_329"/>oversættelse af <HIS:hisRef type="work" target="Navneregister_HISe.xml#woKE">«Kongsemnerne»</HIS:hisRef> og <HIS:hisRef type="work" target="Navneregister_HISe.xml#woUF">«De unges forbund»</HIS:hisRef>, samtidigt med at sidstnævnte stykke <anchor type="lemma" xml:id="koB13_330"/>i <HIS:hisRef type="place" target="Navneregister_HISe.xml#plWien">Wien</HIS:hisRef> <emph>lokaliseres</emph> for theatret. – Jeg ved ikke om De har erfaret at jeg i vinter har været indviklet i en <anchor type="lemma" xml:id="koB13_331"/>pennekrig med tidsskriftet «Im neuen Reich», der udkommer i <HIS:hisRef type="place" target="Navneregister_HISe.xml#plLei">Leipzig</HIS:hisRef> under ledelse af <HIS:hisRef type="person" target="Navneregister_HISe.xml#peADo">Dr: A: Dowe</HIS:hisRef> og <HIS:hisRef type="person" target="Navneregister_HISe.xml#peGFr">Gustav Freitag</HIS:hisRef>. Anledningen hertil var nogle ytringer, som jeg i mine digte har brugt om den preussiske politik. Striden er imidlertid ført på en meget ridderlig måde, den forklaring, jeg har givet af mit standpunkt, har man fundet tilfredsstillende, og sagen, der i begyndelsen var mig meget ubehagelig, vil, som mine <anchor type="lemma" xml:id="koB13_332"/>herværende literære venner forsikkrer, kun tjene til reklame for oversættelser af mine arbejder. – De tager fejl når De tror at jeg ikke anerkender det store ved en mand som <HIS:hisRef type="person" target="Navneregister_HISe.xml#peOvB">Bismark</HIS:hisRef>; men jeg ser i ham en væsentlig hindring for et godt og venskabeligt forhold mellem <HIS:hisRef type="place" target="Navneregister_HISe.xml#plD">Tyskland</HIS:hisRef> og <HIS:hisRef type="place" target="Navneregister_HISe.xml#plSka">Skandinavien</HIS:hisRef>. <pb n="[3]"/>Den <anchor type="lemma" xml:id="koB13_333"/>nuværende spænding er unaturlig mellem to så nær beslægtede folk; en nærmere sammenslutning må og bør finde sted; begge parters interesse kræver det. Overhovedet har jeg under mit lange ophold i Tyskland i mange henseender <anchor type="lemma" xml:id="koB13_334"/>forandret mine anskuelser; men dette bliver for vidtløftigt at behandle i et brev, jeg vil vente dermed indtil jeg <anchor type="lemma" xml:id="koB13_335"/>atter får den fornøjelse personligt at træffe Dem. – Og hermed, for denne gang, et hjerteligt levvel fra</p>
<salute>Deres hengivne</salute>
<signed>Henrik Ibsen.</signed>
</div>
</body>
</text>