<?xml version="1.0" encoding="UTF-8"?><text xmlns="http://www.tei-c.org/ns/1.0" xmlns:HIS="http://www.example.org/ns/HIS" rend="letter" corresp="B18571113AkKoll" xml:lang="da-no">
<body>
<div type="letter">
<salute>
                            <pb n="[1]"/>Til Collegium academicum.</salute>
<p>
                            <anchor type="lemma" xml:id="koB12_381"/>Student Henrik Ibsen, artistisk Direktør for Kristiania norske Theater, ansøger ærbødigst om at maatte ansættes som <anchor type="lemma" xml:id="koB12_382"/>Stipendiat i nordisk Literatur.</p>
<p>Undertegnede, der herved ærbødigst ansøger om at maatte erholde den oprettendes Stipendiatpost i nordisk Literatur, har visselig ikke Meget at paaberaabe sig til Fordeel for Ansøgningen, men da der ere gyldige Grunde til at formode at <anchor type="lemma" xml:id="koB12_383"/>Medansøgerne befinde sig <anchor type="lemma" xml:id="koB12_384"/>i samme Tilfælde, saa vover jeg dog at melde mig. Foruden flere dramatiske Arbeider, der deels ere opførte paa forskjellige Theatre, deels udgivne i Trykken, har jeg i <anchor type="lemma" xml:id="koB12_385"/>«Illustreret Nyhedsblad» for iaar leveret en længere Afhandling: <HIS:hisRef type="work" target="Navneregister_HISe.xml#woOmKj">«Om Kjæmpevisen og dens Betydning for Kunstpoesien»</HIS:hisRef>, hvoraf vil sees at jeg allerede tidligere, saavidt Leiligheden tillod det, har beskjæftiget mig med Studiet af den nordiske Literatur, ligesom jeg ogsaa under min sexaarige Ansættelse ved <HIS:hisRef type="org" target="Navneregister_HISe.xml#orgNTB">Bergens Theater</HIS:hisRef> har erhvervet mig et mere end sædvanligt Kjendskab til den dramatiske Literatur ialmindelighed. Til at fortsætte dette Studium føler jeg baade Lyst og Kaldelse og haaber at Resultatet ikke skulde udeblive forsaavidt <pb n="[2]"/>
                            <HIS:hisRef type="tcNote" xml:id="noteT12_132" target="B1844-1871ht_noter.xml" corresp="noteT12_132">det</HIS:hisRef> ledige Stipendium maatte blive mig bevilget.</p>
<dateline>Kristiania den <date>13<hi rend="raised">de</hi> November 1857</date>.</dateline>
<salute>ærbødigst</salute>
<signed>Henr: Ibsen</signed>
</div>
</body>
</text>