<?xml version="1.0" encoding="UTF-8"?><text xmlns="http://www.tei-c.org/ns/1.0" xmlns:HIS="http://www.example.org/ns/HIS" rend="letter" corresp="B18710217GB" xml:lang="da-no">
                <body>
<div type="letter">
<dateline>
                            <pb n="[1]"/>Dresden <date>17<hi rend="raised">de</hi> Februar 1871</date>. –</dateline>
<salute>Kære Brandes!</salute>
<p>Jeg har jo nok tænkt mig at min lange taushed vilde bringe Dem i vrede; men jeg håber trygt på at det står således imellem os, at ingenting brister for den sags skyld. Ja, jeg har en bestemt følelse af at en livligt vedligeholdt brevveksling mellem os snarere kunde medføre en sådan fare. Når vi først engang personligt var <anchor type="lemma" xml:id="koB12_2999"/>stødt sammen, vilde meget stille sig anderledes; meget vilde da blive klaret på begge sider. Indtil <emph>da</emph> løber jeg virkelig fare for gennem mine løslige spredte ytringer at stille mig i et galt lys for Dem. <anchor type="lemma" xml:id="koB12_3000"/>I filosofer kan raisonnere fanden et øre af; og jeg sporer ingen lyst til pr: correspondence at lade mig <anchor type="lemma" xml:id="koB12_3001"/>reducere til en sten eller en hane, – selv med den mulighed for øjet, efter en mundtlig forklaring at blive ophøjet til menneske igen. I Deres forrige brev beundrer De ironisk min sindets ligevægt under de nuværende forholde. Der har vi stenen! Og nu, i Deres sidste venlige (?) linjer gør De mig til en hader af friheden. Hanen! – Sagen er <pb n="[2]"/>at mit sind befinder sig så nogenlunde i ligevægt <HIS:hisRef type="tcNote" xml:id="noteT12_727" target="B1844-1871ht_noter.xml" corresp="noteT12_727">fordi</HIS:hisRef> jeg anser <anchor type="lemma" xml:id="koB12_3002"/>
                            <HIS:hisRef type="place" target="Navneregister_HISe.xml#plFr">Frankrigs</HIS:hisRef> nuværende ulykke for den største lykke, der kunde <anchor type="lemma" xml:id="koB12_3002a"/>times denne nation. Og hvad frihedsspørgsmålet betræffes så antager jeg det indskrænker sig til en tvist om ord. Jeg går aldrig ind på at gøre friheden ensbetydende med politisk frihed. Hvad De kalder frihed, kalder jeg friheder; og hvad jeg kalder kampen for friheden er jo ikke andet end den stadige, <HIS:hisRef type="tcNote" xml:id="noteT12_728" target="B1844-1871ht_noter.xml" corresp="noteT12_728">levende</HIS:hisRef> tilegnelse af frihedens idé. Den, der besidder friheden anderledes end som det efterstræbte, han besidder den dødt og åndløst, thi <anchor type="lemma" xml:id="koB12_3003"/>frihedsbegrebet har jo dog det ved sig at det stadigt udvides under tilegnelsen, og hvis derfor nogen under kampen bliver stående og siger: nu har jeg den, – så viser han derved at han netop har tabt den. Men netop denne døde <anchor type="lemma" xml:id="koB12_3004"/>sidden inde med et visst givet frihedsstandpunkt, er noget karakteristisk for <emph>stats</emph>samfundene; og det er dette jeg har sagt ikke er af det gode. Ja, visstnok kan det være et gode at besidde valgfrihed, beskatningsfrihed, o. s. v.; men for hvem er det et gode? For borgeren, ikke for individet. Men det er aldeles ingen fornuftnødvendighed for individet at være borger. Tvertimod. Staten er individets forbandelse. Hvormed er <anchor type="lemma" xml:id="koB12_3005"/>
                            <HIS:hisRef type="place" target="Navneregister_HISe.xml#plPr">Preussens</HIS:hisRef> stats-styrke <HIS:hisRef type="tcNote" xml:id="noteT12_729" target="B1844-1871ht_noter.xml" corresp="noteT12_729">købt?</HIS:hisRef> <HIS:hisRef type="tcNote" xml:id="noteT12_730" target="B1844-1871ht_noter.xml" corresp="noteT12_730">Med</HIS:hisRef> individernes opgåen i det politiske og geografiske begreb. Kellneren er den bedste <HIS:hisRef type="tcNote" xml:id="noteT12_731" target="B1844-1871ht_noter.xml" corresp="noteT12_731">soldat</HIS:hisRef>. Og på den anden <HIS:hisRef type="tcNote" xml:id="noteT12_732" target="B1844-1871ht_noter.xml" corresp="noteT12_732">side</HIS:hisRef> Jødefolket, <pb n="[3]"/>
                            <HIS:hisRef type="tcNote" xml:id="noteT12_733" target="B1844-1871ht_noter.xml" corresp="noteT12_733">menneskeslægtens</HIS:hisRef> adel. Hvorved har det bevaret sig i isolation, i poesi, trods al råhed udenfra? Derved at det ikke har havt nogen stat at trækkes med. Var det forblevet i <HIS:hisRef type="place" target="Navneregister_HISe.xml#plPal">Palæstina</HIS:hisRef>, vilde det for længe siden være gået under i sin konstruktion, ligesom alle andre folk. Staten må væk! Den revolution skal jeg være med på. Undergrav statsbegrebet, opstil frivilligheden og det åndeligt beslægtede som det ene afgørende for en sammenslutning, – det er begyndelsen til en frihed, som er noget værd. Ombytning af regeringsformer er ikke andet end pusleri med grader, lidt mere eller lidt mindre, – <anchor type="lemma" xml:id="koB12_3006"/>dårlighed altsammen. Ja, kære ven, det gælder blot, ikke at lade sig skræmme af <anchor type="lemma" xml:id="koB12_3007"/>hævdens ærværdighed. Staten har sin rod i tiden; den vil få sin top i tiden. Der vil falde større ting end den; al religion vil falde. Hverken moralbegreberne eller kunstformerne har nogen evighed for sig. Hvor meget er vi igrunden forpligtet til at holde fast ved? Hvem <anchor type="lemma" xml:id="koB12_3008"/>borger mig for <anchor type="lemma" xml:id="koB12_3009"/>at ikke 2 og 2 er fem oppe på Jupiter?</p>
<p>Disse antydninger kan og vil jeg ikke skriftligt udføre vidre. Hjertelig tak for <anchor type="lemma" xml:id="koB12_3010"/>Deres digt! Det vil ikke blive det sidste De skriver, thi kaldelsen taler ud af hver linje! At De overvurderer mig, skriver jeg på venskabets regning; tak, tak! Bevar mig således; jeg skal visselig ikke svigte!</p>
<p>Og kom så snart til kræfter igen! Og <pb n="[4]"/>
                            <anchor type="lemma" xml:id="koB12_3011"/>kom så til <HIS:hisRef type="place" target="Navneregister_HISe.xml#plDre">Dresden</HIS:hisRef> på to sunde Ben. Ja, den benhistorie! Følte De det ikke som en <anchor type="lemma" xml:id="koB12_3012"/>Nemesis? <anchor type="lemma" xml:id="koB12_3013"/>De foer engang så voldsomt frem mod <HIS:hisRef type="person" target="Navneregister_HISe.xml#peRNi">en anden filosof</HIS:hisRef> fordi han stod på <emph>to</emph> ben. Gud ske lov, at <HIS:hisRef type="tcNote" xml:id="noteT12_734" target="B1844-1871ht_noter.xml" corresp="noteT12_734">De</HIS:hisRef> ikke fik praktisk bevise muligheden af at en filosof kan hjælpe sig med <emph>et</emph>. – Jeg forudsætter at al fare er forbi, ellers spøgte jeg visst ikke dermed.</p>
<p>Af <anchor type="lemma" xml:id="koB12_3014"/>«Kritiker og Portraiter» har jeg til dato fra <HIS:hisRef type="person" target="Navneregister_HISe.xml#peFH">Hegel</HIS:hisRef> kun fået første halvdel; men selv om jeg havde fået det hele, vilde jeg have indskrænket mig til et varmt tak for bogen. Jeg er en yderst dårlig kritiker; enkelte værker forstår jeg ikke at udtale mig om, og hvorledes De står for mig i det hele, som afsluttet personlighed, det ved De.</p>
<p>Med udgivelsen af <anchor type="lemma" xml:id="koB12_3015"/>
                            <HIS:hisRef type="work" target="Navneregister_HISe.xml#woDi">min digtsamling</HIS:hisRef> har jeg næsten nat og dag været beskæftiget siden jul. Det har været et forbandet stykke arbejde at skulle gennemgå al den mængde standpunkter, hvormed jeg forlængst var færdig. Tilsammen danner de dog noget helt; og jeg er spændt på at høre hvad De vil sige om bogen.</p>
<p>De tusende ting Deres brev kunde give anledning til at skrive om, vil jeg denne gang lade ligge. Først vil jeg nu erfare om jeg kan vente snart at se Dem her. Da skal vi tage for os til forhandling både <anchor type="lemma" xml:id="koB12_3016"/>
                            <HIS:hisRef type="person" target="Navneregister_HISe.xml#peArius">biskop Arius</HIS:hisRef> og de syv churfyrster; De skal se, jeg har ikke for intet levet to år i nærheden af <anchor type="lemma" xml:id="koB12_3017"/>Gert Westphalers fædreland. – Hjertelige ønsker om sundhed og alt godt.</p>
<salute>Deres hengivne</salute>
                        <signed>Henrik Ibsen.</signed>
</div>
<div type="postscript">
<p>Så snart jeg kan overkomme et nogenlunde skikkeligt portræt, skal jeg sende Dem det; tag foreløbig til takke med indlagte. Jeg håber, De gør gengæld!</p>
</div>
</body>
</text>