<?xml version="1.0" encoding="UTF-8"?><text xmlns="http://www.tei-c.org/ns/1.0" xmlns:HIS="http://www.example.org/ns/HIS" rend="letter" corresp="B18670502FH" xml:lang="da-no">
<body>
<div type="letter">
<dateline>
                            <pb n="[1]"/>Rom den <date>2<hi rend="raised">den</hi> Mai 1867</date>. –</dateline>
<salute>Kjære Hr: Cancelliraad Hegel!</salute>
<p>Naar jeg idag tillskriver Dem, saa gjør jeg det med et lønligt Haab om at det snart maa vise sig at have været <anchor type="lemma" xml:id="koB12_1522"/>ufornødent.</p>
<p>Da nemlig Paasken er gaaet over uden at jeg af Aviserne kan se at <HIS:hisRef type="work" target="Navneregister_HISe.xml#woKK">«Kjærlighedens Komedie»</HIS:hisRef> er udkommet, saa er jeg bleven noget urolig og begynder at frygte for at mit sidste Brev (afsendt herfra den 28<hi rend="raised">de</hi> Marts) <anchor type="lemma" xml:id="koB12_1523"/>muligens kunde være bortkommet undervejs, saaledes som i Begyndelsen af dette Aar Tillfældet var med <anchor type="lemma" xml:id="koB12_1524"/>et af Deres Breve, der aldrig er kommet mig ihænde.</p>
<p>Jeg trøster mig imidlertid med at muligens andre Grunde kan have <anchor type="lemma" xml:id="koB12_1525"/>forsinket Bogens Udkomst, og tænker da nærmest paa den svævende <anchor type="lemma" xml:id="koB12_1526"/>politiske Uvisshedstillstand hjemme, under hvilken rimeligvis literære Anliggender mindre paaagtes, eller ogsaa tænker jeg, at <HIS:hisRef type="tcNote" xml:id="noteT12_438" target="B1844-1871ht_noter.xml" corresp="noteT12_438">De</HIS:hisRef>, for ikke at splitte Publikums Interesse, ikke har <pb n="[2]"/>villet udgive min Komedie paa samme Tid som <anchor type="lemma" xml:id="koB12_1527"/>
                            <HIS:hisRef type="person" target="Navneregister_HISe.xml#peVB">Bergsøes</HIS:hisRef> Digte, og hvis saa er, maa jeg ganske tilltræde Deres Mening; thi det er ganske visst rigtigt at lade en literær Nyhed staa saa isoleret som muligt.</p>
<p>Skulde det alligevel have truffet sig saa uheldigt at mit Brev er bortkommet, saa var dets væsentligste Indhold følgende: Bogen ønskes trykt med <anchor type="lemma" xml:id="koB12_1528"/>samme Rettskrivning, som <HIS:hisRef type="work" target="Navneregister_HISe.xml#woBr">«Brand»</HIS:hisRef>. Hvad der i saa Henseende kan være undgaaet min Oppmærksomhed, bedes derfor rettet af <HIS:hisRef type="person" target="Navneregister_HISe.xml#peAuLa">
                                <anchor type="lemma" xml:id="koB12_1529"/>Korrektøren</HIS:hisRef>. Det af Dem nævnte Ord i Fortalen er en Fejlskrift fra min Side og skal ganske rigtig hede «<emph>tillægge</emph>»; <anchor type="lemma" xml:id="koB12_1530"/>konsekvent skulde Ordet rigtignok have havt et tredje l, men det faar være nok med de to. – Endelig tog jeg mig den Frihed at anmode Dem om godhedsfuldt at sende mig <anchor type="lemma" xml:id="koB12_1531"/>en Vexel paa Paris for <HIS:hisRef type="tcNote" xml:id="noteT12_439" target="B1844-1871ht_noter.xml" corresp="noteT12_439">Honoraret</HIS:hisRef> saasnart Bogen var udkommet, da det er min Agt i Midten af denne Maaned at rejse <anchor type="lemma" xml:id="koB12_1532"/>till <HIS:hisRef type="place" target="Navneregister_HISe.xml#plIsc">Ischia</HIS:hisRef>, for at tillbringe Sommeren der og fuldføre <anchor type="lemma" xml:id="koB12_1533"/>mit nye Digt, hvoraf nu <pb n="[3]"/>to Akter er færdige og Planen till det øvrige fuldstændig klarnet og udarbejdet. Her i Rom kommer jeg neppe till at skrive mere derpaa; thi jeg føler Rejseuroligheden i Blodet og endmere Trangen till en større Ensomhed.</p>
<p>Jeg haaber at høre fra Dem før min Afrejse og beder Dem ogsaa efter den Tid at adressere Deres Breve till <HIS:hisRef type="person" target="Navneregister_HISe.xml#peJB">Bravo</HIS:hisRef>, som da vil sørge for at skaffe mig dem ihænde paa bedste Maade. Naar tre Akter af Digtet er færdige og renskrevne, skal jeg sende Dem disse; de to sidste skal forhaabentlig ikke længe lade vente paa sig.</p>
<p>Bergsøe, som var afgaaet till Ischia, vendte igjen tillbage till Rom for at modtage <anchor type="lemma" xml:id="koB12_1534"/>sine Søskende og rejste med dem paany derned igaar.</p>
<p>Sagerne i <HIS:hisRef type="place" target="Navneregister_HISe.xml#plDk">Danmark</HIS:hisRef> volder mig baade Bekymringer og Haab. Gid alt maa <anchor type="lemma" xml:id="koB12_1535"/>vende sig till det bedste!</p>
<p>For en Sikkerheds Skyld gjentager jeg min hjerteligste <HIS:hisRef type="tcNote" xml:id="noteT12_440" target="B1844-1871ht_noter.xml" corresp="noteT12_440">Takk</HIS:hisRef> for de modtagne <anchor type="lemma" xml:id="koB12_1536"/>pragtfulde Exemplarer af «Vintergrønt» og «Brand», men vil dog i det længste <pb n="[4]"/>haabe at min Skrivelse velbeholden er kommen till <HIS:hisRef type="place" target="Navneregister_HISe.xml#plKbh">Kjøbenhavn</HIS:hisRef> og at Udsættelsen saaledes grunder sig paa Deres egen frivillige Besluttning.</p>
<p>Med de bedste Hilsener og Ønsker tegner jeg mig</p>
<salute>Deres ærbødigst hengivne</salute>
<signed>Henrik Ibsen.</signed>
</div>
</body>
</text>