<?xml version="1.0" encoding="UTF-8"?><text xmlns="http://www.tei-c.org/ns/1.0" xmlns:HIS="http://www.example.org/ns/HIS" rend="letter" corresp="B18651203MT" xml:lang="da-no">
                <body>
<div type="letter">
<dateline>
                            <pb n="[1]"/>Rom den <date>3<hi rend="raised">die</hi> December 1865</date>.</dateline>
<salute>Min kjære Svigermoder!</salute>
<p>I lang Tid har jeg besluttet at ville skrive Dig til; thi nu kan jeg det. Før har jeg egentlig aldrig helt ud været mig selv, hverken skriftligt eller personligt, ligeoverfor Dig. Hvad jeg havde at udsige fra mit virkelige Indre fik altid et falskt Udtryk og da jeg selv ret godt følte dette, <anchor type="lemma" xml:id="koB12_1007"/>lukkede jeg om mig. Men en Rejse, som den jeg nu er ude paa, vender op og ned paa meget i et Menneske, og for mig har dette været til det bedre. <HIS:hisRef type="tcNote" xml:id="noteT12_267" target="B1844-1871ht_noter.xml" corresp="noteT12_267">
                                <supplied>Hva</supplied>d</HIS:hisRef> jeg har set og oplevet vil jeg ikke fortælle noget om, det blev saa alligevel hverken helt eller halvt, og det er ikke derpaa det kommer an. Hvad der har været det afgjørende og betydningsfulde for mig er, at jeg kom i tilstrækkelig Frastand fra vort eget til at se Hulheden bagved alle de selvgjorte Løgne i vort saakaldte offentlige Liv og Jammerligheden i alt det personlige Frasemageri, der altid har Ord nok naar det gjælder at snakke om «en stor Sag», men som aldrig ejer hverken Viljen, Evnen eller Pligtfølelsen for en stor Gjerning. Hvorofte hører vi ikke i <HIS:hisRef type="place" target="Navneregister_HISe.xml#plN">Norge</HIS:hisRef> Godtfolk tale med en saa inderlig Selvtilfredshed om den norske Besindighed, hvormed igrunden ikke betegnes andet end hin <HIS:hisRef type="tcNote" xml:id="noteT12_268" target="B1844-1871ht_noter.xml" corresp="noteT12_268">lunkne</HIS:hisRef> Middeltemperatur i Blodet, der gjør det umuligt for de <pb n="[2]"/>skikkelige Sjæle at begaa en Daarskab i stor Stil. Flokken er godt exerceret, det kan ikke nægtes; der er en Uniformerthed over dem, som paa sin Vis er mønsterværdig, <anchor type="lemma" xml:id="koB12_1008"/>Trittet og Takten er ens for alle og det er karakteristisk nok at vi har en <anchor type="lemma" xml:id="koB12_1009"/>Korporal til <HIS:hisRef type="person" target="Navneregister_HISe.xml#peKongK4">Konge</HIS:hisRef>. Hernede kan <HIS:hisRef type="tcNote" xml:id="noteT12_269" target="B1844-1871ht_noter.xml" corresp="noteT12_269">Du</HIS:hisRef> tro det er anderledes! Saa sandt og vist man har kunnet bevare noget menneskeligt i sig deroppefra, maa man hernede føle at der er noget, som er mere end at <HIS:hisRef type="tcNote" xml:id="noteT12_270" target="B1844-1871ht_noter.xml" corresp="noteT12_270">eje</HIS:hisRef> et skarpt Hoved, og det er at eje en hel Sjæl. Jeg ved Mødre helt oppe i <anchor type="lemma" xml:id="koB12_1010"/>
                            <HIS:hisRef type="place" target="Navneregister_HISe.xml#plPie">Piemont</HIS:hisRef>, i <HIS:hisRef type="place" target="Navneregister_HISe.xml#plGen">Genua</HIS:hisRef>, <HIS:hisRef type="place" target="Navneregister_HISe.xml#plNov">Novara</HIS:hisRef>, <HIS:hisRef type="place" target="Navneregister_HISe.xml#plAles">Alessandria</HIS:hisRef>, som tog sine fjortenaars Gutter ud af Skolerne for at lade dem gaa med paa <anchor type="lemma" xml:id="koB12_1011"/>
                            <HIS:hisRef type="person" target="Navneregister_HISe.xml#peGGa">Garibaldis</HIS:hisRef> Eventyrtog til <HIS:hisRef type="place" target="Navneregister_HISe.xml#plPale">Palermo</HIS:hisRef>; og dengang gjaldt det dog ikke at frelse sit eget Land men <HIS:hisRef type="tcNote" xml:id="noteT12_271" target="B1844-1871ht_noter.xml" corresp="noteT12_271">
                                <supplied>at</supplied>
                            </HIS:hisRef> virkeliggjøre en Tanke; hvor mange af vore Storthingsmænd tror Du vil gjøre det samme, <anchor type="lemma" xml:id="koB12_1012"/>naar Russerne lægger Vejen over <HIS:hisRef type="place" target="Navneregister_HISe.xml#plFinn">Finmarken</HIS:hisRef>? Hos os indtræder det umulige saasnart Kravet overstiger den dagligdagse Fordring. Du kan tro, det er egentlig ikke nogen Lystrejse jeg har gjort. Jeg var i <anchor type="lemma" xml:id="koB12_1013"/>
                            <HIS:hisRef type="place" target="Navneregister_HISe.xml#plBerl">Berlin</HIS:hisRef> da Indtoget fandt Sted, jeg saa Pøbelen spytte i <anchor type="lemma" xml:id="koB12_1014"/>Kanongabene fra <HIS:hisRef type="place" target="Navneregister_HISe.xml#plDyb">Dybbøl</HIS:hisRef> og det var mig som et Tegn paa hvorledes Historien engang vil <anchor type="lemma" xml:id="koB12_1015"/>spytte i <HIS:hisRef type="place" target="Navneregister_HISe.xml#plSE">Sverigs</HIS:hisRef> og Norges Øjne for den Affæres Skyld. Her i Rom fandt jeg alskens aandelig Uhumskhed blandt Skandinaverne. Hvad synes <HIS:hisRef type="tcNote" xml:id="noteT12_272" target="B1844-1871ht_noter.xml" corresp="noteT12_272">Du</HIS:hisRef> om at selv danske Mænd og Kvinder sad om Søndagene i det <anchor type="lemma" xml:id="koB12_1016"/>preussiske Gesandtskabskapel midt imellem Tydskere, <anchor type="lemma" xml:id="koB12_1017"/>midt under Krigen, og hørte andægtigt til naar den preussiske Prest fra Prækestolen bad for de preussiske Vaabens Fremgang i den retfærdige Krig mod <pb n="[3]"/>Fienden! Men Du kan tro jeg har raset og ryddet op; thi hernede er jeg ikke ræd for nogenting; hjemme var jeg ræd naar jeg stod inde i den klamme Flok og havde Følelsen af deres stygge Smil bagved mig. Hvad vil Du deroppe? I <HIS:hisRef type="place" target="Navneregister_HISe.xml#plDk">Danmark</HIS:hisRef> er der dog saa meget godt og smukt selv nu. <HIS:hisRef type="person" target="Navneregister_HISe.xml#peSiI">Min lille Gut</HIS:hisRef> skal med min gode Vilje aldrig komme til at tilhøre et Folk, hvis Opgave er at blive <anchor type="lemma" xml:id="koB12_1018"/>Englændere istedetfor Mennesker. Det forekommer mig ofte som noget trøstesløst at arbejde i en Tid som den nuværende. Har Folkets aandelige Liv ikke en uendelig Fremtid foran sig, saa gjør det igrunden hverken fra eller til om Fristen lyder paa et eller paa hundrede Aar. Og saaledes ser jeg Sagen for Norges og Sverigs Vedkommende; vi har ikke Viljen til at bringe Offeret naar Tiden kommer; vi har intet at samle os om, ingen <anchor type="lemma" xml:id="koB12_1019"/>stor Sorg, saaledes som Danmark har; thi vort Folk savner den <anchor type="lemma" xml:id="koB12_1020"/>Løftelse i Sjælen, som kræves for at kunne sørge. <anchor type="lemma" xml:id="koB12_1021"/>
                            <emph>Statens</emph> Undergang vilde for vore Folk stille sig som det værste; men en <emph>Stats</emph> Undergang kan ikke være Gjenstand for Sorg, og Betydningen af <emph>Nationens</emph> Undergang føler de ikke. Derfor vil Danmark heller ikke som Nation gaa tilgrunde; thi saalænge et Folk kan sørge, saalænge lever det ogsaa. Idethele taget begriber jeg ikke den Tale, der gaar ud paa at Danmark er værst stillet blandt vore Lande. Du kan tro mig, det er ikke saa. – Har Du ikke skrevet noget i denne Tid? Ingen Digte? Jeg synes Du maatte kunne <pb n="[4]"/>nu. Dit dejligste Digt <anchor type="lemma" xml:id="koB12_1022"/>«Signes Historie» har vi hernede; naar vi atter træffes, kan jeg tale med Dig om den; før var der ligesom noget der stod imellem. Det var vist dertil Du sigtede, da Du, idet vi skiltes, sagde at det vilde blive anderledes og bedre; jeg forstod <HIS:hisRef type="tcNote" xml:id="noteT12_273" target="B1844-1871ht_noter.xml" corresp="noteT12_273">Dig</HIS:hisRef> nok allerede dengang, men det maa komme, forinden det forstaaes rigtigt og helt ud. Ja, <HIS:hisRef type="tcNote" xml:id="noteT12_274" target="B1844-1871ht_noter.xml" corresp="noteT12_274">Du</HIS:hisRef> kan tro at jeg nu skjønner paa Dig saaledes som Du fortjener det og som Du altid har fortjent det; men jeg maatte ud af Svinskheden deroppe for at blive nogenlunde tvættet. Deroppe kunde jeg aldrig føre noget sammenhængende indre Liv; derfor var jeg et i min Produktion og et andet udenom; – men derfor blev Produktionen heller ikke hel. Jeg ved jo nok at jeg vist ikke endnu har andet end et <anchor type="lemma" xml:id="koB12_1023"/>Gjennemgangspunkt inde, men jeg kjender dog fast Grund under Fødderne. Jeg har skrevet <HIS:hisRef type="work" target="Navneregister_HISe.xml#woBr">et stort <anchor type="lemma" xml:id="koB12_1024"/>dramatisk Digt</HIS:hisRef> isommer, det <anchor type="lemma" xml:id="koB12_1025"/>kommer ud til Jul hos <HIS:hisRef type="person" target="Navneregister_HISe.xml#peFH">Hegel</HIS:hisRef> og bliver sendt Dig strax; skriv mig endelig til naar Du har <HIS:hisRef type="tcNote" xml:id="noteT12_275" target="B1844-1871ht_noter.xml" corresp="noteT12_275">læst</HIS:hisRef> det og sig mig alt hvad Du har at sige derom. I indlagte Brev beder jeg <HIS:hisRef type="person" target="Navneregister_HISe.xml#peCP">Clemens Petersen</HIS:hisRef> kritisere det og at gjøre det snart; Kritiken i Norge duer ikke. – <HIS:hisRef type="person" target="Navneregister_HISe.xml#peSuI">Susanna</HIS:hisRef> har tilskrevet Dig to Breve, et gjennem <HIS:hisRef type="person" target="Navneregister_HISe.xml#peLD">L. Dietrichson</HIS:hisRef> og et andet gjennem <HIS:hisRef type="person" target="Navneregister_HISe.xml#peWMR">Billedhugger Runeberg</HIS:hisRef>. Er der noget ved disse Breve, som gjør at Du ikke kan svare paa dem, saa svar endelig nu! – <HIS:hisRef type="person" target="Navneregister_HISe.xml#peTK">
                                <anchor type="lemma" xml:id="koB12_1026"/>Thomas</HIS:hisRef> var jo ikke i alle Dele heldig til Examen; men det kan han vel rette paa til Jul. Hvad bestemmer Du med <HIS:hisRef type="person" target="Navneregister_HISe.xml#peAxT">
                                <anchor type="lemma" xml:id="koB12_1027"/>Axel</HIS:hisRef>? Skal han virkelig op og blive norsk igjen? Alt hvad der <pb n="[5]"/>
                            <HIS:hisRef type="tcNote" xml:id="noteT12_276" target="B1844-1871ht_noter.xml" corresp="noteT12_276">duer</HIS:hisRef> noget burde dog blive i <HIS:hisRef type="place" target="Navneregister_HISe.xml#plKbh">Kjøbenhavn</HIS:hisRef>; thi der er dog det egentlige <HIS:hisRef type="tcNote" xml:id="noteT12_277" target="B1844-1871ht_noter.xml" corresp="noteT12_277">skandinaviske</HIS:hisRef> Midtpunkt, mindst ufrit under de forskjellige Ensidigheder. Ialfald ser det saaledes ud paa Frastand. – Hils den store straalende <HIS:hisRef type="person" target="Navneregister_HISe.xml#peSaLu">
                                <anchor type="lemma" xml:id="koB12_1028"/>Sara</HIS:hisRef> og den lill<supplied>e</supplied> <gap reason="damage"/> <HIS:hisRef type="person" target="Navneregister_HISe.xml#peDFa">
                                <anchor type="lemma" xml:id="koB12_1029"/>Dorothea</HIS:hisRef>! Hils ogsaa Axel; han er vel fremdeles en flink Gut? <HIS:hisRef type="person" target="Navneregister_HISe.xml#peMTh">
                                <anchor type="lemma" xml:id="koB12_1030"/>Marie</HIS:hisRef> er jo paa Rejser og <HIS:hisRef type="person" target="Navneregister_HISe.xml#peASM">
                                <anchor type="lemma" xml:id="koB12_1031"/>Sophie</HIS:hisRef> har det vel godt; vi har ikke hørt fra hende paa over et halvt Aar. – Om Rom er det umuligt at skrive; man kan beskrive den, men det bedste, det, hvortil intet Sidestykke findes, faar man ikke med. Jeg arbejder meget og holder mig inde. Susanna og Sigurd gjennemstrejfer Byen i alle Retninger, snart mellem Ruiner, snart i Museer, Gallerier og Samlinger. Alt er uhyre her, men en ubeskrivelig Fred over altsammen. Ingen Politik, ingen Handelsaand, intet Militærvæsen giver sit ensidige Præg til Befolkningen; den kan ikke meget og ved ikke meget, det er sikkert, men den er ubeskrivelig skjøn og hel og sand og stille. Hernede skulde Du leve en Tid! – Sigurd kan nu læse, <anchor type="lemma" xml:id="koB12_1032"/>han læser Folkesagn og Eventyr hver Dag; men kunde Du med en eller anden Rejsende sende os en liden Bibelhistorie, tror jeg det <supplied>v</supplied>ar en sand Velgjærning. – Hermed faar det <supplied>vær</supplied>e en Ende for dennegang. Jeg stoler vist <supplied>paa a</supplied>t Du vil svare nogle Ord. Susanna faar <supplied>som Du skjønn</supplied>er ikke Lov at læse dette Brev, men <supplied>hun beder hils</supplied>e. Det samme gjør jeg. <HIS:hisRef type="tcNote" xml:id="noteT12_278" target="B1844-1871ht_noter.xml" corresp="noteT12_278">En glad og <gap reason="damage"/> <supplied>Jul for ed</supplied>er alle.</HIS:hisRef> Lev vel!</p>
<salute>Din hengivne</salute>
<signed>Henrik Ibsen.</signed>
</div>
</body>
</text>