<?xml version="1.0" encoding="UTF-8"?><text xmlns="http://www.tei-c.org/ns/1.0" xmlns:HIS="http://www.example.org/ns/HIS" rend="letter" corresp="Budat18600930JCG" xml:lang="da-no">
<front>
<pb n="[a]"/>
<HIS:envelope type="sheet">
<address>
<addrLine>Hr. Overretssagfører Gamborg.</addrLine>
</address>
</HIS:envelope>
</front>
<body>
<div type="letter">
<p>
                            <pb n="[1]"/>Foruden de øvrige Sager bedes endelig anskaffet:</p>
<p>Et trykt Expl: af <anchor type="lemma" xml:id="koB12_673"/>«Den lille Rødhætte» (2<hi rend="raised">det</hi> Oplag)</p>
<p>
                            <anchor type="lemma" xml:id="koB12_674"/>Partitur til «Den lille Rødhætte» afskreven ved <HIS:hisRef type="org" target="Navneregister_HISe.xml#orgKT">det kgl: Theater</HIS:hisRef>.</p>
<p>Afskrift af <anchor type="lemma" xml:id="koB12_675"/>«<HIS:hisRef type="tcNote" xml:id="noteT12_184" target="B1844-1871ht_noter.xml" corresp="noteT12_184">De</HIS:hisRef> to Grenaderer», fra det kgl: Theater –</p>
<salute>venskabeligst</salute>
<signed>Henr: Ibsen</signed>
<salute>
                            <anchor type="lemma" xml:id="koB12_676"/>ST. Hr. Overretssagfører Gamborg.</salute>
</div>
</body>
</text>