<?xml version="1.0" encoding="UTF-8"?><text xmlns="http://www.tei-c.org/ns/1.0" xmlns:HIS="http://www.example.org/ns/HIS" rend="letter" corresp="B18710510OvK" xml:lang="da-no">
<front>
<pb n="[a]"/>
<HIS:envelope type="envelope">
<address>
<addrLine>An den</addrLine>
<addrLine>Herrn Hauptmann Oscar von Knorring.</addrLine>
<addrLine>Commandeur, Ritter, etc. etc –</addrLine>
<addrLine>Drottnings-gatan. 98. –</addrLine>
<addrLine>Stockholm.</addrLine>
</address>
<stamp>fr:</stamp>
</HIS:envelope>
</front>
<body>
<div type="letter">
<dateline>
                            <pb n="[1]"/>Dresden, <date>10<hi rend="raised">de</hi> Maj 1871</date>. –</dateline>
<salute>Min kære hædersven!</salute>
<p>Og Du, som kunde <anchor type="lemma" xml:id="koB12_3211"/>rejse Dresden forbi når Du var det så nær! Jeg havde så sikkert ventet og glædet mig til at se Dig her hos os, for endnu en gang personligt at takke Dig for alt dit venskab og for alle de uforglemmelige <anchor type="lemma" xml:id="koB12_3212"/>dage, vi har levet sammen! – Og så drager Du på <anchor type="lemma" xml:id="koB12_3213"/>grænserydning op til <HIS:hisRef type="place" target="Navneregister_HISe.xml#plFinn">Finmarken</HIS:hisRef>. Man kan nu snart spørge: hvor er den afkrog i hele den gamle verden, som Du ikke har besøgt; – fra <HIS:hisRef type="place" target="Navneregister_HISe.xml#plNu">Nubien</HIS:hisRef> til Ishavet! – Men en ting vil jeg gøre Dig opmærksom på; myggen eller mosqitoen er slem i Finmarken; tag alle forholdsregler for at beskytte Dig; dog, dette ved Du kanske besked om. Al god lykke til færden! Jeg håber den vil <pb n="[2]"/>afgive et interessant emne for <anchor type="lemma" xml:id="koB12_3214"/>rejseskildringer fra din hånd.</p>
<p>Igår modtog jeg da <anchor type="lemma" xml:id="koB12_3215"/>kommandør-stjernen med diplom! Tak, tak, Du som førte mig til <HIS:hisRef type="place" target="Navneregister_HISe.xml#plEg">Egyptens</HIS:hisRef> land! Du selv har naturligvis for længere tid siden modtaget din dekoration. <HIS:hisRef type="person" target="Navneregister_HISe.xml#peJDCL">Lieblein</HIS:hisRef> skal have fåt officers-stjernen, som jo er en grad ringere. <anchor type="lemma" xml:id="koB12_3216"/>Hvem af landsmændene er forøvrigt dekorerede?</p>
<p>
                            <anchor type="lemma" xml:id="koB12_3217"/>De øvrige affærer, som Egypter-færden førte med sig, håber jeg nu er ordnede; en så nobel og ridderlig adfærd, som din, må dog påskønnes.</p>
<p>Jeg havde tusende ting at tale med Dig om; skriftligt går det ikke. Hvad tid jeg kommer til <HIS:hisRef type="place" target="Navneregister_HISe.xml#plSthlm">Stockholm</HIS:hisRef> er endnu uvisst. Skriv mig endelig et par linjer til før Du rejser, og er <anchor type="lemma" xml:id="koB12_3218"/>venskabet med <HIS:hisRef type="person" target="Navneregister_HISe.xml#peDem">Demirgian</HIS:hisRef> igen oprettet, så hils ham fra mig og tak ham i den form, som Du finder passende.</p>
<p>
                            <anchor type="lemma" xml:id="koB12_3219"/>Dit egyptiske værk glæder jeg mig til at få læse. Et sligt <pb n="[3]"/>har godt af at udsættes en tid; desto grundigere blir det.</p>
<p>Jeg håber at din højst-ærede familje befinder sig vel, og beder at få fremføre min ærbødigste hilsen.</p>
<p>Og hermed et hjerteligt ønske om held og velgang for Dig og dine. Glem ikke din</p>
<salute>altid hengivne og forbundne</salute>
<signed>Henrik Ibsen.</signed>
</div>
</body>
</text>