<?xml version="1.0" encoding="UTF-8"?><text xmlns="http://www.tei-c.org/ns/1.0" xmlns:HIS="http://www.example.org/ns/HIS" rend="letter" corresp="B18600418OKL" xml:lang="da-no">
<body>
<div type="letter">
<dateline>Christiania den <date>18<hi rend="raised">de</hi> April 1860</date>.</dateline>
<salute>Hr. O. K. Lysholm!</salute>
<p>Du vil godhedsfuldt tilgive at jeg først nu besvarer dit Brev; thi et Par af de omspurgte <anchor type="lemma" xml:id="koB12_626"/>Subjekter var mig ubekjendte og det har medtaget nogen Tid at komme paa Spor efter dem. Her er imidlertid hvad jeg nu i Korthed kan sige.</p>
<p>
                            <HIS:hisRef type="person" target="Navneregister_HISe.xml#peMAS">M. A. Stangby</HIS:hisRef> er formentlig et ganske ungt Menneske (16–17); fuldstændigt at forsikkre mig om hans Identitet har jeg ikke kunnet, dog er jeg kommen efter at han sandsynligviis for omtrent et Aar siden engang henvendte sig til mig om Ansættelse ved vort Theater, men jeg hadde <anchor type="lemma" xml:id="koB12_627"/>intet Brug for ham og har ikke siden stødt paa ham. Han gjorde dengang Indtryk af at være et lovende og begavet Menneske, havde saavidt jeg husker, <anchor type="lemma" xml:id="koB12_628"/>skrevet en hel Del Vers, men hvad hans Anlæg for Scenen angaar saa kan jeg intet andet derom sige end at han skal have staaet i et vist Ry som Deklamator blandt sine Skolekammerater; for mig kom det ikke til nogen Prøve og hans Ydre var dengang temmelig uheldigt (ganske almindelige Ansigtstræk og uharmoniske Former), men dette kan han rigtignok voxe af sig; imidlertid tør jeg, som Du seer, hverken raade fra eller til om denne Person.</p>
<p>
                            <HIS:hisRef type="person" target="Navneregister_HISe.xml#peAugH">August Herramb</HIS:hisRef> meldte sig til <HIS:hisRef type="org" target="Navneregister_HISe.xml#orgKNT">det herværende norske Theater</HIS:hisRef> et Par Aar før jeg kom hid, blev ogsaa antagen til Prøve, men forlod det snart uden at han kom til at optræde. Siden gjennemgik han <anchor type="lemma" xml:id="koB12_629"/>Artilleriunderofficeerskolen, blev derpaa <anchor type="lemma" xml:id="koB12_630"/>Extraskriver eller konstitueret <anchor type="lemma" xml:id="koB12_631"/>Kopist i et af Departementerne og er for sin smukke Haandskrift meget søgt til sligt Arbeide ogsaa udenom hvorved han, ligesom ved sine temmelig udstrakte Studenter- og Kunstnerbekjendtskaber har tillagt sig ikke liden <anchor type="lemma" xml:id="koB12_632"/>Politur. Han seer dertil i alle Maader ualmindelig godt ud og er endnu ung nok til at tilegne sig hvad han mangler; jeg tror derfor nok jeg tør tilraade et Forsøg med ham.</p>
<p>
                            <HIS:hisRef type="person" target="Navneregister_HISe.xml#peJoaHW">Joachim Welhaven</HIS:hisRef> er mangt og meget at sige om; Talent mangler han ikke, men ved at gaa paa egen Haand er det vildledet, han er bleven <anchor type="lemma" xml:id="koB12_634"/>affekteret. Han har et smukt velklingende <anchor type="lemma" xml:id="koB12_635"/>Organ, hans Sprog er rent og hans Personlighed i og for sig saare heldig. Hvorvidt han imidlertid nu længer besidder den Aandens Bøielighed der vil være en absolut Betingelse for hans Brugbarhed som Theaterelev, tør maaske være tvivlsomt, men en fast Optræden tør nok kunne drive ham. Uordentligt tror jeg ikke han lever her, men rigtignok <anchor type="lemma" xml:id="koB12_636"/>i stor Trang, som han dog <anchor type="lemma" xml:id="koB12_637"/>kavalleermæssigt forstaar at skjule. Som sagt, kan han blot finde sig tilrette i Elevstillingen, saa tror jeg visselig at en Mand med hans Øvelse vil kunne gjøre et begyndende Theater ikke ringe Nytte.</p>
<p>
                            <HIS:hisRef type="person" target="Navneregister_HISe.xml#peGNa">G: Næss</HIS:hisRef> meldte sig ihøst for mig, men kunde ikke bruges. Uheldigt Ydre, Mangel paa Dannelse og, saavidt jeg kunde skjønne, ganske middelmaadige Evner. – Hans Motiv til at blive Skuespiller kan visselig ikke søges i stort andet end Lyst til at føre et frit og behageligt Liv. Jeg tror ikke det lønner sig at prøve ham.</p>
<p>
                            <HIS:hisRef type="person" target="Navneregister_HISe.xml#peAEH">
                                <anchor type="lemma" xml:id="koB12_638"/>A: Hellesen</HIS:hisRef> har adskillig <anchor type="lemma" xml:id="koB12_639"/>Øvelse og et godt Udvortes. Han har saavidt jeg veed været et Par Aar ansat ved <anchor type="lemma" xml:id="koB12_640"/>et reisende Dansk Selskab og er vistnok brugbar. Jeg forsøgte ham engang paa Prøve i en større Rolle, som han tidligere havde spillet ved det nævnte Selskab, og mangt deri røbede rigtig Opfatning, ligesom Udførelsen var fornuftig og ret <anchor type="lemma" xml:id="koB12_641"/>tækkelig.</p>
<p>
                            <HIS:hisRef type="person" target="Navneregister_HISe.xml#peMatA">Mathilde Andersen</HIS:hisRef> har, hvis det er den jeg mener, ogsaa været ansat ved samme Selskab og maa saaledes forudsættes at besidde adskillig <anchor type="lemma" xml:id="koB12_642"/>Fordannelse, som rigtignok kan være ligesaameget til Skade som til Gavn. Hun har et godt <anchor type="lemma" xml:id="koB12_643"/>Udvortes, Sangstemme og et sletikke simpelt Væsen; hendes Sprog er nok saa godt og Organet, paa nogle Uvaner nær, brugbart. Jeg fik, ved engang at læse med hende, ikke noget Indtryk at hun var talentløs; forsøg hende derfor, hvis Du ikke har noget Bedre i Baghaanden.</p>
<p>Det bemærkes at alle Ovenstaaende ere unge Folk med Undtagelse af Welhaven som vel nu maa være 36–38, dog kanskee ogsaa noget yngre skjønt han ikke seer ud til det.</p>
<p>
                            <HIS:hisRef type="person" target="Navneregister_HISe.xml#peJaHAs">
                                <anchor type="lemma" xml:id="koB12_645"/>I. H. Asmundsen</HIS:hisRef> vil jeg, grundet paa hvad der er sagt mig om ham, tilraade Dig at antage. Om <HIS:hisRef type="person" target="Navneregister_HISe.xml#peCJoh">Carl Johannesen</HIS:hisRef> og <HIS:hisRef type="person" target="Navneregister_HISe.xml#peGLP">
                                <anchor type="lemma" xml:id="koB12_646"/>Louis Pedersen</HIS:hisRef> kan jeg ingensomhelst Oplysning meddele. <HIS:hisRef type="person" target="Navneregister_HISe.xml#peCLW">Carsten Woll</HIS:hisRef> var i nogle Aar Skuespiller ved <HIS:hisRef type="org" target="Navneregister_HISe.xml#orgNTB">Bergens Theater</HIS:hisRef>, havde en ganske god Sangstemme og var ikke blottet for Talent, men Mangel paa Dannelse stod dets Udvikling meget iveien. Han forlod igjen Theatret, tog atter fat paa sit Haandværk (han er Skomagermester) og jeg ved ikke om han i denne Mellemtid har erhvervet sig Noget af hvad der dengang manglede ham. Jeg tror dog nok han ved dog at være et Stykke paa Veien kunde i de første Aar yde en Theaterskole adskillig Tjeneste, men nogen egentlig Fremgang tør neppe paaregnes. Han er vel nu omkring 35–36 Aar gammel.</p>
<p>Her har Du hvad jeg i Korthed ved om de opgivne Aspiranter, kan mine Oplysninger lede til noget Godt for eders Foretagende, skal det være mig særdeles kjært. Det samme gjælder ogsaa hvis jeg paa anden Maade f: Ex: ved Anskaffelse af Musikalier, Bøger, nye Stykker eller hvad det skal være, kunde yde nogen Bistand.</p>
<p>
                            <anchor type="lemma" xml:id="koB12_647"/>Det norske Selskab har i Paasketiden ingen Forhandlingsmøder holdt, Listen vil imidlertid imorgen blive fremlagt; at eders Plan af os omfattes med den varmeste Interesse kan Du vel tænke. Selskabets fleste Medlemmer er imidlertid Mænd med bedre Villie end Evne i dette Punkt, lov Dig derfor ikke formeget.</p>
<salute>Venskabeligst</salute>
<signed>Henr: Ibsen.</signed>
</div>
</body>
</text>