<?xml version="1.0" encoding="UTF-8"?><text xmlns="http://www.tei-c.org/ns/1.0" xmlns:HIS="http://www.example.org/ns/HIS" rend="letter" corresp="B18730918StOlav" xml:lang="da-no">
<body>
<div type="letter">
<dateline>
                            <pb n="[1]"/>Dresden den <date>18<hi rend="raised">de</hi> September 1873</date>.</dateline>
<salute>Til Skatmester-embedet ved den kongl: norske Sanct Olafs orden.</salute>
<p>Herved giver jeg mig den ære takskyldigst at erkende modtagelsen af det mig med Skatmester-embedets skrivelse af 14<hi rend="raised">de</hi> August tilstillede <anchor type="lemma" xml:id="koB13_1048"/>ordenstegn samt dertil hørende diplom som ridder af St: Olafs orden.</p>
<salute>Ærbødigst</salute>
<signed>Henrik Ibsen.</signed>
</div>
</body>
</text>