<?xml version="1.0" encoding="UTF-8"?><text xmlns="http://www.tei-c.org/ns/1.0" xmlns:HIS="http://www.example.org/ns/HIS" rend="letter" corresp="B18750104LG" xml:lang="da-no">
<body>
<div type="letter">
<dateline>
                            <pb n="[1]"/>Dresden den <date>4<hi rend="raised">de</hi> Januar 1875</date>. –</dateline>
<salute>Til fru Laura Gundersen!</salute>
<p>Jeg kan ikke lade den <anchor type="lemma" xml:id="koB13_1684"/>nær forestående mærkedag i Deres kunstneriske løbebane gå forbi uden at slutte mig til de mange, der visselig på denne dag sender Dem sin tak og hilsen. Havde dagen tidligere været mig bekendt, skulde jeg ikke have undladt på <anchor type="lemma" xml:id="koB13_1685"/>en anden og mere fremtrædende måde at bidrage mit til dens højtideligholdelse.</p>
<p>Da nu dette ikke kunde ske, så tillad mig ialfald herved at frembære for Dem min hjerteligste tak for alle de indtryk af storhed, skønhed og herlighed, som også jeg i de forløbne 25 år gennem <HIS:hisRef type="tcNote" xml:id="noteT13_261" target="B1871-1879ht_noter.xml" corresp="noteT13_261">Dem</HIS:hisRef> har modtaget. Ingen af os mange, der virker i kunstens eller digtningens tjeneste, <pb n="[2]"/>står, som den han er, ved egne kræfter allene. Tænker vi os at en eller flere af de bedste ikke havde været der, så vilde heller ikke de andre have stået, hvor de nu står. Men De er en af dem, som jeg mindst af alle kunde tænke mig borte.</p>
<p>Og modtag så mine bedste og varmeste ønsker om held, lykke og velsignelse i de næste 25 år! Opgavernes art og beskaffenhed kan veksle; men til dem alle kræves åndens ungdom, og den vil De bevare længe endnu, således som De indtil idag har bevaret den.</p>
<p>Den dag, da <HIS:hisRef type="tcNote" xml:id="noteT13_262" target="B1871-1879ht_noter.xml" corresp="noteT13_262">De</HIS:hisRef> modtager disse linjer, vil være en stor og strålende festdag hjemme. Hernede i det fremmede land kan vi kun fejre dagen i stilhed; men vær forvisset om at vi skal fejre den ligeså hjerteligt som nogen af de mange tusender, der med os elsker og beundrer Dem og Deres kunst.</p>
<salute>Deres hengivne og taknemmelige</salute>
<signed>Henrik Ibsen.</signed>
</div>
</body>
</text>