<?xml version="1.0" encoding="UTF-8"?><text xmlns="http://www.tei-c.org/ns/1.0" xmlns:HIS="http://www.example.org/ns/HIS" rend="letter" corresp="B18731129PNA" xml:lang="da-no">
<front>
<pb n="[a]"/>
<HIS:envelope type="envelope">
<address>
<addrLine>Herrn Ausstellungskomissär, Ritter P: N: Arbo.</addrLine>
<addrLine>Adr: Bureau für Schweden &amp; Norwegen.</addrLine>
<addrLine>Weltausstellungs-Platz.</addrLine>
<addrLine>Wien.</addrLine>
</address>
<stamp>fr:</stamp>
</HIS:envelope>
<pb n="[b]"/>
</front>
<body>
<div type="letter">
<dateline>
                            <pb n="[1]"/>Dresden den <date>29<hi rend="raised">de</hi> November 1873</date>. –</dateline>
<salute>Kære herr Arbo!</salute>
<p>Tillad mig at takke Dem for Deres godhedsfulde besørgelse af mine forskellige kommissioner og ligeså for <anchor type="lemma" xml:id="koB13_1262"/>Deres venlige brev af 2<hi rend="raised">den</hi> f: m: –</p>
<p>De spørger, hvad De skal gøre med den <anchor type="lemma" xml:id="koB13_1263"/>tiloversblevne gulden. Hvis De for samme vilde købe mig et godt fotografiportræt i <anchor type="lemma" xml:id="koB13_1264"/>visitkortformat af <emph>baron <HIS:hisRef type="person" target="Navneregister_HISe.xml#peWSS">
                                    <anchor type="lemma" xml:id="koB13_1265"/>Schwartz</HIS:hisRef>
                            </emph>, så skulde jeg være Dem særdeles forbunden, og end mere dersom De skulde være i besiddelse af og vilde sende mig <anchor type="lemma" xml:id="koB13_1266"/>et af Dem selv og af herr <HIS:hisRef type="person" target="Navneregister_HISe.xml#peCMJD">Dannfeldt</HIS:hisRef>.</p>
<p>Nu er vel <anchor type="lemma" xml:id="koB13_1267"/>Deres hverv i <HIS:hisRef type="place" target="Navneregister_HISe.xml#plWien">Wien</HIS:hisRef> snart tilende? Af <anchor type="lemma" xml:id="koB13_1268"/>de wienske blade ser jeg at De får ros for Deres raske <anchor type="lemma" xml:id="koB13_1269"/>udrømning af vore lokaler. Desværre ser jeg også at <anchor type="lemma" xml:id="koB13_1270"/>et af de svenske billeder skal være kommet til skade. Hvad er det for et?</p>
<p>Modtag min bedste lykønskning i anledning af <HIS:hisRef type="tcNote" xml:id="noteT13_196" target="B1871-1879ht_noter.xml" corresp="noteT13_196">
                                <anchor type="lemma" xml:id="koB13_1271"/>jernkronen.</HIS:hisRef> Hvad skal De nu få fra <HIS:hisRef type="place" target="Navneregister_HISe.xml#plN">Norge</HIS:hisRef> og fra <pb n="[2]"/>
                            <HIS:hisRef type="place" target="Navneregister_HISe.xml#plSE">Sverig</HIS:hisRef>? Jeg synes ikke det kan være mindre end et par <anchor type="lemma" xml:id="koB13_1272"/>kommandørkors. Er det sandt at <HIS:hisRef type="person" target="Navneregister_HISe.xml#peTH">konsul <anchor type="lemma" xml:id="koB13_1273"/>Heftye</HIS:hisRef> er bleven dekoreret i Wien, men <anchor type="lemma" xml:id="koB13_1274"/>ikke <HIS:hisRef type="person" target="Navneregister_HISe.xml#pePPe">Peter Petersen</HIS:hisRef>?</p>
<p>
                            <anchor type="lemma" xml:id="koB13_1275"/>Fra min spanske kollega, <HIS:hisRef type="person" target="Navneregister_HISe.xml#peDTPT">Don Puebla</HIS:hisRef>, har jeg havt et langt venskabeligt brev; han vil skrive <anchor type="lemma" xml:id="koB13_1276"/>et værk over udstillingen og interesserer sig meget for vore nordiske forholde, angående hvilke <anchor type="lemma" xml:id="koB13_1277"/>jeg har skaffet ham alle de oplysninger, der stod til min rådighed.</p>
<p>Er der ingen udsigt til at få <anchor type="lemma" xml:id="koB13_1278"/>se Dem <HIS:hisRef type="place" target="Navneregister_HISe.xml#plDre">her</HIS:hisRef> på gennemrejsen til <HIS:hisRef type="place" target="Navneregister_HISe.xml#plPa">Paris</HIS:hisRef>? Intet skulde være mig kærere end at få lejlighed til at fortsætte det i Wien så behageligt knyttede bekendtskab.</p>
<p>Under alle omstændigheder, en hjertelig hilsen til Dem selv og til herr <anchor type="lemma" xml:id="koB13_1279"/>intendanten fra</p>
<salute>Deres hengivne</salute>
<signed>Henrik Ibsen.</signed>
<pb n="[3]"/>
<pb n="[4]"/>
</div>
</body>
</text>