<?xml version="1.0" encoding="UTF-8"?><text xmlns="http://www.tei-c.org/ns/1.0" xmlns:HIS="http://www.example.org/ns/HIS" rend="letter" corresp="B18740420GB" xml:lang="da-no">
<body>
<div type="letter">
<dateline>
                            <pb n="[1]"/>Dresden den <date>20<hi rend="raised">de</hi> April 1874</date>. –</dateline>
<salute>Kære Brandes!</salute>
<p>Det var fra min side visselig ufortjent at De på min fødselsdag erindrede mig og glædede mig med et <anchor type="lemma" xml:id="koB13_1404"/>venligt brev, hvorfor jeg af hjertet takker Dem og beder Dem være forvisset om at mine tanker er oftere hos Dem, end De af min forsømmelighed i brevskrivning skulde formode.</p>
<p>Deres tidligere brev angående det <anchor type="lemma" xml:id="koB13_1405"/>påtænkte tidsskrift kom jeg ikke til at besvare af den grund at jeg altfor længe gik og spekulerte på hvad og hvorledes jeg skulde svare. Det var nemlig blevet mig mere og mere klart at her ikke handledes om et blot og bart <HIS:hisRef type="tcNote" xml:id="noteT13_216" target="B1871-1879ht_noter.xml" corresp="noteT13_216">ja</HIS:hisRef> eller nej; når jeg skulde være oprigtig, – og det vilde jeg være, – så havde jeg meget mere at sige; men dette syntes jeg kunde bedst ske mundtligt og derfor ventede jeg i det håb, om ikke lang tid <pb n="[2]"/>at få <anchor type="lemma" xml:id="koB13_1406"/>gensé Dem hernede, et håb, som imidlertid ikke nu synes så snart at skulle gå i opfyldelse; og derfor vil jeg heller ikke længere tilbageholde min opfatning af sagen. Tag mig så ikke min ligefremhed ilde op!</p>
<p>Det var Deres og <HIS:hisRef type="person" target="Navneregister_HISe.xml#peEBr">
                                <anchor type="lemma" xml:id="koB13_1407"/>Deres broders</HIS:hisRef> plan at udgive «et tidsskrift». Men hvad slags, – <anchor type="lemma" xml:id="koB13_1408"/>et <emph>dansk</emph> eller et <emph>skandinavisk</emph>? De danske literater vil nok have abonnenter og læsekreds <HIS:hisRef type="tcNote" xml:id="noteT13_217" target="B1871-1879ht_noter.xml" corresp="noteT13_217">i</HIS:hisRef> alle <HIS:hisRef type="place" target="Navneregister_HISe.xml#plN plDk plSE plFin">de nordiske lande</HIS:hisRef>; men de lever og ånder og føler kun i den københavnske luft; hvad der i eders tidsskrifter og dagspresse kæmpes for eller imod refererer sig altsammen til hvad der er på dagsordenen <emph>hos jer;</emph> kun eders egne, eller rettere de københavnske brydninger i filosofi, politik o. s. v, forekommer eder af <HIS:hisRef type="tcNote" xml:id="noteT13_217a" target="B1871-1879ht_noter.xml" corresp="noteT13_217a">betydning</HIS:hisRef>; ja, I ved igrunden slet ikke besked om noget andet eller mere forsåvidt <HIS:hisRef type="place" target="Navneregister_HISe.xml#plSka">Skandinavien</HIS:hisRef> betræffer; for udlandets vedkommende derimod er I ret vel orienteret. Hvad specielt de norske ejendommeligheder angår, så er det næsten som en nåde fra dansk side at disse får lov til at give sig tilkende i literaturen; er man venligt sindet, så fremføres der undskyldninger; i modsat fald spottes der, altid <pb n="[3]"/>gående ud fra at det danske er det normale. Hvad ved Københavnerne om vore indre forholde, om vor politik og vore <HIS:hisRef type="tcNote" xml:id="noteT13_218" target="B1871-1879ht_noter.xml" corresp="noteT13_218">politikere?</HIS:hisRef> Intet. Vi, Normænd og tildels Svensker, ved besked om alle eders ting; I ved knapt besked om noget af det, der berører os. Den københavnske uvidenhed om skandinaviske sager er så mageløs at den kun finder sin lige i det københavnske hovmod.</p>
<p>Dette er, sammentrængt til en tusendedel af hvad jeg havde at sige, grunden til at de københavnske tidsskrifter ikke kan bestå. <anchor type="lemma" xml:id="koB13_1409"/>Eders 2 millioner mennesker kan ikke bære et tidsskrift; skal det gå, så må I ikke på københavnsk fornemt oversé de <anchor type="lemma" xml:id="koB13_1410"/>4 millioner <HIS:hisRef type="tcNote" xml:id="noteT13_219" target="B1871-1879ht_noter.xml" corresp="noteT13_219">Svensker</HIS:hisRef>, de <anchor type="lemma" xml:id="koB13_1411"/>2 millioner Normænd, den <anchor type="lemma" xml:id="koB13_1412"/>ene million Finlændere og den næsten <anchor type="lemma" xml:id="koB13_1413"/>ligeså <HIS:hisRef type="tcNote" xml:id="noteT13_219a" target="B1871-1879ht_noter.xml" corresp="noteT13_219a">talrige</HIS:hisRef> skandinaviske befolkning i Amerika. Dette udgør tilsammen henimod 10 millioner mennesker; opgiv al københavnsk <anchor type="lemma" xml:id="koB13_1414"/>partikularisme; skriv for dem allesammen, så skal jeg være med; men oprigtigt talt finder jeg det ikke umagen værd literært at udtale mig for den københavnske befolkning <anchor type="lemma" xml:id="koB13_1415"/>indenfor voldene og ude på broerne.</p>
<p>Jeg ved jo nok at De står i mange stykker i opposition til dette <pb n="[4]"/>københavnske væsen; men alligevel er De dog ubevidst <anchor type="lemma" xml:id="koB13_1416"/>hildet deri. Hele <anchor type="lemma" xml:id="koB13_1417"/>første bind af Deres literaturhistorie er mere en polemik imod den københavnske end imod den nordiske bornerthed; det er <anchor type="lemma" xml:id="koB13_1418"/>specifikt københavnske retninger i literatur, kultur og kunstbetragtning, der bekæmpes, og det er denne begrænsning af slagfeltet, som jeg mener at en forfatter hos os som andetsteds må komme ud over, hvis han skal kunne slå igennem.</p>
<p>Dette, kære Brandes, beder jeg Dem betragte som en venskabelig indbydelse til at komme herned, for at vi i fællesskab kan lægge vore krigsplaner. Tanken om tidsskriftet bør De ikke opgive; men det må absolut anlægges på en mere omfattende basis end <anchor type="lemma" xml:id="koB13_1419"/>tidligere danske tidsskrifter, hvis det skal skaffe Deres ideer den fortjente udbredelse og sikre Dem en behagelig sorgløs tilværelse.</p>
<p>De mange øvrige sager vil jeg idag ikke omtale; men tænk over hvad jeg har sagt og skriv snart til Deres altid hengivne ven</p>
<signed>Henrik Ibsen. –</signed>
</div>
</body>
</text>