<?xml version="1.0" encoding="UTF-8"?><text xmlns="http://www.tei-c.org/ns/1.0" xmlns:HIS="http://www.example.org/ns/HIS" rend="letter" corresp="B18710305Gyl" xml:lang="da-no">
                <body>
<div type="letter">
<dateline>
                            <pb n="[1]"/>Dresden, <date>5<hi rend="raised">te</hi> Marts 1871</date>. –</dateline>
<p>De igår <anchor type="lemma" xml:id="koB12_3096"/>modtagne <HIS:hisRef type="org" target="Navneregister_HISe.xml#orgGyl">korrekturark</HIS:hisRef> tilbagesendes herved. Jeg har ikke fundet andre <anchor type="lemma" xml:id="koB12_3097"/>fejl, end den af mig selv begåede, Side 3, 5 og 6. På alle andre steder beholdes <anchor type="lemma" xml:id="koB12_3098"/>bogstaveringen <emph>ks</emph>, – altså <HIS:hisRef type="tcNote" xml:id="noteT12_744" target="B1844-1871ht_noter.xml" corresp="noteT12_744">undtagen</HIS:hisRef> i de ord, der stammer fra det latinske. Strilen med stort S; <HIS:hisRef type="person" target="Navneregister_HISe.xml#peAMS">Schweigård</HIS:hisRef> med å; hærmod er rigtigt (i lighed med hærværk, hærmænd, hærfærd, o. s. v.)</p>
<p>På titelbladet skulde jeg ønske bogstaverne i mit navn lidt mere sammentrængte, ligeså for- og efternavnet rykket lidt nærmere sammen; (se <anchor type="lemma" xml:id="koB12_3099"/>
                            <emph>omslaget</emph> til <HIS:hisRef type="person" target="Navneregister_HISe.xml#peBB">Bjørnsons</HIS:hisRef> digte, hvor samme typer er benyttede.)</p>
<p>Forbindtligst tak for nøjagtig og kyndig korrekturlæsning!</p>
<salute>ærbødigst</salute>
<signed>Henrik Ibsen</signed>
<salute>Til Den Gyldendalske Boghandel!</salute>
</div>
</body>
</text>