<?xml version="1.0" encoding="UTF-8"?><text xmlns="http://www.tei-c.org/ns/1.0" xmlns:HIS="http://www.example.org/ns/HIS" rend="letter" corresp="B18690228FH" xml:lang="da-no">
                <body>
<div type="letter">
<dateline>
                            <pb n="[1]"/>Dresden, <date>28<hi rend="raised">de</hi> Februar 1869</date>.</dateline>
<salute>Kjære Herr Cancelliraad Hegel!</salute>
<p>Herved har jeg den Glæde at kunne meddele Dem, at jeg idag, Søndag, paa Maanedens sidste Dag, till min egen, og som jeg haaber ogsaa till Deres Tillfredshed har fuldført <HIS:hisRef type="work" target="Navneregister_HISe.xml#woUF">
                                <anchor type="lemma" xml:id="koB12_1924"/>mit nye Lystspil</HIS:hisRef>. <anchor type="lemma" xml:id="koB12_1925"/>Renskriften af 1<hi rend="raised">ste</hi> Akt sender jeg om 8 Dage, og derefter fremdeles en Akt hver Uge, hvorefter jeg overlader Resten till Dem.</p>
<p>Jeg tillskriver Dem iaften for at bede Dem bevilge mig et <HIS:hisRef type="tcNote" xml:id="noteT12_533" target="B1844-1871ht_noter.xml" corresp="noteT12_533">Forskud</HIS:hisRef> stort 200 Rdl, dog saaledes <HIS:hisRef type="tcNote" xml:id="noteT12_534" target="B1844-1871ht_noter.xml" corresp="noteT12_534">forstaaet</HIS:hisRef>, at derfra først trækkes de 24 Rd: 22, som jeg skylder <HIS:hisRef type="tcNote" xml:id="noteT12_535" target="B1844-1871ht_noter.xml" corresp="noteT12_535">Dem</HIS:hisRef> fra forrige Aar, og dernæst <anchor type="lemma" xml:id="koB12_1926"/>min Gjæld till <HIS:hisRef type="person" target="Navneregister_HISe.xml#pePFSt">Boghandler Stensballe</HIS:hisRef>, der bedes betalt; det <emph>overskydende</emph> bedes mig tillsendt. – Undskyld Anmodningen! Det er en velsignet Følelse at være færdig med et Arbejde, som nu i Løbet af et Aar ingen Dag har været ude af <HIS:hisRef type="tcNote" xml:id="noteT12_536" target="B1844-1871ht_noter.xml" corresp="noteT12_536">mine</HIS:hisRef> Tanker.</p>
<salute>Deres hengivne</salute>
<signed>Henrik Ibsen.</signed>
</div>
</body>
</text>