<?xml version="1.0" encoding="UTF-8"?><text xmlns="http://www.tei-c.org/ns/1.0" xmlns:HIS="http://www.example.org/ns/HIS" rend="letter" corresp="B18680127HHag" xml:lang="da-no">
<body>
<div type="letter">
<dateline>
                            <pb n="[1]"/>Rom, <date>d. 27<hi rend="raised">de</hi> Januar 1868</date>.</dateline>
<salute>Til Hr. Boghandler H. Hagerup, <HIS:hisRef type="place" target="Navneregister_HISe.xml#plKbh">Kjøbenhavn</HIS:hisRef>.</salute>
<p>Bestyrelsen for <HIS:hisRef type="org" target="Navneregister_HISe.xml#orgSF">den skandinaviske Forening i Rom</HIS:hisRef> har modtaget Deres Brev af 14<hi rend="raised">de</hi> Januar d.A., hvormed indesluttet fulgte en Billet til Dem fra <HIS:hisRef type="person" target="Navneregister_HISe.xml#peMAG">Hr. Goldschmidt</HIS:hisRef> og en Regning fra Dem til Foreningen paa 41 Rd. 3 Ֆ 6 ʄ.–</p>
<p>Den er i høieste Grad bleven forundret over, at De endnu har kunnet a<unclear reason="endline">n</unclear>see <anchor type="lemma" xml:id="koB12_1673"/>denne Sag for uafgjort og har kunne<unclear>t</unclear> fremkomme med et saadant Krav.–</p>
<p>Da Sagen naturligvis er Dem ligesaa vel bekjendt som os, <anchor type="lemma" xml:id="koB12_1674"/>navnlig gjennem de Breve, som De tidligere har modtage<unclear reason="endline">t</unclear> herfra, skulle vi ikke trætte Dem me<unclear reason="endline">d</unclear> en «vidtgaaende» Fremstilling af Sagen<unclear reason="endline">s</unclear> Gang.– Kun følgende Hovedpunkter maae vi fremhæve: At Bestillingen er bleven gjort uden Bestyrelsens Vill<unclear reason="endline">ie</unclear> og Vidende. At Bestyrelsen desuagtet, da Sagen senere kom til dens Kundska<unclear reason="endline">b</unclear> ikke vilde, at De skulde lide noget Ta<unclear reason="endline">b</unclear> <pb n="[2]"/>herved og, om Bøgerne havde egnet sig for Bibliotheket, dog vilde have taget dem alle; men da en Del alt havdes i Bibliotheket, andre vare uden Værdi for det, tilbød den at gjøre hvad den kunde, nemlig at tage andre Bøger istedetfor disse, saa at der dog blev kjøbt hos Dem til det fulde Beløb. Dette Tilbud ignorerede De i det høist uklare Svar, som derpaa fulgte fra Deres Mellemmand, <HIS:hisRef type="person" target="Navneregister_HISe.xml#pePW">Hr. cand. Weilbach</HIS:hisRef>, medens De samtidig erklærede, at Resten af Bøgerne, som endnu beroede i Kjøbenhavn, behøvede Bibliotheket ikke at tage, medmindre det udtrykkelig skulde ønske at komme i Besiddelse af dem.– Hertil havde Foreningen, der ikke ønskede dem, naturligvis ikke andet at svare, end at alle tidligere paa dens Vegne gjorte Rekvisitioner af Bøger maatte ansees for annulerede.–</p>
<p>Og saaledes skulde man tro, at Sagen var afgjort! –</p>
<p>
                            <anchor type="lemma" xml:id="koB12_1675"/>Desuagtet kommer De efter saa lang Tids Forløb, som om den hele Sag aldeles <pb n="[3]"/>ikke existerede og kræver os med Ut<unclear reason="endline">aal</unclear>modighed for den hele Bestilling, hvora<unclear reason="smudge">f</unclear> vi aldrig have modtaget mere end for de betalte 18 Rd. 3 Ֆ 12 ʄ –</p>
<p>Resultatet er naturligvis som forh<unclear reason="endline">en</unclear> at vi ikke vedkjende os Bestillingen; at vi tage vort ignorerede Tilbud tilbage, om at ville modtage tildels andre B<unclear reason="endline">ø</unclear>ger til det fulde Beløb, og at der selvfølgelig ikke er Tale om, at vi ville <unclear reason="endline">be</unclear>tale for Bøger, som vi ikke have best<unclear reason="endline">ilt</unclear> endsige modtaget – hvormed Sagen fra vor Side maa ansees for endt, medm<unclear reason="endline">in</unclear>dre nye Faktorer skulde fremtræde.–</p>
<p>Endnu skulle vi kun gjøre Dem opmærksom paa adskillige Modsigelser og Uoverensstemmelser i Deres forskjel<unclear reason="writing">lige</unclear> Skrivelser og direkte eller indirekte Svar til os, for at De ikke skal tro, at Sagen er os ubekjendt, og for at De skal vide, at Deres Fundament ikke er saa ganske sikkert, om De skulde være tilsinds at ville drive denne Sag videre, end De alt har gjort.–</p>
<p>Som et Par Exempler skulle vi kun nævne:</p>
<p>
                            <pb n="[4]"/>I Deres Brev af 13<hi rend="raised">de</hi> Okt. 1865, da Foreningen havde faaet Bøger til det betalte Beløb 18 Rd. 5 Ֆ 12 ʄ, medens Resten var i Deres Behold, skriver De «at Sagen ikke kan blive saaledes staaende», men anmoder Bibliotheket om «snarest muligt at svare, om det vil betale Resten, og om de Bøger, der endnu henligge hos Dem, skulle sendes Bibliotheket eller tilbagegives Hr.Goldschmidt.» – Hvorledes skal man <anchor type="lemma" xml:id="koB12_1676"/>rime denne Skrivelse sammen med Deres sidste, naar man kjender de mellemliggende Skrivelser herfra, hvori vi have erklæret «at vi ikke havde Brug for <anchor type="lemma" xml:id="koB12_1677"/>Pluraliteten af Bøgerne.» – Hvorfor ere Bøgerne da ikke gaaede tilbage til Hr. Goldschm. og Kravet bortfaldet? –</p>
<p>Det Samme maa man sige, naar ma<unclear reason="endline">n</unclear> læser Weilbachs Skrivelse af 14<hi rend="raised">de</hi> Januar 1866, hvor der staaer: «For Hagerups Vedkommende stiller derfor Sagen sig saaledes, at han maa udbede sig Betaling for de paa Regningen nævnte Bøger, som Skand. Forening allerede har modtaget (de vare dengang betalte), da Betalingen <pb n="[5]"/>ikke tilfalder ham, men væsentlig Hr. Goldschmidt, hvem en stor Del af Bøgerne tilhørte. <emph>Resten af Bøgerne, som endnu beroe her i Kjøbenhavn, behøver Bibliotheket ikke at tage, medmindre man udtrykkelig skulde ønske at komme i Besiddelse af dem.</emph> Hr. Hagerup har nemlig ingen Penge staaende i dem, og <emph>Eieren er villig til at tage dem tilbage.</emph>» –</p>
<p>I Begyndelsen af Deres Brev af 13<hi rend="raised">de</hi> Okt. 1865 staaer der «at der i Mai Maaned 1864 <emph>blev gjort Indkjøb</emph> af Bøger til det skand. Bibliothek». Dette i Forening med Deres Utaalmodighed efter nu at faa Pengene indbetalt synes at stemme daarligt sammen med at Pluraliteten af Bøgerne vare leverede fra Hr. Goldschmidt, der – efter hans nu medfølgende Billet – til Dato ikke har faaet sine Penge af Dem, og med Weilbachs Udsagn «at De ingen Penge har staaende i dem, at De kun er Commissionair, og at De ingen Indtægt har af Handelen».</p>
<signed>Bestyrelsen for den skand. Forening i Rom.</signed>
<signed>John Börjeson</signed>
<signed>J. Bravo.</signed>
<signed>Henrik Ibsen.</signed>
<signed>V. Bergsøe.</signed>
<signed>O. V. Mourier. –</signed>
</div>
</body>
</text>