<?xml version="1.0" encoding="UTF-8"?><text xmlns="http://www.tei-c.org/ns/1.0" xmlns:HIS="http://www.example.org/ns/HIS" rend="letter" corresp="B18720626JHT" xml:lang="da-no">
<body>
<div type="letter">
<dateline>
                            <pb n="[1]"/>Dresden den <date>26<hi rend="raised">de</hi> Juni 1872</date>. –</dateline>
<salute>Kære svoger!</salute>
<p>Da jeg i mit brev af 1<hi rend="raised">ste</hi> Maj dette år anmodede Dem om af mine i kreditkassen indestående penge at <anchor type="lemma" xml:id="koB13_513"/>betale sagfører <HIS:hisRef type="person" target="Navneregister_HISe.xml#peHJN">Nandrup</HIS:hisRef> 100 Sp<hi rend="raised">d</hi>, var jeg fuldstændig uvidende om at en lignende sum allerede under 24. desember 71 var bleven ham udbetalt. Det detaljerede opgør, som De i begyndelsen af dette år var så god at sende mig, og hvis sidste udgiftspost (4 postanvisninger) er dateret 3/1. 72, indeholder intet om de under 24/12 til hr: Nandrup udbetalte 100 Sp. Opgøret udviser på indtægtssiden: «ialt 3151 Sp 108 ʄ + Renter <emph>ca</emph> 30 ʄ» Den samlede udgift er: «ialt 3040 Sp<hi rend="raised">d</hi> 40 ʄ.» Jeg måtte altså stå i den formening at jeg endnu havde indestående i kreditkassen omkring 130 Sp<hi rend="raised">d</hi> og bestyrkedes så meget mere heri, da De i Deres brev af 6<hi rend="raised">te</hi> Januar d: år foreslår at udbetale N: 100 Sp og udtrykkelig tilføjer: «Som De maaske vil erindre blev der sidste Gang betalt ham Afdrag for et Aar siden med 50 Sp.»</p>
<p>Heri ligger misforståelsen. Havde <pb n="[2]"/>jeg vidst at <HIS:hisRef type="tcNote" xml:id="noteT13_71" target="B1871-1879ht_noter.xml" corresp="noteT13_71">han</HIS:hisRef> afvigte julaften havde erholdt et så stort afdrag, vilde jeg ikke straks over nytår have indgået på at betale ham et lignende. Hr: Nandrup har visselig intet tab havt af mine affærer; hans renteberegning og navnlig hans honorar, hvilket han fastsætter til 50 Sp, kunde der være adskilligt at indvende imod; men hermed kan det bero indtil videre. Nogen yderligere afbetaling kan jeg imidlertid ikke <HIS:hisRef type="tcNote" xml:id="noteT13_72" target="B1871-1879ht_noter.xml" corresp="noteT13_72">nu</HIS:hisRef> indgå på, og det er mig meget ubehageligt at jeg ved den opståede misforståelse skal have blottet Dem for disponible penge til mine <anchor type="lemma" xml:id="koB13_514"/>løbende udgifter i <HIS:hisRef type="place" target="Navneregister_HISe.xml#plKri">Kristiania</HIS:hisRef>. Herpå skal imidlertid snarest muligt blive rådet bod; såsnart jeg har erfaret udfaldet af min <anchor type="lemma" xml:id="koB13_515"/>ansøgning om rejsestipendium, skal jeg træffe de fornødne foranstaltninger. – Bliv blot ikke vred over det meget bryderi jeg volder Dem!</p>
<p>I midten af næste måned agter vi at rejse til <HIS:hisRef type="place" target="Navneregister_HISe.xml#plTy">Tyrol</HIS:hisRef> <anchor type="lemma" xml:id="koB13_516"/>på en 5 ugers tid. Hvad bliver det til med Deres rejseplaner? Skulde De ikke ville slå følge med os? Tænk over dette. – Min gage håber jeg De er så god at sende mig, som vanligt.</p>
<p>
                            <HIS:hisRef type="person" target="Navneregister_HISe.xml#peTK">
                                <anchor type="lemma" xml:id="koB13_517"/>Thomas</HIS:hisRef> har forhåbentlig bragt en hilsen fra os. <anchor type="lemma" xml:id="koB13_518"/>Adskillige andre skandinaver har også været her i denne <HIS:hisRef type="tcNote" xml:id="noteT13_74" target="B1871-1879ht_noter.xml" corresp="noteT13_74">
                                <gap reason="damage"/>
                            </HIS:hisRef>
                        </p>
                    </div>
</body>
</text>