<?xml version="1.0" encoding="UTF-8"?><text xmlns="http://www.tei-c.org/ns/1.0" xmlns:HIS="http://www.example.org/ns/HIS" rend="letter" corresp="B18740916FH" xml:lang="da-no">
<body>
<div type="letter">
<dateline>
                            <pb n="[1]"/>Kristiania den <date>16<hi rend="raised">de</hi> Sept<hi rend="raised">br</hi> 1874</date>.</dateline>
<salute>Kære herr Hegel!</salute>
<p>Tør jeg endnu en gang bede Dem bevise mig den store tjeneste at forstrække mig med 200 rdlr? Rejsen tilbage kommer nu snart til at foregå.</p>
<p>Hvorledes går det med den <anchor type="lemma" xml:id="koB13_1477"/>nye udgave af <HIS:hisRef type="work" target="Navneregister_HISe.xml#woPG">«Peer Gynt»</HIS:hisRef>? <anchor type="lemma" xml:id="koB13_1478"/>Omarbejdelsen af <HIS:hisRef type="work" target="Navneregister_HISe.xml#woF2">«Fru Inger»</HIS:hisRef> kan det vel ikke nytte at sende endnu? <anchor type="lemma" xml:id="koB13_1479"/>Heroppe er der ingen mangel på <HIS:hisRef type="tcNote" xml:id="noteT13_227" target="B1871-1879ht_noter.xml" corresp="noteT13_227">sættere.</HIS:hisRef> Har de danske bogtrykkere aldrig tænkt på at skaffe folk herfra? Tør jeg spørge <anchor type="lemma" xml:id="koB13_1481"/>om <anchor type="lemma" xml:id="koB13_1480"/>brødrene Brandes’s tidsskrift udkommer på <HIS:hisRef type="org" target="Navneregister_HISe.xml#orgGyl">Deres forlag</HIS:hisRef>?</p>
<p>Jeg er her bleven <anchor type="lemma" xml:id="koB13_1482"/>modtagen med overordentlig velvilje af alle mennesker. Enhver tidligere misstemning er nu forbi. Jeg tænker stærkt på at benytte <anchor type="lemma" xml:id="koB13_1483"/>de gode tider til en liden <anchor type="lemma" xml:id="koB13_1484"/>husspekulation her. <anchor type="lemma" xml:id="koB13_1485"/>Flere af mine venner er blevne velstående på sligt, og jeg synes <pb n="[2]"/>at det også måtte kunne lykkes for mig.</p>
<p>Hvorledes går det med <HIS:hisRef type="org" target="Navneregister_HISe.xml#orgKT">
                                <anchor type="lemma" xml:id="koB13_1486"/>det kongelige theater</HIS:hisRef>? Et blad har fortalt at der skal til <anchor type="lemma" xml:id="koB13_1487"/>åbningsforestillingen udstedes indbydelseskort til dramatiske forfattere også i <HIS:hisRef type="place" target="Navneregister_HISe.xml#plN">Norge</HIS:hisRef>. Hvis dette er sandt, – tror De at også jeg kunde påregne et sådant? I så fald vilde jeg gerne blive nogle dage i <HIS:hisRef type="place" target="Navneregister_HISe.xml#plKbh">København</HIS:hisRef> i slutningen af denne måned.</p>
<p>Med oprigtig tak fra mig og mine for al Deres venlighed under vor gennemrejse, og med de bedste hilsener til Dem og <HIS:hisRef type="person" target="Navneregister_HISe.xml#peJH">Deres søn</HIS:hisRef> tegner jeg mig</p>
<salute>Deres hjertelig hengivne</salute>
<signed>Henrik Ibsen.</signed>
</div>
<div type="postscript">
<p>Min adresse hersteds er: Frøken Hofgaard. Pilestrædet N<hi rend="raised">o</hi> 7.</p>
</div>
</body>
</text>