<?xml version="1.0" encoding="UTF-8"?><text xmlns="http://www.tei-c.org/ns/1.0" xmlns:HIS="http://www.example.org/ns/HIS" rend="letter" corresp="B18690924JHT" xml:lang="da-no">
<body>
<div type="letter">
<dateline>
                            <pb n="[1]"/>Stockholm den <date>24<hi rend="raised">de</hi> Sept<hi rend="raised">br:</hi> 1869</date>. –</dateline>
<salute>Kjære Svoger!</salute>
<p>Forhaabentlig har De forstaaet <anchor type="lemma" xml:id="koB12_2164"/>mit kortfattede Telegram. Tingen er, at jeg har modtaget en speciel <anchor type="lemma" xml:id="koB12_2165"/>Indbydelse fra <HIS:hisRef type="person" target="Navneregister_HISe.xml#peIsP">Vicekongen af Egypten</HIS:hisRef> till at være hans Gjæst under et to Maaneders Opphold i <HIS:hisRef type="place" target="Navneregister_HISe.xml#plEg">hans Land</HIS:hisRef>, samt overvære <anchor type="lemma" xml:id="koB12_2166"/>
                            <HIS:hisRef type="place" target="Navneregister_HISe.xml#plSuez">Suez-Kanalens</HIS:hisRef> Indvielse. Jeg faar alting frit, <anchor type="lemma" xml:id="koB12_2167"/>Rejsen fra <HIS:hisRef type="place" target="Navneregister_HISe.xml#plPa">Paris</HIS:hisRef> og tillbage igjen iberegnet. Jeg haaber at jeg ikke behøver rett mange Penge, men tør naturligvis ikke rejse tomhændet. Gjør man i <HIS:hisRef type="org" target="Navneregister_HISe.xml#orgKdep">vedkommende Departementer</HIS:hisRef> <anchor type="lemma" xml:id="koB12_2168"/>Vanskeligheder ved nu at udbetale de resterende 150 Sp<hi rend="raised">d</hi> af Stipendiet, saa haaber jeg at De af mine private Penge sender mig <anchor type="lemma" xml:id="koB12_2169"/>Vexelen paa de forlangte 200 Sp<hi rend="raised">d</hi> og derpaa, saasnart det kan ske, hæver Stipendiesummen og indsætter samme i de udtagne Penges Sted. Et Andragende vil derpaa af mig blive indgivet gaaende ud paa at faa <HIS:hisRef type="tcNote" xml:id="noteT12_584" target="B1844-1871ht_noter.xml" corresp="noteT12_584">
                                <anchor type="lemma" xml:id="koB12_2170"/>Resolutionen</HIS:hisRef> ang: Stipendiets Anvendelse <pb n="[2]"/>forandret derhen at jeg kan bruge Restbeløbet i Egypten istedetfor i <HIS:hisRef type="place" target="Navneregister_HISe.xml#plSE">Sverig</HIS:hisRef>. Dette vil ingen Vanskelighed have; med <HIS:hisRef type="person" target="Navneregister_HISe.xml#peKongK4">
                                <anchor type="lemma" xml:id="koB12_2171"/>Kongen</HIS:hisRef> er jeg kommen paa en særdeles god Fod og han glæder sig over at jeg kommer derned.</p>
<p>Min Gage for 3<hi rend="raised">die</hi> Kvartal bedes sendt <emph>saasnart som muligt</emph> till <HIS:hisRef type="person" target="Navneregister_HISe.xml#peSuI">Susanna</HIS:hisRef> i Vexel lydende paa <emph>hendes</emph> Navn. Jeg rejser herfra den 29<hi rend="raised">de</hi> dennes og lægger naturligvis Vejen over <HIS:hisRef type="place" target="Navneregister_HISe.xml#plDre">Dresden</HIS:hisRef>, men kun for at blive der et Par Dage, da jeg allerede den 6<hi rend="raised">te</hi> Oktober maa indfinde mig i Paris for at <HIS:hisRef type="tcNote" xml:id="noteT12_585" target="B1844-1871ht_noter.xml" corresp="noteT12_585">afgaa</HIS:hisRef> over <HIS:hisRef type="place" target="Navneregister_HISe.xml#plMa">Marseille</HIS:hisRef> med <anchor type="lemma" xml:id="koB12_2172"/>de øvrige Gjæster, hvoriblandt 25 tydske Lærde og en Svensk, <HIS:hisRef type="person" target="Navneregister_HISe.xml#peOvK">Kapt O. v. Knorring</HIS:hisRef>, som beder at hilse <HIS:hisRef type="person" target="Navneregister_HISe.xml#peMT">
                                <anchor type="lemma" xml:id="koB12_2173"/>Deres Moder</HIS:hisRef>.</p>
<p>Vedlagt sender jeg Dem en Fuldmagt till <anchor type="lemma" xml:id="koB12_2174"/>Dagen efter 2<hi rend="raised">den</hi> Oppførelse af mit nye Lystspil at hæve mit Honorar, hvilket bedes indsatt i Banken till det øvrige. – <anchor type="lemma" xml:id="koB12_2175"/>Ogsaa i <HIS:hisRef type="org" target="Navneregister_HISe.xml#orgKT">Kbhvn</HIS:hisRef>, saavelsom <HIS:hisRef type="org" target="Navneregister_HISe.xml#orgKDTS">her</HIS:hisRef>, er Stykket antaget paa favorable Vilkaar.</p>
<p>Kjære Svoger! Bliv nu ikke altfor utaalmodig over de mange <anchor type="lemma" xml:id="koB12_2176"/>Kommissioner, men tillad mig nu som altid at tegne mig Deres hengivne</p>
<signed>Henrik Ibsen.</signed>
</div>
</body>
</text>