<?xml version="1.0" encoding="UTF-8"?><text xmlns="http://www.tei-c.org/ns/1.0" xmlns:HIS="http://www.example.org/ns/HIS" rend="letter" corresp="B18491015OS" xml:lang="da-no">
<front>
<pb n="[a]"/>
<HIS:envelope type="sheet">
<address>
<addrLine>N<hi rend="raised">o</hi> 1/</addrLine>
<addrLine>Til</addrLine>
<addrLine>Herr Stud: jur: O. Schulerud</addrLine>
<addrLine>Addr: Fru Budde</addrLine>
<addrLine>Kirkebakken, N<hi rend="raised">o</hi> 5.</addrLine>
<addrLine>Christiania</addrLine>
</address>
<stamp>Betalt</stamp>
</HIS:envelope>
</front>
<body>
<div type="letter">
<dateline>
                            <pb n="[1]"/>Grimstad den <date>15<hi rend="raised">de</hi> October 1849</date>.</dateline>
<salute>Min kjære Ven!</salute>
<p>Dit sidste Brev har i dobbelt Henseende glædet mig, – saavel fordi jeg deraf kan love mig en hastig Afgjørelse af <anchor type="lemma" xml:id="koB12_24"/>vort Forehavende, som især fordi du deri viser dig som en sand Ven, ved at betragte <HIS:hisRef type="tcNote" xml:id="noteT12_19" target="B1844-1871ht_noter.xml" corresp="noteT12_19">
                                <anchor type="lemma" xml:id="koB12_25"/>min</HIS:hisRef> Skrivelse som et Product, der skylder <anchor type="lemma" xml:id="koB12_26"/>Opbrusning og Overilelse sin Tilbliven. Denne skaanende Opfatningsmaade lader mig <HIS:hisRef type="tcNote" xml:id="noteT12_20" target="B1844-1871ht_noter.xml" corresp="noteT12_20">haabe</HIS:hisRef>, at du har sat dig ind i min Stilling og forestillet dig det Synspunct hvorfra jeg har betragtet Sagen. Jeg haaber at du har tænkt dig den <pb n="[2]"/>skuffede Forventning hvormed jeg har imødeseet hver Postdag og at denne har sat mig i en høist ubehagelig Stemning, da jeg som Fraværende, jo ikke kunde tænke mig Aarsagen og denne Uvished desuden nødvendigviis maatte fremkalde tusinde Tvivl, hvilke alle vare saameget desto piinligere, da jeg i mit Indre ikke kunde erkjende een af dem som grundet –.</p>
<p>Dit Brev har hævet Alt hvad der maatte forekomme mig tvivlsomt ved <anchor type="lemma" xml:id="koB12_27"/>din Fremgangsmaade og jeg vilde kun slet fortjene dit Venskab, dersom jeg ikke med største Beredvillighed tilbagekaldte Alt hvad der i min Skrivelse kunde hentyde paa fornærmelige Tvivl om dine Hensigters Redelighed. Jeg beder dig derfor fremdeles at oversee det Hele som Noget der ingen Indflydelse har paa vort venskabelige Forhold for Fremtiden <pb n="[3]"/>og forventer Forsikkring herom i dit næste Brev. – Jeg har idag ikke Tid til at skrive mere, – fra <HIS:hisRef type="person" target="Navneregister_HISe.xml#peCLD">Due</HIS:hisRef> skal jeg takke for Guitaren, han venter den med Længsel. <anchor type="lemma" xml:id="koB12_28"/>Buxetøiet takker jeg ligeledes meget for, – jeg havde ikke tænkt vidre derpaa, og <HIS:hisRef type="tcNote" xml:id="noteT12_21" target="B1844-1871ht_noter.xml" corresp="noteT12_21">troede</HIS:hisRef> at det ligeledes var gaaet dig af Glemme, imidlertid er det meget kjærkommet da jeg fortiden nødes til at spare saameget <unclear reason="damage">som</unclear> muligt. – Af <anchor type="lemma" xml:id="koB12_29"/>Olaf Tr: er saagodtsom hele første Act <HIS:hisRef type="tcNote" xml:id="noteT12_22" target="B1844-1871ht_noter.xml" corresp="noteT12_22">færdig,</HIS:hisRef> jeg troer det <HIS:hisRef type="tcNote" xml:id="noteT12_23" target="B1844-1871ht_noter.xml" corresp="noteT12_23">sk<supplied>al</supplied>
                            </HIS:hisRef> blive ret heldigt – og haaber at dette Stykke vil skaffe os færre Ubehageligheder end <HIS:hisRef type="work" target="Navneregister_HISe.xml#woC1">
                                <anchor type="lemma" xml:id="koB12_30"/>C.</HIS:hisRef> Lev vel,</p>
<salute>Din hengivne Ven</salute>
<signed>Henr. Ibsen</signed>
</div>
<div type="postscript">
<p>P. S. Gjør mig den Tjeneste at offre mit sidste Brev til <anchor type="lemma" xml:id="koB12_31"/>Luerne, jeg ærgrer mig over at vide det i dine Hænder!</p>
</div>
</body>
</text>