<?xml version="1.0" encoding="UTF-8"?><text xmlns="http://www.tei-c.org/ns/1.0" xmlns:HIS="http://www.example.org/ns/HIS" rend="letter" corresp="B18710114LK" xml:lang="da-no">
                <body>
<div type="letter">
<dateline>
                            <pb n="[1]"/>Dresden, <date>14<hi rend="raised">de</hi> Januar 1871</date>. –</dateline>
<salute>Frøken Laura Petersen!</salute>
<p>Deres brev af 6<hi rend="raised">te</hi> dennes indløb først idag; som svar sender jeg <anchor type="lemma" xml:id="koB12_2903"/>den forlangte erklæring. Den er kort, men der behøves ikke lange historier. Hvor meget har De tænkt at søge om? Hvis De overhovedet får noget, så tvivler jeg på at det bliver over 100 Spd. De er naturligvis upraktisk i slige ting. Hør nu hvad De skal gøre. Ønsker De at få 100 Sp, så skal De søge om 150. Der er mange ansøgere; ingen får det fulde ansøgte beløb. Husk nu på dette!</p>
<p>Jeg har egentlig to breve fra Dem at besvare, men har aldeles ingen tid, da jeg sidder midt i ordningen af <HIS:hisRef type="work" target="Navneregister_HISe.xml#woDi">mine spredte digte</HIS:hisRef>, der skal udgives. Det er mig imidlertid altid kært at høre fra Dem, og jo længere breve des bedre.</p>
<p>
                            <anchor type="lemma" xml:id="koB12_2904"/>Hils den Limnellske familje! Har fru Limnell fåt min vidtløftige <anchor type="lemma" xml:id="koB12_2905"/>skrivelse, der afgik herfra julaften?</p>
<p>Deres ansøgning må indeholde en <pb n="[2]"/>kortfattet rejseplan med angivelse af rejsens omtrentlige varighed. For øvrigt ingen vidtløftigheder, alt kort og klart. Ansøgningstiden er forøvrigt ikke, som De skriver, ude om 3 uger; den udløber først med udgangen af Februar.</p>
<p>Gid det så må gå efter ønske! – Dette sidder jeg her og skriver ved midnatstider.</p>
<salute>venskabeligst Deres</salute>
<signed>Henrik Ibsen.</signed>
</div>
</body>
</text>