<?xml version="1.0" encoding="UTF-8"?><text xmlns="http://www.tei-c.org/ns/1.0" xmlns:HIS="http://www.example.org/ns/HIS" rend="letter" corresp="B18731208FH" xml:lang="da-no">
<body>
<div type="letter">
<dateline>
                            <pb n="[1]"/>Dresden den <date>8<hi rend="raised">de</hi> December 1873</date>. –</dateline>
<salute>Kære herr Hegel!</salute>
<p>Forbindtligst tak for de idag modtagne 75 Thaler! Med det omskrevne lotteri havde jeg ment <anchor type="lemma" xml:id="koB13_1292"/>«Håndværkerforeningens industrilotteri»; men ved nu nærmere at gennemlæse vedkommende avertissement finder jeg ikke at sagen stiller sig så fordelagtigt, som jeg fra først af tænkte mig og jeg ønsker derfor ikke at indlade mig videre derpå.</p>
<p>Den smukke <anchor type="lemma" xml:id="koB13_1293"/>nye udgave af <HIS:hisRef type="work" target="Navneregister_HISe.xml#woHH">«Hærmændene»</HIS:hisRef> havde jeg igår den fornøjelse at modtage. Gid den nu må finde <anchor type="lemma" xml:id="koB13_1294"/>rask afsætning! Jeg antager at dette stykke er sågodtsom ubekendt i <HIS:hisRef type="place" target="Navneregister_HISe.xml#plDk">Danmark</HIS:hisRef> og <HIS:hisRef type="place" target="Navneregister_HISe.xml#plSE">Sverig</HIS:hisRef>. <anchor type="lemma" xml:id="koB13_1295"/>Deres gode råd at indlevere både dette skuespil og <HIS:hisRef type="work" target="Navneregister_HISe.xml#woKK">«Kærlighedens komedie»</HIS:hisRef> til <HIS:hisRef type="org" target="Navneregister_HISe.xml#orgKT">det kgl: theater</HIS:hisRef>, vil jeg følge, og tager mig allerede imorgen den frihed at sende Dem en skrivelse til <HIS:hisRef type="person" target="Navneregister_HISe.xml#peGBe">justitsråd Berner</HIS:hisRef>, håbende at De med sædvanlig velvilje da vil lade besørge det forøvrigt fornødne. Særdeles kært er det mig at De har havt den godhed at sende et <anchor type="lemma" xml:id="koB13_1296"/>exemplar af <pb n="[2]"/>«Hærmændene» til <HIS:hisRef type="person" target="Navneregister_HISe.xml#peJLH">fru Heiberg</HIS:hisRef>.</p>
<p>Benyttende mig af <anchor type="lemma" xml:id="koB13_1297"/>Deres godhedsfulde tilbud vilde jeg være Dem særdeles taknemmelig dersom De for min regning vilde lade indkøbe sv: 5 % St: Obl: til et beløb af 1200 Thaler pr: – <anchor type="lemma" xml:id="koB13_1298"/>Mit regnskab hos Dem kommer da rigtignok til ved årsopgøret at udvise en slem underballance på min side men jeg håber at et <anchor type="lemma" xml:id="koB13_1299"/>nyt arbejde eller nye oplag af et eller andet i det kommende år igen skal bringe ligevægt i sagerne.</p>
<p>Først og fremst vil jeg nu håbe at <anchor type="lemma" xml:id="koB13_1300"/>juleforsyningen må komme til at gøre et mægtigt skår i det nye oplag af <HIS:hisRef type="work" target="Navneregister_HISe.xml#woKG">«Kejser og Galilæer»</HIS:hisRef>. Jeg ved jo ikke bestemt hvor meget andet nyt denne bog får at konkurrere med til julen; men jeg håber alligevel det bedste.</p>
<p>Med venlige hilsener til Dem og <HIS:hisRef type="person" target="Navneregister_HISe.xml#peJH">Deres søn</HIS:hisRef>
                        </p>
<salute>Deres hjertelig hengivne</salute>
<signed>Henrik Ibsen.</signed>
</div>
</body>
</text>