<?xml version="1.0" encoding="UTF-8"?><text xmlns="http://www.tei-c.org/ns/1.0" xmlns:HIS="http://www.example.org/ns/HIS" rend="letter" corresp="B18570428PBH" xml:lang="da-no">
                <front>
<pb n="[a]"/>
<HIS:envelope type="sheet">
<note resp="author" place="inline">Magtpaaliggende.</note>
<address>
<addrLine>S.T.</addrLine>
<addrLine>Hr: stud: philologiæ Paul Botten-Hansen</addrLine>
<addrLine>Kjøb<hi rend="raised">mand</hi> Haslunds Gaard,</addrLine>
<addrLine>Hjørnet af Raadhuusgaden og Kongensgade.</addrLine>
<addrLine>Christiania.</addrLine>
</address>
<stamp>Betalt</stamp>
</HIS:envelope>
</front>
<body>
<div type="letter">
<dateline>
                            <pb n="[1]"/>Bergen, <date>28<hi rend="raised">de</hi> April 1857</date>. –</dateline>
<salute>Kjære Ven!</salute>
<p>Idag kun nogle faa Linier eftersom Posttiden er <anchor type="lemma" xml:id="koB12_361"/>forhaanden. Kald min Opsats hvis Du saa synes: <HIS:hisRef type="work" target="Navneregister_HISe.xml#woOmKj">«<emph>Om Kjæmpevisen og dens Betydning for Kunstpoesien</emph>»</HIS:hisRef>. Nogen Titel, der nærmere betegner Indholdet, kan jeg ikke i Hast finde paa; <anchor type="lemma" xml:id="koB12_362"/>«Lidt om» o. s. v er forresten ikke saa galt; thi jeg kunde havt Stof til en tigange saa lang Afhandling om denne Gjenstand; men siden Udtrykket er <HIS:hisRef type="person" target="Navneregister_HISe.xml#peOVi">«Ole-Vigsk»</HIS:hisRef> – saa væk med det!</p>
<p>Dit Forslag at optage <HIS:hisRef type="work" target="Navneregister_HISe.xml#woF1">
                                <anchor type="lemma" xml:id="koB12_363"/>«Fru Inger»</HIS:hisRef> i Nyhedsbladet og derhos trykke den særskilt, finder jeg ganske prægtigt. I to Nummere vil Stykket imidlertid sikkert ikke kunne rummes; det bedste var vist <anchor type="lemma" xml:id="koB12_364"/>i <emph>hvert Nummer at optage <emph>een</emph> Akt</emph>. Jeg stoler paa at det særskilte Aftryk bliver smukt og smagfuldt, og bemyndiger Dig herved til i alle <pb n="[2]"/>Dele at disponere over Stykket som over Din egen Eiendom og navnlig til at modtage det <anchor type="lemma" xml:id="koB12_365"/>i sin Tid <HIS:hisRef type="person" target="Navneregister_HISe.xml#peCT">Hr Tønsberg</HIS:hisRef> tilstillede Manuscript, i hvilken Anledning indlagte Skrivelse medfølger.</p>
<p>
                            <HIS:hisRef type="work" target="Navneregister_HISe.xml#woOL1">
                                <anchor type="lemma" xml:id="koB12_366"/>«Olaf Liljekrans»</HIS:hisRef> vil jeg gjerne see offentliggjort paa samme Maade saasnart det har været opført paa <HIS:hisRef type="org" target="Navneregister_HISe.xml#orgChrTh">Christiania Theater</HIS:hisRef>; men fra <HIS:hisRef type="person" target="Navneregister_HISe.xml#peCPB">Borgaard</HIS:hisRef> har jeg endnu ikke hørt et Ord om den Sag. Jeg har en stærk Lyst til at begynde en Polemik med ham angaaende hans Vægring ved at opføre «Fru Inger» i dens nuværende Form: – Ifølge <anchor type="lemma" xml:id="koB12_367"/>hans egne Breve finder han at Stykket er «poetisk, fuldt af gode Charakteerskildringer og stærke dramatiske Momenter» – men desuagtet – – nu ja, hans Bevæggrunde vil Du selv kunne forstaa naar Du læser Stykket.</p>
<p>Angaaende Honorar o. s. v beder jeg Dig at ordne Alt efter eget Tykke, hvad Du i saa Henseende <HIS:hisRef type="tcNote" xml:id="noteT12_122" target="B1844-1871ht_noter.xml" corresp="noteT12_122">bestemmer</HIS:hisRef> vil jeg være tilfreds med. Endnu Et: I «Fru Inger» har jeg paa et Par Steder kaldt Fruens salig Mand «Rigshovmester Henrik Gyldenløve» uagtet han, som jeg senere er bleven opmærksom paa hed <HIS:hisRef type="person" target="Navneregister_HISe.xml#peNHG">«Niels Henriksen Gyldenløve»</HIS:hisRef> – men da der blandt Personerne findes to <HIS:hisRef type="tcNote" xml:id="noteT12_123" target="B1844-1871ht_noter.xml" corresp="noteT12_123">Niels’er</HIS:hisRef> <pb n="[3]"/>foruden ham, saa beder jeg Dig at kalde <HIS:hisRef type="tcNote" xml:id="noteT12_124" target="B1844-1871ht_noter.xml" corresp="noteT12_124">ham</HIS:hisRef> blot «Rigshovmester Gyldenløve» (uden Fornavn). Dersom Du i nogle Ord vilde sige mig Din Mening om Stykket saasnart Du har læst det, skulde det glæde mig særdeles. – Træffer Du <HIS:hisRef type="person" target="Navneregister_HISe.xml#peOS">O: Schulrud</HIS:hisRef> saa hils ham fra mig; <HIS:hisRef type="person" target="Navneregister_HISe.xml#peTAb">Abildgaard</HIS:hisRef> – ja hvorledes gaaer det egentlig med ham? Tænker Du ikke paa at gjøre en Tour henover paa disse <HIS:hisRef type="tcNote" xml:id="noteT12_125" target="B1844-1871ht_noter.xml" corresp="noteT12_125">Kanter?</HIS:hisRef> <HIS:hisRef type="tcNote" xml:id="noteT12_126" target="B1844-1871ht_noter.xml" corresp="noteT12_126">Du</HIS:hisRef> kan tro det vilde være en lønnende Reise; en herlig Natur – Alting eiendommeligt. – Lev vel for dennegang; jeg er rolig for at Du ordner mine Sager paa det Bedste.</p>
<salute>venskabeligst</salute>
<signed>Henr: Ibsen</signed>
</div>
<div type="postscript">
<p>Jeg har allerede <HIS:hisRef type="work" target="Navneregister_HISe.xml#woHH">
                                <anchor type="lemma" xml:id="koB12_368"/>et nyt dramatisk Arbeide</HIS:hisRef> mellem <HIS:hisRef type="tcNote" xml:id="noteT12_127" target="B1844-1871ht_noter.xml" corresp="noteT12_127">Hæn<supplied>dern</supplied>e</HIS:hisRef>; det vil i Indhold og Tone blive temmelig forskjelligt fra mine tidligere.</p>
<signed>H. I.</signed>
</div>
</body>
</text>