<?xml version="1.0" encoding="UTF-8"?><text xmlns="http://www.tei-c.org/ns/1.0" xmlns:HIS="http://www.example.org/ns/HIS" rend="letter" corresp="B18710513JHT" xml:lang="da-no">
<body>
<div type="letter">
<dateline>
                            <pb n="[1]"/>Dresden den <date>13<hi rend="raised">de</hi> Maj 1871</date>.</dateline>
<salute>Kære svoger!</salute>
<p>Jeg har nu hele to breve fra Dem at besvare på engang, og en hel del ting at takke for. Først vekselen for <anchor type="lemma" xml:id="koB12_3233"/>min gage i Januar–Marts dette år; dernæst kassen med myseostene, der fremkom i god behold og befandtes at være af den allerfortræffeligste kvalitet, – i hvilken anledning vi også er <HIS:hisRef type="person" target="Navneregister_HISe.xml#pePeSi">herr <anchor type="lemma" xml:id="koB12_3234"/>Simonsen</HIS:hisRef> særdeles forbundne; og endelig den for nogle dage siden modtagne <anchor type="lemma" xml:id="koB12_3235"/>kommandør-stjerne med diplom. <anchor type="lemma" xml:id="koB12_3236"/>
                            <HIS:hisRef type="person" target="Navneregister_HISe.xml#peIsP">Khediven</HIS:hisRef> er en splendid og generøs mand i alle måder, det må man indrømme; jeg antager nemlig at han i <HIS:hisRef type="place" target="Navneregister_HISe.xml#plIst">Konstantinopel</HIS:hisRef> må betale ordens-dekorationerne og kun erholder diplomerne gratis. –</p>
<p>I Deres næstsidste brev oplyser De mig om noget, som det <pb n="[2]"/>både var mig kært og ukært at komme til kundskab om. Jeg sigter herved til <anchor type="lemma" xml:id="koB12_3237"/>
                            <HIS:hisRef type="person" target="Navneregister_HISe.xml#peMTh">Maries</HIS:hisRef> plan at blive almueskole-lærerinde, en plan, hvorom jeg indtil da var bleven holdt i uvidenhed. Denne plan må jeg fuldstændigt misbillige. Hvad Marie væsentlig har lært hernede er Engelsk og Tysk; men disse fag vil ikke gavne hende i en sådan stilling. Det vigtigste har hun ikke lært, nemlig selve undervisnings-kunsten. Hvorledes skal hun i timevis kunne holde foredrag over <anchor type="lemma" xml:id="koB12_3238"/>de forskellige læregenstande? Og hvorledes vilde hun kunde udholde den rent fysiske anstrængelse derved? I <HIS:hisRef type="place" target="Navneregister_HISe.xml#plSE">Sverig</HIS:hisRef>, hvor jeg havde anledning til at studere disse ting temmelig nøje, erfarede jeg at mangfoldige lærerinder slides op på nogle få år, skønt man der i almindelighed vælger <anchor type="lemma" xml:id="koB12_3239"/>lærerinder af middelstanden med en langt kraftigere konstitution end Maries. <pb n="[3]"/>Hertil kommer at <anchor type="lemma" xml:id="koB12_3240"/>lønnen er uanstændigt knap; hun vil ikke kunne leve deraf, og i al fald vil der ikke være tale om at lægge noget op. Er det så ikke meget bedre at hun bliver hos os? Når vi flytter til <HIS:hisRef type="place" target="Navneregister_HISe.xml#plN">Norge</HIS:hisRef>, kan hun da måske få nogle <anchor type="lemma" xml:id="koB12_3241"/>timeinformationer i <HIS:hisRef type="place" target="Navneregister_HISe.xml#plKri">Kristiania</HIS:hisRef>, og når hun ikke har kost og logis at sørge for, behøver hun ikke at overanstrænge sig. At vi overordentlig nødigt vil miste hende, er en selvfølge; men jeg kan forsikre, at det først og fremst er af hensyn til hendes eget bedste at jeg betragter sagen på denne måde. Tilbød der sig en virkelig fordelagtig og passende stilling for hende, vilde jeg visselig ikke sætte mig derimod. Jeg håber De ikke er ganske uenig med mig i ovenstående; under alle omstændigheder takker jeg Dem fordi De har ladet mig få nys om sagen. Til hende selv har jeg hidtil af flere grunde kun udtalt mig med varsomhed.</p>
<p>
                            <pb n="[4]"/>Det glædede mig meget, i Deres sidste brev at læse Deres udtalelser om visse af vore <anchor type="lemma" xml:id="koB12_3242"/>poeters ansvar lige over for den nu grasserende bonde-forgudelse deroppe. Vi samstemmer fuldkommen i det punkt. Men når talen er om den beklagelige politiske tilstand i Norge, da må jeg sige <HIS:hisRef type="tcNote" xml:id="noteT12_751" target="B1844-1871ht_noter.xml" corresp="noteT12_751">at jeg</HIS:hisRef> væsentligt ser årsagen dertil i en over alle måder <anchor type="lemma" xml:id="koB12_3243"/>svag og viljeløs regering, en regering, der aldrig vover at sætte en bestemt modstand mod overgrebene, en regering, der ligesom synes at bede om forladelse, fordi den er så dristig at være til. Vil virkelig ikke unionsforslagets forkastelse fremkalde et ministerskifte?</p>
<p>Særdeles behageligt har det været os at erfare det held, <anchor type="lemma" xml:id="koB12_3244"/>
                            <HIS:hisRef type="person" target="Navneregister_HISe.xml#peTK">Thomas</HIS:hisRef> har havt med sit stykke. Jeg vil håbe at han som forfatter har fundet sin rette hylde. At <HIS:hisRef type="person" target="Navneregister_HISe.xml#peMWB">hr: <anchor type="lemma" xml:id="koB12_3245"/>M: Bruun</HIS:hisRef> må fjernes fra theatrets øverste artistiske ledelse, men vedblive som arrangør og regissør, forekommer mig mere og mere klart. Dog, herom en anden gang. – Hjertelig hilsen fra os alle.</p>
<salute>Deres hengivne</salute>
<signed>Henrik Ibsen.</signed>
</div>
</body>
</text>