<?xml version="1.0" encoding="UTF-8"?><text xmlns="http://www.tei-c.org/ns/1.0" xmlns:HIS="http://www.example.org/ns/HIS" rend="letter" corresp="B18710227CCH" xml:lang="da-no">
<front>
<pb n="[a]"/>
<HIS:envelope type="envelope">
<address>
<addrLine>Hs: Excellence</addrLine>
<addrLine>Minister for Kirke- og Undervisningsvæsenet,</addrLine>
<addrLine>Geheimeråd C: Hall,</addrLine>
<addrLine>Storkors af Dannebrog, p.p. –</addrLine>
<addrLine>Kopenhagen.</addrLine>
</address>
<stamp>fr:</stamp>
</HIS:envelope>
</front>
<body>
<div type="letter">
<salute>Deres <anchor type="lemma" xml:id="koB12_3054"/>excellence!</salute>
<p>Det er en kær skyldighed, jeg idag efterkommer, idet jeg udbeder mig tilladelse til at måtte frembære min ærbødigste taksigelse for min udnævnelse til <anchor type="lemma" xml:id="koB12_3055"/>ridder af Dannebrog, der er bleven bevirket ved Deres excellences afgørende initiativ.</p>
<p>Det mig tildelte ærestegn har jeg modtaget med stor glæde, og med stolthed over at Deres excellence har fundet mig værdig til en indstilling. Der ligger i denne min følelse noget andet og mere end den blotte menneskelige forfængelighed. I <HIS:hisRef type="place" target="Navneregister_HISe.xml#plIt">Italien</HIS:hisRef> har jeg opholdt mig længe nok til at optage i mig en vis fordring til skønhed i livsvilkårene, en fordring, som på mit nuværende opholdssted kun yderst tarveligt tilfredsstilles, og dette vil forklare at jeg begærligt griber efter det, der bærer en betydning og et skær af poesi i sig. Det føles som en støtte for en selv, helst her ude i ensomheden. Hører man nu til <HIS:hisRef type="place" target="Navneregister_HISe.xml#plN">det norske <anchor type="lemma" xml:id="koB12_3056"/>statssamfund</HIS:hisRef>, så vil en sådan følelse i særlig grad gøre sig gældende. Vort folk danner en undtagelse; det er væsentligt et <anchor type="lemma" xml:id="koB12_3057"/>almuesamfund med sparsomt <anchor type="lemma" xml:id="koB12_3058"/>indsprængte <anchor type="lemma" xml:id="koB12_3059"/>civiliserede bestanddele. Den skønhed, som vort nationale liv i sin oprindelighed indeholdt, nedbrydes af en flad og <anchor type="lemma" xml:id="koB12_3060"/>idéløs politiseren, og hvis man ikke kan gå med på den nivellering af alt og alle, som nu finder sted hos os, så vender man sig med en vis energi derimod og værger sig, som man kan.</p>
<p>Også i en ydre henseende vil jeg komme til at blive Deres excellence takskyldig. For ikke ret længe siden, på en af mig <anchor type="lemma" xml:id="koB12_3061"/>literært given foranledning, blev der af et for øjeblikket indflydelsesrigt parti hos os ytret, at min statsgage, eller i al fald de rejsestipendier, hvormed jeg af vor regering hidindtil temmelig rigeligt er bleven betænkt, burde fratages mig. Nu er imidlertid heldigvis <HIS:hisRef type="place" target="Navneregister_HISe.xml#plDk">Danmarks</HIS:hisRef> overlegenhed på visse områder en af de få ting, som endnu imponerer og nyder autoritet hos os; og at man nu, efter den udmærkelse, Deres excellence har værdiget at lade mig blive til del, skulde tænke på at foretage noget skridt i den antydede retning, anser jeg for en umulighed. Men sker det ikke nu, så vil det forhåbentlig end mindre ske under en rimeligvis snart tilbagevendende større besindighed. –</p>
<p>Det var den danske læseverdens velvilje, som fra først af hjalp mig til at vinde sejr i mit eget fædreland; det var gennem forbindelsen med <anchor type="lemma" xml:id="koB12_3062"/>
                            <HIS:hisRef type="person" target="Navneregister_HISe.xml#peFH">en dansk forlægger</HIS:hisRef> at jeg sattes i stand til bekymringsløst at leve for mit kald; det var fra <HIS:hisRef type="org" target="Navneregister_HISe.xml#orgKT">
                                <anchor type="lemma" xml:id="koB12_3063"/>den danske scene</HIS:hisRef> at mine dramatiske arbejder først opnåede en virkelig kunstnerisk fortolkning. Den mig tildelte æresbevisning skal end yderligere påminde mig herom, og i levende bevidsthed om en så mangesidig <anchor type="lemma" xml:id="koB12_3064"/>erkendtlighedsgæld beder jeg at måtte tegne mig som Deres excellences</p>
<salute>ærbødige og stedse taknemmelige</salute>
<signed>Henrik Ibsen.</signed>
<dateline>Dresden den <date>27<hi rend="raised">de</hi> Februar 1871</date>. –</dateline>
</div>
</body>
</text>