<?xml version="1.0" encoding="UTF-8"?><text xmlns="http://www.tei-c.org/ns/1.0" xmlns:HIS="http://www.example.org/ns/HIS" rend="letter" corresp="B18701225JHT" xml:lang="da-no">
<body>
<div type="letter">
<dateline>
                            <pb n="[1]"/>Dresden, <date>25<hi rend="raised">de</hi> December 1870</date>. –</dateline>
<salute>Kjære svoger!</salute>
<p>Overensstemmende med Deres ønske skynder jeg mig at besvare Deres venskabelige skrivelse af 17<hi rend="raised">de</hi> dennes, hvilken først indløb hertil igår middag.</p>
<p>
                            <anchor type="lemma" xml:id="koB12_2861"/>
                            <HIS:hisRef type="work" target="Navneregister_HISe.xml#woPG">«Peer Gynt»</HIS:hisRef> er for tiden under bearbejdelse af en <anchor type="lemma" xml:id="koB12_2862"/>dansk æsthetiker, der har erholdt min tilladelse til at indrette stykket til brug for skuepladsen. – Hvis imidlertid <anchor type="lemma" xml:id="koB12_2863"/>det norske theater ønsker at opføre det efter et originalt og selvstændigt scenearrangement, så har jeg intet herimod at indvende.</p>
<p>Som <anchor type="lemma" xml:id="koB12_2864"/>honorar ønsker jeg bruttoindtægten af 1<hi rend="raised">ste</hi> forestilling, der bliver at give på en af theatrets ordinære spilledage, og således at theatrets styrelse <pb n="[2]"/>i bindende form tilsikkrer mig et minimums-beløb af 150 Sp<hi rend="raised">dlr</hi>. <HIS:hisRef type="person" target="Navneregister_HISe.xml#peBB">Herr Bjørnson</HIS:hisRef> selv, som dramatisk digter, vil finde mine fordringer <anchor type="lemma" xml:id="koB12_2865"/>billige, og jeg holder principmæssigt fast derpå for at betage vore skuespillere den gængse idé at forfatterne kan afspises med en bagatel. –</p>
<p>Da jeg intet har på samvittigheden ligeoverfor <anchor type="lemma" xml:id="koB12_2866"/>herr Bjørnson, så vilde jeg heller ikke kunne have noget imod at forhandle direkte med ham; men da De så velvilligt og på en så fortræffelig måde tager Dem af mine øvrige anliggender, så ønsker jeg naturligvis helst at De også i denne sag vil være min stedfortræder.</p>
<p>Hvad <anchor type="lemma" xml:id="koB12_2867"/>mit nye dramatiske arbejde angår, så kan jeg endnu intet tilsagn give. Det er en selvfølge at jeg indleverer stykket til det theater, hvis kræfter garanterer den bedste udførelse. <anchor type="lemma" xml:id="koB12_2868"/>Experimentet med «Peer Gynt» <pb n="[3]"/>vil måské i så henseende kunne afgive den fornødne målestok.</p>
<p>Foranstående ønskes i sin helhed meddelt rette vedkommende. –</p>
<p>Jeg takker Dem om De for min regning vil <anchor type="lemma" xml:id="koB12_2869"/>udbetale <HIS:hisRef type="person" target="Navneregister_HISe.xml#peHJN">herr Nandrup</HIS:hisRef> 50 Spdlr:</p>
<p>Til <anchor type="lemma" xml:id="koB12_2870"/>Deres eventuelle udnævnelse til bureauchef gratulerer vi alle af ganske hjerte. Vi har naturligvis ansét det for en selvfølge at så vilde ske. Jeg har i disse dage skrevet et længere digt, et såkaldt <anchor type="lemma" xml:id="koB12_2871"/>
                            <HIS:hisRef type="work" target="Navneregister_HISe.xml#woBall">«Ballonbrev»</HIS:hisRef> til en <HIS:hisRef type="person" target="Navneregister_HISe.xml#peFL">svensk dame</HIS:hisRef>, hvilket snarest muligt kommer i Morgenbladet.</p>
<p>Her er i denne tid bidende koldt; men i vort smukke og lune hjem havde vi igår en hyggelig julaften. Vi befinder os alle vel, og ønsker Dem et godt og glædeligt nytår i alle måder.</p>
<salute>Deres hengivne</salute>
<signed>Henrik Ibsen.</signed>
</div>
</body>
</text>