<?xml version="1.0" encoding="UTF-8"?><text xmlns="http://www.tei-c.org/ns/1.0" xmlns:HIS="http://www.example.org/ns/HIS" rend="letter" corresp="B18710122KB" xml:lang="da-no">
                <front>
<pb n="[a]"/>
<HIS:envelope type="envelope">
<address>
<addrLine>An den</addrLine>
<addrLine>Herrn Cand: pharm: K: Bomhoff.</addrLine>
<addrLine>Adr: Herrn Apotheker Bruun</addrLine>
<addrLine>Drontheim.</addrLine>
<addrLine>(Norwegen).</addrLine>
</address>
<stamp>fr:</stamp>
</HIS:envelope>
</front>
<body>
<div type="letter">
<dateline>
                            <pb n="[1]"/>Dresden, <date>22<hi rend="raised">de</hi> Januar 1871</date>. –</dateline>
<salute>Kære herr Bomhoff!</salute>
<p>Efterat jeg nu i lang tid forgæves i «Morgenbladet» har spejdet efter <anchor type="lemma" xml:id="koB12_2925"/>oprettelsen af den mellem os ofte omtalte fabrik, erfarer jeg nu ad privat vej at De foreløbig har indladt Dem på en anden affære, hvoraf jeg både ønsker og håber alt godt for Deres fremtid. Med andre ord, jeg hører at <anchor type="lemma" xml:id="koB12_2926"/>De er bleven forlovet. Modtag derfor vor hjerteligste lykønskning og forsikkringen om vor oprigtigste deltagelse i denne glædelige begivenhed! –</p>
<p>Dernæst takker jeg Dem venligst for det brev jeg havde den fornøjelse at modtage efter <anchor type="lemma" xml:id="koB12_2927"/>Deres afrejse herfra. Jeg skulde jo for længe siden efter pligt og skyldighed have svaret Dem, men, desværre, som De ser er det til dato blevet ved det gode forsæt. Dog, jeg ved nok, De tager ikke sligt så nøje.</p>
<p>Hvis De ikke har havt brev fra <anchor type="lemma" xml:id="koB12_2928"/>
                            <HIS:hisRef type="person" target="Navneregister_HISe.xml#peSor">herr Sørensen</HIS:hisRef>, så kan jeg fortælle Dem <pb n="[2]"/>at han i December afrejste til <HIS:hisRef type="place" target="Navneregister_HISe.xml#plNewOr">New-Orleans</HIS:hisRef>, hvor han på ny havde fåt en fordelagtig ansættelse med fri rejse, o. s. v. – <HIS:hisRef type="person" target="Navneregister_HISe.xml#peFLG">Herr Gehe</HIS:hisRef> holdt en smuk afskedstale til ham, hvori han udtrykte sin særdeles tilfredshed med at blive alle oprørske hoveder kvit. Bemeldte herr Gehe har forøvrigt siden <anchor type="lemma" xml:id="koB12_2929"/>slaget ved <HIS:hisRef type="place" target="Navneregister_HISe.xml#plSed">Sedan</HIS:hisRef> havt sin gårdsplads liggende fuld af de mest storartede apparater til en <anchor type="lemma" xml:id="koB12_2930"/>arkitektonisk illumination, der skal finde sted når <HIS:hisRef type="place" target="Navneregister_HISe.xml#plPa">Paris</HIS:hisRef> har overgivet sig. – Andet <HIS:hisRef type="tcNote" xml:id="noteT12_716" target="B1844-1871ht_noter.xml" corresp="noteT12_716">nyt</HIS:hisRef> herfra ved jeg ikke at fortælle Dem. Byen er fuld af franske fanger. Nogen begejstring for krigen er der ikke at spore blandt den store mængde. Tvertimod lider alle næringsdrivende forfærdeligt under de politiske forholde. Hertil er siden nytår kommet en fuldstændig kulmangel, som har bevirket standsning <HIS:hisRef type="tcNote" xml:id="noteT12_717" target="B1844-1871ht_noter.xml" corresp="noteT12_717">af</HIS:hisRef> en hel mængde fabriker. Den store <anchor type="lemma" xml:id="koB12_2931"/>stentøjfabrik på Leipziger-Strasse standsede således i forrige uge.</p>
<p>Idet jeg nu endelig gør alvor af mit længe nærede forsæt at skrive Dem til, får jeg af <HIS:hisRef type="person" target="Navneregister_HISe.xml#peSuI">min kone</HIS:hisRef> en anmodning om at trække en veksel på Deres venskab. Dresden er, som De ved, et <pb n="[3]"/>fiskeløst sted og <anchor type="lemma" xml:id="koB12_2932"/>vi striler lider stærkt under savnet af denne nationalret. <HIS:hisRef type="place" target="Navneregister_HISe.xml#plTrhm">Trondhjem</HIS:hisRef> er derimod hjemstedet for en ganske delikat fisk, der kaldes <anchor type="lemma" xml:id="koB12_2933"/>rødfisk, uver, uer, eller lignende. Nu er det vor forenede bøn til Dem: skulde De ikke velvilligen vilde sende os en kvart tønde deraf over <HIS:hisRef type="place" target="Navneregister_HISe.xml#plHam">Hamburg</HIS:hisRef> så snart lejlighed gives? Var det muligt, så ønskede jeg fisken, af bedste kvalitet, direkte expederet hertil og skal på opgivende af Deres havte udlæg gennem <anchor type="lemma" xml:id="koB12_2934"/>
                            <HIS:hisRef type="person" target="Navneregister_HISe.xml#peJHT">min svoger</HIS:hisRef> og forretningsfører i <HIS:hisRef type="place" target="Navneregister_HISe.xml#plKri">Kristiania</HIS:hisRef> tilbagebetale samme når og til hvem De måtte ønske det. – Kan jeg på nogen måde være Dem til gentjeneste her, skal det være mig meget kært.</p>
<p>For øvrigt er hos os alt ved det gamle. <anchor type="lemma" xml:id="koB12_2935"/>Mine damer og <HIS:hisRef type="person" target="Navneregister_HISe.xml#peSiI">Sigurd</HIS:hisRef> tilbragte feriemånederne ved <HIS:hisRef type="place" target="Navneregister_HISe.xml#plTep">Teplitz</HIS:hisRef>; jeg selv var i <HIS:hisRef type="place" target="Navneregister_HISe.xml#plKbh">København</HIS:hisRef>. For tiden er jeg sysselsat med at udgive <HIS:hisRef type="work" target="Navneregister_HISe.xml#woDi">et bind <anchor type="lemma" xml:id="koB12_2936"/>digte</HIS:hisRef>, der kommer om en måneds tid.</p>
<p>Tag nu ikke min anmodning ilde op; og vær fra os alle hjerteligst hilset gennem</p>
<salute>Deres venskabeligst forbundne</salute>
<signed>Henrik Ibsen.</signed>
</div>
<div type="postscript">
<p>Königsbrücker-Strasse, 33.</p>
</div>
</body>
</text>