<?xml version="1.0" encoding="UTF-8"?><text xmlns="http://www.tei-c.org/ns/1.0" xmlns:HIS="http://www.example.org/ns/HIS" rend="letter" corresp="B18640718JHT" xml:lang="da-no">
                <body>
<div type="letter">
<p>
                            <pb n="[1]"/>Herved bemyndiges Hr: Cand: jur: Herman Thoresen til paa mine Vegne at modtage og kvittere for Restbeløbet (to hundrede Sp<hi rend="raised">d</hi>) af det mig af den norske Regjering bevilgede Rejsestipendium.</p>
<dateline>Rom <date>den 18<hi rend="raised">de</hi> Juli 1864</date>.</dateline>
<signed>Henr: Ibsen</signed>
</div>
</body>
</text>