<?xml version="1.0" encoding="UTF-8"?><text xmlns="http://www.tei-c.org/ns/1.0" xmlns:HIS="http://www.example.org/ns/HIS" rend="letter" corresp="B18701102OvK" xml:lang="da-no">
<body>
<div type="letter">
<dateline>
                            <pb n="[1]"/>Dresden den <date>2<hi rend="raised">den</hi> November 1870</date>. –</dateline>
<salute>Min kære hædersven!</salute>
<p>Nu sidder jeg da i Dresden igen og har daglig alle <anchor type="lemma" xml:id="koB12_2668"/>krigens ulykkelige eftervirkninger for øje. Ingen kan forestille sig, hvad <HIS:hisRef type="place" target="Navneregister_HISe.xml#plD">Tyskland</HIS:hisRef> lider i denne tid. Al fabrikdrift er så godt som standset; al virksomhed ligger nede; alle mennesker går i sørgeklæder. Det er uhyggeligt <anchor type="lemma" xml:id="koB12_2669"/>alt ihob.</p>
<p>Så er det da ganske naturligt at min tanke gerne vender sig bort fra alt dette, og til hvem skulde den da nærmere vende sig, end til <anchor type="lemma" xml:id="koB12_2670"/>Dig, med hvem jeg har levet så ublandet glade dage når og hvor vi mødtes, i nord og syd!</p>
<p>Tak, hjertelig tak, også for <anchor type="lemma" xml:id="koB12_2671"/>samværet i <HIS:hisRef type="place" target="Navneregister_HISe.xml#plKbh">København</HIS:hisRef>! – Jeg håber at Du kom i god behold hjem til <HIS:hisRef type="place" target="Navneregister_HISe.xml#plSthlm">Stockholm</HIS:hisRef> og at Du fandt alt efter ønske der. Lad mig nu snart høre fra Dig; det vil være mig en stor glæde her i min ensomhed; thi under <pb n="[2]"/>disse forholde kan Du vel tænke at jeg er endnu mere ensom end ellers.</p>
<p>Hvorledes går det med <anchor type="lemma" xml:id="koB12_2672"/>dine literære arbejder? Fortæl mig omstændeligt herom; det interesserer mig i høj grad. Og hvorledes er nu forholdet til <anchor type="lemma" xml:id="koB12_2673"/>visse <anchor type="lemma" xml:id="koB12_2674"/>allerhøjeste personer? Det er vel nu altsammen godt igen. Jeg tænker ofte på disse ting, og beundrer dit ridderlige handlesætt; men jeg er også overtydet om, at nobel adfærd lønner sig bedst i længden.</p>
<p>Hvad mig angår, så er jeg endnu ikke kommen rigtig i gang med mine mange påtænkte planer; tidsforholdene lægger alt for meget beslag på min opmærksomhed. Og hvem ved, om ikke det samme er tilfældet også med Dig? Du står jo rigtignok mere fjernt fra skuepladsen; men så er Du jo til gengæld militær, og har så mange slags <anchor type="lemma" xml:id="koB12_2675"/>berøringspunkter med <HIS:hisRef type="place" target="Navneregister_HISe.xml#plFr">Frankrig</HIS:hisRef>.</p>
<p>Her i Dresden ligger flere tusen fanger. Officererne går frit omkring. Jeg spejder altid efter om jeg blandt dem ikke skulde kunne opdage nogen <pb n="[3]"/>af vore medrejsende fra <HIS:hisRef type="place" target="Navneregister_HISe.xml#plEg">Egypten</HIS:hisRef>; men endnu har jeg ikke truffet på nogen.</p>
<p>Hvor skal vi så næste gang sætte stævne? Bliver det her i Dresden? Højligt skulde det glæde mig om jeg kunde få anledning til at vise lidt gengæld for al din forekommenhed og alt dit venskab.</p>
<p>Dette skriver jeg i al hast; thi indleveringstiden er snart <anchor type="lemma" xml:id="koB12_2676"/>forbi. Jeg er viss på at der er en hel del, som jeg har forglemt at skrive om; men det får være til næste gang.</p>
<p>Da vi skiltes i København sagde Du så smukt at Du havde min adresse i hjertet. Lad mig nu snart i virkeligheden se at et brev fra Dig finder rette vejen hid.</p>
<p>Med mange ærbødige hilsener til din ærede familje tegner jeg mig</p>
<salute>Din stedse hengivne ven</salute>
<signed>Henrik Ibsen.</signed>
</div>
</body>
</text>