<?xml version="1.0" encoding="UTF-8"?><text xmlns="http://www.tei-c.org/ns/1.0" xmlns:HIS="http://www.example.org/ns/HIS" rend="letter" corresp="B18690617KB" xml:lang="da-no">
<body>
<div type="letter" subtype="visitingCard">
<salute>
                            <pb n="[1]"/>
                            <HIS:hisRef type="tcNote" xml:id="noteT12_759" target="B1844-1871ht_noter.xml" corresp="noteT12_759">Herr</HIS:hisRef> Kandidat Bomhoff!</salute>
<p>Hvis Deres Tid og <anchor type="lemma" xml:id="koB12_2078"/>Forrettninger <HIS:hisRef type="tcNote" xml:id="noteT12_764" target="B1844-1871ht_noter.xml" corresp="noteT12_764">tillader</HIS:hisRef> Dem det, saa gjør De os maaske den Fornøjelse at besøge os imorgen Aften?</p>
<dateline>Dresden <date>17/6. 69</date>.</dateline>
<salute>Deres</salute>
<signed>Henrik Ibsen.</signed>
</div>
</body>
</text>