<?xml version="1.0" encoding="UTF-8"?><text xmlns="http://www.tei-c.org/ns/1.0" xmlns:HIS="http://www.example.org/ns/HIS" rend="letter" corresp="B18741023PB" xml:lang="da-no">
<body>
<div type="letter">
<dateline>
                            <pb n="[1]"/>Dresden den <date>23<hi rend="raised">de</hi> Oktober 1874</date>. –</dateline>
<salute>Min kære ven!</salute>
<p>Blandt de mange, med hvilke jeg, på grund af min omflakken isommer, <anchor type="lemma" xml:id="koB13_1522"/>er kommen i agterhånden, hvad brevskrivning angår, har ingen i de <HIS:hisRef type="tcNote" xml:id="noteT13_234" target="B1871-1879ht_noter.xml" corresp="noteT13_234">sidste</HIS:hisRef> uger ligget mig så tidt på sinde, som <anchor type="lemma" xml:id="koB13_1523"/>Du.</p>
<p>Men lige til igår, da jeg modtog <anchor type="lemma" xml:id="koB13_1524"/>
                            <HIS:hisRef type="tcNote" xml:id="noteT13_234a" target="B1871-1879ht_noter.xml" corresp="noteT13_234a">dit</HIS:hisRef> venskabelige brev, har jeg siden min tilbagekomst hertil været <HIS:hisRef type="tcNote" xml:id="noteT13_234b" target="B1871-1879ht_noter.xml" corresp="noteT13_234b">beskæftiget</HIS:hisRef> med en <anchor type="lemma" xml:id="koB13_1525"/>gennemarbejdelse af <HIS:hisRef type="work" target="Navneregister_HISe.xml#woF2">«Fru Inger til Østråt»</HIS:hisRef>, der skal udkomme i næste måned, og hvorfor jeg har skudt alt andet tilside.</p>
<p>Hvis Du ikke, når Du modtager disse linjer, allerede på anden hånd har fået at vide, hvad min egentlige hensigt var med de gennem den <HIS:hisRef type="org" target="Navneregister_HISe.xml#orgGyl">Gyldendalske boghandel</HIS:hisRef> fremsendte penge, så lad mig nu sige det.</p>
<p>Tidligt isommer blev mig af en <anchor type="lemma" xml:id="koB13_1526"/>herværende inkassator præsenteret en <anchor type="lemma" xml:id="koB13_1527"/>veksel trukken på mig af <HIS:hisRef type="person" target="Navneregister_HISe.xml#peCEB">Chr: Busch</HIS:hisRef> og lydende på noget over 50 Spdlr: og sammen med denne veksel modtog jeg <anchor type="lemma" xml:id="koB13_1528"/>fra herr <pb n="[2]"/>Busch, <HIS:hisRef type="tcNote" xml:id="noteT13_235" target="B1871-1879ht_noter.xml" corresp="noteT13_235">et brev</HIS:hisRef> hvori han i et par linjer skriver at han forventer jeg «ikke længere vil udsætte med at indfri denne æresgæld». Gælden opgaves at være opstået, dels for indfrielse af <anchor type="lemma" xml:id="koB13_1529"/>hin gamle vekselobligation, og dels for <emph>renter</emph> af herr Buschs <emph>udlæg indtil dato</emph>. <anchor type="lemma" xml:id="koB13_1530"/>Opirret ved herr Buschs grove brev, svarede jeg inkassatorens bud at jeg i øjeblikket ikke vidste, hvor meget jeg var herr B: skyldig, at han aldrig havde krævet mig, og at jeg som følge heraf <anchor type="lemma" xml:id="koB13_1531"/>efter vor lovgivning ikke var forpligtet til at betale renter af beløbet; forøvrigt, tilføjede jeg, stod jeg netop i begreb med at afrejse til <HIS:hisRef type="place" target="Navneregister_HISe.xml#plN">Norge</HIS:hisRef>, hvor det var min agt også at gæste <HIS:hisRef type="place" target="Navneregister_HISe.xml#plBerg">Bergen</HIS:hisRef>, og skulde jeg da personlig ordne sagen.</p>
<p>Jeg rejste; men besøget i Bergen blev iår, som Du ved, intet af. Derimod erholdt jeg en af de sidste dage i <HIS:hisRef type="place" target="Navneregister_HISe.xml#plKri">Kristiania</HIS:hisRef> <anchor type="lemma" xml:id="koB13_1532"/>et gammelt brev fra herr Buschs tyske inkassator, hvilket længe havde henligget på postkontoret i <HIS:hisRef type="place" target="Navneregister_HISe.xml#plDre">Dresden</HIS:hisRef> (det var nemlig sendt i byposten dernede og adresseret til min derværende bolig.) Heri lå en afskrift af <anchor type="lemma" xml:id="koB13_1533"/>din erklæring og jeg truedes med uopholdelig retslig forfølgning, hvis jeg ikke uopholdelig betalte. Nu <anchor type="lemma" xml:id="koB13_1534"/>tilskrev jeg straks <pb n="[3]"/>bemeldte inkassator og lod ham vide, at hvad herr Busch lovligen havde at fordre kunde han hæve hos herr Peter Blytt i Bergen, til hvem den fornødne remisse skulde foranstaltes. Hermed afrejste jeg, og på gennemrejsen gav jeg i <HIS:hisRef type="place" target="Navneregister_HISe.xml#plKbh">København</HIS:hisRef> den ordre, ifølge hvilken pengene blev Dig tilstillede. Jeg drog ikke i tvivl <HIS:hisRef type="tcNote" xml:id="noteT13_236" target="B1871-1879ht_noter.xml" corresp="noteT13_236">at</HIS:hisRef> herr Busch gennem sin inkassator vilde blive underrettet om hvor han kunde få sine penge. Dette må han imidlertid ikke have gjort, og derfor står jeg altså for dig som den, der har <anchor type="lemma" xml:id="koB13_1535"/>afgjort en gammel vens hjelp og tjenester på en så <anchor type="lemma" xml:id="koB13_1536"/>udelikat måde, som ved en taus fremsendelse af et pengebeløb uden et eneste ledsagende ord.</p>
<p>Kære fortræffelige ven! Således havde jeg ikke tænkt at gøre op med Dig. Det havde været min agt nu i disse dage at skrive Dig til om sagen og da tillige få <HIS:hisRef type="tcNote" xml:id="noteT13_236a" target="B1871-1879ht_noter.xml" corresp="noteT13_236a">vide</HIS:hisRef>, hvor stort <anchor type="lemma" xml:id="koB13_1537"/>dit eget udlæg har været. Hvad gør vi nu? Hvis herr Busch melder sig, beder jeg Dig <HIS:hisRef type="tcNote" xml:id="noteT13_237" target="B1871-1879ht_noter.xml" corresp="noteT13_237">meddele</HIS:hisRef> ham det væsentlige af denne skrivelse og tilbyde ham de 36 Sp<hi rend="raised">dl</hi> 6 Sk: <HIS:hisRef type="tcNote" xml:id="noteT13_238" target="B1871-1879ht_noter.xml" corresp="noteT13_238">mod</HIS:hisRef> at <HIS:hisRef type="tcNote" xml:id="noteT13_239" target="B1871-1879ht_noter.xml" corresp="noteT13_239">han</HIS:hisRef> udsteder en kvittering for at vort mellemværende <pb n="[4]"/>dermed er afgjort, <emph>samt sætter sin inkassator i kundskab herom</emph>. Thi det vilde naturligvis være mig højst ubehageligt her at få med rettens folk at gøre. Melder han sig ikke, så beder jeg Dig beholde pengene som afdrag på dit udlæg, hvis størrelse er mig ubekendt. Overhovedet beder jeg Dig, som god ven og forretningsmand, at ordne sagen på bedste måde for mig!</p>
<p>Og lad mig så af hjertet takke Dig for dit brev! Ud af hver linje lyser den noble tænkemåde, som allerede ved vort første bekendtskab drog mig til Dig. Du minder mig om <anchor type="lemma" xml:id="koB13_1538"/>sangerfesten i Bergen. <emph>Tro ikke, at jeg har glemt vor lange natlige samtale i Logehaven</emph>! <emph>Du var den første, til hvem jeg udtalte de ideer, som siden på forskellig måde er kommen frem i min digtning</emph>. – <anchor type="lemma" xml:id="koB13_1539"/>Til næste år er det min bestemte hensigt at komme til Bergen. Er det nødvendigt at jeg, indtil videre, kommer til fremdeles at stå i pekuniær gæld til Dig, så ved jeg visst at det ikke vil have nogen indflydelse på den stemning, hvormed Du tænker på</p>
<salute>Din hengivne ven</salute>
<signed>Henrik Ibsen.</signed>
</div>
</body>
</text>