<?xml version="1.0" encoding="UTF-8"?><text xmlns="http://www.tei-c.org/ns/1.0" xmlns:HIS="http://www.example.org/ns/HIS" rend="letter" corresp="B18690509PFS" xml:lang="da-no">
<body>
<div type="letter">
<dateline>
                            <pb n="[1]"/>Dresden den <date>9<hi rend="raised">de</hi> Maj 1869</date>. –</dateline>
<salute>Højstærede Herr P. F. Siebold!</salute>
<p>Jeg har meget at bede om Deres Tillgivelse for. Først maa jeg bede Dem tillgive den Forfattning, hvori jeg sender Dem <anchor type="lemma" xml:id="koB12_1978"/>Deres Manuskript tillbage; ved at tillintetgjøre en Del af mine ubrugelige <anchor type="lemma" xml:id="koB12_1979"/>Koncepter kom jeg nemlig ulykkeligvis till at rive <HIS:hisRef type="tcNote" xml:id="noteT12_547" target="B1844-1871ht_noter.xml" corresp="noteT12_547">ogsaa</HIS:hisRef> Deres Forord tvers over og oppdagede først bagefter, hvad der var skeet. At jeg først nu besvarer Deres meget ærede Skrivelser ligger i at jeg har ventet paa Svar angaaende <anchor type="lemma" xml:id="koB12_1980"/>visse Forespørgsler, som jeg har ladet anstille i <HIS:hisRef type="place" target="Navneregister_HISe.xml#plLei">Leipzig</HIS:hisRef>. Efter hvad jeg nu har erfaret, staar nok <HIS:hisRef type="person" target="Navneregister_HISe.xml#peHelm">Dr: Helms</HIS:hisRef> <emph>ikke</emph> længere i Forbindelse med <anchor type="lemma" xml:id="koB12_1981"/>den skandinaviske Boghandel dersteds. <anchor type="lemma" xml:id="koB12_1982"/>Herværende literære Venner har tillraadet at gribe Sagen an paa følgende Maade: De staar jo i Forbindelse med <anchor type="lemma" xml:id="koB12_1983"/>«Leipz: illustr: Zeitung»; var det Dem muligt deri at faa indført en Biografi af mig, saa skulde jeg selv levere det fornødne Fotografiportræt. De nødvendige <anchor type="lemma" xml:id="koB12_1984"/>Materialier vil <HIS:hisRef type="person" target="Navneregister_HISe.xml#peFH">Cancelliraad Hegel</HIS:hisRef> forsyne <HIS:hisRef type="tcNote" xml:id="noteT12_548" target="B1844-1871ht_noter.xml" corresp="noteT12_548">Dem</HIS:hisRef> med. Biografien burde kun indeholde <anchor type="lemma" xml:id="koB12_1985"/>alt godt; Indvendinger vil den tydske Kritik nok siden præstere. <pb n="[2]"/>Navnlig skulde jeg ønske at De, <HIS:hisRef type="tcNote" xml:id="noteT12_549" target="B1844-1871ht_noter.xml" corresp="noteT12_549">dersom</HIS:hisRef> De finder det hensigtsmæssigt at omtale hvad jeg i tidligere Dage har havt at kjæmpe med, tillige vil fremhæve at Regjering og <HIS:hisRef type="org" target="Navneregister_HISe.xml#orgStort">Storthing</HIS:hisRef> i Erkjendelse af den Stilling jeg indtager i den norske <HIS:hisRef type="tcNote" xml:id="noteT12_550" target="B1844-1871ht_noter.xml" corresp="noteT12_550">Literatur,</HIS:hisRef> for flere Aar siden <HIS:hisRef type="tcNote" xml:id="noteT12_551" target="B1844-1871ht_noter.xml" corresp="noteT12_551">har</HIS:hisRef> <anchor type="lemma" xml:id="koB12_1985a"/>enstemmig bevilget mig en livsvarig Gage foruden rigelige Rejsestipendier o. s. v. Kjære Herr Siebold, De maa ikke misforstaa dette, som om jeg ønskede <HIS:hisRef type="tcNote" xml:id="noteT12_552" target="B1844-1871ht_noter.xml" corresp="noteT12_552">at</HIS:hisRef> <anchor type="lemma" xml:id="koB12_1986"/>gjøre Humbug; det er min Natur imod; men man forsikkrer mig at saadant er nødvendigt. Var mit Navn paa den Maade indført i <HIS:hisRef type="place" target="Navneregister_HISe.xml#plD">Tydskland</HIS:hisRef>, saa vilde det gaa langt lettere at faa Deres Oversættelse udgiven. Hvis De da senere vilde sende mig denne, saa skulde jeg selv rejse dermed till Leipzig, faa Oversættelsen bebudet i et eller andet Tidsskrift, tale med Vedkommende og ikke vige før Bogen var udgiven. Fortalen kunde da, med Henvisning till Biografien, gjøres betydeligt kortere. Synes De godt om dette Forslag, saa skriv mig till; jeg har fra nu af Tiden till min Raadighed og vil gjøre alt muligt for at fremme et Foretagende, som er saa meget i min egen Interesse. Jeg har den Tro at ogsaa <HIS:hisRef type="work" target="Navneregister_HISe.xml#woKE">
                                <anchor type="lemma" xml:id="koB12_1987"/>«Kongsemnerne»</HIS:hisRef> maatte kunne oversættes og gives paa tydske Theatre; Stykkets Indhold passer mærkværdigt paa de nyere tydske Forholde, Landsdelenes Samling under <emph>et</emph> Overhoved, o. s. v –, og var jeg først kjendt her, <pb n="[3]"/>
                            <HIS:hisRef type="tcNote" xml:id="noteT12_553" target="B1844-1871ht_noter.xml" corresp="noteT12_553">saa</HIS:hisRef> nærer jeg ikke Tvivl om at jeg skulde formaa Leipzigs nuværende Theaterdirektør, <HIS:hisRef type="person" target="Navneregister_HISe.xml#peHLa">Heinrich Laube</HIS:hisRef>, till at gjøre Begyndelsen. Dog dette sidste er Fremtidsplaner. For Øjeblikket beder jeg om Deres Svar angaaende Biografien, og beder Dem tillige om at bevare mig i samme venlige Erindring, hvormed jeg stedse skal omfatte Dem.</p>
<salute>Deres ærbødige og hengivne</salute>
<signed>Henrik Ibsen.</signed>
</div>
</body>
</text>