<?xml version="1.0" encoding="UTF-8"?><text xmlns="http://www.tei-c.org/ns/1.0" xmlns:HIS="http://www.example.org/ns/HIS" rend="letter" corresp="B18710215CFS" xml:lang="da-no">
                <body>
<div type="letter">
<dateline>
                            <pb n="[1]"/>Dresden den <date>15<hi rend="raised">de</hi> Februar 1871</date> –</dateline>
<p>Som gensvar på Deres Velbårenheds skrivelse af 7<hi rend="raised">de</hi> dennes tillader jeg mig at bemærke, at det vil være mig meget kært at modtage <anchor type="lemma" xml:id="koB12_2984"/>den mig allernådigst tildelte dekoration her i <HIS:hisRef type="place" target="Navneregister_HISe.xml#plDre">Dresden</HIS:hisRef> under den af Deres Velbårenhed benyttede adresse.</p>
<p>Når jeg endnu ikke pligtskyldigst har erkendt modtagelsen af <HIS:hisRef type="org" target="Navneregister_HISe.xml#orgKUMin">det Kgl: ministeriums</HIS:hisRef> skrivelse af 30<hi rend="raised">de</hi> f: m:, der først kom mig ihænde den 13<hi rend="raised">de</hi> dennes, så hidrører dette fra at jeg har troet det nødvendigt forinden, fra <HIS:hisRef type="place" target="Navneregister_HISe.xml#plKbh">København</HIS:hisRef>, at <anchor type="lemma" xml:id="koB12_2985"/>indhente privat oplysning om de i så tilfælde brugelige former, en oplysning, der forhåbentlig ikke længe vil udeblive.</p>
<salute>ærbødigst</salute>
<signed>Henrik Ibsen.</signed>
<salute>Til Herr Exped: sekret: Schwartzkopf!</salute>
</div>
</body>
</text>