<?xml version="1.0" encoding="UTF-8"?><text xmlns="http://www.tei-c.org/ns/1.0" xmlns:HIS="http://www.example.org/ns/HIS" rend="letter" corresp="B18701010FH" xml:lang="da-no">
                <body>
<div type="letter">
<dateline>
                            <pb n="[1]"/>Dresden den <date>10<hi rend="raised">de</hi> <HIS:hisRef type="tcNote" xml:id="noteT12_682" target="B1844-1871ht_noter.xml" corresp="noteT12_682">Oktober</HIS:hisRef> 1870</date>. –</dateline>
<salute>Kære Herr Hegel!</salute>
<p>Nu sidder jeg da atter i mit hjem her i det fremmede, hvor jeg i vor egen kreds har fundet alt ved det gamle, medens omgivelserne og forholdene er <anchor type="lemma" xml:id="koB12_2619"/>intet mindre end behagelige. <anchor type="lemma" xml:id="koB12_2620"/>Byen er opfyldt af syge og sårede; til enhver tid er man viss på at møde militærbegravelser eller nye tilførsler til <anchor type="lemma" xml:id="koB12_2621"/>lazareterne. Nogle tusende franske fanger har vi også; de går tildels frit omkring, nyder god behandling, og lader til at trives vel. Begejstring for krigen er her ikke spor af; hvad bladene fortæller i denne henseende er helt og holdent opdigtet. <anchor type="lemma" xml:id="koB12_2622"/>Landet lider forfærdeligt; al virksomhed er så godt som standset; halvvoksne drenge og middelaldrende familjefædre kaldes under fanerne og skikkes til <HIS:hisRef type="place" target="Navneregister_HISe.xml#plFr">Frankrig</HIS:hisRef>; næsten hver eneste familje bærer <HIS:hisRef type="tcNote" xml:id="noteT12_683" target="B1844-1871ht_noter.xml" corresp="noteT12_683">sorg</HIS:hisRef>; der er mangfoldige, som <pb n="[2]"/>har mistet <emph>alle</emph> sine udkommanderede slægtninge; og endnu kender man ikke tabslisterne for de sidste 6 uger. Som sagt, det er uhyggeligt at leve her.</p>
<p>Desto større er også kontrasten når jeg tænker tilbage på mit sommerophold i <HIS:hisRef type="place" target="Navneregister_HISe.xml#plKbh">København</HIS:hisRef>. Jeg kan ikke noksom være taknemmelig for al den velvilje og det venskab, jeg der mødte, og at <anchor type="lemma" xml:id="koB12_2623"/>De i så henseende står i første række behøver jeg vel ikke at <HIS:hisRef type="tcNote" xml:id="noteT12_684" target="B1844-1871ht_noter.xml" corresp="noteT12_684">forsikkre</HIS:hisRef> Dem om. Hjertelig tak for al Deres godhed og forekommenhed. Hils <HIS:hisRef type="person" target="Navneregister_HISe.xml#peJH">Deres søn</HIS:hisRef> venligst og ligeså ved lejlighed enhver, med hvem jeg hos Dem <anchor type="lemma" xml:id="koB12_2624"/>kom i berørelse! –</p>
<p>Til <HIS:hisRef type="person" target="Navneregister_HISe.xml#peJLo">overlærer <anchor type="lemma" xml:id="koB12_2625"/>Løkke</HIS:hisRef> har jeg skrevet angående <HIS:hisRef type="work" target="Navneregister_HISe.xml#woDi">mine digte</HIS:hisRef> og venter daglig svar samt den forlangte afskrift, som da uopholdelig skal blive Dem sendt i rettet og forbedret skikkelse.</p>
<p>Jeg <HIS:hisRef type="tcNote" xml:id="noteT12_685" target="B1844-1871ht_noter.xml" corresp="noteT12_685">ønskede</HIS:hisRef> gerne i <anchor type="lemma" xml:id="koB12_2626"/>det forestående lotteri at spille på <emph>to fjerdedels-lodder</emph>, såfremt jeg endnu tør besvære Dem med denne sag. Første trækning tror jeg finder sted den 14<hi rend="raised">de</hi> dennes.</p>
<p>
                            <anchor type="lemma" xml:id="koB12_2627"/>Mit nye arbejde, et skuespil i tre akter, har nu udformet sig så vidt <pb n="[3]"/>i tanken at jeg en af dagene kommer til at <anchor type="lemma" xml:id="koB12_2628"/>lægge skriftlig hånd derpå.</p>
<p>Efterretninger fra København angående <anchor type="lemma" xml:id="koB12_2629"/>
                            <HIS:hisRef type="person" target="Navneregister_HISe.xml#peJHH">Holm-Hansens</HIS:hisRef> spil i «Axel og Valborg» har gjort mig urolig med hensyn til <HIS:hisRef type="work" target="Navneregister_HISe.xml#woKE">
                                <anchor type="lemma" xml:id="koB12_3310"/>«Kongs-emnerne»</HIS:hisRef>. Jeg vil skrive til <HIS:hisRef type="person" target="Navneregister_HISe.xml#peJLH">fru Heiberg</HIS:hisRef> eller <HIS:hisRef type="person" target="Navneregister_HISe.xml#peGBe">justitsråd Berner</HIS:hisRef> om den sag. <anchor type="lemma" xml:id="koB12_2630"/>Når den nye udgave kommer i boghandelen vilde det interessere mig meget at se bladenes udtalelser. Fra <anchor type="lemma" xml:id="koB12_2631"/>
                            <HIS:hisRef type="person" target="Navneregister_HISe.xml#pePHa">P. Hansen</HIS:hisRef> modtog jeg igår brev med anmodning om biografiske oplysninger. Dette skal uopholdelig blive besørget.</p>
<p>Endnu engang beder jeg Dem modtage en hjertelig tak og hilsen fra</p>
<salute>Deres hengivne</salute>
<signed>Henrik Ibsen.</signed>
</div>
</body>
</text>