<?xml version="1.0" encoding="UTF-8"?><text xmlns="http://www.tei-c.org/ns/1.0" xmlns:HIS="http://www.example.org/ns/HIS" rend="letter" corresp="B18700909AK" xml:lang="da-no">
<body>
<div type="letter">
<dateline>
                            <pb n="[1]"/>Kjøbenhavn den <date>9<hi rend="raised">de</hi> September <HIS:hisRef type="tcNote" xml:id="noteT12_675" target="B1844-1871ht_noter.xml" corresp="noteT12_675">1870.</HIS:hisRef>
                            </date>
                        </dateline>
<salute>Kjære Klubien!</salute>
<p>Efter nærmere overvejelse har jeg bestemt mig til at gå sammen med Dig <anchor type="lemma" xml:id="koB12_2597"/>i <HIS:hisRef type="org" target="Navneregister_HISe.xml#orgKT">theatret</HIS:hisRef> på lørdag. Vil Du godhedsfuldt foreløbig sørge for billet også til mig? Endvidre beder jeg Dig at være min middagsgjæst samme dag kl: 4½.</p>
<p>Og nu en sag, hvorom jeg kun kan tale til Dig, der har min fulde og ubegrænsede tillid:</p>
<p>Jeg har grund til at nære nogen misstemning mod theatrets bestyrelse. Jeg tør sige ligefrem at <HIS:hisRef type="person" target="Navneregister_HISe.xml#peGBe">justitsråd Berner</HIS:hisRef> til min skade har benyttet sig af mit ubekjendtskab til <anchor type="lemma" xml:id="koB12_2598"/>regulativet for forfatterhonorarer. Mit stykke tiltrængte jo ingen oversættelse, og jeg syntes derfor at have krav på at blive behandlet som originale danske forfattere. Dette er ikke sket. Dog, dette kan også være mig nogenlunde <pb n="[2]"/>ligegyldigt, da jeg gjennem min forlægger samt ved theatrene i Stockholm og Kristiania har fåt mit arbejde rigelig betalt.</p>
<p>Men dersom man ikke vilde <HIS:hisRef type="tcNote" xml:id="noteT12_676" target="B1844-1871ht_noter.xml" corresp="noteT12_676">behandle</HIS:hisRef> mig som <emph>indenlandsk</emph> forfatter, så synes jeg dog at man kunde behandle mig, som man har <anchor type="lemma" xml:id="koB12_3307"/>behandlet <emph>andre udenlandske forfattere</emph>. Da man havde <anchor type="lemma" xml:id="koB12_2599"/>opført dramaet «Salomon de Caus» af min landsmand <HIS:hisRef type="person" target="Navneregister_HISe.xml#peAnM">
                                <anchor type="lemma" xml:id="koB12_3309"/>A: Munch</HIS:hisRef>, blev han hædret med <anchor type="lemma" xml:id="koB12_2600"/>danebrogsordenen; <anchor type="lemma" xml:id="koB12_2601"/>
                            <HIS:hisRef type="person" target="Navneregister_HISe.xml#peJSW">Welhaven</HIS:hisRef> nød den samme ære skjønt han kun havde udgivet et bind digte her i <HIS:hisRef type="place" target="Navneregister_HISe.xml#plDk">Danmark</HIS:hisRef>. Jeg har i nødens tid stridt med min pen for Danmarks sag ligeså tappert som Welhaven; jeg har i løbet af <HIS:hisRef type="tcNote" xml:id="noteT12_677" target="B1844-1871ht_noter.xml" corresp="noteT12_677">6</HIS:hisRef> år udgivet gjennem den danske boghandel <anchor type="lemma" xml:id="koB12_2602"/>
                            <HIS:hisRef type="work" target="Navneregister_HISe.xml#woBr">«Brand»</HIS:hisRef> i 5 oplag, en ny udgave af <HIS:hisRef type="work" target="Navneregister_HISe.xml#woKK">
                                <HIS:hisRef type="tcNote" xml:id="noteT12_678" target="B1844-1871ht_noter.xml" corresp="noteT12_678">«Kjærlighedens</HIS:hisRef> Komedie»</HIS:hisRef>, <HIS:hisRef type="work" target="Navneregister_HISe.xml#woPG">«Peer Gynt»</HIS:hisRef> i to oplag, <HIS:hisRef type="work" target="Navneregister_HISe.xml#woUF">«De unges forbund»</HIS:hisRef> i to oplag og om nogle uger udkommer en ny dansk udgave af <anchor type="lemma" xml:id="koB12_2603"/>
                            <HIS:hisRef type="work" target="Navneregister_HISe.xml#woKE">«Kongs-emnerne»</HIS:hisRef>, hvilket stykke, på tarvelige vilkår er antaget til opførelse på theatret. <emph>Misforstå ikke dette</emph>; tro ikke at jeg hermed vil have sagt at man i Danmark skulde stå i nogen gjæld <pb n="[3]"/>til mig. Langt fra. Hvis jeg var indfødt dansk forfatter vilde det ikke have så meget at betyde. Men når jeg ser hen til hvor let det har været for andre af mine norske kolleger at blive hædret på en måde, som i opinionen i <HIS:hisRef type="place" target="Navneregister_HISe.xml#plN">Norge</HIS:hisRef> har en overordentlig betydning, – så synes jeg at man kunde lade mig vederfares det samme. Når dette ikke er sket, så tror jeg ikke at der stikker noget princip bagved; jeg ved heller ikke hvorved jeg skulde have forskyldt det. Sågodtsom enhver fremmed musikvirtuos, der optræder her, er i de senere år bleven hædret med danebrogsordenen. Og jeg må sige <HIS:hisRef type="tcNote" xml:id="noteT12_679" target="B1844-1871ht_noter.xml" corresp="noteT12_679">Dig</HIS:hisRef> at jeg er ligefrem grådig efter enhver anerkjendelse, der tilfalder mig fra Danmark. Du gjør Dig ingen forestilling om hvad virkning sådant gjør i Norge. – Men fra din egen parisiske diplomatiske periode ved Du ligeså godt, som jeg, at man må lade et ord falde; <emph>og det gjør jeg her</emph>. Du kjender jo <anchor type="lemma" xml:id="koB12_2604"/>ministre, som jeg tror er mig velvillige. Tag Dig af sagen. En udmærkelse fra Danmark vilde være en mægtig <pb n="[4]"/>støtte for min stilling i Norge. Behørig diplomatisk forsigtighed behøver jeg ikke at bede Dig om; kun vil jeg, for så vidt Du i venskab for mig vil tage dig af dette anliggende, bede Dig erindre at jeg <anchor type="lemma" xml:id="koB12_2605"/>rejser allerede i næste uge.</p>
<p>Hvis jeg havde <anchor type="lemma" xml:id="koB12_2606"/>«Den honette Ambition» ved hånden, kunde jeg anføre <anchor type="lemma" xml:id="koB12_2607"/>en mægtig hoben argumenter endnu; men da Du jo kan din <HIS:hisRef type="person" target="Navneregister_HISe.xml#peLuH">Holberg</HIS:hisRef> perfekt, gjøres det ikke fornødent.</p>
<p>Dog, i alt alvor; – sagen har sin betydning for mig. Kan og vil Du, så tag Dig af den efter bedste skjøn.</p>
<salute>Din hengivne</salute>
<signed>Henrik Ibsen.</signed>
</div>
</body>
</text>