<?xml version="1.0" encoding="UTF-8"?><text xmlns="http://www.tei-c.org/ns/1.0" xmlns:HIS="http://www.example.org/ns/HIS" rend="letter" corresp="B18720224Kdep" xml:lang="da-no">
<body>
<div type="letter">
<dateline>
                            <pb n="[1]"/>Dresden den <date>24<hi rend="raised">de</hi> Februar 1872</date>. –</dateline>
<salute>Til den kongelige norske regerings departement for kirke- og undervisnings-væsnet.</salute>
<p>Ved i begyndelsen af året 1869 at <anchor type="lemma" xml:id="koB13_276"/>indgå til det kgl: departement med en ærbødigst <anchor type="lemma" xml:id="koB13_277"/>ansøgning om et rejsestipendium i det øjemed, under et ophold i <HIS:hisRef type="place" target="Navneregister_HISe.xml#plSE">Sverig</HIS:hisRef>, at gøre mig bekendt med de kunstneriske, literære og sociale tilstande dersteds, tillod jeg mig at give mit andragende form af en <anchor type="lemma" xml:id="koB13_278"/>rejseberetning, hvoraf departementet således vil have havt anledning til at kontrollere den måde, hvorpå jeg indtil da havde benyttet de mig af statens midler tilståede gentagne rejsebidrag.</p>
<p>Efter at omhandlede stipendium <anchor type="lemma" xml:id="koB13_279"/>for en del var blevet mig bevilget, <anchor type="lemma" xml:id="koB13_280"/>begav jeg mig til Sverig, hvor jeg, navnlig <anchor type="lemma" xml:id="koB13_281"/>i <HIS:hisRef type="place" target="Navneregister_HISe.xml#plSthlm">Stockholm</HIS:hisRef>, studerede de offentlige muséer og kunstanstalter, hvorhos jeg ved en overordentlig forekommenhed fra myndighedernes side sattes i stand til grundigt at lære at kende det svenske undervisningsvæsen, dets standpunkt, dets grundsætninger og dets hele indre og ydre sammenhæng med folkets ejendommelige karakter og historie.</p>
<p>I September måned erholdt jeg officiel indbydelse til at overvære <HIS:hisRef type="place" target="Navneregister_HISe.xml#plSuez">Suez-kanalens</HIS:hisRef> åbning, og uagtet mit studium af de svenske tilstande og forhold endnu ikke var afsluttet, anså jeg det for uforsvarligt og <pb n="[2]"/>uforenligt med grundplanen for hele mit lange ophold i udlandet at lade en sådan aldrig tilbagevendende anledning til belærelse gå unyttet forbi. Jeg begav mig derfor straks <anchor type="lemma" xml:id="koB13_282"/>over <HIS:hisRef type="place" target="Navneregister_HISe.xml#plDre">Dresden</HIS:hisRef> og <HIS:hisRef type="place" target="Navneregister_HISe.xml#plPa">Paris</HIS:hisRef> til <HIS:hisRef type="place" target="Navneregister_HISe.xml#plEg">Egypten</HIS:hisRef>, hvor jeg <anchor type="lemma" xml:id="koB13_283"/>indtraf henimod midten af Oktober måned og deltog i den af <HIS:hisRef type="person" target="Navneregister_HISe.xml#peIsP">
                                <anchor type="lemma" xml:id="koB13_284"/>vicekongen</HIS:hisRef> for omtrent 60 europæiske herrer foranstaltede <anchor type="lemma" xml:id="koB13_285"/>expedition opad <HIS:hisRef type="place" target="Navneregister_HISe.xml#plNil">Nilen</HIS:hisRef> indtil <anchor type="lemma" xml:id="koB13_286"/>et stykke ind i de nubiske distrikter.</p>
<p>Expeditionen, hvis øjemed for vicekongens vedkommende var, gennem os indbudne at henlede de forskellige europæiske nationers opmærksomhed dels på landets mindesmærker fra oldtiden og dels på de af den nuværende regering i storartet målestok foretagne foranstaltninger til egnenes og befolkningens <anchor type="lemma" xml:id="koB13_287"/>opkomst, <anchor type="lemma" xml:id="koB13_288"/>lededes af samtidens mest fremragende egyptologer efter en af vicekongens direktør for de nationale kunstskatte, <HIS:hisRef type="person" target="Navneregister_HISe.xml#peMaBe">
                                <anchor type="lemma" xml:id="koB13_289"/>Mariette Bey</HIS:hisRef>, forud lagt plan. Her havde jeg således den rigeste og fyldigste anledning til at erhverve et grundlag for de studier af græsk og romersk arkitektur og skulptur, som jeg under mit fireårige ophold i <HIS:hisRef type="place" target="Navneregister_HISe.xml#plIt">Italien</HIS:hisRef> med forkærlighed havde hengivet mig til.</p>
<p>I midten af November vendte expeditionen tilbage til <HIS:hisRef type="place" target="Navneregister_HISe.xml#plKa">Kairo</HIS:hisRef>, hvorfra vi afgik til <HIS:hisRef type="place" target="Navneregister_HISe.xml#plPoSa">Port Saïd</HIS:hisRef>, deltog i <anchor type="lemma" xml:id="koB13_290"/>kanalens indvielse, passerede denne indtil det røde hav, vendte atter tilbage til Kairo og afgik endelig derfra <anchor type="lemma" xml:id="koB13_291"/>over <HIS:hisRef type="place" target="Navneregister_HISe.xml#plAlex">Alexandria</HIS:hisRef> til <HIS:hisRef type="place" target="Navneregister_HISe.xml#plEu">Europa</HIS:hisRef>, på hvilken rejse jeg foreløbig <anchor type="lemma" xml:id="koB13_292"/>standsede i Paris for at gøre mig bekendt med de <anchor type="lemma" xml:id="koB13_293"/>derværende kunstsamlinger, og <anchor type="lemma" xml:id="koB13_294"/>indtraf i løbet af vinteren igen her i Dresden.</p>
<p>
                            <pb n="[3]"/>Denne rejse foretog jeg vistnok, som nævnt, i egenskab af <anchor type="lemma" xml:id="koB13_295"/>indbuden gæst; men det er en selvfølge at den ikke desto mindre forvoldte mig meget betydelige udgifter. Enhver, der kender de østerlandske forhold, vil vide at pengegaver, foræringer og lignende udtællinger under forskellige former og ved mangfoldige anledninger dersteds kræves i et omfang, hvortil man i Europa ikke har noget tilsvarende. Det selskab, jeg befandt mig i, de kredse, hvormed jeg kom i berørelse, og navnlig den egenskab, man dernede tillagde mig og <HIS:hisRef type="person" target="Navneregister_HISe.xml#peJDCL">min <anchor type="lemma" xml:id="koB13_296"/>medrejsende landsmand</HIS:hisRef>, som repræsentanter for <HIS:hisRef type="place" target="Navneregister_HISe.xml#plN">vort fædreland</HIS:hisRef>, nødte mig desuden til mere at indrette mig efter rigmandens end efter mine egne vilkår. Hertil kommer at jeg naturligvis for egen regning måtte bestride opholdet i Paris; thi indbydelsen og den dermed forbundne fri befordring gjaldt på tilbagerejsen kun dertil.</p>
<p>Denne min ærbødige skrivelse, hvis hensigt er at ansøge om et fornyet stipendium, skulde imidlertid alligevel ikke være fremkommet, såfremt ikke et i afvigte høst i <HIS:hisRef type="place" target="Navneregister_HISe.xml#plKri">Kristiania</HIS:hisRef> foretaget <anchor type="lemma" xml:id="koB13_297"/>ulovligt indgreb i min literære ejendomsret havde foranlediget en gennemgribende forstyrrelse i de af mig og <HIS:hisRef type="person" target="Navneregister_HISe.xml#peFH">
                                <HIS:hisRef type="org" target="Navneregister_HISe.xml#orgGyl">min danske <anchor type="lemma" xml:id="koB13_298"/>forlægger</HIS:hisRef>
                            </HIS:hisRef> trufne dispositioner, sigtende til udgivelse af mine ældre arbejder, og derved påført mig en meget betydelig og meget følelig forringelse af min sikkert påregnede indtægt såvel for indeværende som for næste år.</p>
<p>Endvidere tillader jeg mig at bemærke, at <anchor type="lemma" xml:id="koB13_299"/>ihvorvel min egyptiske rejse har været af en for min udvikling, og navnlig for mit fri overblik over kulturhistoriens gang, uvurderlig betydning, – så vil dette åndelige rejse-udbytte dog ikke kunne siges at være fuldstændig <HIS:hisRef type="tcNote" xml:id="noteT13_43" target="B1871-1879ht_noter.xml" corresp="noteT13_43">nyttiggjort</HIS:hisRef> forinden jeg er bleven sat i stand til under et gentaget grundigt studium af det <anchor type="lemma" xml:id="koB13_300"/>berlinske egyptologiske <pb n="[4]"/>museum at udfylde, hvad der endnu mangler mig til hel og fuldstændig forståelse af den egyptiske arkitektur og skulptur samt af disses sammenhæng med de tilsvarende antike kunstformer i Europa.</p>
<p>
                            <anchor type="lemma" xml:id="koB13_301"/>Næste år vil familjehensyn nøde mig til at vende tilbage til hjemmet. Allerede iår havde jeg tænkt at kunne tiltræde hjemrejsen; men en <HIS:hisRef type="work" target="Navneregister_HISe.xml#woKG">
                                <anchor type="lemma" xml:id="koB13_302"/>ny omfangsrig digtning</HIS:hisRef> gør mig dette umuligt. Den sindets uro, som nødvendigvis er forbunden med ombytning af opholdssted og med genindtræden i omgivelser, der, efter et mere end otteårigt fravær, i mange henseender er blevne mig fremmede, vilde ikke kunne undgå at efterlade uheldige spor i et ufuldført arbejde, hvis indre struktur i særlig grad påkræver en hel og ensartet støbning.</p>
<p>I henhold til de i foranstående på forskellige punkter dels anførte dels antydede grunde, og under særlig påpegen af de med en hjemrejse og en bosættelse i hjemmet forbundne betydelige omkostninger, tillader jeg mig derfor herved at ansøge det kgl: departement om: at der af de for indeværende år af <anchor type="lemma" xml:id="koB13_303"/>toldkasserer Schæffers legat til uddeling bestemte midler må <anchor type="lemma" xml:id="koB13_304"/>blive mig bevilget et stipendium stort 450 Spd:, for derved at sætte mig i stand til at afslutte mine kunsthistoriske studier og derefter i sommeren 1873 at vende tilbage til hjemmet.</p>
<salute>ærbødigst</salute>
<signed>Henrik Ibsen.</signed>
</div>
</body>
</text>