<?xml version="1.0" encoding="UTF-8"?><text xmlns="http://www.tei-c.org/ns/1.0" xmlns:HIS="http://www.example.org/ns/HIS" rend="letter" corresp="B18701121JHT" xml:lang="da-no">
<body>
<div type="letter">
<dateline>Dresden den <date>21<hi rend="raised">de</hi> November 1870</date>.</dateline>
<salute>Kære svoger!</salute>
<p>For ordens skyld vil jeg ikke undlade herved at erkende modtagelsen af Deres seneste brev med deri indlagte vexel. Til <HIS:hisRef type="person" target="Navneregister_HISe.xml#peJLo">overlærer Løkke</HIS:hisRef> skrev jeg i begyndelsen af Oktober, men har til dato intet svar fået; skulde De træffe ham, så gør De mig måske nok den tjeneste at spørge om han har modtaget mit brev.</p>
<p>Nu begynder jo <anchor type="lemma" xml:id="koB12_2685"/>den politiske himmel at se truende ud også i øst. Hvad skal enden blive? Stemningen her er meget trykket, og selv overgivelsen af <HIS:hisRef type="place" target="Navneregister_HISe.xml#plMetz">Metz</HIS:hisRef> vakte ikke spor af glæde. Dresden har efter officielle angivelser 15,000 fanger at forsørge, og nu er der anmeldt en ny tilførsel af 4000. I <anchor type="lemma" xml:id="koB12_2686"/>lazaretterne ligger 2000 syge og sårede. For <anchor type="lemma" xml:id="koB12_2687"/>kejsergarden er der opbygget en storartet barakkelejr strax ovenfor vor bolig, og vi ser dem daglig passere forbi på deres for sundhedens skyld anordnede promenadeture. Ikke kan man se på disse folk, at de har lidt nogen nød i Metz. De er klædte som til en festparade. De hjemsendte <anchor type="lemma" xml:id="koB12_2688"/>syge og sårede Sachsere ser ganske anderledes medtagne ud. Franskmændene behandles her meget godt og bærer fangenskabet med en utrolig sorgløshed; jeg har fået det indtryk at mange af dem er vel tilfredse med at være sluppet <anchor type="lemma" xml:id="koB12_2689"/>for så godt køb fra affærerne. På ølhusene fører navnlig underofficererne det store ord, <anchor type="lemma" xml:id="koB12_2690"/>river ned på <HIS:hisRef type="person" target="Navneregister_HISe.xml#peNap3">
                                <anchor type="lemma" xml:id="koB12_2691"/>kejseren</HIS:hisRef>, på generalerne og på alt muligt undtagen på sig selv. <anchor type="lemma" xml:id="koB12_2692"/>Situationen i <HIS:hisRef type="place" target="Navneregister_HISe.xml#plFr">Frankrig</HIS:hisRef> synes ikke at bekymre dem. Alt dette er imidlertid ganske naturligt for en revolutionær nation uden tugt og uden disciplin. Vi Normænd burde uddrage en lære heraf; thi netop mod en lignende <anchor type="lemma" xml:id="koB12_2693"/>indre opløsning er det at karle som <HIS:hisRef type="person" target="Navneregister_HISe.xml#peSJaa">Jaabæk</HIS:hisRef>, <HIS:hisRef type="person" target="Navneregister_HISe.xml#peJS">Johan Sverdrup</HIS:hisRef> o. s. v. søger at drage vort folk. –</p>
<p>Tør jeg bede Dem godhedsfuldt at fornye mit abonnement på «Morgenbladet» når tiden kommer? Og kan De gøre det fornødne pengeudlæg dertil mod ved nytår at tage Dem betalt af renterne af <anchor type="lemma" xml:id="koB12_2694"/>mine penge i kreditkassen? Jeg håber De fører nøjagtigt regnskab over Deres udtællinger, postporto, m. m, for mig, så at jeg ikke foruden det meget bryderi også påfører Dem tab.</p>
<p>Den nye udgave af <anchor type="lemma" xml:id="koB12_2695"/>
                            <HIS:hisRef type="work" target="Navneregister_HISe.xml#woKE">«Kongs-emnerne»</HIS:hisRef> er nu udkommen og 1<hi rend="raised">ste</hi> Januar skal stykket gives i <HIS:hisRef type="org" target="Navneregister_HISe.xml#orgKT">Kjøbenhavn</HIS:hisRef>. <anchor type="lemma" xml:id="koB12_2696"/>I Kristiania arbejder vel begge theatre henimod sin undergang. Adsplittelsen af vore få kunstneriske kræfter kan ikke føre til andet.</p>
<p>Skulde jeg mod formodning ikke endnu engang lade høre fra mig inden nytår, håber jeg at De ligefuldt sender mig <anchor type="lemma" xml:id="koB12_2697"/>den sædvanlige vexel når tiden kommer. – Mange hilsener fra os alle!</p>
<salute>Deres hengivne</salute>
<signed>Henrik Ibsen.</signed>
</div>
</body>
</text>