<?xml version="1.0" encoding="UTF-8"?><text xmlns="http://www.tei-c.org/ns/1.0" xmlns:HIS="http://www.example.org/ns/HIS" rend="letter" corresp="B18721120FH" xml:lang="da-no">
<body>
<div type="letter">
<dateline>
                            <pb n="[1]"/>Dresden den <date>20<hi rend="raised">de</hi> November 1872</date>.</dateline>
<salute>Kære herr Hegel!</salute>
<p>Med forbindtligst tak for det <anchor type="lemma" xml:id="koB13_675"/>tilsendte nummer af «Fædrelandet» beder jeg <HIS:hisRef type="tcNote" xml:id="noteT13_104" target="B1871-1879ht_noter.xml" corresp="noteT13_104">Dem</HIS:hisRef> tilgive at jeg voldte Dem en unødvendig ulejlighed; men jeg syntes at jeg ved denne <HIS:hisRef type="tcNote" xml:id="noteT13_104a" target="B1871-1879ht_noter.xml" corresp="noteT13_104a">anledning</HIS:hisRef> måtte offentlig udtale mig. <HIS:hisRef type="person" target="Navneregister_HISe.xml#peBB">
                                <anchor type="lemma" xml:id="koB13_676"/>Bjørnsons</HIS:hisRef> optræden går dog over alle grænser. Og hvorledes skal man forklare denne? Er det sandt, hvad man tilskriver mig fra <HIS:hisRef type="place" target="Navneregister_HISe.xml#plN">Norge</HIS:hisRef>, nemlig at hans stilling deroppe er bleven aldeles uholdbar, at han tænker på at <anchor type="lemma" xml:id="koB13_677"/>flytte til <HIS:hisRef type="place" target="Navneregister_HISe.xml#plD">Tyskland</HIS:hisRef>, og at han har villet berede sig en god modtagelse her? Man kunde godt tiltro ham noget sligt. Ligeover for Dem, hans forlægger, forekommer hans handlemåde mig i højeste grad hensynsløs; men moralske forpligtelser har rigtignok aldrig generet ham.</p>
<p>Fra <HIS:hisRef type="person" target="Navneregister_HISe.xml#peGB">
                                <anchor type="lemma" xml:id="koB13_678"/>Dr: Brandes</HIS:hisRef> har jeg nylig havt brev; han har mødt megen forekommenhed i <anchor type="lemma" xml:id="koB13_679"/>literære kredse her, og jeg tvivler ikke på at der vilde stå ham en <anchor type="lemma" xml:id="koB13_680"/>plads åben <pb n="[2]"/>i dette store literatursamfund, om han attråede en sådan.</p>
<p>Jeg erindrer ikke om jeg har erkendt modtagelsen af den i September <HIS:hisRef type="tcNote" xml:id="noteT13_104b" target="B1871-1879ht_noter.xml" corresp="noteT13_104b">erholdte</HIS:hisRef> pengeremisse. Har jeg forsømt dette, så sker det herved. Såvidt jeg af mit regnskab kan se, skulde jeg endnu have indestående i sparekassen omtrent 200 rdlr dansk. Dette beløb beder jeg Dem bevise mig den godhed at sende mig på sædvanlig måde.</p>
<p>
                            <HIS:hisRef type="work" target="Navneregister_HISe.xml#woKG">
                                <anchor type="lemma" xml:id="koB13_681"/>Mit nye arbejde</HIS:hisRef> håber jeg bestemt at have færdigt ved årets udgang. <HIS:hisRef type="work" target="Navneregister_HISe.xml#woKK">
                                <anchor type="lemma" xml:id="koB13_682"/>«Kærlighedens komedie»</HIS:hisRef> er antaget til opførelse på <HIS:hisRef type="org" target="Navneregister_HISe.xml#orgChrTh">Kristiania theater</HIS:hisRef>, hvor det vil blive givet i den nærmeste fremtid. Til sommeren agter jeg at underkaste <HIS:hisRef type="work" target="Navneregister_HISe.xml#woF1">
                                <anchor type="lemma" xml:id="koB13_683"/>«Fru Inger»</HIS:hisRef> en fuldstændig omarbejdelse, beregnet på det <HIS:hisRef type="org" target="Navneregister_HISe.xml#orgKT">kgl: danske theater</HIS:hisRef>, og derefter tænker jeg, om alt går efter ønske at skrive <HIS:hisRef type="work" target="Navneregister_HISe.xml#woSS">
                                <anchor type="lemma" xml:id="koB13_684"/>et større lystspil</HIS:hisRef>, hvortil planen allerede er så temmelig modnet.</p>
<p>Med de bedste hilsener til Dem og <HIS:hisRef type="person" target="Navneregister_HISe.xml#peJH">Deres søn</HIS:hisRef> tegner jeg mig</p>
<salute>Deres hjertelig hengivne</salute>
<signed>Henrik Ibsen.</signed>
</div>
<div type="postscript">
<p>Min nuværende adresse er:</p>
<p>Wettiner-Strasse, N<hi rend="raised">o</hi> 22. 2. Etage.</p>
</div>
</body>
</text>