<?xml version="1.0" encoding="UTF-8"?><text xmlns="http://www.tei-c.org/ns/1.0" xmlns:HIS="http://www.example.org/ns/HIS" rend="letter" corresp="B18721114HL" xml:lang="da-no">
<body>
<div type="letter">
<dateline>
                            <pb n="[1]"/>Dresden den <date>14<hi rend="raised">de</hi> November 1872</date>. –</dateline>
<salute>Herr Hartvig Lassen!</salute>
<p>Idet jeg forbindtligst takker Dem for den beredvillighed, hvormed De er gået ind på mit <anchor type="lemma" xml:id="koB13_662"/>forslag at opføre <HIS:hisRef type="work" target="Navneregister_HISe.xml#woKK">«Kærlighedens komedie»</HIS:hisRef>, vil jeg ikke undlade at bemærke at jeg fuldstændigt vurderer vægten af de <anchor type="lemma" xml:id="koB13_663"/>betænkeligheder, som hidtil har afholdt Dem fra at bringe stykket på scenen. Jeg tror imidlertid at den behandlingsmåde fra skuespillernes side, som arbejdet, ifølge sin natur, kræver, vil springe <anchor type="lemma" xml:id="koB13_664"/>vedkommende tilstrækkeligt i øjnene, og skulde dette under prøverne vise sig ikke at være tilfældet, så håber jeg at De godhedsfuldt vil hjælpe til med vink og vejledning.</p>
<p>Det er slemt <emph>at <HIS:hisRef type="person" target="Navneregister_HISe.xml#peJWNW">herr Wolf</HIS:hisRef> ikke kan påregnes i Guldstads rolle</emph>; men dette punkt er jo dog alligevel overkommeligt. At <emph>sætte herr <HIS:hisRef type="person" target="Navneregister_HISe.xml#peJFB">
                                    <anchor type="lemma" xml:id="koB13_665"/>J: Brun</HIS:hisRef> til at spille rollen</emph> forekommer mig af flere <emph>grunde betænkeligt</emph>. Hvad stykket først og fremst kræver, <pb n="[2]"/>er en fuldendt memorering. Men er herr Brun <anchor type="lemma" xml:id="koB13_666"/>herefterdags istand til at lære en rolle ordentlig udenad? Eller er han at formå til at underkaste sig den dermed forbundne ulejlighed? Dog, selv om der fra den side intet er at befrygte, så betvivler jeg at han vil kunne give rollen den rette farve. Lægger han sin komik deri, så kan <anchor type="lemma" xml:id="koB13_667"/>Svanhilds beslutning, dette farligste punkt i stykket, let komme til at stå i et altfor grelt lys; giver han den med anstand, uden komik, så er han inde på et for ham fremmed felt. Men skulde det ikke være en mulighed i <emph>at forsøge <HIS:hisRef type="person" target="Navneregister_HISe.xml#peARei">herr Reimers</HIS:hisRef>?</emph> Hr: R: er jo en intelligent mand, og hvis han overhovedet kan spille rollen, så tror jeg han vil spille den således at der ikke vil komme til at ligge nogen umulighed i springet fra Falk til grossereren, og hermed var meget vundet. Jeg havde da tænkt mig <anchor type="lemma" xml:id="koB13_668"/>rollebesætningen således.</p>
<p>Fru Halm – <HIS:hisRef type="person" target="Navneregister_HISe.xml#peSGi">fru Giebelhausen</HIS:hisRef>. Svanhild – <HIS:hisRef type="person" target="Navneregister_HISe.xml#peLG">fru Gundersen</HIS:hisRef>. Anna – <HIS:hisRef type="person" target="Navneregister_HISe.xml#peJRJ">fru Juel</HIS:hisRef>. <emph>Falk – <HIS:hisRef type="person" target="Navneregister_HISe.xml#peSG">hr: Gundersen</HIS:hisRef>
                            </emph>. Lind – <HIS:hisRef type="person" target="Navneregister_HISe.xml#peCARA">hr: Abelsted</HIS:hisRef>. <emph>Guldstad – herr Reimers</emph>. Styver – <HIS:hisRef type="person" target="Navneregister_HISe.xml#peAI">hr: Isachsen</HIS:hisRef>. Frøken Skjære – <HIS:hisRef type="person" target="Navneregister_HISe.xml#peLW">fru Wolf</HIS:hisRef>. Stråmand – <HIS:hisRef type="person" target="Navneregister_HISe.xml#peHeKl">hr: <anchor type="lemma" xml:id="koB13_669"/>Clausen</HIS:hisRef> (<HIS:hisRef type="person" target="Navneregister_HISe.xml#pePNi">hr: <anchor type="lemma" xml:id="koB13_670"/>Nielsen</HIS:hisRef> eller hr: J: Brun?) Fru Stråmand – <HIS:hisRef type="person" target="Navneregister_HISe.xml#peSPa">frøken Parelius</HIS:hisRef>.</p>
<p>Til <anchor type="lemma" xml:id="koB13_671"/>sangen i første akt tror jeg der er komponeret musik af <HIS:hisRef type="person" target="Navneregister_HISe.xml#peMAU">Udbye</HIS:hisRef> og muligens <pb n="[3]"/>af andre.</p>
<p>Jeg beder Dem bringe <anchor type="lemma" xml:id="koB13_673"/>direktionens øvrige medlemmer min tak for det bevilgede <anchor type="lemma" xml:id="koB13_674"/>honorar. <HIS:hisRef type="tcNote" xml:id="noteT13_103" target="B1871-1879ht_noter.xml" corresp="noteT13_103">
                                <gap reason="damage"/>
                            </HIS:hisRef>
                        </p>
<salute>Deres ærbødigst forbundne</salute>
<signed>Henrik Ibsen.</signed>
</div>
</body>
</text>