<?xml version="1.0" encoding="UTF-8"?><text xmlns="http://www.tei-c.org/ns/1.0" xmlns:HIS="http://www.example.org/ns/HIS" rend="letter" corresp="B18720930CT" xml:lang="da-no">
<body>
<div type="letter">
<dateline>
                            <pb n="[1]"/>Dresden den <date>30<hi rend="raised">te</hi> September 1872</date>.</dateline>
<salute>Højstærede herr <anchor type="lemma" xml:id="koB13_622"/>generalkonsul Tønsberg!</salute>
<p>Som svar på <anchor type="lemma" xml:id="koB13_623"/>Deres meget ærede skrivelse af 26<hi rend="raised">de</hi> dennes må jeg desværre meddele Dem at jeg ikke ser mig i stand til at efterkomme Deres anmodning om at yde bidrag til det påtænkte <anchor type="lemma" xml:id="koB13_624"/>«Kunstner-Album». <HIS:hisRef type="work" target="Navneregister_HISe.xml#woKG">Et <anchor type="lemma" xml:id="koB13_625"/>større literært arbejde</HIS:hisRef> lægger nemlig beslag på al min tid og alle mine tanker; og jeg vil tilføje at selv om dette ikke var tilfældet, så har jeg engang for alle gjort mig til regel aldrig at lade trykke noget i <anchor type="lemma" xml:id="koB13_626"/>samlag med andre; hvad jeg skriver, vil jeg have udgivet for sig selv alene, og af denne grund har jeg allerede måttet afslå utallige lignende anmodninger. Nærmere at udvikle mine motiver i dette punkt vil lige overfor en i alle literære sager så erfaren mand, som De, formentlig være ganske overflødigt og det sker kun til overflod når jeg <pb n="[2]"/>udtaler det håb at De i min nødtvungne vægring ikke vil se noget andet eller mere, end jeg foran har antydet.</p>
<salute>Deres ærbødigst hengivne</salute>
<signed>Henrik Ibsen.</signed>
</div>
</body>
</text>