<?xml version="1.0" encoding="UTF-8"?><text xmlns="http://www.tei-c.org/ns/1.0" xmlns:HIS="http://www.example.org/ns/HIS" rend="letter" corresp="B18720321FG" xml:lang="da-no">
<body>
<div type="letter">
<dateline>Dresden, den <date>21. Marts 1872</date>.</dateline>
<salute>Herr Fr. Gjertsen!</salute>
<p>For nogen tid siden blev jeg i dobbelt henseende glædelig overrasket ved fra Deres egen hånd at modtage Deres <anchor type="lemma" xml:id="koB13_341"/>oversættelse af Horats’s «Ars poetica». Det glæded mig at få et påtageligt vidnesbyrd om, hvor vel skikket vort sprog er, når det benyttes på rette måde, til at gengive de antike tankers indhold og form, – og ikke mindre glædeligt var det mig at erfare, at De <anchor type="lemma" xml:id="koB13_342"/>i denne lange tid havde bevaret mig i venskabelig erindring.</p>
<p>At oversætte godt er en vanskelig sag. Det gælder jo ikke blot at oversætte meningen, men også til en viss grad at omdigte udtrykket og billederne samt endelig at lempe den ydre form efter det sprogs struktur og behov, hvori man oversætter. Jeg er således, for at tage et eksempel, meget i tvil om, hvorvidt <emph>
                                <HIS:hisRef type="person" target="Navneregister_HISe.xml#peCKFM">
                                    <anchor type="lemma" xml:id="koB13_343"/>Molbech</HIS:hisRef>
                            </emph> i sin oversættelse af «Divina commedia» har gjort ret i at benytte lutter <anchor type="lemma" xml:id="koB13_344"/>kvindelige rim. Havde det italienske sprog ejet mandlige rim, vilde <HIS:hisRef type="person" target="Navneregister_HISe.xml#peDan">Dante</HIS:hisRef> naturligvis have afvekslet dermed, og jeg finder det ikke rigtigt i en oversættelse til dansk at <anchor type="lemma" xml:id="koB13_345"/>påbyrde oversættelsen en mangel, hvorunder det danske sprog ikke lider. Sandt nok, man kan sige, at <anchor type="lemma" xml:id="koB13_346"/>de bløde rimendelser giver fordanskningen et slags italiensk anstrøg; men dette gælder kun for de enkeltes vedkommende, der kender originalen eller det italienske sprog overhovedet. Jeg mener, et digt bør oversættes således, som forfatteren selv vilde have digtet det, hvis han havde tilhørt det folk, for hvilket han oversættes.</p>
<p>I denne henseende forekommer det mig, at De har været ganske overordentlig heldig, og hertil bidrager ikke mindst den sikkre takt, hvormed De har truffet valget af <anchor type="lemma" xml:id="koB13_347"/>det rette versemål. <anchor type="lemma" xml:id="koB13_348"/>Heksametret er i vore nordiske sprog ubrugeligt. Både <emph>
                                <HIS:hisRef type="person" target="Navneregister_HISe.xml#peSMe">
                                    <anchor type="lemma" xml:id="koB13_349"/>Meisling</HIS:hisRef>
                            </emph> og <emph>
                                <HIS:hisRef type="person" target="Navneregister_HISe.xml#peCW">Wilster</HIS:hisRef>
                            </emph> har, i deres forøvrigt fortjenstfulde oversættelser, noksom bevist det. I dette fremmede versemål bliver meningen uklar og uoverskuelig; den fremmede klang, som derved meddeles sproget, lægger sig som en forstyrrende melodi imellem læseren og forståelsen af det læste. Det samme synes mig at være tilfældet med de tyske originaldigte, der er skrevne i heksametre. I <anchor type="lemma" xml:id="koB13_350"/>«Herrmann und Dorothea» er derved både skikkelser og situationer blevne stiliserede i en grad, som man ellers ikke finder hos <HIS:hisRef type="person" target="Navneregister_HISe.xml#peJWGo">Goethe</HIS:hisRef>, og som er uforenlig med vor tids fordring til det realistiske i gengivelsen –</p>
<p>Det har ofte undret mig, at De ikke har givet Dem ifærd med at oversætte <HIS:hisRef type="person" target="Navneregister_HISe.xml#peLBy">Byron</HIS:hisRef>. Efter de <anchor type="lemma" xml:id="koB13_351"/>prøver, De i sin tid meddelte i <HIS:hisRef type="org" target="Navneregister_HISe.xml#orgIN">«Nyhedsbladet»</HIS:hisRef>, synes jeg, at netop De måtte være manden. Det <anchor type="lemma" xml:id="koB13_352"/>engelske sprog er visstnok temmelig vel kendt hos os; men sagen er, at det især kendes i de klasser, hos hvilke man ikke tør forudsætte nogen særlig interesse for poetisk læsning. <anchor type="lemma" xml:id="koB13_353"/>Jeg kender ikke synderlig til Byron; men jeg har en følelse af, at hans værker, overførte i vort sprog, mægtig vilde bidrage til at feje en hel del <anchor type="lemma" xml:id="koB13_354"/>moralistiske fordomme ud af vor æstetiske betragtning, og derved var meget vundet. Vort publikums begreber lider under megen ufrihed; man blander de forskellige åndelige sfærer sammen; hvad der ikke kan bestå for vor vedtægtsmæssige nationale morals domstol, det får heller ikke lov til at bestå for den æstetiske. Men en udenlandsk autoritet imponerer; og ligesom det <anchor type="lemma" xml:id="koB13_355"/>digtende <HIS:hisRef type="place" target="Navneregister_HISe.xml#plD">Tyskland</HIS:hisRef>, efter hvad her erkendes, har behøvet Byron for at komme op på sit nuværende standpunkt, således mener jeg, at vi kunde behøve ham for at komme ud af vort. –</p>
<p>Først og fremst undrer jeg mig dog over, at De ikke med alt alvor har kastet Dem over den <anchor type="lemma" xml:id="koB13_356"/>direkte umiddelbare produktion; jeg kan ikke forstå, hvorledes der kan findes begavelse uden en tilsvarende trang, og jeg antager, at en <anchor type="lemma" xml:id="koB13_357"/>husinkvisition af Deres hemmelige gemmesteder vilde bringe aktstykker for dagen, der til overflod bekræfted min anskuelse. Forhåbentlig vil heller ikke offentliggørelsen længe lade vente på sig. I så fald kan jeg komme Dem til hjælp; jeg har nemlig endnu i mit værge en sonnet, som De i 1851 tilskrev mig ved tilbagesendelsen af en <anchor type="lemma" xml:id="koB13_358"/>lorgnet, De en aften havde lånt i <HIS:hisRef type="org" target="Navneregister_HISe.xml#orgStud">studentersamfundet</HIS:hisRef>. Det var afdøde <HIS:hisRef type="person" target="Navneregister_HISe.xml#peGHK">Georg Krohn</HIS:hisRef>, som formidled vor smule bekendtskab i den tid. Jeg véd ikke, om De husker det? Siden kom der under den uklare og famlende kamp for et gennembrudd mangt og meget tilsyne i mit væsen, der ikke kunde andet end rejse en skillemur imellem os. Mange af de bedste har jeg vundet under adskillelsen. Jeg regner Dem iblandt disse, og jeg stoler sikkert på, at jeg ved et personligt sammentræf ikke herefterdags skal <anchor type="lemma" xml:id="koB13_359"/>forspilde, hvad min udlændighed har erhvervet mig.</p>
<p>Der er en <anchor type="lemma" xml:id="koB13_360"/>liden kreds hjemme, som jeg altid må tænke på i forbindelse med Dem. Nogle af disse har jeg kendt mere, andre mindre; jeg beder Dem hilse dem alle. Jeg har ikke mange venner; jeg ønsker gerne at forøge deres tal, – og jeg risikerer intet derved; jeg udsætter mig visst ikke så snart for, af hensyn til mig selv og for min egen beroligelses skyld, at måtte opgive min hovedgrundsætning på alle felter og områder, den nemlig, at minoriteten altid har ret.</p>
<p>Lev hjertelig vel, og tak fordi De tænkte på mig!</p>
<salute>Venskabeligst Deres</salute>
<signed>Henrik Ibsen.</signed>
</div>
</body>
</text>