<?xml version="1.0" encoding="UTF-8"?><text xmlns="http://www.tei-c.org/ns/1.0" xmlns:HIS="http://www.example.org/ns/HIS" rend="letter" corresp="B18691227RS" xml:lang="da-no">
                <front>
<pb n="[a]"/>
<HIS:envelope type="envelope">
<address>
<addrLine>Herr Cand: mag: Rudolf Schmidt</addrLine>
<addrLine>Klareboderne, N<hi rend="raised">o</hi> 16.2.</addrLine>
<addrLine>Kopenhagen.</addrLine>
</address>
<stamp>fr:</stamp>
</HIS:envelope>
</front>
<body>
<div type="letter">
<dateline>
                            <pb n="[1]"/>Dresden, <date>27<hi rend="raised">de</hi> December 1869</date>. –</dateline>
<salute>Herr Cand: R: Schmidt.</salute>
<p>Hvis det forholder sig, som De siger, at De har tillskrevet mig to ubesvarede Breve, saa maa disse Breve have handlet om <anchor type="lemma" xml:id="koB12_2222"/>Deres Redaktionsanliggender, og i dette mig uvedkommende Emne har jeg intet at svare.</p>
<p>Det er mig ganske ligegyldigt enten den ærede Red: fortolker <anchor type="lemma" xml:id="koB12_2223"/>
                            <HIS:hisRef type="person" target="Navneregister_HISe.xml#peJLi">Sagfører Lies</HIS:hisRef> Skriverier fra et «socialt-politisk Synspunkt» eller ikke. Jeg har fundet to andre Synspunkter deri: <anchor type="lemma" xml:id="koB12_2224"/>Affektationens og <anchor type="lemma" xml:id="koB12_2225"/>Spaltebetalingens, intet vidre.</p>
<p>At <HIS:hisRef type="person" target="Navneregister_HISe.xml#peBB">Herr <anchor type="lemma" xml:id="koB12_2226"/>Bjørnsons</HIS:hisRef> onde Samvittighed bringer ham till at se en Fiende i den Mand, som han offentlig i manges Nærværelse paa det infameste har æreskjendt samtidigt med, ja maaske samme Dag, som han har tillskrevet denne Mand et langt Brev fuldt af de mest indtrængende <pb n="[2]"/>Venskabsforsikkringer, – hvilket altsammen lader sig dokumentere og med Vidner bevise, – det finder jeg saare naturligt.</p>
<p>Og naar jeg ser hen till <anchor type="lemma" xml:id="koB12_2227"/>det simple Slæng, som Hr: Bjørnson desværre er kommen ind i, Mennesker, som jeg vilde lade Gulvet feje efter, hvis de satte Foden i min Stue, saa finder jeg det ikke mindre naturligt at han tilltror mig den samme Gemenhed, som den, der danner Grundlaget for <anchor type="lemma" xml:id="koB12_2228"/>de Karles hele Taktik.</p>
<p>Men heraf følger ingenlunde nogen <HIS:hisRef type="tcNote" xml:id="noteT12_595" target="B1844-1871ht_noter.xml" corresp="noteT12_595">Forpligtelse</HIS:hisRef> fra min Side till gjennem en Protest at <anchor type="lemma" xml:id="koB12_2229"/>klarne, hvad deslige Personer maatte falde paa at brygge sammen.</p>
<p>Skulde jeg imidlertid føle mig foranlediget till et saadant Skridt, saa maa jeg sige Dem at min Modbydelighed for slett Selskab vilde nøde mig till at vælge et Organ, der ikke tæller <anchor type="lemma" xml:id="koB12_2230"/>Sagfører Lie blandt sine Medarbejdere. Bemeldte Herres Udnævnelse till Digter paa <HIS:hisRef type="place" target="Navneregister_HISe.xml#plTro">Tromsø</HIS:hisRef> giver ham intet forøget Værd i mine Øjne.</p>
<salute>ærb:</salute>
<signed>Henrik Ibsen.</signed>
</div>
</body>
</text>