<?xml version="1.0" encoding="UTF-8"?><text xmlns="http://www.tei-c.org/ns/1.0" xmlns:HIS="http://www.example.org/ns/HIS" rend="letter" corresp="B18671021JC" xml:lang="da-no">
<front>
<pb n="[a]"/>
<HIS:envelope type="sheet">
<address>
<addrLine>Herr Cand: magister Jonas Collin.</addrLine>
<addrLine>Adr: Dronningens Tvergade No 19.</addrLine>
<addrLine>Copenaghen.</addrLine>
<addrLine>(Danimarca.)</addrLine>
</address>
</HIS:envelope>
<pb n="[b]"/>
</front>
<body>
<div type="letter">
<dateline>
                            <pb n="[1]"/>Sorrento den <date>21<hi rend="raised">de</hi> October 1867</date>. –</dateline>
<salute>Kjære Herr Collin!</salute>
<p>Det er ganske visst uforsvarligt af mig først nu at besvare Deres venskabelige Brev; men <HIS:hisRef type="work" target="Navneregister_HISe.xml#woPG">et <anchor type="lemma" xml:id="koB12_1590"/>vidtløftigt literært Arbejde</HIS:hisRef> har i de mellemliggende Maaneder udelukkende lagt Beslag paa min Tid og afbrudt den <HIS:hisRef type="tcNote" xml:id="noteT12_457" target="B1844-1871ht_noter.xml" corresp="noteT12_457">Smule</HIS:hisRef> Brevvexling, jeg ellers fører med Venner i Hjemmet.</p>
<p>Tilltrods for denne min langvarige Taushed tør jeg dog forsikkre Dem, at De ofte, meget ofte, har været i mine Tanker. Vi taler ofte om Dem, og <anchor type="lemma" xml:id="koB12_1591"/>vort korte romerske Samvær skal stedse staa for mig som et kjært smukt og venligt Minde fra Rejsen.</p>
<p>Hjertelig Takk for den Glæde, De har forskaffet mig ved at sende mig Deres Portræt!</p>
<p>
                            <pb n="[2]"/>
                            <HIS:hisRef type="person" target="Navneregister_HISe.xml#peVB">Bergsøe</HIS:hisRef> har, som jeg haaber, bragt Dem en foreløbig Hilsen fra mig. Jeg har ialfald anmodet ham derom, og han har lovet det.</p>
<p>Deres Brev modtog jeg Dagen forinden vor Afrejse fra <HIS:hisRef type="place" target="Navneregister_HISe.xml#plRom">Rom</HIS:hisRef>. Siden har vi <anchor type="lemma" xml:id="koB12_1592"/>delt vor Tid væsentligt mellem <HIS:hisRef type="place" target="Navneregister_HISe.xml#plIsc">Ischia</HIS:hisRef> og <HIS:hisRef type="place" target="Navneregister_HISe.xml#plSorr">Sorrento</HIS:hisRef>. Mit nye Arbejde, et dramatisk Digt, der formodentlig udkommer i næste Maaned, har jeg fuldført her. Jeg har, efter Løfte, gjemt Haandskriftet till <HIS:hisRef type="person" target="Navneregister_HISe.xml#peEC">
                                <anchor type="lemma" xml:id="koB12_1593"/>Deres Hr: Faders Samling</HIS:hisRef>, og skal sende Dem Pakken med første Lejlighed.</p>
<p>Jeg haaber at Deres Sygdom nu for længe siden er overstaaet. For Deres venlige Brev kan jeg ikke noksom takke Dem; jeg er en daarlig Brevskriver og vil derfor helst oppsætte baade den Sag og meget andet till vi engang personligt mødes.</p>
<p>Med Bergsøe og <anchor type="lemma" xml:id="koB12_1594"/>Familje har vi fulgtes ad i Sommer. Vi kommer naturligvis temmelig ofte sammen; men nogen egentlig nærmere <pb n="[3]"/>Tillslutning vil der neppe blive Tale om mellem ham og mig. Vi bærer begge Skylden herfor. Hvad der hos mig staar i Vejen skal jeg ikke videre indlade mig paa. Bergsøe har meget godt i sit Væsen; men jeg tror ikke det kunde skade ham om han besad lidt mere Holdning, Karakter, Overbevisning og Selvstændighed, og, fremfor alt, om han forstod at værge sig mod Indflydelser udenfra. – Han har forøvrigt tillbragt en noget urolig Sommer; – <anchor type="lemma" xml:id="koB12_1595"/>paa Ischia Frygt for Jordskjælv, – Cholera i <HIS:hisRef type="place" target="Navneregister_HISe.xml#plNa">Neapel</HIS:hisRef>, – <anchor type="lemma" xml:id="koB12_1596"/>Briganter i Sorrento, og nu Krig med derhenhørende <HIS:hisRef type="person" target="Navneregister_HISe.xml#peGGa">
                                <anchor type="lemma" xml:id="koB12_1597"/>Garibaldister</HIS:hisRef> og opprevne Jernbaner i <HIS:hisRef type="place" target="Navneregister_HISe.xml#plVat">Pavestaten</HIS:hisRef>!</p>
<p>Tilltrods for alt dette sidste drager vi dog i næste Uge over <HIS:hisRef type="place" target="Navneregister_HISe.xml#plPom">Pompeji</HIS:hisRef> og Neapel till Rom for at tillbringe Vinteren der. Hvad de politiske Begivenheder vil føre till, er ikke godt at forudsige; men en Afgjørelse maa ganske visst komme inden kort Tid.</p>
<p>Skulde De, uagtet min Forsømmelighed, ved Tid og Lejlighed <pb n="[4]"/>ville sende mig nogle Linjer, saa skaffede De mig en virkelig Glæde. – <HIS:hisRef type="person" target="Navneregister_HISe.xml#peSuI">Min Kone</HIS:hisRef> hilser Dem mange Gange. Fra Skandinaverne i Rom har vi ingen Efterretninger. Den sørgelige Meddelelse om <anchor type="lemma" xml:id="koB12_1598"/>
                            <HIS:hisRef type="person" target="Navneregister_HISe.xml#peLASc">Schous Død</HIS:hisRef> i <HIS:hisRef type="place" target="Navneregister_HISe.xml#plFir">Florentz</HIS:hisRef> vil rimeligvis være Dem bekjendt; det var i Sandhed et Tab; Schou var en ualmindeligt lovende Kunstner.</p>
<p>Indlagt følger en Billet fra V: Bergsøe. Han siger at Deres Hr: Fader i et igaar ankommet Brev har været saa god at erindre mig; jeg beder Dem frembære min ærbødige Gjenhilsen.</p>
<p>Af Dagbladet ser jeg at der i <HIS:hisRef type="place" target="Navneregister_HISe.xml#plKbh">Kjøbenhavn</HIS:hisRef> er udbrudt en <anchor type="lemma" xml:id="koB12_1599"/>Pennekrig mellem Filosofer og Theologer. Jeg er ikke tillstrækkeligt inde i Sagen till at kunne danne mig nogen Mening derom; men jeg maa tillstaa at der i <HIS:hisRef type="person" target="Navneregister_HISe.xml#peGB">G: Brandes’s Opptræden</HIS:hisRef> ligger en ualmindelig Overbevisningens Kraft og Styrke. Jeg ved ikke om De er hans Ven eller Modstander; men for mig staar det klart at den Mand vil komme till at spille en stor Rolle i Videnskab og højere Livsforholde hjemme. Hermed vil jeg naturligvis intet have udtalt om mit personlige Forhold till hans Standpunkt.</p>
<p>Kjære Collin! Lev hermed vel for dennegang; og modtag i et og alt de hjerteligste og varmeste Hilsener fra</p>
<salute>Deres stedse hengivne</salute>
<signed>Henrik Ibsen.</signed>
</div>
</body>
</text>