<?xml version="1.0" encoding="UTF-8"?><text xmlns="http://www.tei-c.org/ns/1.0" xmlns:HIS="http://www.example.org/ns/HIS" rend="letter" corresp="B18700114PFS" xml:lang="da-no">
<body>
<div type="letter">
<dateline>
                            <pb n="[1]"/>Dresden den <date>14<hi rend="raised">de</hi> Januar 1870</date>. –</dateline>
<salute>Højstærede Herr Siebold!</salute>
<p>Jeg er Dem særdeles takknemmelig for Deres Underrettning angaaende <anchor type="lemma" xml:id="koB12_2271"/>min Biografi, hvilken jeg haaber <HIS:hisRef type="tcNote" xml:id="noteT12_606" target="B1844-1871ht_noter.xml" corresp="noteT12_606">De</HIS:hisRef> har fortsatt lige till den sidste Tid, og saaledes medtaget baade min egyptiske Rejse og <anchor type="lemma" xml:id="koB12_2272"/>
                            <HIS:hisRef type="work" target="Navneregister_HISe.xml#woUF">«De unges Forbund»</HIS:hisRef>. Det er mig kjært at De i <HIS:hisRef type="place" target="Navneregister_HISe.xml#plKri">Christiania</HIS:hisRef> selv har faaet Anledning till at dømme om Stykket; thi <anchor type="lemma" xml:id="koB12_2273"/>vor fælles Ven, <HIS:hisRef type="person" target="Navneregister_HISe.xml#peHCTh">Herr Thaulow</HIS:hisRef>, er visstnok <anchor type="lemma" xml:id="koB12_2274"/>af politiske Grunde en afgjort Modstander deraf. Jeg antager at <anchor type="lemma" xml:id="koB12_2275"/>Biografien i væsentlig Grad vil bidrage till at fjerne Vanskelighederne ved at finde en Forlægger till <HIS:hisRef type="work" target="Navneregister_HISe.xml#woBr">«Brand»</HIS:hisRef>.</p>
<p>I det Haab at disse Linjer vil <anchor type="lemma" xml:id="koB12_2276"/>indtræffe før Deres Afrejse fra <HIS:hisRef type="place" target="Navneregister_HISe.xml#plKas">Cassel</HIS:hisRef> tegner jeg mig i al Hast</p>
<salute>venskabeligst Deres hengivne</salute>
<signed>Henrik Ibsen.</signed>
</div>
</body>
</text>