<?xml version="1.0" encoding="UTF-8"?><text xmlns="http://www.tei-c.org/ns/1.0" xmlns:HIS="http://www.example.org/ns/HIS" rend="letter" corresp="B18710301FH" xml:lang="da-no">
<body>
<div type="letter">
<dateline>
                            <pb n="[1]"/>Dresden den <date>1<hi rend="raised">ste</hi> Marts 1871</date>. –</dateline>
<salute>Kære herr Hegel!</salute>
<p>Tilgiv at jeg i denne rimeligvis travle tid igen ulejliger Dem. Jeg trænger nemlig til penge og beder Dem derfor vise mig den tjeneste at lade hæve mit <anchor type="lemma" xml:id="koB12_3065"/>honorar for <HIS:hisRef type="work" target="Navneregister_HISe.xml#woKE">«Kongs-emnerne»</HIS:hisRef> ved det kongelige theater samt deraf at sende mig 200 Rdlr på sædvanlig måde.</p>
<p>De <anchor type="lemma" xml:id="koB12_3066"/>to længere digte, hvis tekst jeg har fremsendt på tryk, anbefales særligt til <HIS:hisRef type="person" target="Navneregister_HISe.xml#peAuLa">
                                <anchor type="lemma" xml:id="koB12_3067"/>korrektørens</HIS:hisRef> opmærksomhed. Jeg er nemlig ikke ganske viss på at de er fri for trykfejl. Findes sådanne, vil de dog let bemærkes.</p>
<p>I de sidste dage har vi her havt fuldstændigt forårsvejr; hjemme i Norden begynder vel også vinteren at vige.</p>
<p>Hjertelige hilsener til Dem og <HIS:hisRef type="person" target="Navneregister_HISe.xml#peJH">Deres søn</HIS:hisRef> fra</p>
<salute>Deres stedse hengivne</salute>
<signed>Henrik Ibsen.</signed>
</div>
<div type="postscript">
<p>P. S. I breve fra hjemmet fortælles mig at <anchor type="lemma" xml:id="koB12_3068"/>en norsk tysker skal have <HIS:hisRef type="tcNote" xml:id="noteT12_738" target="B1844-1871ht_noter.xml" corresp="noteT12_738">oversat</HIS:hisRef> mit <HIS:hisRef type="work" target="Navneregister_HISe.xml#woBall">«Ballonbrev»</HIS:hisRef> og sendt det til de «preussiske autoriteter»!!</p>
</div>
</body>
</text>