<?xml version="1.0" encoding="UTF-8"?><text xmlns="http://www.tei-c.org/ns/1.0" xmlns:HIS="http://www.example.org/ns/HIS" rend="letter" corresp="B18670808FH" xml:lang="da-no">
                <body>
<div type="letter">
<dateline>
                            <pb n="[1]"/>Villa Pisani, Casamicciola. Ischia den <date>8<hi rend="raised">de</hi> August 1867</date>. –</dateline>
<salute>Kjære Herr Cancelliraad Hegel!</salute>
<p>Herved tillader jeg mig efter længe forsømt Skyldighed at takke for og erkjende Modtagelsen af Deres ærede Skrivelse med indlagt Vexel paa 600 frcs, hvilken kom mig ihænde i <HIS:hisRef type="place" target="Navneregister_HISe.xml#plRom">Rom</HIS:hisRef> sidstleden 9<hi rend="raised">de</hi> Mai. Dernæst har jeg at tillmelde Dem at jeg idag gjennem <HIS:hisRef type="person" target="Navneregister_HISe.xml#peDD">Generalkonsul Danchertsen</HIS:hisRef> i <HIS:hisRef type="place" target="Navneregister_HISe.xml#plNa">Neapel</HIS:hisRef> sender Dem Manuscriptet till de tre første Akter af mit nye Arbejde, betitlet: <HIS:hisRef type="work" target="Navneregister_HISe.xml#woPG">Peer Gynt, et dramatisk Digt</HIS:hisRef>. Forhaabentlig modtager De Pakken omtrent samtidigt med disse Linjer. Det afsendte vil i Trykk udgjøre <anchor type="lemma" xml:id="koB12_1543"/>omkring 120 Sider, og det resterende ligesaameget. <anchor type="lemma" xml:id="koB12_1544"/>4<hi rend="raised">de</hi> Akt haaber jeg at kunne sende Dem ved Maanedens Slutning og det øvrige om ikke rett lang Tid derefter. Nu er jeg nysgjærrig efter at høre hvorledes det behager Dem. Jeg selv har godt Haab. Hvis det kan interessere Dem at vide, saa er <HIS:hisRef type="person" target="Navneregister_HISe.xml#pePGy">Peer Gynt</HIS:hisRef> en virkelig Person, der har levet i <HIS:hisRef type="place" target="Navneregister_HISe.xml#plGud">Gudbrandsdalen</HIS:hisRef>, rimeligvis i Slutningen af <pb n="[2]"/>forrige eller i Begyndelsen af dette Aarhundrede. Hans Navn er endnu godt kjendt blandt Almuen deroppe, men om hans Bedrifter ved man nok ikke synderlig mer, end hvad der findes i <anchor type="lemma" xml:id="koB12_1545"/>
                            <HIS:hisRef type="person" target="Navneregister_HISe.xml#pePCA">Asbjørnsens</HIS:hisRef> «Norske Huldreeventyr» (i Stykket: «Højfjeldsbilleder».) Det er saaledes ikke meget, jeg har havt at bygge Digtet paa, men desto større Frihed har der da altsaa ogsaa været levnet mig. Det skulde interessere mig at vide hvad <HIS:hisRef type="person" target="Navneregister_HISe.xml#peCP">Clemens Petersen</HIS:hisRef> siger derom. – Men, under Forudsættning af at De er fornøjet med Arbejdet, bliver Spørgsmaalet <anchor type="lemma" xml:id="koB12_1546"/>om De ønsker Bogen ud till Jul. Jeg seer naturligvis dette helst, men overlader forøvrigt Sagen till Dem. Endvidere tillader jeg mig, benyttende mig af Deres tidligere godhedsfulde Tillbud, at anmode Dem om et Forskud stort 200 Rdlr: hvilken Sum, i Forbindelse med det lille Beløb der henstaar hos Dem, jeg ønskede at modtage i Vexel paa Paris og i recomanderet Brev adresseret: Cavaliere D: <emph>Danchertsen</emph>. Console-Generale di Danimarca. <emph>Vico calanzione</emph>. <emph>Pizzofalcone</emph>. <HIS:hisRef type="place" target="Navneregister_HISe.xml#plNa">
                                <emph>Napoli</emph>
                            </HIS:hisRef>. Kunde jeg haabe <emph>henimod Maanedens Slutning</emph> at forefinde et saadant Brev i Neapel, vilde jeg være Dem meget takknemmelig. Jeg <anchor type="lemma" xml:id="koB12_1547"/>rejser nemlig paa den Tid till <HIS:hisRef type="place" target="Navneregister_HISe.xml#plSorr">Sorrento</HIS:hisRef>, for <pb n="[3]"/>dersteds at lægge den sidste Haand paa mit Arbejde. Her paa Ischia har vi boet siden Midten af Mai Maaned. Heden har undertiden gaaet opp till <anchor type="lemma" xml:id="koB12_1549"/>30 Grader Reaumur, og da maa man være stærk, som jeg Gud ske <HIS:hisRef type="tcNote" xml:id="noteT12_442" target="B1844-1871ht_noter.xml" corresp="noteT12_442">Lov</HIS:hisRef> er, for at kunne arbejde med godt Humeur.</p>
<p>Hvorledes gaar det med <anchor type="lemma" xml:id="koB12_1548"/>Afsættningen af <HIS:hisRef type="work" target="Navneregister_HISe.xml#woKK">«Kjærlighedens Komedie»</HIS:hisRef>? Jeg vil dog haabe at De ikke kommer altfor galt fra den Sag? Jeg tænker ofte derpaa.</p>
<p>
                            <HIS:hisRef type="person" target="Navneregister_HISe.xml#peVB">V: Bergsøe</HIS:hisRef>, som ogsaa <anchor type="lemma" xml:id="koB12_1550"/>med Familje oppholder sig her, vedlægger <anchor type="lemma" xml:id="koB12_1551"/>et Manuscript. Jeg beder Dem efter bedste Skjøn at fordele <HIS:hisRef type="tcNote" xml:id="noteT12_443" target="B1844-1871ht_noter.xml" corresp="noteT12_443">
                                <anchor type="lemma" xml:id="koB12_1552"/>Forsendelsesomkostningerne</HIS:hisRef> paa begge Afsendere og <HIS:hisRef type="tcNote" xml:id="noteT12_444" target="B1844-1871ht_noter.xml" corresp="noteT12_444">foreløbig</HIS:hisRef> føre mig min Part i Regning.</p>
<p>
                            <HIS:hisRef type="person" target="Navneregister_HISe.xml#peCKFM">Molbech</HIS:hisRef>, <HIS:hisRef type="person" target="Navneregister_HISe.xml#peGB">G. Brandes</HIS:hisRef> og Clemens Petersen bedes hilsede, og i Forventning om rett snart at modtage nogle Linjer fra Dem tegner jeg mig</p>
<salute>Deres ærbødige og hengivne</salute>
<signed>Henrik Ibsen.</signed>
</div>
</body>
</text>