<?xml version="1.0" encoding="UTF-8"?><text xmlns="http://www.tei-c.org/ns/1.0" xmlns:HIS="http://www.example.org/ns/HIS" rend="letter" corresp="B18721230JHT" xml:lang="da-no">
<body>
<div type="letter">
<head type="letter">
                            <pb n="[1]"/>Fuldmagt.</head>
<p>Herved bemyndiges herr bureauchef J. H. Thoresen på mine vegne at hæve og kvittere for det mig ved <HIS:hisRef type="org" target="Navneregister_HISe.xml#orgChrTh">Kristiania theater</HIS:hisRef> tilkommende <anchor type="lemma" xml:id="koB13_701"/>honorar for <HIS:hisRef type="work" target="Navneregister_HISe.xml#woKK">«Kærlighedens Komedie»</HIS:hisRef>.</p>
<dateline>Dresden den <date>30<hi rend="raised">te</hi> December 1872</date>.</dateline>
<signed>Henrik Ibsen</signed>
<pb n="[2]"/>
<pb n="[3]"/>
<pb n="[4]"/>
</div>
</body>
</text>