<?xml version="1.0" encoding="UTF-8"?><text xmlns="http://www.tei-c.org/ns/1.0" xmlns:HIS="http://www.example.org/ns/HIS" rend="letter" corresp="B18651025FH" xml:lang="da-no">
                <body>
<div type="letter">
<dateline>
                            <pb n="[1]"/>Rom den <date>25<hi rend="raised">de</hi> October 1865</date>.</dateline>
<salute>Hr: <HIS:hisRef type="tcNote" xml:id="noteT12_247" target="B1844-1871ht_noter.xml" corresp="noteT12_247">Cancelliraad</HIS:hisRef> F: Hegel. <HIS:hisRef type="place" target="Navneregister_HISe.xml#plKbh">Kjøbenhavn</HIS:hisRef>.</salute>
<p>Idet jeg aflægger min forbindtligste Takk for <anchor type="lemma" xml:id="koB12_958"/>den gjennem <HIS:hisRef type="person" target="Navneregister_HISe.xml#peBB">B. Bjørnson</HIS:hisRef> modtagne Vexel, har jeg herved den Fornøjelse at <HIS:hisRef type="tcNote" xml:id="noteT12_248" target="B1844-1871ht_noter.xml" corresp="noteT12_248">fremsende</HIS:hisRef> <HIS:hisRef type="work" target="Navneregister_HISe.xml#woBr">Manuscriptet</HIS:hisRef> till de første hundrede Sider af <anchor type="lemma" xml:id="koB12_959"/>mit nye Arbejde. Resten skal følge enten samlet eller i to Forsendinger i Løbet af 14 Dage. Det hele udgjør omtrent 280 Sider. Jeg skulde meget ønske at Bogen, hvad Format, Typer o.s.v, angaar, maatte <anchor type="lemma" xml:id="koB12_960"/>udstyres som Bjørnsons dramatiske Arbejder. – I <HIS:hisRef type="tcNote" xml:id="noteT12_249" target="B1844-1871ht_noter.xml" corresp="noteT12_249">Afskriften</HIS:hisRef> findes ingen Skrivfejl af noget Slags, og da <HIS:hisRef type="tcNote" xml:id="noteT12_250" target="B1844-1871ht_noter.xml" corresp="noteT12_250">Haandskriften</HIS:hisRef> formentlig er tydelig vover jeg at haabe at ingen <HIS:hisRef type="tcNote" xml:id="noteT12_251" target="B1844-1871ht_noter.xml" corresp="noteT12_251">Trykfejl</HIS:hisRef> indløber i Bogen. <anchor type="lemma" xml:id="koB12_961"/>Postforsendelsen af Manuskriptet er kostbar, men jeg finder mig naturligvis i at dette medtages i Beregningen ved det endelige Oppgjør. Idet jeg endnu engang aflægger min Takk for den af Hr. Cancelliraaden udviste Tillid og Velvilje tegner jeg mig</p>
<salute>Deres ærbødige</salute>
<signed>Henr: Ibsen</signed>
</div>
<div type="postscript">
<p>P. S.</p>
<p>Tør jeg udbede mig at <anchor type="lemma" xml:id="koB12_962"/>indlagte Billet maa blive nedlagt i en Postkasse, samt at jeg med et Par Ord <anchor type="lemma" xml:id="koB12_963"/>underrettes om Modtagelsen af Manuscriptet; Postgangen gjennem <HIS:hisRef type="place" target="Navneregister_HISe.xml#plIt">Italien</HIS:hisRef> er ikke sikker.</p>
</div>
</body>
</text>