<?xml version="1.0" encoding="UTF-8"?><text xmlns="http://www.tei-c.org/ns/1.0" xmlns:HIS="http://www.example.org/ns/HIS" rend="letter" corresp="B18660415KongK4" xml:lang="da-no">
                <body>
<div type="letter">
<salute>
                            <pb n="[1]"/>Til Hans Majestæt Kongen!</salute>
<p>Underskrevne Henrik Ibsen ansøger herved underdanigst om at det naadigst maatte behage <anchor type="lemma" xml:id="koB12_1123"/>Deres Majestæt gjennem den Kongelige norske Regjering at lade fremsætte til det nu forsamlede <HIS:hisRef type="org" target="Navneregister_HISe.xml#orgStort">Storthing</HIS:hisRef> <anchor type="lemma" xml:id="koB12_1124"/>Proposition om at der til mig bevilges en aarlig Gage af 400 Spd<hi rend="raised">lr</hi>, for derved at sætte mig istand til udelukkende at kunne leve for mit Kald som Digter.</p>
<p>Efterat der i to paa hinanden følgende Aar, 1862 og 1863, var mig ved Kongelig <anchor type="lemma" xml:id="koB12_1125"/>Resolution bevilget Stipendier, hvert paa 100 Sp<hi rend="raised">d</hi> for i et Par Sommermaaneder at foretage indenlandske Rejser, tilstodes der mig i 1863 et Stipendium, stort 400 Sp<hi rend="raised">d</hi>, af <anchor type="lemma" xml:id="koB12_1126"/>Fondet til Videnskabsmænds og Kunstneres Rejser i Udlandet, hvorefter jeg i Begyndelsen af Aaret 1864 tiltraadte en Udenlandsrejse, og har siden den Tid væsentlig opholdt mig i <HIS:hisRef type="place" target="Navneregister_HISe.xml#plIt">Italien</HIS:hisRef>.</p>
<p>Den første Frugt af min Rejse foreligger nu for Offentligheden gjennem mit for nylig i <HIS:hisRef type="place" target="Navneregister_HISe.xml#plKbh">Kjøbenhavn</HIS:hisRef> udgivne <anchor type="lemma" xml:id="koB12_1127"/>dramatiske Digt, betitlet <HIS:hisRef type="work" target="Navneregister_HISe.xml#woBr">«Brand»</HIS:hisRef>, som allerede nu, faa Uger efter Offentliggjørelsen har tiltrukket sig Opmærksomhed ogsaa <anchor type="lemma" xml:id="koB12_1128"/>udenfor <HIS:hisRef type="place" target="Navneregister_HISe.xml#plN">mit Fædrelands Grændser</HIS:hisRef>; men af de modtagne Taksigelsesyttringer kan jeg ikke leve, og det efter Forholdene <pb n="[2]"/>forøvrigt rigelige Forfatterhonorar er ligeledes utilstrækkeligt til at sætte mig istand til at fortsætte min Rejse og idethele taget betrygge selv min nærmeste Fremtid.</p>
<p>Det er efter <anchor type="lemma" xml:id="koB12_1129"/>Raad, indløbet pr: Telegraf fra mine Venner i <HIS:hisRef type="place" target="Navneregister_HISe.xml#plKri">Christiania</HIS:hisRef>, at jeg vover dette usædvanlige Skridt, direkte at henvende mig med min underdanigste Ansøgning til Deres Majestæt.</p>
<p>Vi havde <anchor type="lemma" xml:id="koB12_1130"/>tidligere troet at der om et Aar skulde have været Anledning til gjennem erhvervet Kongelig Proposition at faa min Sag frem for et da forsamlet Storthing; men nu viser det sig at der maa ventes i tre Aar, og dette kan jeg ikke.</p>
<p>Det er ikke for et sorgfrit Udkomme jeg her kjæmper, men for <anchor type="lemma" xml:id="koB12_1131"/>den Livsgjerning, som jeg uryggelig tror og veed at Gud har lagt paa mig, – den Livsgjerning, der staar for mig som den vigtigste og fornødneste i Norge, den, at vække Folket og bringe det til at tænke stort.</p>
<p>
                            <anchor type="lemma" xml:id="koB12_1132"/>Det private Forslag, som man har sagt mig at flere <HIS:hisRef type="tcNote" xml:id="noteT12_319" target="B1844-1871ht_noter.xml" corresp="noteT12_319">Medlemmer</HIS:hisRef> af Storthinget vil fremsætte, har ingen Udsigt til at drives igjennem; en Henvendelse til Regjeringen tillader Tiden ikke.</p>
<p>Min Konge er derfor mit eneste og sidste Haab.</p>
<p>Det hviler i Deres Majestæts Kongelige Haand om jeg skal maatte tie og bøje mig under den bittreste Forsagelse, som kan ramme et Menneskes Sjæl, – den Forsagelse, at maatte slippe sin Gjerning i Livet, at maatte vige der, hvor jeg veed at der er givet mig Aandens Vaaben til at kjæmpe; <pb n="[3]"/>og dette er for mig tifold tungt; thi jeg har indtil denne Dag aldrig veget.</p>
<p>Men jeg er trøstig; thi naar jeg her har betegnet min Livsgjerning som skeet er, saa veed jeg ogsaa at jeg derved har betegnet mig selv som en Stridsmand under Deres Majestæts <anchor type="lemma" xml:id="koB12_1133"/>aandelige Banner.</p>
<dateline>Rom den <date>15<hi rend="raised">de</hi> April 1866</date>.</dateline>
<salute>underdanigst</salute>
<signed>Henrik Ibsen</signed>
</div>
</body>
</text>