<?xml version="1.0" encoding="UTF-8"?><text xmlns="http://www.tei-c.org/ns/1.0" xmlns:HIS="http://www.example.org/ns/HIS" rend="letter" corresp="B18570717PBH" xml:lang="da-no">
                <front>
<pb n="[a]"/>
<HIS:envelope type="sheet">
<address>
<addrLine>Hr. stud: philologiæ Paul Botten-Hansen</addrLine>
<addrLine>Adr: Kjøb<hi rend="raised">md</hi> Haslunds Gaard</addrLine>
<addrLine>Hjørnet af Kongens Gade og Raadhusgaden</addrLine>
<addrLine>Christiania</addrLine>
</address>
<stamp>Betalt</stamp>
</HIS:envelope>
</front>
<body>
<div type="letter">
<salute>
                            <pb n="[1]"/>Min kjære Ven!</salute>
<p>Imorgen reiser jeg herfra for at gjøre <anchor type="lemma" xml:id="koB12_370"/>en Tour paa 2–3 Uger til <HIS:hisRef type="place" target="Navneregister_HISe.xml#plKri">Christiania</HIS:hisRef>; skulde Du tilfældigviis vide Besked om hvor <anchor type="lemma" xml:id="koB12_371"/>et skikkeligt Værelse for en saadan Tid kunde erholdes saa beviste Du mig en stor Tjeneste. – Jeg vil haabe at Brevet træffer Dig i Byen og stoler paa at <anchor type="lemma" xml:id="koB12_372"/>Nyhedsbladet holder Dig fast – selv nu <anchor type="lemma" xml:id="koB12_373"/>medens Alverden trækkes ud paa Landet – thi min Hovedhensigt med Reisen er at more mig og gjensee gamle Venner. – I største Hast!</p>
<dateline>Bergen <date>
                                <HIS:hisRef type="tcNote" xml:id="noteT12_129" target="B1844-1871ht_noter.xml" corresp="noteT12_129">17</HIS:hisRef>-7-57</date>
                        </dateline>
<salute>venskabeligst</salute>
<signed>Henr: Ibsen</signed>
</div>
</body>
</text>