<?xml version="1.0" encoding="UTF-8"?><text xmlns="http://www.tei-c.org/ns/1.0" xmlns:HIS="http://www.example.org/ns/HIS" rend="letter" corresp="B18661005MB" xml:lang="da-no">
<body>
<div type="letter">
<dateline>
                            <pb n="[1]"/>Rom den <date>5<hi rend="raised">te</hi> October 1866</date>. –</dateline>
<salute>Kjære Ven!</salute>
<p>Først og fremst maa jeg tillskrive Dig og, som jeg tror jeg har Grund till, takke Dig for <anchor type="lemma" xml:id="koB12_1380"/>det modtagne fornyede Stipendium. <HIS:hisRef type="person" target="Navneregister_HISe.xml#peJHT">
                                <anchor type="lemma" xml:id="koB12_1381"/>Min Svoger</HIS:hisRef> skriver at det er mig bevilget ifølge en af ham indleveret Ansøgning; men da Du i et <HIS:hisRef type="tcNote" xml:id="noteT12_403" target="B1844-1871ht_noter.xml" corresp="noteT12_403">tidligere</HIS:hisRef> Brev har antydet at der burde søges om 750 Sp for mig, og da dette Beløb netop udkommer ved at lægge <anchor type="lemma" xml:id="koB12_1382"/>min Gage og Stipendiet sammen, og da Du endvidre har vist Dig forøvrigt saa virksom for mig, saa tør jeg antage <anchor type="lemma" xml:id="koB12_1383"/>at Du, (og maaske andre gode Mænd) ogsaa i denne Sag har staaet bagved. Altsaa, som sagt, hjertelig Takk! <HIS:hisRef type="person" target="Navneregister_HISe.xml#peFStang">Statsraad Stang</HIS:hisRef> har jeg ogsaa i Sommer tillskrevet et Takkebrev.</p>
<p>Men nu en anden Sag, som Du maa klare for mig. <HIS:hisRef type="person" target="Navneregister_HISe.xml#peFH">Hegel</HIS:hisRef> vil udgive et nyt Opplag af <HIS:hisRef type="work" target="Navneregister_HISe.xml#woKK">«Kjærlighedens Komedie»</HIS:hisRef>, gjennemseet og rettet. Jeg faar herfor et Honorar, for hvilket jeg till Sommeren <anchor type="lemma" xml:id="koB12_1384"/>agter at rejse till <HIS:hisRef type="place" target="Navneregister_HISe.xml#plPa">Paris</HIS:hisRef> og derefter till <HIS:hisRef type="place" target="Navneregister_HISe.xml#plHe">Grækenland</HIS:hisRef>. Men hans Betingelse er, at de resterende Expl: af 1<hi rend="raised">ste</hi> Opplag trækkes ud af Boghandelen. Disse kan ikke være mange. Jeg solgte, som Du ved, i sin Tid Digtets 1<hi rend="raised">ste</hi> Opl: for at tjene Nyhedsbladets Abonnenter till <anchor type="lemma" xml:id="koB12_1385"/>Nytaarsgave og <anchor type="lemma" xml:id="koB12_1387"/>tillod <HIS:hisRef type="person" target="Navneregister_HISe.xml#peJLi">Jonas Lie</HIS:hisRef> dengang at tage nogle <anchor type="lemma" xml:id="koB12_1386"/>overkomplette Aftryk, hvoraf <HIS:hisRef type="person" target="Navneregister_HISe.xml#peJDy">Dybwad</HIS:hisRef> formentlig nu er Indehaver. Tal nu till ham (eller andre Vedkommende) med al din overbevisende Kraft, tag andre med Dig om det skulde behøves! Forestill ham, at den norske Udgave er saagodtsom <emph>værdiløs</emph>, hvilket han visst har erfaret; sig ham at dette er en stor Sag for en <pb n="[2]"/>landflygtig Poet; gjør ham oppmærksom paa at han ved at <anchor type="lemma" xml:id="koB12_1388"/>gjøre de resterende Expl: i Makulatur, vil, ved at forhandle den nye rettede Udgave, ikke lide noget Tab men bevise mig en stor Tjeneste. Juridisk taget maatte jeg kunne holde mig till Jonas Lie, der vel maa kunne skjønne at han for <anchor type="lemma" xml:id="koB12_1389"/>det latterlig ussle Honorar ingen Rett har udenfor den, at forsyne Nyhedsbladets daværende Abonnenter. Men dette vilde kræve Tid og Tiden er her kostbar, naar Bogen, som bestemt, skal være færdig og oppsendt till <HIS:hisRef type="place" target="Navneregister_HISe.xml#plN">Norge</HIS:hisRef> i <emph>November</emph>. Tag <HIS:hisRef type="person" target="Navneregister_HISe.xml#peOAB">
                                <HIS:hisRef type="tcNote" xml:id="noteT12_404" target="B1844-1871ht_noter.xml" corresp="noteT12_404">Backe,</HIS:hisRef>
                            </HIS:hisRef> <HIS:hisRef type="person" target="Navneregister_HISe.xml#peJLo">Løkke</HIS:hisRef>, <HIS:hisRef type="person" target="Navneregister_HISe.xml#pePBH">Botten-Hansen</HIS:hisRef>, <HIS:hisRef type="person" target="Navneregister_HISe.xml#peJES">Sars</HIS:hisRef>, <HIS:hisRef type="person" target="Navneregister_HISe.xml#peLDa">
                                <anchor type="lemma" xml:id="koB12_1389a"/>Daae</HIS:hisRef> o. s. v med Dig, gaa i Prosession till Vedkommende og slipp ham ikke før Sagen er klaret! Saasnart dette er skeet beder jeg Dig med et Par Ord at underrette Hegel om Udfaldet; han venter paa denne Efterrettning for at paabegynde Trykningen. Men hold Affæren forresten <anchor type="lemma" xml:id="koB12_1390"/>hemmeligt for <HIS:hisRef type="person" target="Navneregister_HISe.xml#peBB">Bjørnson</HIS:hisRef> og andre; jeg frygter ellers, <emph>mellem os sagt</emph>, <anchor type="lemma" xml:id="koB12_1391"/>Kontramanøvrer. Kjære Birkeland, Du ser jeg trækker Vexler paa Din Tid og dit Venskab; men dette er en stor, meget stor Sag, for mig; strander den, saa gaar min græske Rejse i Vasken! – Lad ikke Hegel vente længere end aller-højst nødvendigt; det gjennemseede og rettede Expl: har han alt faaet. – Takk Løkke gjentagende for hans Brev og bed ham om ved første Lejlighed at huske <anchor type="lemma" xml:id="koB12_1392"/>Gramatikken.</p>
<p>Vi har levet <anchor type="lemma" xml:id="koB12_1393"/>i Bjergene isommer og kom tillbage først i October. Gaar alt vel bliver <HIS:hisRef type="person" target="Navneregister_HISe.xml#peSuI">min Kone</HIS:hisRef> i <HIS:hisRef type="place" target="Navneregister_HISe.xml#plSorr">
                                <anchor type="lemma" xml:id="koB12_1394"/>Sorrent</HIS:hisRef> næste Sommer mens jeg drager ud. Intet nyt herfra; men megen Uro og Forventning. <HIS:hisRef type="person" target="Navneregister_HISe.xml#peChar">
                                <anchor type="lemma" xml:id="koB12_1395"/>Kejserinden af Mexico</HIS:hisRef> er ankommen hertill og er gaaet fra Forstanden; <anchor type="lemma" xml:id="koB12_1396"/>Fremmedlegionen er rykket ind og det siges at Franskmændene skal <anchor type="lemma" xml:id="koB12_1397"/>bort inden Jul. – <anchor type="lemma" xml:id="koB12_1398"/>Bryder Revolutionen <pb n="[3]"/>løs, agter vi at proviantere os godt for nogle Dage og lukke os inde indtill det værste er over; <anchor type="lemma" xml:id="koB12_1399"/>de Pavelige vil ikke gjøre lang Modstand. – Hils <HIS:hisRef type="person" target="Navneregister_HISe.xml#peMBi">din Kone</HIS:hisRef> og forøvrigt alle fælles Bekjendte. – Jeg venter et godt Udfald af denne <anchor type="lemma" xml:id="koB12_1400"/>Mission, som jeg haaber Du tillgiver at jeg bebyrder Dig med. Lev hjertelig vel saalænge og vær baade hilset og takket af</p>
<salute>Din hengivne</salute>
<signed>Henrik Ibsen.</signed>
</div>
</body>
</text>