<?xml version="1.0" encoding="UTF-8"?><text xmlns="http://www.tei-c.org/ns/1.0" xmlns:HIS="http://www.example.org/ns/HIS" rend="letter" corresp="Budat1856-58JCDa" xml:lang="da-no">
                <front>
<pb n="[a]"/>
<HIS:envelope type="sheet">
<address>
<addrLine>Hr. Kirketjener Dahl</addrLine>
<addrLine>Bergen</addrLine>
</address>
</HIS:envelope>
</front>
<body>
<div type="letter">
<p>
                            <pb n="[1]"/>Min kjære Dahl! Jeg veed jeg kan stole paa Dem. <anchor type="lemma" xml:id="koB12_429"/>Besørg Indlagte, men endnu iaften hvis <HIS:hisRef type="tcNote" xml:id="noteT12_148" target="B1844-1871ht_noter.xml" corresp="noteT12_148">det</HIS:hisRef> kan skee.</p>
<salute>forb:</salute>
<signed>Henr: Ibsen</signed>
</div>
</body>
</text>