<?xml version="1.0" encoding="UTF-8"?><text xmlns="http://www.tei-c.org/ns/1.0" xmlns:HIS="http://www.example.org/ns/HIS" rend="letter" corresp="B18740921ThK" xml:lang="da-no">
<body>
<div type="letter">
<dateline rend="opener">
                            <pb n="[1]"/>Kristiania den <date>21<hi rend="raised">de</hi> September 1874</date>.</dateline>
<salute rend="opener">Herr professor Kjerulf.</salute>
<p>Idet jeg på min hustrus og egne vegne frembærer en hjertelig tak for <anchor type="lemma" xml:id="koB15_3557"/>Deres og Deres ærede frues visit og indbydelse, tillader jeg mig herved skriftligt at gentage, hvad jeg igår i al skynding måtte indskrænke mig til at meddele mundtligt, <HIS:hisRef type="tcNote" xml:id="noteT15_1043" target="B1871-1879ht_noter.xml" corresp="noteT15_1043">nemlig</HIS:hisRef> at det vil være os en stor glæde at indfinde os imorgen, Tirsdag, kl: 4.</p>
<salute rend="closer">Deres særdeles forbundne</salute>
<signed>Henrik Ibsen.</signed>
<pb n="[2]"/>
<pb n="[3]"/>
<pb n="[4]"/>
</div>
</body>
</text>