<?xml version="1.0" encoding="UTF-8"?><text xmlns="http://www.tei-c.org/ns/1.0" xmlns:HIS="http://www.example.org/ns/HIS" rend="letter" corresp="B18651204CP" xml:lang="da-no">
<front>
<pb n="[a]"/>
<HIS:envelope type="sheet">
<address>
<addrLine>Hr: Clemens Petersen.</addrLine>
<addrLine>Kjøbenhavn.</addrLine>
</address>
</HIS:envelope>
</front>
<body>
<div type="letter">
<dateline>
                            <pb n="[1]"/>Rom den <date>4<hi rend="raised">de</hi> December 1865</date>.</dateline>
<salute>Hr Clemens Petersen!</salute>
<p>
                            <anchor type="lemma" xml:id="koB12_1033"/>Til Jul udkommer af mig <HIS:hisRef type="work" target="Navneregister_HISe.xml#woBr">et dramatisk Digt</HIS:hisRef>, som jeg herved <HIS:hisRef type="tcNote" xml:id="noteT12_279" target="B1844-1871ht_noter.xml" corresp="noteT12_279">paa</HIS:hisRef> det indstændigste beder Dem tage Dem af saa meget som Deres Samvittighed paa nogen Maade tillader. Usseldommen og Trøstesløsheden hjemme har drevet mig til at se ind i mig selv og ind i Forholdene; deraf er Digtets Stemning og Indhold fremstaaet. <anchor type="lemma" xml:id="koB12_1034"/>De har engang skrevet om mig at den versificerede Form med det Symbolske bagved var min naturligste Retning. Jeg har ofte tænkt derover, jeg tror selv det samme og i Overensstemmelse hermed har Digtet formet sig. Men jeg har ikke kunnet undgaa at slaa til med haarde Hænder. Jeg beder Dem <pb n="[2]"/>om, hvis De kan, ikke at stille denne Side <HIS:hisRef type="tcNote" xml:id="noteT12_280" target="B1844-1871ht_noter.xml" corresp="noteT12_280">frem</HIS:hisRef> under noget Forstørrelsesglas. Deres Kritik vil være afgjørende for mine Landsmænds Optagelse af Digtet og af de Sandheder jeg <HIS:hisRef type="tcNote" xml:id="noteT12_281" target="B1844-1871ht_noter.xml" corresp="noteT12_281">ikke</HIS:hisRef> har kunnet tilbageholde; men jeg vil naturligvis gjerne i det længste undgaa ethvert Martyrskab. De <anchor type="lemma" xml:id="koB12_1035"/>avisskrivende Fingre, der kritiserer i <HIS:hisRef type="place" target="Navneregister_HISe.xml#plN">Norge</HIS:hisRef>, forstaar det ikke. Jeg beder Dem derfor indstændigt om baade hurtigt og stærkt at støtte mig i alle de Punkter, hvori De finder at Sagen og jeg selv fortjener det. Skulde De have noget at sige mig, der ikke faar Plads i Deres offentlige Anmeldelse, hvilken jeg trygt og med Længsel venter paa, da vilde jeg paa det hjerteligste takke Dem for nogle Linjer; jeg har en ulidelig trykkende Følelse af at staa alene.</p>
<salute>Deres hengivne</salute>
<signed>Henrik Ibsen.</signed>
</div>
</body>
</text>