<?xml version="1.0" encoding="UTF-8"?><text xmlns="http://www.tei-c.org/ns/1.0" xmlns:HIS="http://www.example.org/ns/HIS" rend="letter" corresp="B18560306NTB" xml:lang="da-no">
                <body>
<div type="letter">
<dateline>
                            <pb n="[1]"/>Trondhjem, <date>6. 3. 56</date>.</dateline>
<p>Herved har jeg den Fornøielse at tilmelde Bestyrelsen at vi, Allesammen i god Behold, <anchor type="lemma" xml:id="koB12_263"/>ankom hertil Søndag Eftermiddag. I Løbet <HIS:hisRef type="tcNote" xml:id="noteT12_104" target="B1844-1871ht_noter.xml" corresp="noteT12_104">af</HIS:hisRef> Mandag og Tirsdag <anchor type="lemma" xml:id="koB12_264"/>indhentedes Stiftets Tilladelse til at give Forestillinger, Orchesterpersonalet engageredes, hovedsagelig paa <anchor type="lemma" xml:id="koB12_265"/>de forrige Betingelser, <anchor type="lemma" xml:id="koB12_266"/>Chorister, Statister, <anchor type="lemma" xml:id="koB12_267"/>Rekvisitbud o. s. v ligesaa, <anchor type="lemma" xml:id="koB12_268"/>Abonnementslister bleve udstedte og circulere fortiden i Byen. Angaaende Anskaffelsen og Udbedringen af de nødvendigste Decorationer er sluttet <anchor type="lemma" xml:id="koB12_269"/>Accord <anchor type="lemma" xml:id="koB12_270"/>paa billige Vilkaar, og <HIS:hisRef type="person" target="Navneregister_HISe.xml#peJLA">Alsing</HIS:hisRef> har erklæret sig villig til at anvende endog mere end den stipulerede Sum (l00 Sp) til dette Brug, – hvilket <HIS:hisRef type="tcNote" xml:id="noteT12_105" target="B1844-1871ht_noter.xml" corresp="noteT12_105">kommer</HIS:hisRef> os godt til Nytte. Igaar (Onsdag) opførtes <anchor type="lemma" xml:id="koB12_271"/>«Embedsiver» og <anchor type="lemma" xml:id="koB12_272"/>«Abekatten». <HIS:hisRef type="person" target="Navneregister_HISe.xml#peJI">
                                <anchor type="lemma" xml:id="koB12_273"/>M<hi rend="raised">d</hi> Isachsen</HIS:hisRef> er fremdeles hæs, og jeg overdrog derfor hendes Rolle i førstnævnte Stykke til <HIS:hisRef type="person" target="Navneregister_HISe.xml#peFN">
                                <anchor type="lemma" xml:id="koB12_274"/>Jfr: Jensen</HIS:hisRef>, som skilte sig godt derfra. <pb n="[2]"/>Da det er uvist hvad Tid M<hi rend="raised">ad</hi> Isachsen kan paaregnes, saa har jeg henlagt hendes Rolle i <anchor type="lemma" xml:id="koB12_275"/>«Indkvarteringen» til <HIS:hisRef type="person" target="Navneregister_HISe.xml#peBGu">Jfr. Guldbrandsen</HIS:hisRef>, – <anchor type="lemma" xml:id="koB12_276"/>«Caprice» i <anchor type="lemma" xml:id="koB12_277"/>Rataplan maa overtages af Jfr. Jensen. <anchor type="lemma" xml:id="koB12_278"/>«Ude og hjemme» kan desværre ikke gives uden M<hi rend="raised">d</hi> Isachsen; skulde hendes Upasselighed vedvare saa maa Opførelsen af dette Stykke udsættes; – dog haaber jeg ikke at blive nødt dertil. Indtægten af Forestillingen igaar beløb sig til 122 Sp, hvilket maa ansees som ret godt, især i Betragtning af det skrækkelige Føre og Veir, samt Stykkernes Valg; «Embedsiver» er nemlig slet renomeret her, det er givet <anchor type="lemma" xml:id="koB12_279"/>2 Gange af Danske yderlig slet – og udpebet. Abekatten er givet her utallige Gange. Disse Omstændigheder var jeg vistnok allerede Mandag vidende om, men saa dog ikke heri noget Motiv til at fravige <anchor type="lemma" xml:id="koB12_280"/>det opsatte Repertoire. Begge Stykker gik ogsaa under stærkt og vedholdende Bifald, Publicum var i livlig Stemning – Interessen for Theatret er stor. – <anchor type="lemma" xml:id="koB12_281"/>Theatrets Segl<HIS:hisRef type="tcNote" xml:id="noteT12_106" target="B1844-1871ht_noter.xml" corresp="noteT12_106">/<emph>Stempel</emph>
                            </HIS:hisRef> er efterglemt i <HIS:hisRef type="place" target="Navneregister_HISe.xml#plBerg">Bergen</HIS:hisRef>, det bedes sendt med første Dampskib, denne Forglemmelse voldte os nogen <HIS:hisRef type="tcNote" xml:id="noteT12_107" target="B1844-1871ht_noter.xml" corresp="noteT12_107">Ulempe,</HIS:hisRef> imidlertid er <anchor type="lemma" xml:id="koB12_282"/>Billetvæsenet ordnet paa en betryggende Maade. Billetter <pb n="[3]"/>kunde gjerne været medtagne fra Bergen, vi har her ingen Overflod, thi de fleste Sæt ere defecte, – imidlertid skal vi nok hjælpe os. Imorgen gaaer <anchor type="lemma" xml:id="koB12_283"/>«De Deporterede» og <anchor type="lemma" xml:id="koB12_284"/>«Cousine Lotte». <anchor type="lemma" xml:id="koB12_285"/>Gasbelysningen er løseligen beregnet til omtrent 3 Sp pr. Forest:, Prøverne iberegnet. Personalets Opførsel har saavel under Reisen, som Opholdet her været exemplarisk, – <anchor type="lemma" xml:id="koB12_286"/>Alle ere vel indlogerede. I Fragt for de medbragte Theatersager betaltes 12 Sp: Adgang til <anchor type="lemma" xml:id="koB12_287"/>1<hi rend="raised">ste</hi> Plads stod aaben uden Godtgjørelse. Cassens Beholdning bliver for det første deponeret i <anchor type="lemma" xml:id="koB12_288"/>Norges Bank. –</p>
<salute>ærb:</salute>
<signed>Henr: Ibsen</signed>
<salute>Til Bestyrelsen for det norske Theater i Bergen.</salute>
</div>
</body>
</text>