<?xml version="1.0" encoding="UTF-8"?><text xmlns="http://www.tei-c.org/ns/1.0" xmlns:HIS="http://www.example.org/ns/HIS" rend="letter" corresp="B18701028PHa" xml:lang="da-no">
<body>
<div type="letter">
<dateline>
                            <pb n="[1]"/>Dresden den <date>28<hi rend="raised">de</hi> Oktober 1870</date>. –</dateline>
<salute>Min kære ven!</salute>
<p>Det var med de skønneste forsætter at jeg <anchor type="lemma" xml:id="koB12_2631a"/>en søndags eftermiddag modtog og læste dit brev. Inden tre dage skal han have mit svar, tænkte jeg, – og nu er snart tre uger forløbne. En fordel er imidlertid derved opnået, den nemlig, at jeg nu for hastværks skyld må fatte mig i større korthed end fra først af påtænkt, og hermed tror jeg Du er tjent, da Du derved får desto friere hænder. –</p>
<p>Jeg har forresten, siden vi skiltes, angret på at jeg ikke fik tale mundtligt med Dig om disse sager; jeg føler at den skriftlige vej er mindre bekvem. Men lad gå!</p>
<p>De biografiske data vil Du i mindst forvansket form finde i en af <anchor type="lemma" xml:id="koB12_2632"/>
                            <HIS:hisRef type="person" target="Navneregister_HISe.xml#pePBH">P: Botten-Hansen</HIS:hisRef> skreven biografi i «Illustr: Nyhedsblad», om jeg mindes ret, for året 1862.</p>
<p>Men det er jo egentlig den indre historie, Du vil have. Her er den:</p>
<p>
                            <pb n="[2]"/>Alt, hvad jeg digterisk har frembragt, har havt sit udspring fra en stemning og en livssituation; jeg har <HIS:hisRef type="tcNote" xml:id="noteT12_686" target="B1844-1871ht_noter.xml" corresp="noteT12_686">aldrig</HIS:hisRef> digtet noget fordi jeg, som man siger, havde «fundet et godt <anchor type="lemma" xml:id="koB12_2633"/>sujet»; – nu skal jeg skrifte kronologisk.</p>
<p>
                            <HIS:hisRef type="work" target="Navneregister_HISe.xml#woC1">«Catilina»</HIS:hisRef> blev skrevet i <HIS:hisRef type="place" target="Navneregister_HISe.xml#plGri">en liden <anchor type="lemma" xml:id="koB12_2634"/>spidsborgerby</HIS:hisRef>, hvor det ikke stod i min magt at give luft til alt det, der gærede i mig, undtagen gennem gale streger og optøjer, som pådrog mig uvilje hos alle de <anchor type="lemma" xml:id="koB12_2635"/>agtbare borgere, der ikke kunde sætte sig ind i den verden, som jeg der gik og tumlede med alene.</p>
<p>
                            <HIS:hisRef type="work" target="Navneregister_HISe.xml#woF1">«Fru Inger til Østeråd»</HIS:hisRef> hviler på et hurtigt knyttet og voldsomt afbrudt <anchor type="lemma" xml:id="koB12_2636"/>liebschafts-forhold, til hvilket også refererer sig nogle mindre digte, såsom <anchor type="lemma" xml:id="koB12_2637"/>
                            <HIS:hisRef type="work" target="Navneregister_HISe.xml#woMa_og_po">«Markblomster og potteplanter»</HIS:hisRef>, <anchor type="lemma" xml:id="koB12_2638"/>
                            <HIS:hisRef type="work" target="Navneregister_HISe.xml#woEn_fu">«En <HIS:hisRef type="tcNote" xml:id="noteT12_687" target="B1844-1871ht_noter.xml" corresp="noteT12_687">fuglevise»</HIS:hisRef>
                            </HIS:hisRef>, o. s. v., trykte i «Nyhedsbladet» (og hvorpå jeg i forbigående henleder din opmærksomhed).<note resp="author">
                                <anchor type="lemma" xml:id="koB12_2639"/>
                                <HIS:hisRef type="work" target="Navneregister_HISe.xml#woG1">«Gildet på Solhoug»</HIS:hisRef> er en studie, som jeg ikke længere vedkender mig; men også dette stykke havde en personlig foranledning.</note>
                        </p>
<p>
                            <HIS:hisRef type="work" target="Navneregister_HISe.xml#woHH">
                                <anchor type="lemma" xml:id="koB12_2640"/>«Hærmændene på Helgeland»</HIS:hisRef> skrev jeg som forlovet. Til «Hjørdis» har jeg benyttet <anchor type="lemma" xml:id="koB12_2641"/>samme model, som senere til «Svanhild» i <HIS:hisRef type="work" target="Navneregister_HISe.xml#woKK">«Kærlighedens Komedie»</HIS:hisRef>.</p>
<p>Først da jeg var bleven gift fik mit liv et vægtigere indhold. Den første frugt <pb n="[3]"/>heraf var et længere digt <HIS:hisRef type="work" target="Navneregister_HISe.xml#woPVi">
                                <anchor type="lemma" xml:id="koB12_2642"/>«På vidderne»</HIS:hisRef>. Den frigørelsestrang, som går gennem dette digt fik imidlertid ikke hele sit udtryk forinden i <anchor type="lemma" xml:id="koB12_2643"/>«Kærlighedens Komedie». – Denne bog gav anledning til megen snak i <HIS:hisRef type="place" target="Navneregister_HISe.xml#plN">Norge</HIS:hisRef>; man blandede mine personlige forholde ind i diskutionen, og jeg tabte meget i det almindelige omdømme. Den eneste, som dengang billigede bogen var <HIS:hisRef type="person" target="Navneregister_HISe.xml#peSuI">min kone</HIS:hisRef>. Hun er en karakter, som jeg netop behøver, – ulogisk, men med et stærkt poetisk instinkt, med et storsindet tænkesæt og med et næsten voldsomt had til alle smålige hensyn. Alt dette forstod ikke mine landsmænd, og <anchor type="lemma" xml:id="koB12_2644"/>jeg skøttede ikke om at skrifte for <anchor type="lemma" xml:id="koB12_2645"/>de karle. Så lystes jeg da i ban; alle var imod mig.</p>
<p>Dette, at alle var imod mig, – dette, at jeg ikke længere havde nogen udenfor stående, om hvem jeg kunde sige at han troede på mig, måtte, som Du let vil indse, fremkalde en <anchor type="lemma" xml:id="koB12_2646"/>stemning, der fandt sin befrielse i <HIS:hisRef type="work" target="Navneregister_HISe.xml#woKE">«Kongs-emnerne»</HIS:hisRef>. Nok herom.</p>
<p>Just som «Kongs-emnerne» udkom, <anchor type="lemma" xml:id="koB12_2647"/>døde <HIS:hisRef type="person" target="Navneregister_HISe.xml#peKongF7">Fredrik den 7<hi rend="raised">de</hi>
                            </HIS:hisRef> og krigen begyndte. Jeg skrev et digt <anchor type="lemma" xml:id="koB12_2648"/>«En broder i <HIS:hisRef type="tcNote" xml:id="noteT12_688" target="B1844-1871ht_noter.xml" corresp="noteT12_688">nød»</HIS:hisRef>. Det blev naturligvis <HIS:hisRef type="tcNote" xml:id="noteT12_689" target="B1844-1871ht_noter.xml" corresp="noteT12_689">virkningsløst</HIS:hisRef>, ligeover for <anchor type="lemma" xml:id="koB12_2649"/>den norske amerikanskhed, som havde slået mig tilbage på alle punkter. Så gik jeg i landflygtighed!</p>
<p>
                            <pb n="[4]"/>
                            <anchor type="lemma" xml:id="koB12_2650"/>Da jeg kom til <HIS:hisRef type="place" target="Navneregister_HISe.xml#plKbh">København</HIS:hisRef>, faldt <HIS:hisRef type="place" target="Navneregister_HISe.xml#plDyb">Dybbøl</HIS:hisRef>. I <HIS:hisRef type="place" target="Navneregister_HISe.xml#plBerl">Berlin</HIS:hisRef> så jeg <HIS:hisRef type="person" target="Navneregister_HISe.xml#peVil1">kong <anchor type="lemma" xml:id="koB12_2651"/>Wilhelm</HIS:hisRef> holde indtog med trofæer og bytte. I de dage <anchor type="lemma" xml:id="koB12_2652"/>begyndte «Brand» at vokse som et foster indeni mig. I <HIS:hisRef type="place" target="Navneregister_HISe.xml#plIt">
                                <anchor type="lemma" xml:id="koB12_2653"/>Italien</HIS:hisRef> var, da jeg kom did, enhedsværket <anchor type="lemma" xml:id="koB12_2654"/>fuldbragt ved en ubegrænset offervillighed, medens hjemme –! Læg hertil <HIS:hisRef type="place" target="Navneregister_HISe.xml#plRom">Rom</HIS:hisRef> med sin ideale fred, samlivet med den sorgløse kunstnerverden, en tilværelse, som ikke kan sammenlignes med noget andet end <anchor type="lemma" xml:id="koB12_2655"/>stemningen fra <HIS:hisRef type="person" target="Navneregister_HISe.xml#peWiS">Shakespeares</HIS:hisRef> «As you like it», – så har <HIS:hisRef type="tcNote" xml:id="noteT12_690" target="B1844-1871ht_noter.xml" corresp="noteT12_690">Du</HIS:hisRef> forudsætningerne for «Brand». Det er en fuldkommen misforståelse, når <anchor type="lemma" xml:id="koB12_2656"/>man tror jeg har skildret <HIS:hisRef type="person" target="Navneregister_HISe.xml#peSKi">Søren Kirkegaards</HIS:hisRef> <HIS:hisRef type="tcNote" xml:id="noteT12_691" target="B1844-1871ht_noter.xml" corresp="noteT12_691">liv</HIS:hisRef> og levnet. (Jeg har overhovedet <anchor type="lemma" xml:id="koB12_2657"/>læst meget lidet af S. K. og forstået endnu mindre.) At Brand er prest, er igrunden uvæsentligt; fordringen, intet eller alt, gælder på alle punkter i livet, i kærligheden, i kunsten, o. s. v –. Brand er mig selv i mine bedste øjeblikke, – ligeså visst som jeg ved selvanatomi har bragt for dagen mange træk både i <HIS:hisRef type="work" target="Navneregister_HISe.xml#woPG">Peer Gynt</HIS:hisRef> og <anchor type="lemma" xml:id="koB12_2658"/>i Stensgård. –</p>
<p>I den tid jeg skrev «Brand» havde jeg stående på mit bord en <anchor type="lemma" xml:id="koB12_2659"/>skorpion i et tomt ølglas. Fra og til blev dyret sygt; da brugte jeg at kaste et stykke blød frugt ned til den, som den med raseri kastede sig over og udgød sin gift i; så blev den frisk igen. Er det ikke noget lignende med os poeter? <pb n="[5]"/>Naturlovene gælder også på det åndelige område.</p>
<p>Efter «Brand» fulgte «Peer Gynt» ligesom af sig selv. Den blev skreven i Syditalien, på <HIS:hisRef type="place" target="Navneregister_HISe.xml#plIsc">Ischia</HIS:hisRef> og i <HIS:hisRef type="place" target="Navneregister_HISe.xml#plSorr">Sorrento</HIS:hisRef>. Så langt borte fra den tilkommende læsekreds bliver man hensynsløs. Dette digt indeholder meget, som har sin foranledning i mit eget ungdomsliv; til «Aase» har, med fornødne overdrivelser, <HIS:hisRef type="person" target="Navneregister_HISe.xml#peMI">min egen moder</HIS:hisRef> afgivet modellen. (Ligeså til «Inga» i Kongs-emnerne)</p>
<p>Jordbunden har stor indflydelse på de former, hvorunder indbildningskraften skaber. Kan jeg ikke, omtrent som <anchor type="lemma" xml:id="koB12_2660"/>Christoff i Jakob v. Tyboe, pege på Brand og Peer Gynt og sige: «se, dette var en <HIS:hisRef type="tcNote" xml:id="noteT12_692" target="B1844-1871ht_noter.xml" corresp="noteT12_692">vinrus»?</HIS:hisRef> Og er der ikke i <HIS:hisRef type="work" target="Navneregister_HISe.xml#woUF">«De unges forbund»</HIS:hisRef> noget som minder om <anchor type="lemma" xml:id="koB12_2661"/>Knackwurst og Bier? Jeg vil ikke dermed stille stykket lavere; men jeg mener at synspunktet er blevet et andet, fordi jeg her står i et indtil kedelighed velordnet samfund. Hvad skal det så blive til, når jeg engang kommer helt hjem! Jeg må søge frelsen i <anchor type="lemma" xml:id="koB12_2662"/>det fraliggende, og da tænker jeg at <anchor type="lemma" xml:id="koB12_2663"/>tage fat på <HIS:hisRef type="work" target="Navneregister_HISe.xml#woKG">«Keiser Julian»</HIS:hisRef>.</p>
<p>Valget af <anchor type="lemma" xml:id="koB12_2664"/>de digte, som skal optages, vil jeg helst overlade til Dig selv, hvem jeg <pb n="[6]"/>tiltror den sikkreste dom, såvel i denne som i mange andre henseender. En væsentlig del af nævnte småting findes i «Illustreret Nyhedsblad» for årene 1858–64.</p>
<p>Og hermed har jeg i kort begreb givet det forlangte skelet; det står nu til dig at klæde det over med muskler og at <anchor type="lemma" xml:id="koB12_2665"/>indblæse det ånde. Benyt mine notitser efter behag; betragt dem som et tarveligt musikalsk thema, over hvilket Du frit kan fantasere. Hvordan Du end griber det an, er jeg viss på at Du får det mest mulige ud deraf; brug hvilke instrumenter Du lyster, – jeg ved jo <anchor type="lemma" xml:id="koB12_2666"/>«samme karl blæser stærkt på <emph>alle</emph> instrumenter». –</p>
<p>Til slutning hjertelig tak for <anchor type="lemma" xml:id="koB12_2667"/>samværet i København! Jeg er kommen tilbage som fra et foryngende bad. Tak alle vore fælles venner herfor! Specielle hilsener til <HIS:hisRef type="person" target="Navneregister_HISe.xml#peCSAB">Hr:</HIS:hisRef> og <HIS:hisRef type="person" target="Navneregister_HISe.xml#peLoBi">fru Bille</HIS:hisRef>, til hvilke jeg senere selv vil skrive, samt til <HIS:hisRef type="person" target="Navneregister_HISe.xml#peFLH">Prof: Høedt</HIS:hisRef>! Lev vel!</p>
<salute>Din hengivne</salute>
<signed>Henrik Ibsen.</signed>
</div>
</body>
</text>