<?xml version="1.0" encoding="UTF-8"?><text xmlns="http://www.tei-c.org/ns/1.0" xmlns:HIS="http://www.example.org/ns/HIS" rend="letter" corresp="B18710226KUMin" xml:lang="da-no">
                <body>
<div type="letter">
<p>
                            <pb n="[1]"/>I det jeg pligtskyldigst erkender modtagelsen af det kgl: ministeriums 2<hi rend="raised">de</hi> <anchor type="lemma" xml:id="koB12_3050"/>skrivelser, henholdsvis af 30<hi rend="raised">te</hi> Januar og 20<hi rend="raised">de</hi> Februar, den sidste medfølgende den for mig bestemte expedition med tilhørende dekoration, tillader jeg mig at frembære min ærbødigste tak for den af ministeriet nedlagte <anchor type="lemma" xml:id="koB12_3051"/>allerunderdanigste <anchor type="lemma" xml:id="koB12_3052"/>forestilling, der har bevirket den mig til del blevne allerhøjeste anerkendelse.</p>
<p>Den i det kgl: ministeriums sidstnævnte skrivelse <anchor type="lemma" xml:id="koB12_3053"/>forlangte underretning skal snarest muligt blive fremsendt.</p>
<dateline>Dresden den <date>26<hi rend="raised">de</hi> Februar 1871</date>. –</dateline>
<salute>ærbødigst</salute>
<signed>Henrik Ibsen.</signed>
<salute>Til Ministeriet for Kirke- og Undervisnings-Væsenet.</salute>
</div>
</body>
</text>