<?xml version="1.0" encoding="UTF-8"?><text xmlns="http://www.tei-c.org/ns/1.0" xmlns:HIS="http://www.example.org/ns/HIS" rend="letter" corresp="B18720222JHT" xml:lang="da-no">
<body>
<div type="letter">
<dateline>
                            <pb n="[1]"/>Dresden den <date>22<hi rend="raised">de</hi> Februar 1872</date>. –</dateline>
<salute>Kære svoger!</salute>
<p>Endelig, efter mange opsættelser, skrider jeg idag til at besvare <anchor type="lemma" xml:id="koB13_247"/>Deres venskabelige brev af 3<hi rend="raised">die</hi> f: m: der ankom samtidigt med <anchor type="lemma" xml:id="koB13_248"/>postanvisningerne for min gage i 4<hi rend="raised">de</hi> kvartal forrige år. Under de <anchor type="lemma" xml:id="koB13_249"/>nuværende tyske pengeforholde vil det fremdeles falde mig billigst at modtage mine penge i nys nævnte form, – hvilket jeg i anledning af det forestående kvartalskifte tillader mig at bemærke.</p>
<p>Med Deres brev fulgte et detailleret <anchor type="lemma" xml:id="koB13_250"/>opgør af de pengebeløb, De for mig har havt under forvaltning. Da jeg i forrige år bad Dem opgive mig hvor stort beløb der for mig endnu indestod i <anchor type="lemma" xml:id="koB13_251"/>kreditkassen, lå det naturligvis ikke i fjerneste måde i min tanke at begære noget regnskab; et opgivende af summen vilde have været mig fuldkommen tilstrækkeligt. Jeg håber også at De heller ikke har opfattet min anmodning anderledes. Regnskabet viser mig forøvrigt først ret slående, hvilket arbejde og hvilken besvær, jeg i disse år har voldt Dem; jeg takker Dem hjerteligst, og intet skulde være mig kærere end <HIS:hisRef type="tcNote" xml:id="noteT13_39" target="B1871-1879ht_noter.xml" corresp="noteT13_39">hvis</HIS:hisRef> omstændighederne vilde føje sig så at det kom <pb n="[2]"/>til at stå i min magt i gerning at vise min erkendtlighed. –</p>
<p>At engagere advokat <HIS:hisRef type="person" target="Navneregister_HISe.xml#peESta">
                                <anchor type="lemma" xml:id="koB13_252"/>Stang</HIS:hisRef> i <anchor type="lemma" xml:id="koB13_253"/>processen mod <HIS:hisRef type="person" target="Navneregister_HISe.xml#peHJJ">Jensen</HIS:hisRef>, var en ypperlig ide, som jeg nu bagefter kun kan forundre mig over ikke straks faldt mig ind. Jeg er ganske enig i Deres hele betragtning, og lover mig meget af <anchor type="lemma" xml:id="koB13_254"/>Stangs naturlige had til vedkommende person.</p>
<p>Sagfører <HIS:hisRef type="person" target="Navneregister_HISe.xml#peHJN">Nandrup</HIS:hisRef> bør betales de foreslåede 100 Sp<hi rend="raised">d</hi>. Tillad mig imidlertid i denne anledning at stille en fortrolig forespørgsel til Dem. 30 Sp<hi rend="raised">d</hi> af <anchor type="lemma" xml:id="koB13_255"/>min gæld til Nandrup hidrører oprindelig fra en af mig i sin tid for <HIS:hisRef type="person" target="Navneregister_HISe.xml#peHaCT">
                                <anchor type="lemma" xml:id="koB13_256"/>Hans</HIS:hisRef> indgået kautionsforpligtelse til en <HIS:hisRef type="person" target="Navneregister_HISe.xml#peHCR">
                                <anchor type="lemma" xml:id="koB13_257"/>skrædder</HIS:hisRef> i <HIS:hisRef type="place" target="Navneregister_HISe.xml#plKri">Kristiania</HIS:hisRef>; andre 30 Sp<hi rend="raised">d</hi> har jeg udbetalt som <HIS:hisRef type="tcNote" xml:id="noteT13_40" target="B1871-1879ht_noter.xml" corresp="noteT13_40">min</HIS:hisRef> <anchor type="lemma" xml:id="koB13_258"/>anpart på en for ham <anchor type="lemma" xml:id="koB13_259"/>endosseret veksel-obligation. Jeg kender jo ikke så nøje til Hans’s økonomiske stilling for øjeblikket; hans funktion som <anchor type="lemma" xml:id="koB13_260"/>konstitueret sorenskriver er vel ophørt, – men spørgsmålet er dette: tror De han er istand til og villig til at <anchor type="lemma" xml:id="koB13_261"/>lade overføre på sig de nævnte 60 Sp<hi rend="raised">d</hi> af mine forpligtelser til Nandrup? Dette er en delikat sag. Jeg vil ikke for nogen pris såre Hans med et forslag, som han muligens måtte se sig nødt til at afvise; jeg henvender mig derfor i fortrolighed til Dem alene. Jeg beder Dem derhos om ikke <HIS:hisRef type="tcNote" xml:id="noteT13_40a" target="B1871-1879ht_noter.xml" corresp="noteT13_40a">at</HIS:hisRef> <anchor type="lemma" xml:id="koB13_262"/>udtyde denne henvendelse som noget bevis på smålighed fra min side. De vil være enig med mig i at jeg lige over for mine <pb n="[3]"/>allernærmeste har visse forpligtelser som jeg ikke kan eller tør bortsé fra. Den <anchor type="lemma" xml:id="koB13_263"/>lille kapital, som det i disse år har lykkets mig at opspare, må fremdeles forøges, hvis <HIS:hisRef type="person" target="Navneregister_HISe.xml#peSuI">Susanna</HIS:hisRef> og <HIS:hisRef type="person" target="Navneregister_HISe.xml#peSiI">Sigurd</HIS:hisRef> skal være blot nogenlunde sikrede for alle mulige eventualiteter. Dette hensyn <anchor type="lemma" xml:id="koB13_264"/>går mig for alt. Jeg kan jo heller ikke vide om ikke min literære produktionsevne med tiden vil aftage; nye oplag af mine bøger kan jeg ikke hvert år med fuld sikkerhed regne på; jeg må altså arbejde hen til, ved hjælp af en årlig rente, at supplere min gage således at jeg har en tilstrækkelig og sikkert påregnelig årsindtægt. Jeg lægger derfor sagen i Deres hænder, fuldkommen tilfreds med hvad De foreslår eller foretager, – og fuldt forvisset om ikke at blive mistydet.</p>
<p>Siden vi er kommet ind på dette slags ting vil <HIS:hisRef type="tcNote" xml:id="noteT13_41" target="B1871-1879ht_noter.xml" corresp="noteT13_41">jeg</HIS:hisRef>, som en absolut hemmelighed, og for Dem alene, gøre Dem en meddelelse, som jeg ofte har tænkt på ikke at burde <anchor type="lemma" xml:id="koB13_265"/>forholde Dem. Angående de <anchor type="lemma" xml:id="koB13_266"/>30 Sp<hi rend="raised">d</hi>, som <HIS:hisRef type="person" target="Navneregister_HISe.xml#peMT">Deres moder</HIS:hisRef> i sin tid fik lånt af mine penge, har De været genstand for en liden <anchor type="lemma" xml:id="koB13_267"/>mystifikation. Deres moder har nemlig aldrig erholdt eller kunnet erholde mit samtykke, efterdi hun aldrig med et ord har begæret et sådant. Sagen var mig fuldkommen fremmed, da De underrettede mig derom. Dette er naturligvis betydningsløst <pb n="[4]"/>for så vidt som Deres moder jo har vidst, at jeg, på opfordring, vilde have indvilget; og det er derfor kun for fremtidige muligheders skyld at jeg har troet at burde indvie Dem i sagens rette sammenhæng. At dette må blive en lukket bog for <HIS:hisRef type="tcNote" xml:id="noteT13_42" target="B1871-1879ht_noter.xml" corresp="noteT13_42">
                                <anchor type="lemma" xml:id="koB13_268"/>enhver</HIS:hisRef> somhelst tredjemand forstår sig af sig selv! Kom blot den ringeste antydning deraf for Deres moders øre, vilde det umuliggøre enhver fri og <anchor type="lemma" xml:id="koB13_269"/>ugeneret omgang mellem hende og mig; – altså taushed! –</p>
<p>
                            <HIS:hisRef type="work" target="Navneregister_HISe.xml#woKG">Mit <anchor type="lemma" xml:id="koB13_270"/>nye arbejde</HIS:hisRef> skrider raskt fremad. Af <HIS:hisRef type="work" target="Navneregister_HISe.xml#woKE">
                                <anchor type="lemma" xml:id="koB13_271"/>«Kongs-emnerne»</HIS:hisRef> er <emph>Tredje</emph> oplag under pressen i <HIS:hisRef type="place" target="Navneregister_HISe.xml#plKbh">København</HIS:hisRef>. <HIS:hisRef type="work" target="Navneregister_HISe.xml#woBr">
                                <anchor type="lemma" xml:id="koB13_272"/>«Brand»</HIS:hisRef> er udkommet i tysk oversættelse i <HIS:hisRef type="place" target="Navneregister_HISe.xml#plCas">Cassel</HIS:hisRef>. <HIS:hisRef type="work" target="Navneregister_HISe.xml#woUF">
                                <anchor type="lemma" xml:id="koB13_273"/>«De unges forbund»</HIS:hisRef> <emph>lokaliseres</emph> for <HIS:hisRef type="org" target="Navneregister_HISe.xml#orgBurg">Wiener-theatret</HIS:hisRef>. <anchor type="lemma" xml:id="koB13_274"/>En oversættelse af «Kongs-emnerne» har jeg i manuskript modtaget til gennemsyn. At jeg har været indviklet i en <anchor type="lemma" xml:id="koB13_275"/>tysk polemik ved De måske. Forresten alt ved det gamle. Vinter har vi næsten ikke havt iår.</p>
<p>Hjertelige hilsener fra os alle, og gentagende tak for al Deres utrættelige hjælp og bistand!</p>
<salute>Deres stedse hengivne</salute>
<signed>Henrik Ibsen.</signed>
</div>
</body>
</text>