<?xml version="1.0" encoding="UTF-8"?><text xmlns="http://www.tei-c.org/ns/1.0" xmlns:HIS="http://www.example.org/ns/HIS" rend="letter" corresp="B18700104JC" xml:lang="da-no">
                <body>
<div type="letter">
<dateline>
                            <pb n="[1]"/>Dresden, <date>4<hi rend="raised">de</hi> Januar <HIS:hisRef type="tcNote" xml:id="noteT12_599" target="B1844-1871ht_noter.xml" corresp="noteT12_599">1870</HIS:hisRef>
                            </date>. –</dateline>
<salute>Kjære Herr Collin!</salute>
<p>De vil venligst tillgive at jeg først nu besvarer Deres Billet af 20<hi rend="raised">de</hi> November. Under min lange Fraværelse, først i <HIS:hisRef type="place" target="Navneregister_HISe.xml#plSE">Sverig</HIS:hisRef> og umiddelbart derpaa i <HIS:hisRef type="place" target="Navneregister_HISe.xml#plEg">Egypten</HIS:hisRef>, havde der nemlig opphobet sig en saadan Mængde af Breve, der krævede Besvarelse, at jeg, som en daarlig Brevskriver, endnu ikke har faat det hele fra Haanden.</p>
<p>Hvad <anchor type="lemma" xml:id="koB12_2238"/>de omhandlede Manuscripter betræffer, saa anser jeg mig ikke som ejendomsberettiget till disse. Men dersom <HIS:hisRef type="person" target="Navneregister_HISe.xml#peFH">Cancelliraad Hegel</HIS:hisRef> er villig till at afstaa <HIS:hisRef type="tcNote" xml:id="noteT12_600" target="B1844-1871ht_noter.xml" corresp="noteT12_600">dem</HIS:hisRef>, saa er det en Selvfølge at jeg vil betragte det som en Ære at faa dem indlemmede i <anchor type="lemma" xml:id="koB12_2239"/>
                            <HIS:hisRef type="person" target="Navneregister_HISe.xml#peEC">Deres Herr Faders</HIS:hisRef> Samling.</p>
<p>
                            <anchor type="lemma" xml:id="koB12_2240"/>
                            <HIS:hisRef type="work" target="Navneregister_HISe.xml#woUF">Mit nye Lystspil</HIS:hisRef> har, som jeg erfarer, vakt adskillig <anchor type="lemma" xml:id="koB12_3278"/>Uro hjemme. Man tager Arbejdet fra den politiske istedet for <pb n="[2]"/>fra den æsthetiske Side. Af de Angreb, der er kommet mig for Øje, synes det at fremgaa at man deroppe betragter Frasemageriet, Hulheden og <anchor type="lemma" xml:id="koB12_2241"/>Lumpenheden som nationale Ejendommeligheder, der ikke maa røres ved. Men alt dette bekymrer mig ikke i ringeste Maade. <anchor type="lemma" xml:id="koB12_2242"/>Till Sommeren tænker jeg at gjøre en Tour till <HIS:hisRef type="place" target="Navneregister_HISe.xml#plN">Norge</HIS:hisRef> og lægger da ganske visst Vejen over <HIS:hisRef type="place" target="Navneregister_HISe.xml#plKbh">Kjøbenhavn</HIS:hisRef>.</p>
<p>Det har været mig en stor Glæde <HIS:hisRef type="tcNote" xml:id="noteT12_601" target="B1844-1871ht_noter.xml" corresp="noteT12_601">at</HIS:hisRef> læse <anchor type="lemma" xml:id="koB12_2243"/>
                            <HIS:hisRef type="person" target="Navneregister_HISe.xml#peVB">Vilhelm Bergsøes</HIS:hisRef> sidste Bog. Jeg beder Dem hilse ham og <anchor type="lemma" xml:id="koB12_2244"/>hans Søskende paa det hjerteligste fra mig. Det samme gjælder <HIS:hisRef type="person" target="Navneregister_HISe.xml#peGB">Georg Brandes</HIS:hisRef>, der i mange Henseender har været mere for mig, end jeg kan beskrive.</p>
<p>Og hermed vil jeg ønske Dem et godt og glædeligt Nytaar. Dersom ikke min lange Taushed afskrækker Dem fra igjen at tillskrive mig, saa lover jeg at De da ikke skal komme till at vente saa længe paa Svar fra</p>
<salute>Deres hengivne</salute>
<signed>Henrik Ibsen.</signed>
</div>
</body>
</text>