<?xml version="1.0" encoding="UTF-8"?><text xmlns="http://www.tei-c.org/ns/1.0" xmlns:HIS="http://www.example.org/ns/HIS" rend="letter" corresp="B18680622JB" xml:lang="da-no">
                <body>
<div type="letter">
<dateline>
                            <pb n="[1]"/>Berchtesgaden den <date>22<hi rend="raised">de</hi> Juni 1868</date>.–</dateline>
<salute>Kjære Herr Etatsraad Bravo!</salute>
<p>Endelig ere vi ankomne till vort blivende <anchor type="lemma" xml:id="koB12_1725"/>Oppholdssted for Sommeren. De fem Uger, der ligger mellem idag og vor Afrejse fra <HIS:hisRef type="place" target="Navneregister_HISe.xml#plRom">Rom</HIS:hisRef>, har vi tillbragt omflakkende fra Sted till Sted med 8 Dages Rast i <HIS:hisRef type="place" target="Navneregister_HISe.xml#plFir">Florents</HIS:hisRef>, 2 i <HIS:hisRef type="place" target="Navneregister_HISe.xml#plBol">Bologna</HIS:hisRef>, 8 i <HIS:hisRef type="place" target="Navneregister_HISe.xml#plVen">Venedig</HIS:hisRef> og 8 i <HIS:hisRef type="place" target="Navneregister_HISe.xml#plBo">
                                <anchor type="lemma" xml:id="koB12_1726"/>Botzen</HIS:hisRef>. Det er ganske naturligt at vor Tanke, nu da vi ere i Ro, retter sig mod det kjære Rom og der <HIS:hisRef type="tcNote" xml:id="noteT12_485" target="B1844-1871ht_noter.xml" corresp="noteT12_485">først</HIS:hisRef> og fremst mod Dem, hvem vi skylder saa meget. Hjertelig Takk for al Deres Godhed og Velvilje! Gid det paa nogen Maade stod i min Magt i Gjerning at kunne vise min Erkjendtlighed! Nu, kan jeg det end ikke, saa skal jeg ialfald være enig med alle andre romerske Skandinaver og skandinaviske Romere i at proklamere Dem som den fortræffeligste af <pb n="[2]"/>alle Konsuler paa denne Jordklode og paa de nærmeste Kloder tillige (forudsat at den herlige Indrettning, man kalder <anchor type="lemma" xml:id="koB12_1727"/>Konsulatembeder, dersteds er indført.)</p>
<p>Naar vi vender tillbage till vort romerske Hjem er endnu uvisst; men engang kommer vi, jeg ialfald, hvis vi forøvrigt beholder Liv og Helbred.</p>
<p>Jeg ved ikke om denne Egn er Dem bekjendt. Er den det ikke, saa er den værdt at gjøre Bekjendtskab med. Det er det skjønneste Strøg jeg har seet nord for Alperne, billigt, lett tillgjængeligt, behageligt i alle Maader. Hvilken Glæde det skulde være for os om De iaar udstrakte Deres sædvanlige Sommerrejse hertill! Menneskene her ere fortræffelige, baade Beboerne og de Rejsende, man kommer i Berørelse med.</p>
<p>Et Par Ord fra Dem vilde glæde os ubeskriveligt; det er igrunden som om alle vore Hjerterødder ere voxede sammen om Rom; enhver Efterrettning derfra er os kjærkommen.</p>
<p>
                            <pb n="[3]"/>Muligens henligger der hos Dem Breve till os; skulde dette være Tillfældet, saa beder jeg mig dem tillsendt. Min Adresse er: <emph>
                                <HIS:hisRef type="person" target="Navneregister_HISe.xml#peAHas">Herrn Ant: Hasenknopf</HIS:hisRef>, <anchor type="lemma" xml:id="koB12_1728"/>Wachtmeister <anchor type="lemma" xml:id="koB12_1729"/>bey den <anchor type="lemma" xml:id="koB12_1730"/>königl. <anchor type="lemma" xml:id="koB12_1731"/>Salinen, Berchtesgaden, <HIS:hisRef type="place" target="Navneregister_HISe.xml#plBay">Bayern</HIS:hisRef>
                            </emph>.</p>
<p>Hvad der imidlertid er mig af endnu større Vigtighed, end mulige Breve, er <anchor type="lemma" xml:id="koB12_1732"/>en Bogpakke, som <HIS:hisRef type="person" target="Navneregister_HISe.xml#peFH">
                                <HIS:hisRef type="tcNote" xml:id="noteT12_486" target="B1844-1871ht_noter.xml" corresp="noteT12_486">Cancelliraad</HIS:hisRef> Hegel</HIS:hisRef>, Ejer af den <HIS:hisRef type="org" target="Navneregister_HISe.xml#orgGyl">Gyldendalske Boghandel</HIS:hisRef> i Kjøbenhavn, i et Brev dateret 20<hi rend="raised">de</hi> Marts d. A. tillmelder mig at have under 12<hi rend="raised">te</hi> samme Maaned afsendt till <HIS:hisRef type="person" target="Navneregister_HISe.xml#peHLo">Boghandler Hermann Löscher</HIS:hisRef> i <HIS:hisRef type="place" target="Navneregister_HISe.xml#plTu">Turin</HIS:hisRef>, for af ham at besørges sendt till Rom. Pakken var adresseret till Dem; <HIS:hisRef type="tcNote" xml:id="noteT12_487" target="B1844-1871ht_noter.xml" corresp="noteT12_487">men</HIS:hisRef> ved min Afrejse (<anchor type="lemma" xml:id="koB12_1733"/>13<hi rend="raised">de</hi> Juni) var den endnu ikke, saavidt mig bekjendt, ankommen. Skulde den senere være indtruffen, bedes den mig tillsendt; er det nødvendigt at aabne den for Toldvæsnet, eller træffe andre Foranstaltninger, saa beder jeg Dem i et og alt at behandle Pakken som Deres egen, bryde Segl o. s. v. – Skulde den ikke være <anchor type="lemma" xml:id="koB12_1734"/>arriveret, vilde et Par Ord fra Dem ganske visst hos Hr. Löscher <pb n="[4]"/>udrette mere end 10 Breve fra mig. Hvad Omkostninger Forsendelsen maatte medføre skal jeg gjennem <HIS:hisRef type="person" target="Navneregister_HISe.xml#peOF">Fladager</HIS:hisRef> eller paa anden Maade punktligt besørge godtgjort – Kjære Hr: Etatsraad! Tillgiv alt dette Bryderi! De er jo saa vant till at selv <anchor type="lemma" xml:id="koB12_1735"/>romerske Gjengangere plage Dem; jeg er saaledes ikke den første!</p>
<p>Hvorledes lever Kolonien dernede, og hvem bestaar den af for Tiden? Raad alle Bortdragende till at tage Vejen hjemad over Berchtesgaden og till at blive her i nogen Tid. Det er ikke af Egoisme alene at jeg siger dette.</p>
<p>Jeg har paabegyndt <anchor type="lemma" xml:id="koB12_1736"/>et nyt Arbejde som jeg haaber at fuldføre her. Men de kjære Skandinaviske Landsmænd vil jeg jo komme till at savne i Længden, det føler jeg. Hils dem allesammen, <HIS:hisRef type="person" target="Navneregister_HISe.xml#peNR">Ravnkilde</HIS:hisRef>, <HIS:hisRef type="person" target="Navneregister_HISe.xml#peOVM">Mourier</HIS:hisRef>, Fladager, <HIS:hisRef type="person" target="Navneregister_HISe.xml#peHJBu">Budal</HIS:hisRef> o. s. v. De vare allesammen fortræffelige Mennesker igrunden, hver paa sin Vis. Dem selv beder jeg gjentagende om at modtage vor hjerteligste Takk og Hilsen.</p>
<salute>Deres stedse ærbødige og hengivne</salute>
<signed>Henrik Ibsen.</signed>
</div>
</body>
</text>