<?xml version="1.0" encoding="UTF-8"?><text xmlns="http://www.tei-c.org/ns/1.0" xmlns:HIS="http://www.example.org/ns/HIS" rend="letter" corresp="B18690528LD" xml:lang="da-no">
<body>
<div type="letter">
<dateline>
                            <pb n="[1]"/>Dresden, <date>28<hi rend="raised">de</hi> Maj 1869</date>. –</dateline>
<salute>Hej, <anchor type="lemma" xml:id="koB12_2001"/>carissimo!</salute>
<p>Ja, jeg haaber at Du, tilltrods for Professorater og alle andre Værdigheder, tillader mig at bruge den gamle romerske Tilltale!</p>
<p>Saa er Du da <anchor type="lemma" xml:id="koB12_2002"/>altsaa nu Professor! Kjære Ven, modtag min hjerteligste Lykkønskning! Jeg forudsætter som <anchor type="lemma" xml:id="koB12_2003"/>givet at det <anchor type="lemma" xml:id="koB12_2004"/>ikke er en blot og bar Hæderstitel, men at der følger en klækkelig Aflønning med. <anchor type="lemma" xml:id="koB12_2005"/>Konservator ved <HIS:hisRef type="tcNote" xml:id="noteT12_559" target="B1844-1871ht_noter.xml" corresp="noteT12_559">Nationalmusæet</HIS:hisRef> er Du jo tillige, og er saaledes forhaabentlig for lange Tider havnet i <HIS:hisRef type="place" target="Navneregister_HISe.xml#plSthlm">Stokholm</HIS:hisRef>. Fortæll mig udførligt om alt dette.</p>
<p>Naar jeg ikke besvarede dit venlige Brev fra ihøst, saa skede det af to Grunde; først fordi jeg <anchor type="lemma" xml:id="koB12_2006"/>betænkte mig med Hensyn till <HIS:hisRef type="work" target="Navneregister_HISe.xml#woKE">«Kongs-Emnerne»</HIS:hisRef>, og dernæst fordi jeg er en <anchor type="lemma" xml:id="koB12_2007"/>Skabhals i Brevskrivervejen. Jeg har ivinter skrevet et nyt dramatisk Arbejde, et Lystspil i 5 Akter, betitlet <HIS:hisRef type="work" target="Navneregister_HISe.xml#woUF">«De unges Forbund»</HIS:hisRef>, hvilket nu er under Trykken og som jeg ønskede at indlevere før «Kongs-Emnerne»; om en Maaneds Tid sender jeg <HIS:hisRef type="tcNote" xml:id="noteT12_560" target="B1844-1871ht_noter.xml" corresp="noteT12_560">Dig</HIS:hisRef> det og beder Dig <anchor type="lemma" xml:id="koB12_2008"/>tage Dig af det paa bedste Maade.</p>
<p>Jeg antager ikke at jeg har taget Fejl naar <pb n="[2]"/>jeg i sin Tid har troet at gjenkjende <anchor type="lemma" xml:id="koB12_2009"/>Din velvillige Pen i svenske Anmeldelser af <HIS:hisRef type="work" target="Navneregister_HISe.xml#woBr">«Brand»</HIS:hisRef> og <HIS:hisRef type="work" target="Navneregister_HISe.xml#woPG">«Peer Gynt»</HIS:hisRef>. Herfor, som for saa meget andet, haaber jeg i en ikke altfor fjern Fremtid at kunne takke Dig personligt.</p>
<p>Naar jeg idag omsider <anchor type="lemma" xml:id="koB12_2010"/>efter Pligt og Skyldighed tillskriver Dig, saa er det fordi jeg har en speciel Anledning. Jeg vil nemlig forsøge at <anchor type="lemma" xml:id="koB12_2011"/>trække en Venskabsvexel paa Dig.</p>
<p>Sagen er denne: En tydsk Literat, <HIS:hisRef type="person" target="Navneregister_HISe.xml#pePFS">P. F. Siebold</HIS:hisRef> i <HIS:hisRef type="place" target="Navneregister_HISe.xml#plKas">Cassel</HIS:hisRef>, har <anchor type="lemma" xml:id="koB12_2012"/>oversatt «Brand» og skal till Høsten udgive Bogen i <HIS:hisRef type="place" target="Navneregister_HISe.xml#plLei">Leipzig</HIS:hisRef>. <anchor type="lemma" xml:id="koB12_2013"/>Han eller hans Forlægger, eller begge i Forening, mener imidlertid at Publikum i Forvejen skal præpareres, og agter derfor snarest muligt i et tydsk Tidsskrift, rimeligvis «Illustr: Zeitung» at meddele mit Portræt med en kortfattet Biografi der skulde orientere med Hensyn till min Stilling i den skandinaviske Literatur, mine personlige Forholde o. s. v. Man har henvendt sig till mig om Opplysninger; men hertill kan jeg ikke <anchor type="lemma" xml:id="koB12_2014"/>bekvemme mig og Herr Siebold er naturligvis ikke selv tillstrækkelig hjemme i Emnet. At Sagen er af Interesse for mig kan Du vide. Derfor er det at jeg tyer till Dig, som min gamle Ven. Kjære, <anchor type="lemma" xml:id="koB12_2015"/>skriv noget sammen, som passer for Tydskerne; skriv det saa velvilligt, som din Samvittighed tillader; nogen <anchor type="lemma" xml:id="koB12_2016"/>Digtermisère gjør ikke Lykke længere, fortæll heller at Regjering og <HIS:hisRef type="org" target="Navneregister_HISe.xml#orgStort">Storthing</HIS:hisRef> <pb n="[3]"/>har sat mig paa <HIS:hisRef type="tcNote" xml:id="noteT12_561" target="B1844-1871ht_noter.xml" corresp="noteT12_561">Gage</HIS:hisRef>, at jeg rejser, oppholder mig <anchor type="lemma" xml:id="koB12_2017"/>«in dem grossen Vaterlande» o. s. v. – Er det for stærkt at bede Dig om alt dette? Eller vil Du hjælpe mig? Gjør Du det, saa gjør det kortfattet, og send det enten till mig eller till Herr «P. F. Siebold in Cassel», vidre Adresse behøves ikke; han vil da oversætte det paa Tydsk. Jeg ved ingen bedre end Dig at henvende mig till; derfor plager jeg Dig. Svar mig ialfald. Fra 8<hi rend="raised">de</hi> Juni er min Adresse «Königsbrückerstrasse, N<hi rend="raised">o</hi> 33, 1<hi rend="raised">te</hi> Etage.»</p>
<p>Om min Rejse, <anchor type="lemma" xml:id="koB12_2018"/>siden vi skiltes, vilde det blive for vidtløftigt at skrive; jeg lever et behageligt og sorgfrit Liv og agter till Høsten at give mig i Kast med <HIS:hisRef type="work" target="Navneregister_HISe.xml#woKG">
                                <anchor type="lemma" xml:id="koB12_2019"/>«Julian»</HIS:hisRef>. <HIS:hisRef type="person" target="Navneregister_HISe.xml#peJMD">
                                <anchor type="lemma" xml:id="koB12_2020"/>Din ærede Frue</HIS:hisRef> og <HIS:hisRef type="person" target="Navneregister_HISe.xml#peHoDi">din lille Pige</HIS:hisRef> bedes venligst hilset fra os. Jeg har den Plan till <anchor type="lemma" xml:id="koB12_2021"/>næste Aar at rejse till Stokholm; herom mere en anden Gang. Af Aviserne har jeg seet at Du skulde holde <anchor type="lemma" xml:id="koB12_2022"/>Forelæsninger i <HIS:hisRef type="place" target="Navneregister_HISe.xml#plGot">
                                <HIS:hisRef type="tcNote" xml:id="noteT12_562" target="B1844-1871ht_noter.xml" corresp="noteT12_562">Götheborg</HIS:hisRef>
                            </HIS:hisRef>; hvor Du for Øjeblikket befinder Dig <HIS:hisRef type="tcNote" xml:id="noteT12_563" target="B1844-1871ht_noter.xml" corresp="noteT12_563">ved jeg ikke</HIS:hisRef> og sender derfor dette Brev gjennem <HIS:hisRef type="person" target="Navneregister_HISe.xml#peFH">Hegel</HIS:hisRef>. Naar kommer dog det næste Bind af <anchor type="lemma" xml:id="koB12_2023"/>Din norske Literaturhistorie; for det udkomne Bind kan jeg ikke noksom takke Dig; det har voldt os en stor Glæde og jeg tør sige at det er den eneste Bog, som jeg, næst <HIS:hisRef type="person" target="Navneregister_HISe.xml#peLuH">Holbergs</HIS:hisRef> Komedier aldrig blir kjed af at læse; <HIS:hisRef type="person" target="Navneregister_HISe.xml#peSuI">min Kone</HIS:hisRef> kan den omtrent udenad; ja, den Bog har Du isandhed Ære af! Kjære Ven, <pb n="[4]"/>hermed vil jeg for idag slutte; kan Du i det ovennævnte Anliggende hjælpe mig, saa ved jeg at Du gjør det. Lev hjertelig vel og hils alle fælles Venner fra</p>
<salute>din hengivne</salute>
<signed>Henrik Ibsen.</signed>
</div>
</body>
</text>