<?xml version="1.0" encoding="UTF-8"?><text xmlns="http://www.tei-c.org/ns/1.0" xmlns:HIS="http://www.example.org/ns/HIS" rend="letter" corresp="B18710606KUMin" xml:lang="da-no">
                <body>
<div type="letter">
<salute>
                            <pb n="[1]"/>Til Ministeriet for kirke- og undervisningsvæsenet.</salute>
<p>
                            <anchor type="lemma" xml:id="koB12_3272"/>I henhold til det kgl: ministeriums skrivelse af 20<hi rend="raised">de</hi> Februar dette år giver jeg mig den ære at meddele, at det ifølge underretning fra <anchor type="lemma" xml:id="koB12_3273"/>
                            <HIS:hisRef type="person" target="Navneregister_HISe.xml#peGS">den norske statsminister</HIS:hisRef> er bleven mig tilladt at anlægge den mig tildelte dekoration som ridder af Dannebrog.</p>
<dateline>Dresden den <date>6<hi rend="raised">te</hi> Juni 1871</date>.</dateline>
<salute>Ærbødigst</salute>
<signed>Henrik Ibsen, norsk <anchor type="lemma" xml:id="koB12_3274"/>stats-stipendiat.</signed>
</div>
</body>
</text>