<?xml version="1.0" encoding="UTF-8"?><text xmlns="http://www.tei-c.org/ns/1.0" xmlns:HIS="http://www.example.org/ns/HIS" rend="letter" corresp="B18651026AK" xml:lang="da-no">
<front>
<pb n="[a]"/>
<HIS:envelope type="sheet">
<address>
<addrLine>Hr: Cand: jur: A: Klubien</addrLine>
<addrLine>St: Kannikestræde, N<hi rend="raised">o</hi> 15, 1<hi rend="raised">ste</hi> Sal.</addrLine>
<addrLine>Kjøbenhavn.</addrLine>
</address>
</HIS:envelope>
</front>
<body>
<div type="letter">
<dateline>
                            <pb n="[1]"/>Rom den <date>26<hi rend="raised">de</hi> October 1865</date>.</dateline>
<salute>Min fortræffelige <anchor type="lemma" xml:id="koB12_964"/>carissimo!</salute>
<p>Den 31<hi rend="raised">te</hi> Juli tilskrev Du mig dit i mange Maader kjærkomne <anchor type="lemma" xml:id="koB12_965"/>Brev fra <HIS:hisRef type="place" target="Navneregister_HISe.xml#plLon">London</HIS:hisRef> og først idag svarer jeg. Men jeg ved ikke hvorledes det er; det forekommer mig, som om Forbindelsen mellem os ligefuldt er tilstede; denne Følelse hænger sammen med det, der fra først af bragte os sammen. Nogen mundtlig Lyrik holder ingen af os af, og jeg mindes ikke at vi nogensinde har vexlet et Ord om vort personlige Forhold, og dog forekommer det mig, som om alt det var udsagt, der skulde udsiges mellem os. Naar jeg imidlertid først nu <HIS:hisRef type="tcNote" xml:id="noteT12_252" target="B1844-1871ht_noter.xml" corresp="noteT12_252">tillskriver</HIS:hisRef> dig, saa ligger dette kun deri at jeg havde foresat mig at kunde tillmelde dig <anchor type="lemma" xml:id="koB12_966"/>Fuldførelsen af <HIS:hisRef type="work" target="Navneregister_HISe.xml#woBr">mit nye Arbejde</HIS:hisRef>; dette kan jeg da nu, og derfor fremkommer dette Brev indlagt i en Manuscriptpakke till <HIS:hisRef type="person" target="Navneregister_HISe.xml#peFH">Boghandler Hegel</HIS:hisRef>, der har kjøbt Arbejdet, og som for Fremtiden bliver min Forlægger. Du kan tro jeg har skrevet flittigt og jeg har kunnet gjøre det uden Overvindelse; thi her har ingen været, hvis Omgang har tilltrukket mig. I Slutningen af Mai flyttede jeg till <HIS:hisRef type="place" target="Navneregister_HISe.xml#plAric">
                                <anchor type="lemma" xml:id="koB12_967"/>Ariccia</HIS:hisRef> og blev der till Udgangen af September; jeg <HIS:hisRef type="tcNote" xml:id="noteT12_253" target="B1844-1871ht_noter.xml" corresp="noteT12_253">arbejdede</HIS:hisRef> saagodtsom fra Morgen till Aften og nu har jeg et anseligt <anchor type="lemma" xml:id="koB12_968"/>Opus istand, omtrent 280 trykte Sider. Det er et dramatisk Digt paa rimede Vers, med <pb n="[2]"/>
                            <anchor type="lemma" xml:id="koB12_969"/>Sidehugg og Prygl till <anchor type="lemma" xml:id="koB12_970"/>Skabhalsene og en alvorlig Grundtanke paa Bunden. At der fra mange Kanter vil blive hylet derimod, er jeg forberedt paa, thi blev ikke <emph>det</emph> Tillfældet, saa havde det været ufornødent at skrive det hele. Jeg skal sørge for at et Expl: strax ved Udkomsten bliver dig tillsendt, men jeg vil bede Dig læse det uden nogen forudfattet Mening hentet fra hvad jeg mundtlig kan have yttret.</p>
<p>
                            <anchor type="lemma" xml:id="koB12_971"/>Vor skandinaviske Koloni har faaet adskillig Tillførsel af mange gode Folk, navnlig Danske, men det er ikke kommet videre end till almindeligt Bekjendtskab mellem os; noget der kan sammenlignes med <anchor type="lemma" xml:id="koB12_972"/>Samlivet forrige Vinter, er der ikke Tale om. <anchor type="lemma" xml:id="koB12_973"/>Nogle væmmelige Svenske kommer og gaar, men jeg befatter mig ikke med dem. <HIS:hisRef type="person" target="Navneregister_HISe.xml#peCBl">
                                <anchor type="lemma" xml:id="koB12_974"/>Bloch</HIS:hisRef> er rejst till <HIS:hisRef type="place" target="Navneregister_HISe.xml#plFir">Florents</HIS:hisRef>, men jeg har en Formodning om at vi endnu faar se ham i <HIS:hisRef type="place" target="Navneregister_HISe.xml#plRom">Rom</HIS:hisRef> ivinter, hvis han ikke drager hjemover. Vor brave fortræffelige <HIS:hisRef type="person" target="Navneregister_HISe.xml#pePCS">Schierbek</HIS:hisRef> ved Du vi har mistet. Han kom ud till Ariccia midt i September, vi fulgtes ad tillbage till Rom, og <unclear reason="writing">3</unclear> Dage efter var <HIS:hisRef type="tcNote" xml:id="noteT12_254" target="B1844-1871ht_noter.xml" corresp="noteT12_254">han</HIS:hisRef> død; men for os der havde seet ham i den sidste Tid kom det ikke uventet, selv havde han dog neppe nogen Anelse derom og døde lidt efter lidt, stille, afkræftet og næsten <HIS:hisRef type="tcNote" xml:id="noteT12_255" target="B1844-1871ht_noter.xml" corresp="noteT12_255">umærkeligt.</HIS:hisRef> I <HIS:hisRef type="org" target="Navneregister_HISe.xml#orgSF">Foreningen</HIS:hisRef> er Karlene kjedelige; det er som om <HIS:hisRef type="person" target="Navneregister_HISe.xml#peLH">
                                <anchor type="lemma" xml:id="koB12_975"/>Hansens</HIS:hisRef> stive Halsbind sad oppover Ørene paa dem allesammen. Hansen regjerer forresten gjennem <anchor type="lemma" xml:id="koB12_976"/>Ukaser affattede paa et skandinavisk Fællessprog <pb n="[3]"/>
                            <HIS:hisRef type="tcNote" xml:id="noteT12_256" target="B1844-1871ht_noter.xml" corresp="noteT12_256">og</HIS:hisRef> <HIS:hisRef type="tcNote" xml:id="noteT12_257" target="B1844-1871ht_noter.xml" corresp="noteT12_257">oppslagne</HIS:hisRef> ikke blot <anchor type="lemma" xml:id="koB12_977"/>i Salen, men ogsaa i de indre og allerinderste <anchor type="lemma" xml:id="koB12_978"/>Gemakker, ja dersteds endog i de inderste Nischer. Ved et Lag vi holdt <anchor type="lemma" xml:id="koB12_979"/>paa Mezzamiglia till Ære for vor hjemvendende <HIS:hisRef type="person" target="Navneregister_HISe.xml#peJB">
                                <anchor type="lemma" xml:id="koB12_980"/>Konsul</HIS:hisRef> og vor bortdragende Bloch holdt jeg en Skaaltale over Hansens skandinaviske Fortjenester, seet fra et <anchor type="lemma" xml:id="koB12_981"/>renovatorisk Standpunkt; Hensigten va<supplied>r at æ</supplied>rgre de svenske Hunde der var tillstede.</p>
<p>
                            <HIS:hisRef type="person" target="Navneregister_HISe.xml#peVVP">
                                <anchor type="lemma" xml:id="koB12_982"/>Petersen</HIS:hisRef> er formodentlig i <HIS:hisRef type="place" target="Navneregister_HISe.xml#plKbh">Kjøbenhavn</HIS:hisRef>, <supplied>hil</supplied>s ham paa det hjerteligste; en saadan Kreds, som den vi dannede her ifjor, faar vi aldrig mere, og sammensatt af andre skjøtter jeg heller ikke om at faa <HIS:hisRef type="tcNote" xml:id="noteT12_258" target="B1844-1871ht_noter.xml" corresp="noteT12_258">den.</HIS:hisRef> Gjengjæld ikke min lange Taushed med en lignende, men lad mig snart høre at du har modtaget mit Brev og fortæll mig hvorledes alt gaa<supplied>r</supplied> derhje<supplied>m</supplied>me. <HIS:hisRef type="person" target="Navneregister_HISe.xml#peHVS">Sthyr</HIS:hisRef> skal være betænkt paa at ko<supplied>m</supplied> me herned igjen; men hvad det bliver till ved jeg ikke. <anchor type="lemma" xml:id="koB12_983"/>Næste Sommer drager jeg antageligvis till <HIS:hisRef type="place" target="Navneregister_HISe.xml#plSorr">Sore<supplied>nt</supplied>
                            </HIS:hisRef> saa tillbage till Rom. <HIS:hisRef type="person" target="Navneregister_HISe.xml#peCKFM">Professor Molbech</HIS:hisRef> er ko<supplied>m</supplied>men herned og havde han været her ifjor var <supplied>han</supplied> visst bleven en af vore. – At det generede <supplied>mig at</supplied> jeg ikke fik betalt <anchor type="lemma" xml:id="koB12_984"/>min Gjæld till Dig, har D<supplied>u mere</supplied> end Rett i. <anchor type="lemma" xml:id="koB12_985"/>Brocherne skal jeg med Forn<supplied>øjelse kjø</supplied>be, men skulde Du i dette Punkt forandre din <supplied>Be</supplied>stemmelse, saa lad mig det vide og jeg skal <supplied>da i</supplied> Stedet sende Dig en Anvisning paa den <HIS:hisRef type="org" target="Navneregister_HISe.xml#orgGyl">Gylde<supplied>n</supplied>dalske Boghandel</HIS:hisRef>; mig kommer det ud paa et; skriv herom. Lev nu vel, min kjære Klubien! Du er den sundeste og klareste jeg har truffet og jeg haaber at Forholdene derhjemme, hvordan de end en Tid maatte arte sig, ikke vil faa Bugt med det, der er Kjernen i Dig.</p>
<salute>Din hengivne</salute>
<signed>Henr: Ibsen.</signed>
</div>
</body>
</text>