<?xml version="1.0" encoding="UTF-8"?><text xmlns="http://www.tei-c.org/ns/1.0" xmlns:HIS="http://www.example.org/ns/HIS" rend="letter" corresp="B18730507PNA" xml:lang="da-no">
<front>
<pb n="[a]"/>
<HIS:envelope type="envelope">
<address>
<addrLine>Herrn Kunstausstellungs-Commissär P. N. Arbo.</addrLine>
<addrLine>Bureau für Schweden u: Norwegen.</addrLine>
<addrLine>Weltausstellungsplatz.</addrLine>
<addrLine>Wien.</addrLine>
</address>
<stamp>fr:</stamp>
</HIS:envelope>
<pb n="[b]"/>
</front>
<body>
<div type="letter">
<dateline>
                            <pb n="[1]"/>Dresden den <date>7<hi rend="raised">de</hi> Maj 1873</date>.</dateline>
<salute>Herr P: N: Arbo!</salute>
<p>Tillad mig herved på det hjerteligste at takke Dem for <anchor type="lemma" xml:id="koB13_881"/>Deres venlige brev, som jeg igår havde den glæde <HIS:hisRef type="tcNote" xml:id="noteT13_141" target="B1871-1879ht_noter.xml" corresp="noteT13_141">at</HIS:hisRef> modtage og hvoraf jeg udleder de bedste forvarsler for en god og enig samvirken imellem os i den nærmeste fremtid.</p>
<p>Det var meget mere, end jeg kunde vente, at De skulle henvende Dem til mig først; og når jeg på min side til dato har forholdt mig taus, så er grunden den, at jeg nødigt nu i <anchor type="lemma" xml:id="koB13_882"/>udstillingens første dage vilde besvære Dem med brevskrivere, hvoraf De sandsynligvis allerede i forvejen er mere end overlæsset.</p>
<p>Siden De imidlertid så velvilligt tilbyder Dem at være mig behjælpelig med råd og dåd, så tillader jeg mig at forespørge mig om nogle punkter.</p>
<p>Af det <anchor type="lemma" xml:id="koB13_883"/>tilstillede dokument, hvoraf jeg allerede tidligere har modtaget et exemplar fra <anchor type="lemma" xml:id="koB13_884"/>komiteen i <HIS:hisRef type="place" target="Navneregister_HISe.xml#plKri">Kristiania</HIS:hisRef>, fremgår det at en <anchor type="lemma" xml:id="koB13_885"/>«Fragebogen» i to forskellige skikkelser vil blive at udfylde af udstillerne i nogle grupper, for siden at <HIS:hisRef type="tcNote" xml:id="noteT13_142" target="B1871-1879ht_noter.xml" corresp="noteT13_142">tjene</HIS:hisRef> de vedkommende gruppejuryer til vejledning. Noget lignende for <anchor type="lemma" xml:id="koB13_886"/>25<hi rend="raised">de</hi> gruppes vedkommende er imidlertid ikke antydet i ovennævnte aktstykke. Jeg vilde derfor gerne vide på hvilken måde <pb n="[2]"/>kunstjurymændene skal erholde de tilsvarende oplysninger for de udstillende kunstneres vedkommende.</p>
<p>Dernæst vilde jeg være Dem særdeles forbunden ifald De kunde forskaffe mig en fortegnelse over <anchor type="lemma" xml:id="koB13_887"/>kunstjuryens samtlige medlemmer.</p>
<p>Ikke mindre taknemmelig vilde jeg være om jeg turde håbe at <HIS:hisRef type="tcNote" xml:id="noteT13_143" target="B1871-1879ht_noter.xml" corresp="noteT13_143">De</HIS:hisRef> vilde og kunde <HIS:hisRef type="tcNote" xml:id="noteT13_144" target="B1871-1879ht_noter.xml" corresp="noteT13_144">sikkre</HIS:hisRef> mig et <anchor type="lemma" xml:id="koB13_888"/>tarveligt værelse i en nogenlunde rimelig afstand fra <anchor type="lemma" xml:id="koB13_889"/>udstillingsbygningen samt opgive mig den omtrentlige pris for et sådant, når det lejes for en længere tid, f. ex. 6–7 uger.</p>
<p>Endelig tillader jeg mig at forespørge om der er udkommet nogen <anchor type="lemma" xml:id="koB13_890"/>rejsehåndbog specielt i anledning af udstillingen, og, hvis der er udkommet flere, hvilken De i så fald råder mig at anskaffe.</p>
<p>Dette er hvad der for øjeblikket ligger mig mest på hjerte, og i håb om snart personlig at kunne bringe Dem min tak tegner jeg mig med højagtelse</p>
<salute>Deres særdeles forbundne</salute>
<signed>Henrik Ibsen.</signed>
<pb n="[3]"/>
<pb n="[4]"/>
</div>
</body>
</text>