<?xml version="1.0" encoding="UTF-8"?><text xmlns="http://www.tei-c.org/ns/1.0" xmlns:HIS="http://www.example.org/ns/HIS" rend="letter" corresp="B18671228BB" xml:lang="da-no">
<body>
<div type="letter">
<dateline>
                            <pb n="[1]"/>Rom den <date>28<hi rend="raised">de</hi> December 1867</date>. –</dateline>
<salute>Kjære Bjørnson!</salute>
<p>En mere velsignet Hilsen, end den, der gjennem <anchor type="lemma" xml:id="koB12_1648"/>dit Brev kom till mig paa første Juledags Morgen, kunde jeg ikke i denne Verden have modtaget. –</p>
<p>Den Ladning Sludder, jeg i min Epistel sidstegang udskibede, voldte at jeg i Mellemtiden ikke havde en rolig eller selvtillfreds Time. Det værste et Menneske kan gjøre mod sig selv er at gjøre Urett mod andre. Takk, fordi Du med dit store Sind tog Sagen, som Du gjorde! Jeg øjnede ikke andet end Ufred og Bitterhed for lange Tider; men nu, bagefter, ser jeg det som noget saa ganske naturligt for Dig at Du tog Sagen netopp paa den Maade og ikke paa nogen anden. Jeg læser dit Brev atter og atter igjen hver Dag og læser mig fri for den pinende Tanke at jeg skulde have saaret Dig.</p>
<p>Misforstaa ikke mine Yttringer i det <pb n="[2]"/>forrige Brev, saaledes som om jeg skulde sætte <anchor type="lemma" xml:id="koB12_1649"/>Poesiens Væsen i noget andet, end det, hvori <HIS:hisRef type="person" target="Navneregister_HISe.xml#peCP">Clemens Petersen</HIS:hisRef> vil have den. Tvertimod; jeg forstaar og er ganske enig med ham. Men jeg mener at jeg har oppfyldt Fordringen; han siger nej. – Han taler om <anchor type="lemma" xml:id="koB12_1650"/>vor reflekterte Tid, der lader <anchor type="lemma" xml:id="koB12_1651"/>Macbeths Hexe betyde noget, der foregaar inde i <HIS:hisRef type="tcNote" xml:id="noteT12_469" target="B1844-1871ht_noter.xml" corresp="noteT12_469">Macbeth</HIS:hisRef> selv; men i den selvsamme Artikel lader han en forstyrret <anchor type="lemma" xml:id="koB12_1652"/>Skibspassager betyde «Angst»! Ja, paa den Maade skal jeg paatage mig at gjøre baade dine og alle andre Digteres Værker om till <anchor type="lemma" xml:id="koB12_1653"/>Allegorier fra først till sidst. Tag Götz v. Berlichingen! Fortæll at <anchor type="lemma" xml:id="koB12_1654"/>Götz selv betyder den gjærende folkelige Frihedstrang, Kejseren betyder Statsbegrebet o. s. v.; hvad faar man saa ud! Jo, at det ikke er Poesi! –</p>
<p>Mine <anchor type="lemma" xml:id="koB12_1655"/>«Paroxysmer» skal Du forøvrigt ikke være bekymret over; de ere intet sygeligt, hverken i den ene eller den anden Henseende. Dit Raad, at skrive et Lystspil for Scenen, tror jeg at jeg kommer till at følge; jeg har selv gaaet og tænkt paa det samme. Det er muligt at jeg tager till <HIS:hisRef type="place" target="Navneregister_HISe.xml#plNoIt">Norditalien</HIS:hisRef>, till Sommeren, og hvor vi tillbringer <pb n="[3]"/>næste Vinter ved jeg ikke; jeg ved kun at det ikke blir i <HIS:hisRef type="place" target="Navneregister_HISe.xml#plN">Norge</HIS:hisRef>. Skulde jeg vende hjem nu, saa vilde et af to ske: enten vilde jeg inden en Maaned have gjort mig alle Mennesker till Fiender derhjemme, eller jeg vilde smutte ind igjen under allehaande Forklædninger og blive en Løgn baade for mig selv og for andre. –</p>
<p>Kjære Bjørnson! Vil Du virkelig give Dig <anchor type="lemma" xml:id="koB12_1656"/>ikast med <HIS:hisRef type="org" target="Navneregister_HISe.xml#orgChrTh">Theatret</HIS:hisRef> igjen? Du har ganske visst en Gjerning at gjøre der; <HIS:hisRef type="tcNote" xml:id="noteT12_470" target="B1844-1871ht_noter.xml" corresp="noteT12_470">men Du</HIS:hisRef> har jo dog en nærmere Gjerning i din egen Digtning. Ja, dersom det blot var Tidsspilde, som flød deraf, saa fik det gaa; dersom alle Digtersyner, Stemninger, Billeder, blot blev <HIS:hisRef type="tcNote" xml:id="noteT12_471" target="B1844-1871ht_noter.xml" corresp="noteT12_471">skud<supplied>t</supplied>
                            </HIS:hisRef> tillside for siden at melde sig! Men saa <emph>er</emph> det ikke; der kommer <emph>andre</emph>, men det <HIS:hisRef type="tcNote" xml:id="noteT12_472" target="B1844-1871ht_noter.xml" corresp="noteT12_472">mellemliggend<supplied>e</supplied>
                            </HIS:hisRef> dør ufødt; Theaterstrævet er for en Digter en dagligt gjentagen <anchor type="lemma" xml:id="koB12_1657"/>Fosterfordrivelse; de borgerlige Love sætter Straffe for sligt; jeg ved ikke om Vorherre er mere frisindet. Tænk paa det, kjære Bjørnson! Begavelsen er ingen Rettighed, den er en Pligt.</p>
<p>Nej, drag ud, <anchor type="lemma" xml:id="koB12_1658"/>carissimo! Baade fordi Afstanden giver større Synsvidde og fordi <pb n="[4]"/>man selv paa samme Tid er Godtfolk ude af Syne. Jeg er viss paa at <anchor type="lemma" xml:id="koB12_1659"/>Weimarerne vare i sin Tid <HIS:hisRef type="person" target="Navneregister_HISe.xml#peJWGo">Goethes</HIS:hisRef> sletteste Publikum.</p>
<p>Det skulde være herligt om vi kunde mødes hernede. Men jeg har en Anelse om at det ikke skeer. <anchor type="lemma" xml:id="koB12_1660"/>«Fiskerjenten» gaar jeg og venter paa som en Tørstende, – ja, netopp saadan; forresten driver jeg for mig selv og er meget uselskabelig i den store skandinavisk-romerske Kreds. Senere skal jeg maaske sende Dig noget om min Rejse till <anchor type="lemma" xml:id="koB12_1661"/>«norsk Folkeblad»; nogle Træk fra Italien skal Du ialfald faa. Takk for <anchor type="lemma" xml:id="koB12_1662"/>hvad Du har skrevet om mig; <HIS:hisRef type="person" target="Navneregister_HISe.xml#peFH">Hegel</HIS:hisRef> har lovet mig at sende Nummerne; ligeledes Takk paa Forhaand for <anchor type="lemma" xml:id="koB12_1663"/>Biografien!</p>
<p>I den omskrevne Sag, <anchor type="lemma" xml:id="koB12_1664"/>«Beordningen», maa jeg efter min bedste Overbevisning være komplet <HIS:hisRef type="tcNote" xml:id="noteT12_473" target="B1844-1871ht_noter.xml" corresp="noteT12_473">uenig</HIS:hisRef> med Dig. Vi hører hjemme i et Monarki og ikke i en Republik; jeg for mit Vedkommende ynder ikke Republikken. <anchor type="lemma" xml:id="koB12_1665"/>«Ligheden med <HIS:hisRef type="person" target="Navneregister_HISe.xml#peJB">Bravo</HIS:hisRef>» er der allerede; thi vi, saavel som han, modtager Gage af Staten. Af den bevilgende Statsmagt modtager vi Penge; Kongemagten giver os et Ærestegn, fordi den respekterer <pb n="[5]"/>en Folkestemning, som den erkjender at være tillstede. Hvorfor afslaa den ene Udtrykksform, naar vi ikke har afslaaet den anden for den samme Ting? Lad os se tillbunds i os selv! Er det vor Agt for Fremtiden at blive Asketer? Agter vi at frabede os enhver velment festlig Tilstellning, enhver Skaaltale o. s. v.? Men hvis ikke; hvad vejer da Afvisningen paa det <emph>ene</emph> Punkt? <HIS:hisRef type="person" target="Navneregister_HISe.xml#pePMOL">Orla Lehmann</HIS:hisRef> har deklameret mod Ordner og Titler; men sig mig opprigtigt, kjender Du en forfængligere Mand, end ham? <HIS:hisRef type="person" target="Navneregister_HISe.xml#peABla">August Blanche</HIS:hisRef> har talt spydigt om slige Sager, og hvorledes lader han sig ikke <anchor type="lemma" xml:id="koB12_1666"/>beordne og <HIS:hisRef type="tcNote" xml:id="noteT12_474" target="B1844-1871ht_noter.xml" corresp="noteT12_474">bestjerne</HIS:hisRef> baade for og bag af Folkegunsten paa <anchor type="lemma" xml:id="koB12_1667"/>Operakällaren og andetsteds? Jeg for mit Vedkommende føler, at jeg ved et Afslag vilde gjøre mig skyldig i en Usandhed ligeover for mig selv og andre. Havde jeg nogen positiv Tragten efter slig Stas, saa vilde jeg naturligvis have vogtet mig for at opptræde som <anchor type="lemma" xml:id="koB12_1668"/>«Statssatyrikus»; men skulde det komme – saa ingen Opphævelser!</p>
<p>Jeg vil snart skrive Dig et langt Brev till; dette her er i ingen Henseende hvad det skulde være. <anchor type="lemma" xml:id="koB12_1669"/>«Mine Venner i Morgenbladet» <pb n="[6]"/>– vær ubekymret, de vil aldrig kunne gjøre mig Skade! Hvem disse skrivende Venner ere, ved jeg forresten ligesaalidt, som jeg ved hvem der skriver i Aviserne paa Sydhavsøerne. Paa Norge ingen Korrespondence undtagen hver tredje Maaned et Brev till <HIS:hisRef type="person" target="Navneregister_HISe.xml#peJHT">
                                <anchor type="lemma" xml:id="koB12_1670"/>min Svoger</HIS:hisRef>. –</p>
<p>Og hermed et glædeligt Nytaar! Skriv naar Du kan, og gid jeg da faar høre at alt er godt og vel. Hils <HIS:hisRef type="person" target="Navneregister_HISe.xml#peKBj">din Kone</HIS:hisRef> og <anchor type="lemma" xml:id="koB12_1671"/>Smaagutterne fra os alle.</p>
<salute>Din hengivne</salute>
<signed>Henrik Ibsen.</signed>
</div>
<div type="postscript">
<p>Hegel bedes hilset. Clemens Petersen, og hvem der forresten vil modtage en Hilsen, ligesaa. Det er <anchor type="lemma" xml:id="koB12_1672"/>et Triumftog, Du er ude paa, fortælles her af Danskerne. Ja, det fortjener Du. Gid det blot ikke tager formeget Tid og Sindsro fra dit Arbejde!</p>
<salute>Din</salute>
<signed>H. I.</signed>
</div>
</body>
</text>