<?xml version="1.0" encoding="UTF-8"?><text xmlns="http://www.tei-c.org/ns/1.0" xmlns:HIS="http://www.example.org/ns/HIS" rend="letter" corresp="B18690706JHT" xml:lang="da-no">
<body>
<div type="letter">
<dateline>
                            <pb n="[1]"/>Dresden den <date>6<hi rend="raised">te</hi> Juli 1869</date>.</dateline>
<salute>Kjære Svoger!</salute>
<p>Saavidt jeg erindrer anmodede jeg Dem i mit sidste Brev om, naar Tiden kom, at sende mig min Gage for 2<hi rend="raised">det</hi> Kvartal d. A. Skulde jeg imidlertid have glemt det, saa fremsættes herved Anmodningen med Tillføjende at jeg <emph>tillige</emph> ønsker <anchor type="lemma" xml:id="koB12_2110"/>udtaget af Banken og tillsendt <emph>100</emph> Sp – altsaa ialt <emph>200</emph> Sp; jeg kommer nemlig i denne Maaned till at rejse till <HIS:hisRef type="place" target="Navneregister_HISe.xml#plSthlm">Stokholm</HIS:hisRef> og <anchor type="lemma" xml:id="koB12_2111"/>det ansøgte Stipendium, som jeg haaber at faa, har jeg endnu ikke hørt noget om; jeg maa derfor <anchor type="lemma" xml:id="koB12_2112"/>gjøre <HIS:hisRef type="tcNote" xml:id="noteT12_573" target="B1844-1871ht_noter.xml" corresp="noteT12_573">Udlægget</HIS:hisRef> saalænge. Det vilde være mig meget kjært at faa Pengene med <emph>omgaaende</emph> Post. <anchor type="lemma" xml:id="koB12_2113"/>Mit nye Stykke er indleveret till alle tre Hovedstadstheatre; jeg haaber det kommer till Oppførelse ivinter. Chefen for det stokholmske Theater, <HIS:hisRef type="person" target="Navneregister_HISe.xml#peEaE">Hofmarschal Edholm</HIS:hisRef> oppsøgte mig paa Gjennemrejse hersteds; desværre traf jeg ham ikke; men alt er i bedste Gang. Forøvrigt <pb n="[2]"/>lever vi alle vel. <HIS:hisRef type="person" target="Navneregister_HISe.xml#pePMOL">Orla Lehman</HIS:hisRef> og <HIS:hisRef type="person" target="Navneregister_HISe.xml#peAFK">Etatsraad Krieger</HIS:hisRef> har besøgt os, og jeg har allerede <anchor type="lemma" xml:id="koB12_2114"/>Planen till et nyt Arbejde færdig. Med mange Hilsener og i Haab om snart at høre fra Dem, tegner jeg mig</p>
<salute>Deres hengivne</salute>
<signed>Henrik Ibsen.</signed>
</div>
</body>
</text>