<?xml version="1.0" encoding="UTF-8"?><text xmlns="http://www.tei-c.org/ns/1.0" xmlns:HIS="http://www.example.org/ns/HIS" rend="letter" corresp="B18700421RW" xml:lang="da-no">
<body>
<div type="letter">
<dateline>
                            <pb n="[1]"/>Dresden den <date>21<hi rend="raised">de</hi> April 1870</date>. –</dateline>
<salute>Kjære Watt!</salute>
<p>Hjertelig Tak for det tilsendte <anchor type="lemma" xml:id="koB12_2435"/>egyptiske Værk med dertil hørende smigrende Dedikation! Det har været mig en stor <HIS:hisRef type="tcNote" xml:id="noteT12_639" target="B1844-1871ht_noter.xml" corresp="noteT12_639">Fornøjelse</HIS:hisRef> ved Læsningen at opfriske mange <anchor type="lemma" xml:id="koB12_2436"/>fælles Rejseminder, og jeg haaber at Bogen vil finde en talrig <anchor type="lemma" xml:id="koB12_2437"/>Læsekreds hjemme. – Ligeledes takker jeg forbindtligst for en igaar modtagen <anchor type="lemma" xml:id="koB12_2438"/>Pakke indeholdende <HIS:hisRef type="person" target="Navneregister_HISe.xml#peNFSGr">Grundtvigs</HIS:hisRef> m. Fls Digte. Naar jeg kommer til <HIS:hisRef type="place" target="Navneregister_HISe.xml#plKbh">Kjøbenhavn</HIS:hisRef> ved jeg endnu ikke. Fra <HIS:hisRef type="person" target="Navneregister_HISe.xml#peEBo">Erik Bøgh</HIS:hisRef> har jeg havt et meget elskværdigt Brev. Hils ham og alle andre gode Venner!</p>
<p>I flyvende Fart</p>
<salute>venskabeligst</salute>
<signed>Henrik Ibsen.</signed>
</div>
</body>
</text>