<?xml version="1.0" encoding="UTF-8"?><text xmlns="http://www.tei-c.org/ns/1.0" xmlns:HIS="http://www.example.org/ns/HIS" rend="letter" corresp="B18681002FH" xml:lang="da-no">
                <body>
<div type="letter">
<dateline>
                            <pb n="[1]"/>München den <date>2<hi rend="raised">den</hi> October 1868</date>.–</dateline>
<salute>Kjære Herr Cancelliraad Hegel!</salute>
<p>
                            <anchor type="lemma" xml:id="koB12_1768"/>Har De modtaget mit Brev af 22<hi rend="raised">de</hi> Sept:? Tillgiv at jeg spørger, thi jeg befinder mig i Forlegenhed og er desuden urolig, idet jeg erindrer at De till <HIS:hisRef type="place" target="Navneregister_HISe.xml#plBerGad">Berchtesgaden</HIS:hisRef> sendte mig rede Penge istedetfor Vexel.</p>
<p>Jeg vil imidlertid haabe at der intet er paafærde og at De simpelthen ikke har modtaget ovennævnte Brev af 22<hi rend="raised">de</hi> f. M, eller at Svaret allerede er undervejs. Skulde mit Brev imidlertid <emph>ikke</emph> være fremkommet, saa tillader jeg mig herved at fremhæve Hovedpunktet i samme – idet jeg anmoder Dem om godhedsfuldt at sende mig (<anchor type="lemma" xml:id="koB12_1769"/>enten i Vexel eller, hvis det tør voves, i preussiske Penge) 200 Rdlr, som jeg <emph>nu</emph> tilltrænger for at kunde drage <pb n="[2]"/>herfra. Min Adresse er: <emph>
                                <HIS:hisRef type="person" target="Navneregister_HISe.xml#peCBa">Frau Bauer</HIS:hisRef>, Maximiliansplatz N<hi rend="raised">o</hi> <HIS:hisRef type="tcNote" xml:id="noteT12_493" target="B1844-1871ht_noter.xml" corresp="noteT12_493">13;</HIS:hisRef> 3<hi rend="raised">ten</hi> Stock, <HIS:hisRef type="place" target="Navneregister_HISe.xml#plMun">München</HIS:hisRef>
                            </emph>. Brevet bedes <HIS:hisRef type="tcNote" xml:id="noteT12_766" target="B1844-1871ht_noter.xml" corresp="noteT12_766">rekommanderet</HIS:hisRef>.</p>
<p>Tillgiv alt mit Plageri! Maaske har jeg alt imorgen Brev fra <HIS:hisRef type="tcNote" xml:id="noteT12_494" target="B1844-1871ht_noter.xml" corresp="noteT12_494">Dem</HIS:hisRef>, og disse Linjer ere da overflødige. Skulde De <HIS:hisRef type="tcNote" xml:id="noteT12_495" target="B1844-1871ht_noter.xml" corresp="noteT12_495">have</HIS:hisRef> misforstaaet mit forrige Brev og sendt <anchor type="lemma" xml:id="koB12_1770"/>Remissen till <HIS:hisRef type="place" target="Navneregister_HISe.xml#plDre">Dresden</HIS:hisRef> istedetfor till München, beder jeg Dem om at sende mig en yderligere Remisse af 50 Rdl: hertill, for at jeg kan komme herfra.</p>
<p>Jo snarere jeg modtager Deres Svar paa dette Brev desto kjærere.</p>
<p>Tillad mig at lade disse Linjer gaa ufrankerede. Jeg skriver en sen Aftentime og frygter at jeg ingen Frimærker kan faa.</p>
<salute>Deres hengivne</salute>
<signed>Henrik Ibsen</signed>
</div>
</body>
</text>