<?xml version="1.0" encoding="UTF-8"?><text xmlns="http://www.tei-c.org/ns/1.0" xmlns:HIS="http://www.example.org/ns/HIS" rend="letter" corresp="B18640622BD" xml:lang="da-no">
<body>
<div type="letter">
<dateline>
                            <pb n="[1]"/>Rom den <date>22<hi rend="raised">de</hi> Juni 1864</date>.–</dateline>
<salute>Hr: Regjeringsadvokat Dunker.</salute>
<p>Den 12<hi rend="raised">te</hi> Mai, altsaa Dagen efter at jeg havde afsendt <anchor type="lemma" xml:id="koB12_821"/>mit Telegram fra <HIS:hisRef type="place" target="Navneregister_HISe.xml#plTri">Triest</HIS:hisRef>, modtog jeg <anchor type="lemma" xml:id="koB12_822"/>Deres Brev samt Anvisning fra <HIS:hisRef type="person" target="Navneregister_HISe.xml#peTH">Hr: Hefty</HIS:hisRef>, for hvilke begge Dele jeg hjerteligst takker Dem. I <anchor type="lemma" xml:id="koB12_823"/>Venedig har jeg opholdt mig en Maaned og levet mig ind i al den vidunderlige Herlighed, som det faldt mig tungt at rive mig løs fra; i <HIS:hisRef type="place" target="Navneregister_HISe.xml#plMil">Milano</HIS:hisRef> har jeg kun opholdt mig et Par Dage og i <HIS:hisRef type="place" target="Navneregister_HISe.xml#plGen">Genua</HIS:hisRef> ligesaa; hertil ankom jeg den 18<hi rend="raised">de</hi>, leiede mig et lidet Værelse for 14 Dage og lever nu midt oppe i <anchor type="lemma" xml:id="koB12_824"/>Skandinavernes Kreds. Alle raader mig til at tage paa Landet i de hedeste Sommermaaneder og det er ogsaa mit eget Ønske, ikke saameget af Frygt for den <anchor type="lemma" xml:id="koB12_825"/>usunde Luft her i <HIS:hisRef type="place" target="Navneregister_HISe.xml#plRom">Rom</HIS:hisRef> som fordi jeg tiltrænger Fred til Udførelsen af <anchor type="lemma" xml:id="koB12_826"/>mit nye dramatiske Arbejde. Af Rom har jeg endnu ikke seet meget men har dog modtaget bestemt Indtryk af at her kunde man leve og virke med en Følelse af aandelig Frihed som maaske intet andet Sted. – Ved Maanedens Udgang vil jeg være omtrent blottet for Penge; jeg er bange for at De skal synes jeg bruger formange; men det er Befordringsudgifterne og Ophold paa Hoteller som sluger det meste; her i Rom vil jeg, efter min Erfaring fra <HIS:hisRef type="place" target="Navneregister_HISe.xml#plVen">Venedig</HIS:hisRef> <HIS:hisRef type="tcNote" xml:id="noteT12_197" target="B1844-1871ht_noter.xml" corresp="noteT12_197">og <HIS:hisRef type="place" target="Navneregister_HISe.xml#plBerl">Berlin</HIS:hisRef>
                            </HIS:hisRef>, hvor jeg naturligvis ogsaa <HIS:hisRef type="tcNote" xml:id="noteT12_198" target="B1844-1871ht_noter.xml" corresp="noteT12_198">boede</HIS:hisRef> privat, kunne leve for 30 Sp<hi rend="raised">d</hi> maanedlig eller <HIS:hisRef type="tcNote" xml:id="noteT12_199" target="B1844-1871ht_noter.xml" corresp="noteT12_199">for</HIS:hisRef> 100 Sp<hi rend="raised">d</hi> i 3 Maaneder. Jeg tager mig den Frihed at anmode om <pb n="[2]"/>at den forventede Vexel eller Anvisning <HIS:hisRef type="tcNote" xml:id="noteT12_200" target="B1844-1871ht_noter.xml" corresp="noteT12_200">om muligt</HIS:hisRef> maa komme til at <anchor type="lemma" xml:id="koB12_827"/>lyde paa Francs da man hernede skjelden har Brug for nordeuropæiske Myntsorter og <HIS:hisRef type="tcNote" xml:id="noteT12_201" target="B1844-1871ht_noter.xml" corresp="noteT12_201">jeg</HIS:hisRef> derfor paa en saadan vilde komme til at lide et større eller mindre Courstab; ligeledes tør jeg maaske anmode om at Brevet maa blive adresseret til <HIS:hisRef type="person" target="Navneregister_HISe.xml#peJB">Konsul Bravo</HIS:hisRef>, hvorved det hurtigst og sikkrest vil komme mig ihænde. Om Anliggenderne hjemme hører jeg saagodtsom Intet da her ingen norske Aviser findes; <anchor type="lemma" xml:id="koB12_828"/>de politiske Forholde har været mig en bitter Sorg, jeg kan ikke noksom takke for den Befrielse jeg følte ved at læse <anchor type="lemma" xml:id="koB12_829"/>Deres Tale ved 17<hi rend="raised">de</hi> Maifesten. – <anchor type="lemma" xml:id="koB12_830"/>Theatersagerne ere nu forhaabentlig ordnede; jeg tør maaske bede Dem bringe <HIS:hisRef type="person" target="Navneregister_HISe.xml#peBB">Bjørnson</HIS:hisRef> min Hilsen.</p>
<salute>Deres taknemmeligt hengivne</salute>
<signed>Henr: Ibsen</signed>
</div>
</body>
</text>