<?xml version="1.0" encoding="UTF-8"?><text xmlns="http://www.tei-c.org/ns/1.0" xmlns:HIS="http://www.example.org/ns/HIS" rend="letter" corresp="B18690531PFS" xml:lang="da-no">
<body>
<div type="letter">
<dateline>
                            <pb n="[1]"/>Dresden, <date>31<hi rend="raised">te</hi> Maj 1869</date>. –</dateline>
<salute>Højstærede Herr Siebold!</salute>
<p>Naar jeg ikke tidligere har besvaret Deres venlige Tillbud om at sende mig Deres Oversættelse af <HIS:hisRef type="work" target="Navneregister_HISe.xml#woBr">«Brand»</HIS:hisRef> till Gjennemlæsning, saa beroer dette paa en <anchor type="lemma" xml:id="koB12_2028"/>Forglemmelse fra min Side. Det vil naturligvis være mig en Glæde at modtage Manuscriptet naarsomhelst De maatte behage at sende mig samme. Fra 8<hi rend="raised">de</hi> Juni er min Adresse hersteds: «Königsbrückerstrasse, N<hi rend="raised">o</hi> 33, 1<hi rend="raised">te</hi> Etage.»</p>
<p>Udkastet till <anchor type="lemma" xml:id="koB12_2029"/>den biografiske Skizze kan jeg ikke selv paatage mig at levere; men jeg har lagt den Sag i de bedste Hænder idet jeg derom har tillskrevet min Ven og Landsmand, <HIS:hisRef type="person" target="Navneregister_HISe.xml#peLD">Professor L. Dietrichson</HIS:hisRef> i <HIS:hisRef type="place" target="Navneregister_HISe.xml#plSthlm">Stokholm</HIS:hisRef>, en Mand, der bedre end nogen anden kjender vore <HIS:hisRef type="tcNote" xml:id="noteT12_564" target="B1844-1871ht_noter.xml" corresp="noteT12_564">Literaturforholde</HIS:hisRef> og som <anchor type="lemma" xml:id="koB12_2030"/>upaatvivlelig snart vil sende os det fornødne i denne Henseende.</p>
<p>For al Deres velvillige Iver i disse Anliggender takker jeg Dem hjerteligst. Jeg skal paa min Side gjøre hvad jeg <pb n="[2]"/>formaaer. Troer De at en Anbefaling skulde være ønskelig ligeover for <anchor type="lemma" xml:id="koB12_2031"/>
                            <HIS:hisRef type="person" target="Navneregister_HISe.xml#peJJW">Herr Weber</HIS:hisRef> i <HIS:hisRef type="place" target="Navneregister_HISe.xml#plLei">Leipzig</HIS:hisRef> eller ligeoverfor Deres eventuelle Forlægger, saa skulde jeg sørge for at <anchor type="lemma" xml:id="koB12_2032"/>erholde en saadan fra den her boende berømte Literaturhistoriker <HIS:hisRef type="person" target="Navneregister_HISe.xml#peJGTG">
                                <anchor type="lemma" xml:id="koB12_2033"/>Hofrath Grässe</HIS:hisRef> samt fra den preussiske <HIS:hisRef type="person" target="Navneregister_HISe.xml#peAvonS">General <anchor type="lemma" xml:id="koB12_2034"/>v. Schweinitz</HIS:hisRef>, <anchor type="lemma" xml:id="koB12_2035"/>der har rejst i <HIS:hisRef type="place" target="Navneregister_HISe.xml#plN">Norge</HIS:hisRef>, og som med den mest levende Interesse omfatter alt hvad der er norsk; han boer her i Dresden og har <anchor type="lemma" xml:id="koB12_2036"/>gjentagende Gange tillbudt mig at være till Tjeneste i alt hvad han formaaer.</p>
<p>Dette Brev vil forhaabentlig træffe Dem i <HIS:hisRef type="place" target="Navneregister_HISe.xml#plKas">Cassel</HIS:hisRef>. I Forventning om snart at modtage Manuscriptet tegner jeg mig</p>
<salute>Deres hengivne og forbundne</salute>
<signed>Henrik Ibsen.</signed>
</div>
</body>
</text>