<?xml version="1.0" encoding="UTF-8"?><text xmlns="http://www.tei-c.org/ns/1.0" xmlns:HIS="http://www.example.org/ns/HIS" rend="letter" corresp="B18670129JvK" xml:lang="da-no">
<body>
<div type="letter">
<p>
                            <HIS:hisRef type="tcNote" xml:id="noteT15_1042" target="B1844-1871ht_noter.xml" corresp="noteT15_1042">
                                <gap/>
                            </HIS:hisRef> Paa egne og min Kones Vegne takker jeg ærbødigst for <anchor type="lemma" xml:id="koB15_3553"/>Indbydelsen, og skulle vi begge have den Fornøjelse at indfinde os <gap/>
                        </p>
<signed>Henrik Ibsen</signed>
</div>
</body>
</text>