<?xml version="1.0" encoding="UTF-8"?><text xmlns="http://www.tei-c.org/ns/1.0" xmlns:HIS="http://www.example.org/ns/HIS" rend="letter" corresp="B18710501FH" xml:lang="da-no">
                <body>
<div type="letter">
<dateline>
                            <pb n="[1]"/>Dresden, <date>1<hi rend="raised">ste</hi> Maj 1871</date>.</dateline>
<salute>Kære herr Hegel!</salute>
<p>Af et avertissement og en <anchor type="lemma" xml:id="koB12_3192"/>notits under redaktionsartiklen i «Morgenbladet» for 25<hi rend="raised">de</hi> April erfarer jeg at <HIS:hisRef type="person" target="Navneregister_HISe.xml#peAI">skuespiller Isachsen</HIS:hisRef> i <HIS:hisRef type="place" target="Navneregister_HISe.xml#plKri">Kristiania</HIS:hisRef> agter at oplæse nogle digte af min <HIS:hisRef type="work" target="Navneregister_HISe.xml#woDi">«nye, ikke udkomne samling»</HIS:hisRef>, hvoraf han «fra <HIS:hisRef type="place" target="Navneregister_HISe.xml#plKbh">København</HIS:hisRef> har forskaffet sig de færdigtrykte ark».</p>
<p>Tillad mig at spørge Dem om dette er sket med Deres vidende og vilje? I så fald er jo sagen i sin orden. Hvis ikke, så agter jeg både for Deres og min skyld offentlig at <anchor type="lemma" xml:id="koB12_3193"/>påtale hr. Isachsens færd.</p>
<p>Undskyld at jeg besværer Dem med dette; et par ord vil være tilstrækkelige.</p>
<salute>Deres hjertelig hengivne</salute>
<signed>Henrik Ibsen.</signed>
</div>
</body>
</text>