<?xml version="1.0" encoding="UTF-8"?><text xmlns="http://www.tei-c.org/ns/1.0" xmlns:HIS="http://www.example.org/ns/HIS" rend="letter" corresp="B18710208FH" xml:lang="da-no">
                <body>
<div type="letter">
<dateline>
                            <pb n="[1]"/>Dresden den <date>8<hi rend="raised">de</hi> Februar 1871</date>. –</dateline>
<salute>Kære herr Hegel!</salute>
<p>Hermed følger atter en del manuskript, samt <anchor type="lemma" xml:id="koB12_2964"/>en foreløbig indholdsliste. Denne sidste må naturligvis endnu ikke trykkes, da jeg jo ikke så ganske bestemt ved, om de på samme opførte digte netop vil udfylde <anchor type="lemma" xml:id="koB12_2965"/>160 sider. Efter min beregning skulde de gøre det; men jeg kan let i et eller andet punkt have forregnet mig. De manglende digte skal efterhånden blive sendte; <anchor type="lemma" xml:id="koB12_2966"/>alt vil fra min hånd kunne være leveret om 14 dage, såfremt De kan skaffe mig en afskrift af digtet <HIS:hisRef type="work" target="Navneregister_HISe.xml#woOrnDra">«Ørnulfs drapa»</HIS:hisRef> af <HIS:hisRef type="work" target="Navneregister_HISe.xml#woHH">«Hærmændene på Helgeland»</HIS:hisRef>. I modsat fald må jeg skrive til <HIS:hisRef type="place" target="Navneregister_HISe.xml#plN">Norge</HIS:hisRef> derom. Digtet må gennemsees og rettes som alle de øvrige. <anchor type="lemma" xml:id="koB12_2967"/>16 af de bedste digte i samlingen har aldrig før været trykte; de fleste andre vil være ukendte for publikum selv i <HIS:hisRef type="tcNote" xml:id="noteT12_722" target="B1844-1871ht_noter.xml" corresp="noteT12_722">Norge</HIS:hisRef>. Efter nærmere overvejelse har jeg taget nogle digte med <pb n="[2]"/>fra mine dramatiske arbejder. De hører åndeligt sammen med de øvrige og bør ikke udrives af denne sammenhæng. Det skulde interessere mig at vide om <anchor type="lemma" xml:id="koB12_2968"/>
                            <HIS:hisRef type="person" target="Navneregister_HISe.xml#pePHa">P: Hansen</HIS:hisRef> i «Nordiske digtere» har optaget noget af mine smådigte; – jeg skulde ønske han ikke havde gjort det; thi nu kommer de i en ny skikkelse.</p>
<p>Hvis 1<hi rend="raised">ste</hi> ark ikke allerede er trykt, så <HIS:hisRef type="tcNote" xml:id="noteT12_760" target="B1844-1871ht_noter.xml" corresp="noteT12_760">ønskes i digtet <HIS:hisRef type="work" target="Navneregister_HISe.xml#woKoHaGi">«Kong Håkons gildehal»</HIS:hisRef> ordet</HIS:hisRef> <anchor type="lemma" xml:id="koB12_2969"/>«filler» forandret til ordet: klude.</p>
<p>Med hjertelige hilsener tegner jeg mig</p>
<salute>Deres altid hengivne</salute>
<signed>Henrik Ibsen.</signed>
</div>
</body>
</text>