<?xml version="1.0" encoding="UTF-8"?><text xmlns="http://www.tei-c.org/ns/1.0" xmlns:HIS="http://www.example.org/ns/HIS" rend="letter" corresp="B18710425FH" xml:lang="da-no">
<body>
<div type="letter">
<dateline>
                            <pb n="[1]"/>Dresden, <date>25<hi rend="raised">de</hi> April 1871</date>. –</dateline>
<salute>Kære herr Hegel!</salute>
<p>Tillad mig i al hast at anmode Dem om at lade <anchor type="lemma" xml:id="koB12_3181"/>indlagte brev ledsage det for <HIS:hisRef type="person" target="Navneregister_HISe.xml#peAFK">justitsminister Krieger</HIS:hisRef> bestemte exemplar af <anchor type="lemma" xml:id="koB12_3182"/>
                            <HIS:hisRef type="work" target="Navneregister_HISe.xml#woDi">digtsamlingen</HIS:hisRef>.</p>
<salute>Deres hengivne</salute>
<signed>Henrik Ibsen.</signed>
</div>
</body>
</text>