<?xml version="1.0" encoding="UTF-8"?><text xmlns="http://www.tei-c.org/ns/1.0" xmlns:HIS="http://www.example.org/ns/HIS" rend="letter" corresp="B18741008FH" xml:lang="da-no">
<body>
<div type="letter">
<dateline>
                            <pb n="[1]"/>Dresden den <date>8<hi rend="raised">de</hi> Oktober 1874</date>.</dateline>
<salute>Kære herr Hegel!</salute>
<p>Hermed følger atter en del <anchor type="lemma" xml:id="koB13_1500"/>manuskript til <HIS:hisRef type="work" target="Navneregister_HISe.xml#woF2">«Fru Inger»</HIS:hisRef>. Den første sending, som afgik igår under <HIS:hisRef type="person" target="Navneregister_HISe.xml#peAuLa">herr <anchor type="lemma" xml:id="koB13_1501"/>Larsens</HIS:hisRef> adresse, håber jeg er kommen <HIS:hisRef type="tcNote" xml:id="noteT13_230" target="B1871-1879ht_noter.xml" corresp="noteT13_230">Dem</HIS:hisRef> rigtig ihænde. Hver uge skal jeg sende et par lignende pakker. Jeg tør forudsætte som givet <anchor type="lemma" xml:id="koB13_1502"/>at bogen kan komme ud til jul; thi det modsatte vilde <HIS:hisRef type="tcNote" xml:id="noteT13_231" target="B1871-1879ht_noter.xml" corresp="noteT13_231">jo</HIS:hisRef> forsinke og gøre et slemt afbræk i afsætningen. Efter min beregning kommer det trykte stykke til at udgøre <anchor type="lemma" xml:id="koB13_1503"/>192–200 sider når det indrettes i lighed med <HIS:hisRef type="work" target="Navneregister_HISe.xml#woKG">«Kejser og Galilæer»</HIS:hisRef>. – <HIS:hisRef type="work" target="Navneregister_HISe.xml#woPG">
                                <anchor type="lemma" xml:id="koB13_1504"/>«Peer Gynt»</HIS:hisRef> er under forberedelse ved <HIS:hisRef type="org" target="Navneregister_HISe.xml#orgChrTh">Kristiania theater</HIS:hisRef>.</p>
<p>Mange hilsener til Dem selv og Deres kære fra</p>
<salute>Deres hjertelig hengivne</salute>
<signed>Henrik Ibsen.</signed>
</div>
</body>
</text>