<?xml version="1.0" encoding="UTF-8"?><text xmlns="http://www.tei-c.org/ns/1.0" xmlns:HIS="http://www.example.org/ns/HIS" rend="letter" corresp="B18660425FH" xml:lang="da-no">
                <body>
<div type="letter">
<dateline>
                            <pb n="[1]"/>Rom den <date>25<hi rend="raised">de</hi> April 1866</date>. –</dateline>
<salute>Hr: Cancelliraad Hegel!</salute>
<p>Hermed følger en Liste over de væsentligste Trykkfejl i <HIS:hisRef type="work" target="Navneregister_HISe.xml#woBr">min Bog</HIS:hisRef>; det skulde inderligt glæde mig om Afsættningen maatte blive en saadan, at den aabnede Lejlighed till at faa dem rettede i et nyt Opplag. Staar Bogsalget blot nogenlunde i Forhold till de mange Hilsener og Takksigelser, som jeg allerede har modtaget saavel fra <HIS:hisRef type="place" target="Navneregister_HISe.xml#plDk">Danmark</HIS:hisRef> som fra <HIS:hisRef type="place" target="Navneregister_HISe.xml#plN">Norge</HIS:hisRef>, saa er der al Grund till at haabe det bedste. Hjertelig Takk for <anchor type="lemma" xml:id="koB12_1135"/>den modtagne Vexel tilligemed Oppgjøret; men jeg maa fremdeles forbeholde mig min Ret till indtill videre at betragte det halve Honorar som et Forskud; det ligger ikke i min Interesse, ligesaalidt som min Samvittighed tillader mig det, at paaføre Dem noget Tab ved vor første fælles Forretning. I <anchor type="lemma" xml:id="koB12_1136"/>de svenske Blade har jeg seet Digtet averteret men endnu ikke anmeldt; dog, det kommer vel. Sommeren tillbringer jeg i <HIS:hisRef type="place" target="Navneregister_HISe.xml#plSorr">
                                <anchor type="lemma" xml:id="koB12_1137"/>Sorent</HIS:hisRef>; men min Adresse er ligefuldt den gamle for det Tillfælde at der skulde være nogen Anledning till at tillskrive mig.</p>
<p>Deres med Højagtelse forbundne og hengivne</p>
<signed>Henrik Ibsen</signed>
</div>
<div type="postscript">
<p>P. S. Trykk og Papir er meget smukt, men Bogen vilde formentlig have vundet i Udseende hvis Verskolonnerne havde staaet mere midt paa Siderne.</p>
</div>
</body>
</text>