<?xml version="1.0" encoding="UTF-8"?><text xmlns="http://www.tei-c.org/ns/1.0" xmlns:HIS="http://www.example.org/ns/HIS" rend="letter" corresp="B18731019ORK" xml:lang="da-no">
<body>
<div type="letter">
<salute>
                            <pb n="[1]"/>Til hs: excellence herr Statsminister Kierulf. Stockholm.</salute>
<p>Undertegnede tillader sig herved ærbødigst at anmode Deres excellence om ved given anledning at ville for <HIS:hisRef type="person" target="Navneregister_HISe.xml#peKongO2">hans majestæt kongen</HIS:hisRef> frembære min underdanige tak for <anchor type="lemma" xml:id="koHISe12_1"/>min udnævnelse til ridder af St: Olafs-ordenen.</p>
<p>Samtidigt hermed vover jeg at bede om at medfølgende exemplar af mit nye <HIS:hisRef type="tcNote" xml:id="noteHISe12_1046" target="B1871-1879ht_noter.xml" corresp="noteHISe12_1046">dramatiske</HIS:hisRef> værk, <anchor type="lemma" xml:id="koHISe12_2"/>«Kejser og Galilæer», må blive hans majestæt overleveret med en underdanigst anholden om at værket må blive optaget i højstsammes bogsamling.</p>
<dateline>Dresden den <date>19<hi rend="raised">de</hi> Oktober 1873</date>.</dateline>
<salute>Ærbødigst</salute>
<signed>Henrik Ibsen.</signed>
</div>
</body>
</text>