<?xml version="1.0" encoding="UTF-8"?><text xmlns="http://www.tei-c.org/ns/1.0" xmlns:HIS="http://www.example.org/ns/HIS" rend="letter" corresp="B18731016GB" xml:lang="da-no">
<body>
<div type="letter">
<dateline>
                            <pb n="[1]"/>Dresden den <date>16<hi rend="raised">de</hi> Oktober 1873</date>. –</dateline>
<salute>Kære Brandes!</salute>
<p>De forundrer Dem i <anchor type="lemma" xml:id="koB13_1145"/>Deres sidste brev over at jeg ikke med et ord har omtalt <anchor type="lemma" xml:id="koB13_1146"/>2<hi rend="raised">den</hi> del af Deres literaturhistorie, som De i sommer havde den godhed at sende mig. Jeg kan hertil kun svare at jeg, ved at høre dette, blev ligeså forundret; thi jeg stod i den bestemte formening at jeg kort før min afrejse til <HIS:hisRef type="place" target="Navneregister_HISe.xml#plWien">Wien</HIS:hisRef> havde tilskrevet Dem ret udførligt om bogen. Jeg må altså dog alligevel have forsømt dette og beder Dem ret hjerteligt tilgive min uopmærksomhed.</p>
<p>De synes i Deres sidste brev at svæve i uvisshed om hvad indtryk jeg har modtaget af bogen. Kære Brandes, dersom jeg ikke var aldeles sikker på at De sletikke mente dette alvorligt, vilde jeg uopholdelig have svaret tilbage. Men jeg var temmelig forvisset om at De godt måtte føle at det samme indtryk, <pb n="[2]"/>som jeg modtog fra <anchor type="lemma" xml:id="koB13_1147"/>1<hi rend="raised">ste</hi> bind, det har jeg også modtaget fra 2<hi rend="raised">det</hi>. De ved godt at jeg betragter Deres værk som epokegørende i vor livsbetragtning og at dette vil blive almindelig erkendt hjemme, om end nogle år først må hengå. De siger at <anchor type="lemma" xml:id="koB13_1148"/>aviserne i <HIS:hisRef type="place" target="Navneregister_HISe.xml#plDk">Danmark</HIS:hisRef> har tiet bogen ihjæl; men andre Danske fortæller noget ganske andet. At aviserne har tiet til den, kan vel være; men at det skulde være lykkedes dem at tie livet af den, det forholder sig jo dog ikke så. Jeg kan finde det ganske forklarligt ifald 2<hi rend="raised">den</hi> del ikke har opvakt den storm, som første; thi den revolterer jo ikke således direkte imod vort eget; men denne kendsgerning, forudsat at den virkelig er tilstede, afgiver ingen målestok for hvor dybt bogen er slået ned. Alt dette behøver heller ikke en udenforstående at sige Dem; thi De har overlegen kritik nok til at sige Dem det selv. Jeg har derfor, oprigtig talt, ikke følt nogen dyb trang til at trøste Dem i dette anliggende. Jeg forstår jo nok såre godt at mismod stundom kan gribe Dem, således som De står derhjemme omringet af <pb n="[3]"/>bornerthedens <anchor type="lemma" xml:id="koB13_1149"/>erbarmelighed på alle kanter; men så ved jeg også at De midt under alt dette har store skønne timer, da De med frejdig sikkerhed ser hvor retten er, og hvad der engang vil komme.</p>
<p>Dette er, hvad jeg i al korthed vil sige Dem. Til nogen kritik føler jeg mig ikke kaldet; det ligger udenfor mit felt, og vilde ikke kunne have noget værd for Dem. De har i mig en glad og taknemmelig læser, ikke noget andet.</p>
<p>Og gå så trøstig ivej med <anchor type="lemma" xml:id="koB13_1150"/>fortsættelsen! Jeg tror at tiden er gunstig. Ser vi tilbage på den skandinaviske udviklings historie, så viser det sig at vi ikke går samtidigt og skridtmæssigt jævnsides frem med <anchor type="lemma" xml:id="koB13_1151"/>kulturfolkene. Disse går <anchor type="lemma" xml:id="koB13_1152"/>fra og til et stykke vej frem, uden at vi opdager det. <HIS:hisRef type="place" target="Navneregister_HISe.xml#plEu">Europa</HIS:hisRef> kommer fra og til over os som en overraskelse. Et sådant <anchor type="lemma" xml:id="koB13_1153"/>moment kan nu umuligt længe lade vente på sig; og da vil de allesammen hjemme have det rette øje for Deres bog, – og påstå, at de altid har havt det. Omslaget vil ske med en gang og bogen vil være <anchor type="lemma" xml:id="koB13_1154"/>adapteret uden prøvetid. –</p>
<p>Når De modtager disse linjer vil <pb n="[4]"/>
                            <HIS:hisRef type="work" target="Navneregister_HISe.xml#woKG">
                                <anchor type="lemma" xml:id="koB13_1155"/>«Kejser og Galilæer»</HIS:hisRef> rimeligvis være i Deres hænder. <anchor type="lemma" xml:id="koB13_1156"/>Bevægelserne her udenlands har <anchor type="lemma" xml:id="koB13_1157"/>føjet det således, at dette digt er bleven mere tidsmæssigt, end jeg selv havde tænkt mig.</p>
<p>Tør jeg bede Dem takke <HIS:hisRef type="person" target="Navneregister_HISe.xml#peEBr">
                                <anchor type="lemma" xml:id="koB13_1158"/>Deres broder</HIS:hisRef> for det besøg, han tiltænkte mig i Wien, og som jeg meget beklager at jeg ikke fik nyde godt af. Kært skulde det være mig at <anchor type="lemma" xml:id="koB13_1159"/>se Dem eller ham her i <HIS:hisRef type="place" target="Navneregister_HISe.xml#plDre">Dresden</HIS:hisRef>. Og hermed, kære ven, en hjertelig hilsen fra</p>
<salute>Deres hengivne</salute>
<signed>Henrik Ibsen.</signed>
</div>
</body>
</text>