<?xml version="1.0" encoding="UTF-8"?><text xmlns="http://www.tei-c.org/ns/1.0" xmlns:HIS="http://www.example.org/ns/HIS" rend="letter" corresp="B18690719FH" xml:lang="da-no">
                <body>
<div type="letter">
<dateline>
                            <pb n="[1]"/>Dresden den <date>19<hi rend="raised">de</hi> Juli 1869</date>.</dateline>
<salute>Kjære Herr Cancelliraad Hegel!</salute>
<p>Med et Par Ord vil jeg dog tillmelde Dem at jeg imorgen afrejser paa et <anchor type="lemma" xml:id="koB12_2136"/>kort Besøg till <HIS:hisRef type="place" target="Navneregister_HISe.xml#plSthlm">Stokholm</HIS:hisRef>. Min Familje blir her og hertill vender jeg antagelig om et Par Maaneder tillbage. Jeg har faaet et <anchor type="lemma" xml:id="koB12_2137"/>Stipendium paa 300 Sp. for at berejse <HIS:hisRef type="place" target="Navneregister_HISe.xml#plSE">Sverig</HIS:hisRef>; men det benytter jeg først senere. Denne Gang gjælder det kun at deltage i <anchor type="lemma" xml:id="koB12_2138"/>den ortografiske Comite, hvorfor jeg meget interesserer mig, og hvortill jeg er indbuden. I <HIS:hisRef type="org" target="Navneregister_HISe.xml#orgChrTh">Christiania</HIS:hisRef> har man <anchor type="lemma" xml:id="koB12_2139"/>med Graadighed antaget <HIS:hisRef type="work" target="Navneregister_HISe.xml#woUF">mit nye Lystspil</HIS:hisRef> paa <anchor type="lemma" xml:id="koB12_2140"/>de oppstillede Betingelser. I <HIS:hisRef type="org" target="Navneregister_HISe.xml#orgKDTS">Stokholm</HIS:hisRef> haaber jeg ogsaa at det bliver givet; thi den derværende Theaterchef, <HIS:hisRef type="person" target="Navneregister_HISe.xml#peEaE">Hofmarchal Edholm</HIS:hisRef>, har her paa en Gjennemrejse været hos mig, desværre uden at træffe mig. Hvad <pb n="[2]"/>derimod <HIS:hisRef type="org" target="Navneregister_HISe.xml#orgKT">Kjøbenhavn</HIS:hisRef> angaar, saa frygter jeg at <anchor type="lemma" xml:id="koB12_2141"/>visse Personer der vil <anchor type="lemma" xml:id="koB12_3276"/>gjøre Vanskeligheder. Nu, <anchor type="lemma" xml:id="koB12_2142"/>vi faar at se. Antages Stykket, saa lægger jeg <anchor type="lemma" xml:id="koB12_2143"/>paa Tillbagerejsen Vejen over Kbhvn: og haaber da at have den Glæde personligt at træffe Dem. Fra Stokholm tillskriver jeg Dem, og oppgiver Dem min Adresse dersteds. Indtill da de hjerteligste Hilsener fra</p>
<salute>Deres stedse hengivne</salute>
<signed>Henrik Ibsen.</signed>
</div>
</body>
</text>