<?xml version="1.0" encoding="UTF-8"?><text xmlns="http://www.tei-c.org/ns/1.0" xmlns:HIS="http://www.example.org/ns/HIS" rend="letter" corresp="B18740708HHo" xml:lang="da-no">
<front>
<pb n="[a]"/>
<HIS:envelope type="envelope">
<address>
<addrLine>Frøken Henriette Hofgaard</addrLine>
<addrLine>Fougners gård i Pilestrædet.</addrLine>
<addrLine>Christiania.</addrLine>
<addrLine>(Norwegen.)</addrLine>
</address>
</HIS:envelope>
</front>
<body>
<div type="letter">
<dateline>
                            <pb n="[1]"/>Dresden den <date>8<hi rend="raised">de</hi> Juli 1874</date>.</dateline>
<p>Som svar på <anchor type="lemma" xml:id="koB13_1460"/>Deres behagelige meddelelse i brev af 3<hi rend="raised">die</hi> dennes tillader jeg mig at underrette Dem om at det er vor hensigt at ankomme til <HIS:hisRef type="place" target="Navneregister_HISe.xml#plKri">Kristiania</HIS:hisRef> med dampskibet «Århus» søndagen den 19<hi rend="raised">de</hi> Juli klokken 6 eftermiddag.</p>
<salute>Deres særdeles forbundne</salute>
<signed>Henrik Ibsen.</signed>
<salute>Til frøken Henriette Hofgaard i Kristiania.</salute>
</div>
</body>
</text>