<?xml version="1.0" encoding="UTF-8"?><text xmlns="http://www.tei-c.org/ns/1.0" xmlns:HIS="http://www.example.org/ns/HIS" rend="letter" corresp="B18720829GB" xml:lang="da-no">
<body>
<div type="letter">
<dateline>
                            <pb n="[1]"/>Berchtesgaden den <date>29<hi rend="raised">de</hi> August 1872</date>.</dateline>
<salute>Kære Brandes!</salute>
<p>Mit ophold hersteds er bleven forlænget udover den oprindelig bestemte tid, og således modtog jeg først igår aftes Deres venlige <anchor type="lemma" xml:id="koB13_584"/>brev, der tilsendtes mig fra <HIS:hisRef type="place" target="Navneregister_HISe.xml#plDre">Dresden</HIS:hisRef>.</p>
<p>Imorgen afrejser jeg herfra og håber at være i Dresden den 1<hi rend="raised">ste</hi> September. Hjertelig <anchor type="lemma" xml:id="koB13_585"/>velkommen did! Min bolig er: «Grosse Plauensche Strasse, N<hi rend="raised">o</hi> 9, <anchor type="lemma" xml:id="koB13_586"/>parterre rechts». Tag ind i <anchor type="lemma" xml:id="koB13_587"/>hotellet <HIS:hisRef type="tcNote" xml:id="noteT13_86" target="B1871-1879ht_noter.xml" corresp="noteT13_86">«Kurländer</HIS:hisRef> Haus». Det sted tror jeg i alle henseender at turde anbefale Dem, og der har vi Dem lige i nærheden.</p>
<p>Jeg står midt i forberedelserne til afrejsen. Idag altså kun disse få linjer. På snarligt møde i Dresden! Jeg har tænkt meget på Dem og <anchor type="lemma" xml:id="koB13_588"/>Deres planer i denne tid og har stor lyst til at være med hvor jeg kan.</p>
<salute>Deres hengivne</salute>
<signed>Henrik Ibsen.</signed>
</div>
</body>
</text>