<?xml version="1.0" encoding="UTF-8"?><text xmlns="http://www.tei-c.org/ns/1.0" xmlns:HIS="http://www.example.org/ns/HIS" rend="letter" corresp="B18730630AuLa" xml:lang="da-no">
<body>
<div type="letter">
<dateline>
                            <pb n="[1]"/>Wien <date>30/6-73</date>.</dateline>
<salute>Højstærede herr Larsen!</salute>
<p>Der må ikke tages ringeste notits af de i <HIS:hisRef type="place" target="Navneregister_HISe.xml#plKri">Kristiania</HIS:hisRef> foretagne rettelser ved navnene. Det er pedanteri alt tilhobe. Jeg har heller ikke bedet om det slags korrektur; jeg ønskede kun et gennemsyn vedkommende stedsnavnes endelser, o. s. v. – Er det ikke bedst at være herrerne i Kristiania foruden? Gør som De vil. I al hast.</p>
<salute>Deres særdeles forbundne</salute>
<signed>Henrik Ibsen.</signed>
</div>
</body>
</text>