<?xml version="1.0" encoding="UTF-8"?><text xmlns="http://www.tei-c.org/ns/1.0" xmlns:HIS="http://www.example.org/ns/HIS" rend="letter" corresp="B18740723KAWi" xml:lang="da-no">
<body>
<div type="letter">
<dateline>
                            <pb n="[1]"/>Kristiania den <date>23<hi rend="raised">de</hi> Juli 1874</date>.</dateline>
<p>Over min <anchor type="lemma" xml:id="koB13_1470"/>afdøde ven <HIS:hisRef type="person" target="Navneregister_HISe.xml#peAugSoh">Sohlman</HIS:hisRef> er det mig under de forhåndenværende omstændigheder umuligt at skrive noget digt. Til et sådant arbejde kræves en ganske anden ro og forberedelse, end den, der i disse dage og med så kort frist kan blive mig til del. <anchor type="lemma" xml:id="koB13_1471"/>Fra lejlighedsdigtningen overhovedet har jeg også sågodtsom ganske trukket mig tilbage. <anchor type="lemma" xml:id="koB13_1472"/>Selv over mænd, der i livet stod mig nærmere end Sohlman, har jeg intet skrevet.</p>
<p>Når Deres vej fører Dem i vort nabolag, vil det altid være os kært at se Dem oppe hos os.</p>
<salute>Deres særdeles forbundne</salute>
<signed>Henrik Ibsen.</signed>
</div>
</body>
</text>