<?xml version="1.0" encoding="UTF-8"?><text xmlns="http://www.tei-c.org/ns/1.0" xmlns:HIS="http://www.example.org/ns/HIS" rend="letter" corresp="B18601205Aftb" xml:lang="da-no">
<body>
<div type="letter">
<salute>Til Aftenbladets Redaktion.</salute>
<p>I en Theateranmeldelse i <anchor type="lemma" xml:id="koB12_677"/>Deres Blads Lørdagsnummer findes udtalt den Yttring, at <HIS:hisRef type="person" target="Navneregister_HISe.xml#peLeoB">
                                <anchor type="lemma" xml:id="koB12_678"/>en Debutantinde</HIS:hisRef> paa <HIS:hisRef type="org" target="Navneregister_HISe.xml#orgKNT">det <HIS:hisRef type="tcNote" xml:id="noteT12_185" target="B1844-1871ht_noter.xml" corresp="noteT12_185">norske</HIS:hisRef> Theater</HIS:hisRef> ved sin første Optræden røbede «Mangel paa Instruktion baade i Spil og Sang».</p>
<p>Dette benægtes; under mig er ingen Debutant optraadt uden tilstrækkelig Forberedelse. En anden Sag er det, at en Begynder viser sig at mangle Routine, og det er denne Mangel Deres Anmelder har <anchor type="lemma" xml:id="koB12_679"/>forblandet med Mangel paa Instruktion.</p>
<p>Naar der endvidere ankes over <anchor type="lemma" xml:id="koB12_680"/>et «skarpt <emph>e</emph> i Endestavelserne» og dette betegnes som «en Fejl, der under Instruktionen burde været rettet», saa skal jeg hertil bemærke, for det Første at <anchor type="lemma" xml:id="koB12_681"/>dette «skarpe» <emph>e</emph> ikke er <emph>skarpt</emph>, men <emph>betonet</emph>; for det Andet at denne Udtale ikke, som Deres Anmelder mener, er nogen ejendommelig Uvane hos den omtalte Begynderinde, men at den tvertimod under en flereaarig Musikundervisning er hende indprentet som Regel i en Sangmethode, der nutildags almindeligt <anchor type="lemma" xml:id="koB12_682"/>befølges saavel her som i Udlandet; og endelig for det Tredie at da Theatret ikke anerkjender denne Methode, saa er Maneren af mig mangfoldige Gange bleven paatalt og rettet.</p>
<p>At imidlertid ingen Begynder ved sin første Optræden kan overholde enhver Rettelse, er en Sandhed, som Deres kritiske Iagttager forhaabentlig er <anchor type="lemma" xml:id="koB12_683"/>enestaaende om ikke at ville indrømme.</p>
<signed>Henr. Ibsen.</signed>
</div>
</body>
</text>