<?xml version="1.0" encoding="UTF-8"?><text xmlns="http://www.tei-c.org/ns/1.0" xmlns:HIS="http://www.example.org/ns/HIS" rend="letter" corresp="B18620314AkKoll" xml:lang="da-no">
<body>
<div type="letter">
<dateline>Christiania den <date>14<hi rend="raised">de</hi> Marts 1862</date>.</dateline>
<salute>Til det akademiske Collegium!</salute>
<p>Herved tillader jeg mig ærbødigst at ansøge det høje Collegium om, af de <anchor type="lemma" xml:id="koB12_708"/>til videnskabelige Rejser i <HIS:hisRef type="place" target="Navneregister_HISe.xml#plN">Norge</HIS:hisRef> bevilgede Midler, at maatte erholde et Stipendium, stort 120 Sp., for i et Tidsrum af 2 Sommermaaneder at foretage en Rejse i det ydre <HIS:hisRef type="place" target="Navneregister_HISe.xml#plHard">Hardanger</HIS:hisRef> samt i Distrikterne omkring <HIS:hisRef type="place" target="Navneregister_HISe.xml#plSogFj">Sognefjorden</HIS:hisRef>, videre nordover til <HIS:hisRef type="place" target="Navneregister_HISe.xml#plMol">Molde</HIS:hisRef> og tilbage gjennem <HIS:hisRef type="place" target="Navneregister_HISe.xml#plRoms">Romsdalen</HIS:hisRef>, i det Øjemed at samle og optegne, hvad der af Folkeviser samt af ældre og yngre Sagn endnu maatte være at forefinde. Nogen mere detaljeret Rejseplan vil det paa Forhaand være umuligt at fremlægge, da de paa ethvert Sted under Rejsen indvundne Oplysninger og Erfaringer naturligvis maa komme til at øve overvejende Indflydelse paa den videre Fortsættelse af Undersøgelsernes Retning. Min <anchor type="lemma" xml:id="koB12_709"/>Agt er det imidlertid, saafremt mit Andragende indvilges, <anchor type="lemma" xml:id="koB12_710"/>fornemmelig at undersøge de <anchor type="lemma" xml:id="koB12_711"/>ydre Sødistrikter, der, i det af mig antydede Øjemed, hidindtil mindst har været paaagtede.</p>
<salute>Ærbødigst</salute>
<signed>Henr: Ibsen.</signed>
</div>
</body>
</text>