<?xml version="1.0" encoding="UTF-8"?><text xmlns="http://www.tei-c.org/ns/1.0" xmlns:HIS="http://www.example.org/ns/HIS" rend="letter" corresp="B18700212FH" xml:lang="da-no">
                <body>
<div type="letter">
<dateline>
                            <pb n="[1]"/>Dresden den <date>12<hi rend="raised">te</hi> Februar 1870</date>. –</dateline>
<salute>Kjære Herr Cancelliraad Hegel!</salute>
<p>Naar jeg i mit Brev af 25<hi rend="raised">de</hi> Januar antydede at jeg under mit paatænkte Besøg i <HIS:hisRef type="place" target="Navneregister_HISe.xml#plKbh">Kjøbenhavn</HIS:hisRef> till Sommeren haabede at faa Lejlighed till at tale personligt med Dem om mangt og meget, saa indbefattede jeg herunder i Tankerne Sagen om <HIS:hisRef type="work" target="Navneregister_HISe.xml#woKE">«Kongs-Emnerne»</HIS:hisRef>, og jeg nøjedes derfor med at ytre min <anchor type="lemma" xml:id="koB12_2326"/>Glæde over at Ejendomsretten var gaat over i Deres Hænder. For saa vidt dette var sket uden lovlig <anchor type="lemma" xml:id="koB12_2327"/>Adkomst fra <HIS:hisRef type="person" target="Navneregister_HISe.xml#peJAAFD">Johan Dahls</HIS:hisRef> Side, havde jeg jo at holde mig till ham.</p>
<p>Da De imidlertid i Deres venlige Skrivelse af 31<hi rend="raised">te</hi> f: M: <anchor type="lemma" xml:id="koB12_2328"/>forlanger en bestemt Udtalelse af mig betræffende det rette Forhold, maa jeg sige Dem at Johan Dahl aldrig har ejet Forlagsretten till «Kongs-Emnerne» udover det nu saa godt som udsolgte 1<hi rend="raised">ste</hi> Opplag.</p>
<p>Sagen maa imidlertid kunne ordnes med al Diskretion ligeover for vor fælles gamle Ven. Skjønt jeg er i min fulde og ubestridelige Rett, ønsker jeg paa ingen <pb n="[2]"/>Maade at foranledige et Sidestykke till <anchor type="lemma" xml:id="koB12_2329"/>
                            <HIS:hisRef type="person" target="Navneregister_HISe.xml#peBB">Bjørnsons</HIS:hisRef> Affære med <HIS:hisRef type="person" target="Navneregister_HISe.xml#peALG">Fru Gelmuyden</HIS:hisRef> i <HIS:hisRef type="place" target="Navneregister_HISe.xml#plBerg">Bergen</HIS:hisRef>. Jeg vil desuden indtill vidre antage at Dahl har handlet i god Tro, skjønt det er mig uforklarligt hvorledes denne Tro har kunnet oppstaa, da jeg med Bestemthed ved, at han ikke tidligere har havt den og ikke har kunnet have den. –</p>
<p>En af de første Dage i September Maaned 1863 mødte jeg, med Renskriften till <HIS:hisRef type="tcNote" xml:id="noteT12_616" target="B1844-1871ht_noter.xml" corresp="noteT12_616">«Kongs-Emnerne»</HIS:hisRef> under Armen, Johan Dahl paa Gaden i <HIS:hisRef type="place" target="Navneregister_HISe.xml#plKri">Christiania</HIS:hisRef>, fortalte ham at jeg havde skrevet et nyt historisk Skuespil og tillbød ham samme i Forlag. Hertill erklærede Dahl sig strax villig og indgik ligeledes uden Indvending paa mit Forlangende om et Honorar af 150 Sp<hi rend="raised">d</hi> for 1<hi rend="raised">ste</hi> Opplag. Dahl modtog Manuscriptet, Trykkningen paabegyndte ufortøvet, og den 15<hi rend="raised">de</hi> s: M: underskrev jeg i Dahls Boglade Kontrakten, ifølge hvilken jeg erholdt en Vexel paa 150 Sp<hi rend="raised">d</hi>, betalbar i den norske Kreditbank. Om Opplagets Størrelse blev intet bestemt; jeg antog at Dahls og min egen Interesse i saa Henseende maatte falde sammen. Senere hen erfarede jeg i Trykkeriet af <anchor type="lemma" xml:id="koB12_2330"/>
                            <HIS:hisRef type="person" target="Navneregister_HISe.xml#peJCGun">Bogtrykker Gundersen</HIS:hisRef>, der dengang var Faktor hos eller Compagnon med <HIS:hisRef type="person" target="Navneregister_HISe.xml#peHJJ">Bogtrykker H. J. Jensen</HIS:hisRef>, at Bogen blev trykkt i 1750 <pb n="[3]"/>Exemplarer. Skjønt dette Antal udgjorde mere end to sædvanlige Opplag i <HIS:hisRef type="place" target="Navneregister_HISe.xml#plN">Norge</HIS:hisRef> paa den Tid, saa fandt jeg mig dog i Henhold till Kontrakten uberettiget till at gjøre nogen Indsigelse herimod. Men netopp denne Opplagets usædvanlige Størrelse viser, synes mig, paa det tydeligste, at Dahl dengang fortolkede Kontrakten paa den eneste rigtige Maade, nemlig saaledes, at den kun gav ham Rett till at tage <emph>et</emph> Opplag; derfor gjorde han dette saa stort som muligt. Havde Dahl dengang betragtet sig som <anchor type="lemma" xml:id="koB12_2331"/>
                            <anchor type="lemma" xml:id="koB12_2332"/>stedsevarende Besidder af <HIS:hisRef type="tcNote" xml:id="noteT12_617" target="B1844-1871ht_noter.xml" corresp="noteT12_617">Manuskriptet</HIS:hisRef>, saa vilde det været i højeste Grad urimeligt om han, for at spare den ringere fornyede Sætterbetaling, skulde have lagt en langt større Kapital hen i Papir, Trykknings- og Bogbinderomkostninger, der, som han med sin mangeaarige Erfaring vel maatte vide, vilde komme till at henligge uforrentet i lange Tider. Alt dette forklares derimod meget lett, naar man forudsætter, at Dahl dengang erkjendte at hans Forlæggerrett opphørte med 1<hi rend="raised">ste</hi> Opplag. Endnu en anden Omstændighed beviser det samme. Paa den Tid Dahl modtog mit Manuskript stod jeg i en <anchor type="lemma" xml:id="koB12_2333"/>Gjæld till ham af <pb n="[4]"/>omtrent 20 Sp<hi rend="raised">d</hi>. Da den ovennævnte Vexel skulde udstedes, foreslog Dahl at dette Beløb skulde komme i Afkortning paa mit Honorar. Hertill svarede jeg, der havde godt Haab om mit nye Arbejde, og som dengang endnu ikke kjendte Opplagets Størrelse, at jeg ønskede at hine 20 Sp<hi rend="raised">d</hi> maatte henstaa indtill vidre, og afdrages paa mit Honorar for et nyt Opplag, som jeg sikkert troede vilde komme. Herpaa gik ogsaa Dahl med stor Beredvillighed ind; jeg fik Honoraret for 1<hi rend="raised">ste</hi> Opplag fuldt ud, og <anchor type="lemma" xml:id="koB12_2334"/>Gjælden er først i en senere Tid bleven indbetalt gjennem Dem. Dahl vidste da at jeg havde faaet et større Stipendium og at jeg stod i Begreb med at begive mig till Udlandet. Af hans egne Udtalelser er jeg berettiget till at tro, at enhver Indbetaling af Penge dengang maatte være ham højst velkommen. Hvis han da havde ment at alting var opp og afgjort mellem os med <anchor type="lemma" xml:id="koB12_2335"/>Erlæggelsen af de 150 Sp<hi rend="raised">d</hi>, – er det da rimeligt, at han ikke ogsaa skulde have lagt en ganske anden Vægt paa at faa sit Tillgodehavende af mig forinden min Afrejse? Men Sagen er, at det dengang aldrig var i hans eller min Tanke at Kontrakten, tvertimod sit tydelige Indhold, skulde gjælde noget andet eller mere end 1<hi rend="raised">ste</hi> Opplag.</p>
<p>Hvorledes skal man da forklare at Dahl <pb n="[5]"/>senere hen er kommen till en ganske modsatt Anskuelse? Herpaa skal jeg ikke nøjere indlade mig, men kun antyde, at hvis De kjender Dahl personligt, saa vil De maaske have havt Lejlighed till at iagttage, at ligesom <HIS:hisRef type="tcNote" xml:id="noteT12_618" target="B1844-1871ht_noter.xml" corresp="noteT12_618">det</HIS:hisRef> er lett for andre at indbilde ham de besynderligste Ting, saaledes har han ogsaa lett for at indbilde sig selv, hvad han ønsker skal være saa.</p>
<p>Jeg holder meget af Dahl, og anser ham i hans inderste Væsen for en Hædersmand. Men mine Forholde er ikke saadanne at jeg kan forsvare at fravige min ubestridelige Rett lige over for ham. Som Bevis for at jeg altid har betragtet mig som værende i denne Rett, skal jeg tillade mig at tillbagekalde i Deres velvillige Erindring <anchor type="lemma" xml:id="koB12_2336"/>et af mine ældre Breve till Dem, hvori jeg spørger om De ikke troede det kunde være hensigtsmæssigt at tænke paa en ny Udgave af «Kongs-Emnerne», og hvortill De dengang svarede at hermed havde det vistnok lange Udsigter; thi Dahl sad endnu inde med mange Exemplarer af 1<hi rend="raised">ste</hi> Opplag. En saadan Forespørgsel kunde jeg jo ikke have rettet till Dem, saafremt jeg troede at en <pb n="[6]"/>Tredjemand var Bogens Ejer. – Jeg skal imidlertid ikke være vidtløftigere end nødvendigt. Kontraktens Ordlyd tillsteder kun en eneste antagelig Fortolkning, og ligeoverfor denne kan der ikke lægges nogen Vægt paa Dahls grundløse Formeninger.</p>
<p>Af Deres venlige Brev fremgaar imidlertid at Sagen mellem Dem og Dahl endnu ikke har faaet nogen endelig Afslutning og herpaa grunder jeg mit Haab om at det hele vil kunne ordnes uden Ubehageligheder for nogen af os. Jeg venter i sin Tid at se Bekræftelse paa dette Haab og lægger hermed hele Anliggendet i Deres Hænder. –</p>
<p>Det glæder mig meget at De ingen Betænkeligheder har med Hensyn till <anchor type="lemma" xml:id="koB12_2337"/>Sprogkongressens Rettskrivning. Men jeg skulde anse det for meget beklageligt, om Bjørnson holdt fast ved sit Forsætt at slutte sig till <anchor type="lemma" xml:id="koB12_2338"/>den <HIS:hisRef type="person" target="Navneregister_HISe.xml#peKKspr">Knudsenske</HIS:hisRef> Methode; denne er den mest upopulære i Norge, og for <HIS:hisRef type="place" target="Navneregister_HISe.xml#plDk">Danmarks</HIS:hisRef> og <HIS:hisRef type="place" target="Navneregister_HISe.xml#plSE">Sverigs</HIS:hisRef> Vedkommende den uforstaaeligste og mest stødende. –</p>
<p>For <anchor type="lemma" xml:id="koB12_2339"/>den tillsendte <HIS:hisRef type="org" target="Navneregister_HISe.xml#orgKT">
                                <anchor type="lemma" xml:id="koB12_3285"/>Rollebesættning</HIS:hisRef> takker jeg forbindtligst. Jeg anser den for øvrigt i væsentlige Punkter for at være <pb n="[7]"/>forfejlet; men nu er det jo for sent at gjøre nogen Indsigelse herimod. –</p>
<p>Jeg tillskriver Dem rett snart igjen og tegner mig imidlertid</p>
<salute>Deres ærbødigst hengivne</salute>
<signed>Henrik Ibsen.</signed>
</div>
</body>
</text>