<?xml version="1.0" encoding="UTF-8"?><text xmlns="http://www.tei-c.org/ns/1.0" xmlns:HIS="http://www.example.org/ns/HIS" rend="letter" corresp="B18560331NTB" xml:lang="da-no">
                <front>
<pb n="[a]"/>
<HIS:envelope type="sheet">
<address>
<addrLine>Til</addrLine>
<addrLine>Bestyrelsen for det norske Theater</addrLine>
<addrLine>i Bergen.</addrLine>
</address>
</HIS:envelope>
</front>
<body>
<div type="letter">
<dateline>
                            <pb n="[1]"/>Trondhjem den <date>31<hi rend="raised">te</hi> Marts 1856</date>.</dateline>
<p>Uagtet Forretningerne ved <HIS:hisRef type="org" target="Navneregister_HISe.xml#orgTT">Theatret</HIS:hisRef> under Opholdet her i Trondhjem kun medtager en ringe Deel af min Tid, saa er jeg dog ved de daglige Smaasysler forhindret fra i <HIS:hisRef type="tcNote" xml:id="noteT12_114" target="B1844-1871ht_noter.xml" corresp="noteT12_114">uforstyrret</HIS:hisRef> Rolighed at kunne beskjæftige mig med <anchor type="lemma" xml:id="koB12_324"/>et Arbeide, som det er mig magtpaaliggende at fuldføre snarest muligt; jeg tillader mig derfor at anmode om Bestyrelsens Samtykke til at vende tilbage til <HIS:hisRef type="place" target="Navneregister_HISe.xml#plBerg">Bergen</HIS:hisRef> med <anchor type="lemma" xml:id="koB12_325"/>næste Dampskib.</p>
<salute>ærb:</salute>
<signed>Henr: Ibsen</signed>
<salute>Til Bestyrelsen for det norske Theater i Bergen.</salute>
</div>
</body>
</text>