<?xml version="1.0" encoding="UTF-8"?><text xmlns="http://www.tei-c.org/ns/1.0" xmlns:HIS="http://www.example.org/ns/HIS" rend="letter" corresp="B18700616PHe" xml:lang="da-no">
                <body>
<div type="letter">
<dateline>
                            <pb n="[1]"/>Dresden den <date>16<hi rend="raised">de</hi> Juni 1870</date>. –</dateline>
<salute>Kjære Herr Heise!</salute>
<p>Tilgiv at jeg så længe har opsat besvarelsen af Deres venlige brev.</p>
<p>Det var mig en stor glæde at få visshed for at De vilde komponere musiken til <HIS:hisRef type="work" target="Navneregister_HISe.xml#woKE">«Kongs-emnerne»</HIS:hisRef>. <anchor type="lemma" xml:id="koB12_2545"/>Den latinske tekst til korene i første akt kan jeg ikke <anchor type="lemma" xml:id="koB12_2546"/>overkomme, men skal snart sende <HIS:hisRef type="tcNote" xml:id="noteT12_664" target="B1844-1871ht_noter.xml" corresp="noteT12_664">Dem</HIS:hisRef> et slags oversættelse efter hukommelsen; ligeledes skal jeg skrive <anchor type="lemma" xml:id="koB12_2547"/>ord til kvindernes bøn i stykkets slutning, (samt til munkenes i tredje akt.)</p>
<p>Jeg er, efter nærmere overvejelse, ganske enig med Dem i at der ikke bør sættes musik til slagscenerne; derimod takker jeg Dem meget for Deres forslag at <anchor type="lemma" xml:id="koB12_2548"/>behandle gjengangerscenen melodramatisk.</p>
<p>Det var for mig en i sandhed smigrende overraskelse at erfare at De havde fundet <anchor type="lemma" xml:id="koB12_2549"/>
                            <HIS:hisRef type="work" target="Navneregister_HISe.xml#woBergm">«Bergmanden»</HIS:hisRef> og digtene i <HIS:hisRef type="work" target="Navneregister_HISe.xml#woPG">«Peer Gynt»</HIS:hisRef> brugbare for musikalsk behandling. Selv er jeg et <anchor type="lemma" xml:id="koB12_2550"/>musikalsk udyr, som ingen ret <pb n="[2]"/>har til at tale med om musikalske værker; men en ubevidst følelse for musik har jeg dog, og <anchor type="lemma" xml:id="koB12_2551"/>ved at høre Deres kompositioner stod det slående klart for mig at De i højeste grad stærkt og ejendommeligt havde forstået i toner at udtrykke netop den stemning og det tankeindhold, som jeg har villet lægge i ordene. Hjertelig tak!</p>
<p>Hils <HIS:hisRef type="person" target="Navneregister_HISe.xml#peVHei">Deres ærede frue</HIS:hisRef> fra os. <anchor type="lemma" xml:id="koB12_2552"/>Til <HIS:hisRef type="place" target="Navneregister_HISe.xml#plKbh">København</HIS:hisRef> kommer jeg rimeligvis om ikke ret lang tid.</p>
<salute>Deres meget forbundne</salute>
<signed>Henrik Ibsen.</signed>
</div>
</body>
</text>