<?xml version="1.0" encoding="UTF-8"?><text xmlns="http://www.tei-c.org/ns/1.0" xmlns:HIS="http://www.example.org/ns/HIS" rend="letter" corresp="B18711123NN_Eine_Rechtfertigung" xml:lang="ger">
<body>
<div type="letter">
<head type="letter">Eine Rechtfertigung.</head>
<dateline>Aus Dresden.</dateline>
<p>
                            <anchor type="lemma" xml:id="koB13_152"/>In Nr. 40 Ihrer Wochenschrift haben Sie einen Brief aufgenommen, in welchem ich, der unterzeichnete norwegische Dichter, als Einer genannt werde, welcher, obwohl seit <HIS:hisRef type="tcNote" xml:id="noteT13_31b" target="B1871-1879ht_noter.xml" corresp="noteT13_31b">langem</HIS:hisRef> die deutsche Gastfreundschaft in <HIS:hisRef type="place" target="Navneregister_HISe.xml#plDre">Dresden</HIS:hisRef> genießend, dennoch in <HIS:hisRef type="work" target="Navneregister_HISe.xml#woDi">einer Sammlung lyrischer <anchor type="lemma" xml:id="koB13_153"/>Gedichte</HIS:hisRef>, die im Anfang dieses Jahres herausgegeben sind, sich über <HIS:hisRef type="place" target="Navneregister_HISe.xml#plD">Deutschland</HIS:hisRef> und das deutsche Volk in einer Weise geäußert habe, die durchaus kränkend für den deutschen Leser sein müsse.</p>
<p>Indem ich Ihnen für die <anchor type="lemma" xml:id="koB13_154"/>rücksichtsvollen Bemerkungen, mit welchen Sie in Ihrem Blatte den fraglichen Brief begleitet haben, meinen verbindlichsten Dank sage, ersuche ich Sie um die Erlaubniß Folgendes hervorzuheben.</p>
<p>Ihr <anchor type="lemma" xml:id="koB13_155"/>Correspondent führte zwei Stellen als Beweise für seine Behauptung an. Zuerst nennt er <anchor type="lemma" xml:id="koB13_156"/>einige Zeilen aus <HIS:hisRef type="work" target="Navneregister_HISe.xml#woBall">einem Gedichte</HIS:hisRef>, in welchem ich eine Nilreise schildre, die ich im Jahre 1869, auf die Einladung <HIS:hisRef type="person" target="Navneregister_HISe.xml#peIsP">des <anchor type="lemma" xml:id="koB13_157"/>Vicekönigs von <HIS:hisRef type="place" target="Navneregister_HISe.xml#plEg">Egypten</HIS:hisRef>
                            </HIS:hisRef>, die Ehre hatte mit <anchor type="lemma" xml:id="koB13_158"/>einer Anzahl Herren von verschiedenen europäischen Nationalitäten zu machen. Diese bunte Gesellschaft stelle ich scherzender Weise unter dem Bilde von Noahs Arche dar, und es ist mir unbegreiflich, daß meine harmlosen Aeußerungen für irgend einen der Reisegefährten hätten beleidigend sein können, ausgenommen vielleicht für mich selbst, den ich als einen Bären vom äußersten Thule bezeichne.</p>
<p>Auf diese Stelle scheint indeß der erzürnte Korrespondent kein sehr großes Gewicht zu legen, ein um so viel größeres aber auf <HIS:hisRef type="work" target="Navneregister_HISe.xml#woAbLi">
                                <anchor type="lemma" xml:id="koB13_159"/>eine andere aus meinen Gedichten</HIS:hisRef>, worin ich Deutschland «das Land der Lüge» genannt haben soll. Ja, in der That, wenn es sich so verhielte, hätte er vollen Grund entrüstet zu sein. Aber es verhält sich keinesweges so! Das fragliche, vor etwa sieben Jahren in <HIS:hisRef type="place" target="Navneregister_HISe.xml#plRom">Rom</HIS:hisRef> niedergeschriebene Gedicht redet durchaus nicht von dem deutschen Volke, sondern nur von <anchor type="lemma" xml:id="koB13_160"/>einer Politik und einer Diplomatie, auf welche jenes damals wenig oder gar keinen Einfluß hatte, und welche eben einige Monate vorher <HIS:hisRef type="place" target="Navneregister_HISe.xml#plSka">meinem skandinavischen Vaterlande</HIS:hisRef> eine noch blutende Wunde geschlagen hatten. Ich wiederhole es: Nicht gegen das deutsche Volk habe ich meinen Zorn gerichtet. Ein Dichter haßt die Einzelnen nicht. Ein Dichter kann Ideen, Principien, Systeme hassen, doch nie Individuen. Ueberhaupt bitte ich Sie, das im Auge zu behalten, daß ich die Gastfreundschaft, die mir im Jahre 1871 zu Theil ward, durch Ausdrücke in einem Gedichte vom Jahre 1865 unmöglich habe verletzen können.</p>
<p>Drei Jahre meines freiwilligen Exils habe ich in Deutschland zugebracht. <anchor type="lemma" xml:id="koB13_161"/>Meine Verhältnisse erlauben mir meinen Aufenthalt nach meinem Gefallen zu wählen; dennoch wählte ich Deutschland. <HIS:hisRef type="person" target="Navneregister_HISe.xml#peSiI">Mein <anchor type="lemma" xml:id="koB13_162"/>einziger Sohn</HIS:hisRef> wird in einem <anchor type="lemma" xml:id="koB13_163"/>deutschen Gymnasium unterrichtet. Deutet das auf Deutschenhaß? Ich habe mein Bestes gethan um die deutsche Literatur in meinem Vaterlande auszubreiten, und will hier nur erwähnen, was gerade am nächsten liegt, daß die Dramen <anchor type="lemma" xml:id="koB13_164"/>«Die Valentine» und «Graf Waldemar» in meinem eigenen Hause und unter meiner Aufsicht übersetzt worden sind, so daß sie auf unserem <anchor type="lemma" xml:id="koB13_165"/>Nationaltheater mehrmals aufgeführt werden konnten und dazu beigetragen haben, <HIS:hisRef type="person" target="Navneregister_HISe.xml#peGFr">
                                <anchor type="lemma" xml:id="koB13_166"/>dem deutschen Dichter</HIS:hisRef> auch in meinem Vaterlande einen hoch geehrten Namen zu schaffen. Ist dies Alles mit einer blinden Abneigung gegen die deutsche Nation zu vereinen? Während des letzten Krieges habe ich, wie andere Ausländer, nach Kräften dazu beigetragen, die Noth, welche die allgemeine Wohlthätigkeit in Anspruch nahm, zu lindern. Eine hiesige <anchor type="lemma" xml:id="koB13_167"/>arme Wittwe, deren beide Söhne der Fahne folgten, bezog ihre wesentliche Privat-Unterstützung von mir. Nachdem der Krieg aufgehört, nahm ich mich eines <anchor type="lemma" xml:id="koB13_168"/>verwaiseten Kindes an und bezahlte sein Schulgeld, denke auch noch fernerhin damit fortzufahren.</p>
<p>Keineswegs führe ich dies als etwas besonders Verdienstvolles an; ich finde es ganz natürlich. Aber einem mißdeuteten Ausdrucke in einem sieben Jahre alten Gedichte gegenüber, halte ich mich für berechtigt, Thatsachen von jetzt anzuführen.</p>
<p>Daß ich mich in gewissen, noch schwebenden, <anchor type="lemma" xml:id="koB13_169"/>internationalen Fragen auf skandinavische und nicht auf deutsche Seite stelle, wird kein vorurtheilsfreier Deutscher mir vorwerfen. Vollkommen huldige ich dem Worte des deutschen Dichters: <anchor type="lemma" xml:id="koB13_170"/>Es soll der Sänger mit dem König gehen! Würde ich aber, als ein Sohn meines eigenen Vaterlandes, Ihre Achtung bewahren können, wenn, in den eben erwähnten Fragen, der skandinavische Sänger mit dem <HIS:hisRef type="person" target="Navneregister_HISe.xml#peVil1">
                                <anchor type="lemma" xml:id="koB13_171"/>König von <HIS:hisRef type="place" target="Navneregister_HISe.xml#plPr">Preußen</HIS:hisRef>
                            </HIS:hisRef> ginge?</p>
<p>So hoffe ich eine genügende Erklärung gegeben zu haben, nicht allein Ihrem entrüsteten Correspondenten gegenüber – ich sehe mit Bedauern, daß ich in ihm einen sonst <anchor type="lemma" xml:id="koB13_172"/>wohlwollenden Leser meiner Werke gekränkt habe – sondern auch gegenüber den vielen ausgezeichneten <anchor type="lemma" xml:id="koB13_173"/>Männern, welche mir hier die Ehre erwiesen, mir mit Freundlichkeit entgegen zu kommen.</p>
<signed>Henrik Ibsen.</signed>
</div>
</body>
</text>