<?xml version="1.0" encoding="UTF-8"?><text xmlns="http://www.tei-c.org/ns/1.0" xmlns:HIS="http://www.example.org/ns/HIS" rend="letter" corresp="B18700509PHe" xml:lang="da-no">
                <body>
<div type="letter">
<dateline>
                            <pb n="[1]"/>Dresden den <date>9<hi rend="raised">de</hi> Maj 1870</date>. –</dateline>
<salute>Herr P: Heise!</salute>
<p>I tillid til at jeg siden <anchor type="lemma" xml:id="koB12_2453"/>vort samvær i <HIS:hisRef type="place" target="Navneregister_HISe.xml#plRom">Rom</HIS:hisRef> har beholdt en plads i Deres venlige erindring, tager jeg mig idag den frihed at tilskrive Dem nogle linjer.</p>
<p>Sagen er nemlig denne: Af mit historiske skuespil <anchor type="lemma" xml:id="koB12_2454"/>
                            <HIS:hisRef type="work" target="Navneregister_HISe.xml#woKE">«Kongs-emnerne»</HIS:hisRef> forberedes en ny gennemseet udgave hos <HIS:hisRef type="person" target="Navneregister_HISe.xml#peFH">Hegel</HIS:hisRef>. Bogen vil rimeligvis blive færdig i næste måned, og så snart dette er skeet, indleverer jeg stykket til <HIS:hisRef type="org" target="Navneregister_HISe.xml#orgKT">det kgl: danske theater</HIS:hisRef>. Efter hvad der privat er kommet mig for øre har jeg al grund til at forudsætte at det bliver antaget.</p>
<p>Nu er det mit spørgsmål til Dem, om De skulde ville <pb n="[2]"/>komponere musik til stykket? Der behøves ouverture og introductioner, kirkemusik og festmarsch i første akt, dands i anden, bøn og vuggesang i tredje, melodramatisk ledsagelse til kampscenerne i fjerde, samt endelig kvindernes chor i stykkets slutning.</p>
<p>På forlangende vil der fra <HIS:hisRef type="org" target="Navneregister_HISe.xml#orgGyl">den Gyldendalske boghandel</HIS:hisRef> straks blive Dem tilstillet et exemplar af stykket, og <HIS:hisRef type="tcNote" xml:id="noteT12_641" target="B1844-1871ht_noter.xml" corresp="noteT12_641">skulde</HIS:hisRef> De så, efter at have gennemlæst det, være villig til at <anchor type="lemma" xml:id="koB12_2455"/>indgå på mit forslag, håber jeg De godhedsfuldt med et par linjer underretter mig derom.</p>
<p>I håb om snart at høre fra Dem beder jeg Dem at frembære min ærbødigste hilsen til <anchor type="lemma" xml:id="koB12_2456"/>
                            <HIS:hisRef type="person" target="Navneregister_HISe.xml#peVHei">Deres ærede frue</HIS:hisRef> og tegner mig</p>
<salute>venskabeligst Deres</salute>
<signed>Henrik Ibsen.</signed>
</div>
<div type="postscript">
<p>Min adresse er: Königsbrücker-Strasse, N<hi rend="raised">o</hi> 33.</p>
</div>
</body>
</text>