<?xml version="1.0" encoding="UTF-8"?><text xmlns="http://www.tei-c.org/ns/1.0" xmlns:HIS="http://www.example.org/ns/HIS" rend="letter" corresp="B18720707HvL" xml:lang="da-no">
<body>
<div type="letter">
<dateline>
                            <pb n="[1]"/>Dresden den <date>7<hi rend="raised">de</hi> Juli 1872</date>. –</dateline>
<salute>Højstærede herr H. v. Löhner!</salute>
<p>De vil godhedsfuldt tilgive at jeg indtil nu har ladet <anchor type="lemma" xml:id="koB13_539"/>Deres to venlige breve henligge ubesvarede. Jeg havde nemlig besluttet at besøge <HIS:hisRef type="place" target="Navneregister_HISe.xml#plBerl">Berlin</HIS:hisRef> i sommer og håbede da at have den fornøjelse personlig at træffe Dem. Omstændighederne tvinger mig imidlertid til at <anchor type="lemma" xml:id="koB13_540"/>opsætte denne rejse indtil høsten, og jeg tillader mig derfor herved at tilskrive Dem nogle ord.</p>
<p>Det gjorde mig meget ondt at erfare at De har været syg; jeg vil dog håbe at det kun har været en forbigående <anchor type="lemma" xml:id="koB13_541"/>upasselighed. Hvad <HIS:hisRef type="work" target="Navneregister_HISe.xml#woKG">
                                <anchor type="lemma" xml:id="koB13_542"/>mit nye arbejde</HIS:hisRef> angår, hvilket forøvrigt endnu ikke er færdigt, så har jeg allerede <anchor type="lemma" xml:id="koB13_543"/>overdraget <anchor type="lemma" xml:id="koB13_544"/>oversættelsesretten til en anden og har således ikke mere nogen magt over samme. I modsat fald skulde det have været mig en glæde at tilstille Dem korrekturarkene på den af Dem <pb n="[2]"/>foreslåede måde.</p>
<p>Ikke mindre kært skulde det været mig om jeg gennem Dem kunde blive optagen i det af Dem omskrevne <anchor type="lemma" xml:id="koB13_545"/>samlerværk for udenlandske noveller; men jeg har <anchor type="lemma" xml:id="koB13_546"/>aldrig skrevet noget i novellistisk retning. Hvis De imidlertid skulde ønske at arbejde for dette værk ved oversættelser fra norsk, så tillader jeg mig at henlede Deres opmærksomhed på en fortræffelig liden novelle af en anden norsk forfatter, nemlig <anchor type="lemma" xml:id="koB13_547"/>«Den Fremsynte» af <HIS:hisRef type="person" target="Navneregister_HISe.xml#peJLi">Jonas Lie</HIS:hisRef>, udkommen hos <HIS:hisRef type="person" target="Navneregister_HISe.xml#peFH">Hegel</HIS:hisRef> (<HIS:hisRef type="org" target="Navneregister_HISe.xml#orgGyl">Gyldendalske boghandel</HIS:hisRef>) i <HIS:hisRef type="place" target="Navneregister_HISe.xml#plKbh">København</HIS:hisRef>. Den er i de skandinaviske lande bleven modtaget med overordentligt bifald og har allerede i kort tid oplevet 3 oplag.</p>
<p>Om kort tid afrejser jeg til et <anchor type="lemma" xml:id="koB13_548"/>badested i <HIS:hisRef type="place" target="Navneregister_HISe.xml#plTy">Tyrol</HIS:hisRef>; senere hen håber jeg at træffe Dem i Berlin, og vil da tillade mig personlig at takke Dem for Deres venlige interesse for mine literære arbejder.</p>
<salute>Deres hengivne</salute>
<signed>Henrik Ibsen.</signed>
</div>
</body>
</text>