<?xml version="1.0" encoding="UTF-8"?><text xmlns="http://www.tei-c.org/ns/1.0" xmlns:HIS="http://www.example.org/ns/HIS" rend="letter" corresp="B18730903NN_Gravminde" xml:lang="da-no">
<body>
<div type="letter">
<head rend="centre">
                            <anchor type="lemma" xml:id="koB15_3555"/>Gravminde over afdøde Skolebestyrer <HIS:hisRef type="person" target="Navneregister_HISe.xml#peHelt">Heltberg</HIS:hisRef>
                        </head>
<p>Undertegnede, forhenværende Disciple af afdøde Skolebestyrer <emph>Henrik Anton Schiøtt Heltberg</emph>, have <unclear>t</unclear>roet at imødekomme et almindeligt Ønske hos hans <unclear>m</unclear>ange ældre og yngre Elever, naar vi her indbyde <unclear>d</unclear>em til at tegne Bidrag til et Gravminde over ham <unclear>p</unclear>aa Vor Frelsers Kirkegaard.</p>
<p>Til Gravmindet, saaledes som vi have tænkt <unclear>o</unclear>s det, vil udfordres et Beløb af ca. 130 Spd., <unclear>o</unclear>g Bidragene ønskes indsendte til <anchor type="lemma" xml:id="koB15_3556"/>Boghandler Asche<unclear>h</unclear>oug – hos hvem Tegningsliste er nedlagt – in<unclear>d</unclear>en dette Aars Udgang.</p>
</div>
<div type="signed">
<table rend="signed">
<row>
                                <cell role="data">
                                    <HIS:hisRef type="person" target="Navneregister_HISe.xml#peJoBe">Johannes Bergh</HIS:hisRef>, Advokat.</cell>
                                <cell role="data">
                                    <HIS:hisRef type="person" target="Navneregister_HISe.xml#peBB">Bjørnstjerne Bjørnson</HIS:hisRef>.</cell>
                            </row>
<row>
                                <cell role="data">
                                    <HIS:hisRef type="person" target="Navneregister_HISe.xml#peFrBru">F. G. Bruun</HIS:hisRef>, Præst.</cell>
                                <cell role="data">
                                    <HIS:hisRef type="person" target="Navneregister_HISe.xml#peLuDa">Ludvig Daae</HIS:hisRef>, Foged.</cell>
                                <cell role="data">
                                    <HIS:hisRef type="person" target="Navneregister_HISe.xml#peSaAH">S. A. Haugland</HIS:hisRef>, Adjunkt.</cell>
                            </row>
<row>
                                <cell role="data">
                                    <HIS:hisRef type="person" target="Navneregister_HISe.xml#peJKSH">J. K. Heffermehl</HIS:hisRef>, Advokat.</cell>
                                <cell role="data">
                                    <HIS:hisRef type="person" target="Navneregister_HISe.xml#peLHol">L. Holan</HIS:hisRef>, Skolebestyrer.</cell>
                                <cell role="data">Henrik Ibsen.</cell>
                            </row>
<row>
                                <cell role="data">
                                    <HIS:hisRef type="person" target="Navneregister_HISe.xml#peJFOJ">Oscar Johnsen</HIS:hisRef>, Læge.</cell>
                                <cell role="data">
                                    <HIS:hisRef type="person" target="Navneregister_HISe.xml#peKrKr">K. Kristensen</HIS:hisRef>, Præst.</cell>
                                <cell role="data">
                                    <HIS:hisRef type="person" target="Navneregister_HISe.xml#peJNS">J. N. Skaar</HIS:hisRef>, Præst.</cell>
                            </row>
<row>
                                <cell role="data">
                                    <HIS:hisRef type="person" target="Navneregister_HISe.xml#peGBNS">G. Stabell</HIS:hisRef>, Stud. theol.</cell>
                                <cell role="data">
                                    <HIS:hisRef type="person" target="Navneregister_HISe.xml#peFHT">Ferd. Tischendorf</HIS:hisRef>, Stud. theol.</cell>
                            </row>
</table>
</div>
</body>
</text>