<?xml version="1.0" encoding="UTF-8"?><text xmlns="http://www.tei-c.org/ns/1.0" xmlns:HIS="http://www.example.org/ns/HIS" rend="letter" corresp="B18610317ChrTh" xml:lang="da-no">
<front>
<pb n="[a]"/>
<HIS:envelope type="sheet">
<address>
<addrLine>Til</addrLine>
<addrLine>Directionen for Christiania Theater.</addrLine>
</address>
</HIS:envelope>
</front>
<body>
<div type="letter">
<dateline>
                            <pb n="[1]"/>Christiania den <date>17<hi rend="raised">de</hi> Marts 1861</date>.</dateline>
<salute>Til Directionen for Christiania Theater.</salute>
<p>
                            <anchor type="lemma" xml:id="koB12_686"/>Partituren til <anchor type="lemma" xml:id="koB12_687"/>«En italiensk Straahat» staar til den ærede Directions Raadighed. Da imidlertid Stykket her er ansat til Opførelse 1<hi rend="raised">ste</hi> April (2<hi rend="raised">den</hi> Paaskedag), vil adskillige Chorprøver udfordres. Til Brug ved disse maa man betinge sig Partituren tilbageleveret; man skal forresten indrette sig paa den for <anchor type="lemma" xml:id="koB12_688"/>Afskrivningen mindst forsinkende Maade.</p>
<salute>ærbødigst</salute>
<signed>Henr: Ibsen</signed>
</div>
</body>
</text>