<?xml version="1.0" encoding="UTF-8"?><text xmlns="http://www.tei-c.org/ns/1.0" xmlns:HIS="http://www.example.org/ns/HIS" rend="letter" corresp="B18740921LD" xml:lang="da-no">
<body>
<div type="letter">
<dateline>
                            <pb n="[1]"/>Kristiania den <date>21<hi rend="raised">de</hi> September 1874</date>.</dateline>
<salute>Kære gamle ven!</salute>
<p>Kun et par ord i al hast! Overbringerinden af dette er vor landsmandinde, sangerinden <HIS:hisRef type="person" target="Navneregister_HISe.xml#peWHo">frøken Wilhelmine Holmboe</HIS:hisRef>, for hvem jeg levende interesserer mig. Gør Du ligeså! Hun tænker at give en koncert i <HIS:hisRef type="place" target="Navneregister_HISe.xml#plSthlm">Stockholm</HIS:hisRef>. Til Dig kommer hun for at anbefales til de personer, som kan være hende bedst til nytte. Jeg selv kender ikke de i musikalsk henseende toneangivende hos eder. Resten vil hun selv sige Dig.</p>
<p>Af aviserne ser jeg at <anchor type="lemma" xml:id="koB13_1488"/>din villa nærmer sig sin fuldførelse. Umuligt var det ikke at Du til <anchor type="lemma" xml:id="koB13_1489"/>næste år får se mig træde ind til Dig. For dennegang indskrænker min udflugt sig alene til Norge, hvor jeg nu i to måneder har levet i en uafbrudt <anchor type="lemma" xml:id="koB13_1490"/>række af selskaber. Om nogle dage rejser vi tilbage til <HIS:hisRef type="place" target="Navneregister_HISe.xml#plDre">Dresden</HIS:hisRef>.</p>
<p>Med de hjerteligste hilsener fra os alle til Dig selv, <HIS:hisRef type="person" target="Navneregister_HISe.xml#peJMD">
                                <anchor type="lemma" xml:id="koB13_1491"/>din hustru</HIS:hisRef> og <anchor type="lemma" xml:id="koB13_1492"/>din <HIS:hisRef type="person" target="Navneregister_HISe.xml#peHoDi">lille pige</HIS:hisRef> tegner jeg mig</p>
<salute>Din hengivne ven</salute>
<signed>Henrik Ibsen.</signed>
</div>
</body>
</text>