<?xml version="1.0" encoding="UTF-8"?><text xmlns="http://www.tei-c.org/ns/1.0" xmlns:HIS="http://www.example.org/ns/HIS" rend="letter" corresp="B18730427JB" xml:lang="da-no">
<body>
<div type="letter">
<dateline>
                            <pb n="[1]"/>Dresden den <date>27<hi rend="raised">de</hi> April 1873</date>.</dateline>
<salute>Kære herr etatsråd Bravo!</salute>
<p>Tag mig ikke altfor ilde op at jeg først idag besvarer Deres <anchor type="lemma" xml:id="koB13_850"/>to venlige breve; men <HIS:hisRef type="work" target="Navneregister_HISe.xml#woKG">et <anchor type="lemma" xml:id="koB13_851"/>nyt literært arbejde</HIS:hisRef> har i de sidste måneder ganske optaget min tid.</p>
<p>Da jeg i begyndelsen af dette år modtog Deres første skrivelse <anchor type="lemma" xml:id="koB13_852"/>angående <HIS:hisRef type="org" target="Navneregister_HISe.xml#orgAftb">«Aftenbladet»</HIS:hisRef>, henvendte jeg mig <HIS:hisRef type="tcNote" xml:id="noteT13_134" target="B1871-1879ht_noter.xml" corresp="noteT13_134">straks</HIS:hisRef> til min forretningsfører i <HIS:hisRef type="place" target="Navneregister_HISe.xml#plKri">Kristiania</HIS:hisRef>, min svoger, bureauchef i Justitsdepartementet, <HIS:hisRef type="person" target="Navneregister_HISe.xml#peJHT">J. H. Thoresen</HIS:hisRef>, med forespørgsel om hvorfor portoen af bladet ikke ifølge min anvisning var bleven betalt.</p>
<p>Herpå svarer bureauchef Thoresen under 3<hi rend="raised">die</hi> April følgende:</p>
<quote rend="quoteIndent">«At postportoen i overensstemmelse med Deres skrivelse i begyndelsen af 1872 ikke tidligere er betalt, er ikke min skyld. Jeg henvendte mig straks efter at have modtaget skrivelsen til «Aftenbladets» expedition med anmodning om at beløbet måtte blive mig opgivet; men vedkommende kunde ikke meddele <anchor type="lemma" xml:id="koB13_853"/>opgaven, som man imidlertid lovede skulde blive mig tilstillet senere; men jeg fik den ikke. Da jeg idag talte med <anchor type="lemma" xml:id="koB13_854"/>«Aftenbladets» kasserer, gjorde jeg ham opmærksom herpå, med tilføjende at når portoen ikke før var betalt, var <pb n="[2]"/>skylden hverken Deres eller min, men bladets egen. Foranstående til mulig underretning for herr etatsråd Bravo.»</quote>
<p>De ser altså, kære herr etatsråd, at der ikke har fundet nogen forsømmelse sted, undtagen den, som bladets egne funktionærer har gjort sig skyldige i. Jeg kan umuligt betale en regning, når man ikke vil opgive mig beløbet. Portoen for forrige år er det lykkedes mig at få betalt; men for de første 6 måneder af dette år har man ikke kunnet opgive mig summens størrelse! Fra min side skal imidlertid intet blive forsømt.</p>
<p>Jeg skriver idag i al hast. Om nogen <HIS:hisRef type="tcNote" xml:id="noteT13_135" target="B1871-1879ht_noter.xml" corresp="noteT13_135">tid</HIS:hisRef> kommer jeg til at begive mig til <HIS:hisRef type="place" target="Navneregister_HISe.xml#plWien">Wien</HIS:hisRef>, da jeg nemlig er udnævnt til norsk medlem af den internationale <anchor type="lemma" xml:id="koB13_855"/>jury ved kunstudstillingen isommer. – Tænker ikke De på at tage en liden tour derop?</p>
<p>Længselen efter <HIS:hisRef type="place" target="Navneregister_HISe.xml#plRom">Rom</HIS:hisRef> er stor hos os alle, og sandsynligvis ender det med at vi <anchor type="lemma" xml:id="koB13_856"/>vender didned igen.</p>
<p>Med hjertelige hilsener til Dem selv og alle gode venner for resten, tegner jeg mig</p>
<salute>Deres altid hengivne</salute>
<signed>Henrik Ibsen.</signed>
</div>
</body>
</text>