<?xml version="1.0" encoding="UTF-8"?><text xmlns="http://www.tei-c.org/ns/1.0" xmlns:HIS="http://www.example.org/ns/HIS" rend="letter" corresp="B18720430EGo" xml:lang="da-no">
<body>
<div type="letter">
<dateline>
                            <pb n="[1]"/>Dresden, den <date>30<hi rend="raised">de</hi> April 1872</date>.</dateline>
<salute>Meget ærede herre!</salute>
<p>Jeg beder Dem tilgive at jeg først idag besvarer <anchor type="lemma" xml:id="koB13_472"/>Deres sidste, venlige brev. Hvis De beslutter Dem til at <anchor type="lemma" xml:id="koB13_473"/>oversætte én eller flere af mine bøger, vilde jeg <anchor type="lemma" xml:id="koB13_474"/>skatte mig meget lykkelig; men det er en selvfølge at De forpligter <pb n="[2]"/>mig til en ligeså stor taknemmelighed, dersom De ved fortsatte <anchor type="lemma" xml:id="koB13_475"/>artikler i de engelske blade henleder opmærksomheden på mine arbejder. Dette antager jeg også i betydelig grad vil bidrage til at fjerne vanskelighederne ved at finde en forlægger. At påbegynde nogen oversættelse uden at være sikret en rimelig erstatning for tid og <HIS:hisRef type="tcNote" xml:id="noteT13_64" target="B1871-1879ht_noter.xml" corresp="noteT13_64">møje</HIS:hisRef>, kan der naturligvis ikke være tale om. Overhovedet lægger jeg sagen med fuld tryghed i Deres hænder, overbevist om at De vil forstå at vælge den vej, som fører sikrest og fordelagtigst til målet.</p>
<p>I forrige uge tilskrev jeg <HIS:hisRef type="person" target="Navneregister_HISe.xml#peFH">
                                <anchor type="lemma" xml:id="koB13_476"/>min forlægger</HIS:hisRef> i <HIS:hisRef type="place" target="Navneregister_HISe.xml#plKbh">København</HIS:hisRef> og anmodede ham om at sende Dem <HIS:hisRef type="work" target="Navneregister_HISe.xml#woKK">
                                <anchor type="lemma" xml:id="koB13_477"/>«Kærlighedens <HIS:hisRef type="tcNote" xml:id="noteT13_65" target="B1871-1879ht_noter.xml" corresp="noteT13_65">Komedie»,</HIS:hisRef>
                            </HIS:hisRef> skuespil i 3 akter, samt de <HIS:hisRef type="work" target="Navneregister_HISe.xml#woBr woPG">
                                <anchor type="lemma" xml:id="koB13_478"/>to andre <HIS:hisRef type="tcNote" xml:id="noteT13_66" target="B1871-1879ht_noter.xml" corresp="noteT13_66">forlangte</HIS:hisRef> bøger</HIS:hisRef>. «Kærlighedens Komedie» er egentlig at betragte som en forløber for «Brand», idet jeg nemlig deri har skildret den i vore sociale forholde rådende modsætning imellem virkeligheden og den ideale fordring i allt hvad der angår kærlighed og <pb n="[3]"/>ægteskab. Bogen vakte, da den udkom, en <anchor type="lemma" xml:id="koB13_479"/>rasende storm af forbitrelse i <HIS:hisRef type="place" target="Navneregister_HISe.xml#plN">Norge</HIS:hisRef>; grunden dertil vil De se af min fortale til 2<hi rend="raised">den</hi> udgave, som sendes Dem. «Peer Gynt» er «Brand»s modsætning; den ansees af mange for min bedste bog. Hvorvidt De vil finde behag i den, ved jeg ikke. Den er vild og formløs, hensynsløst skrevet, således, som jeg kun turde vove at skrive langt borte fra hjemmet; den er nemlig bleven til under mit ophold i sommeren 1867 på <HIS:hisRef type="place" target="Navneregister_HISe.xml#plIsc">Ischia</HIS:hisRef> og i <HIS:hisRef type="place" target="Navneregister_HISe.xml#plSorr">Sorrento</HIS:hisRef>.</p>
<p>De ønsker oplysninger om <anchor type="lemma" xml:id="koB13_480"/>den norske poesi i de senere år. Jeg skulde med glæde meddelt Dem hvad jeg ved om den sag, dersom jeg ikke heldigvis havde fundet en bedre udvej. En af mine venner, overlærer ved kathedralskolen i <HIS:hisRef type="place" target="Navneregister_HISe.xml#plKri">Kristiania</HIS:hisRef>, <HIS:hisRef type="person" target="Navneregister_HISe.xml#peJLo">
                                <anchor type="lemma" xml:id="koB13_481"/>Jakob Løkke</HIS:hisRef>, opholder sig for tiden i <HIS:hisRef type="place" target="Navneregister_HISe.xml#plLon">London</HIS:hisRef>. <anchor type="lemma" xml:id="koB13_482"/>Ham har jeg tilskrevet en anmodning om at opsøge Dem og give de forlangte oplysninger. Herr Løkke er en i alle henseender udmærket kender af vor literatur, og der gives <pb n="[4]"/>ingen, til hvem jeg med større tryghed kan anbefale Dem, end netop han.</p>
<p>Deres <anchor type="lemma" xml:id="koB13_483"/>artikel om <HIS:hisRef type="work" target="Navneregister_HISe.xml#woDi">mine digte</HIS:hisRef> i «The Spectator» har været <anchor type="lemma" xml:id="koB13_484"/>oversat i de skandinaviske blade, og jeg er overbevist om at mine mange venner hjemme føler sig med mig forpligtede til stor taknemmelighed imod Dem for den venlige og ærefulde måde på hvilken De i <HIS:hisRef type="place" target="Navneregister_HISe.xml#plEng">Deres fædreland</HIS:hisRef> har omtalt mig og min virksomhed.</p>
<p>I håb om at de fra København afsendte bøger ikke ved gennemlæsningen vil forringe Deres velvilje for mig tegner jeg mig</p>
<salute>Deres ærbødigst og hjerteligst forbundne</salute>
<signed>Henrik Ibsen.</signed>
</div>
</body>
</text>