<?xml version="1.0" encoding="UTF-8"?><text xmlns="http://www.tei-c.org/ns/1.0" xmlns:HIS="http://www.example.org/ns/HIS" rend="letter" corresp="B18670308FH" xml:lang="da-no">
                <body>
<div type="letter">
<dateline>
                            <pb n="[1]"/>Rom den <date>8<hi rend="raised">de</hi> Marts 1867</date>.</dateline>
<salute>Kjære Hr: Cancelliraad Hegel!</salute>
<p>Idag tillskriver jeg Dem nærmest for at faa de <anchor type="lemma" xml:id="koB12_1480"/>to indlagte Billetter besørgede. <HIS:hisRef type="person" target="Navneregister_HISe.xml#peMAG">Goldschmidt</HIS:hisRef> har, uagtet jeg ikke kjender ham personlig, sendt mig et overordentlig smukt og hjerteligt Brev.</p>
<p>For <anchor type="lemma" xml:id="koB12_1481"/>det modtagne Aarsregnskab takker jeg i alle Henseender. Jeg har deri forgjæves søgt forskjellige Poster, navnlig Udgifterne till <anchor type="lemma" xml:id="koB12_1482"/>de tre Pragtexemplarer till <HIS:hisRef type="place" target="Navneregister_HISe.xml#plSthlm">Stockholm</HIS:hisRef> og <HIS:hisRef type="place" target="Navneregister_HISe.xml#plKri">Christiania</HIS:hisRef>; jeg tillader mig heri at se et <HIS:hisRef type="tcNote" xml:id="noteT12_425" target="B1844-1871ht_noter.xml" corresp="noteT12_425">nyt</HIS:hisRef> Udtryk for den store <anchor type="lemma" xml:id="koB12_1483"/>Liberalitet, som De forøvrigt i saa mange Henseender har bevist mig, og takker Dem forbindtligst derfor.</p>
<p>De to Nummere af <anchor type="lemma" xml:id="koB12_1484"/>«Ill: Tidende» har jeg faaet og er Dem meget forbunden for den havte Ulejlighed. Men hvem er <HIS:hisRef type="person" target="Navneregister_HISe.xml#peAxF">
                                <anchor type="lemma" xml:id="koB12_1485"/>Biografen</HIS:hisRef>? Ingen af de herværende Danske kjender ham. Den Mangel paa Takt, hvormed han behandler uvedkommende private Forhold, gjør at jeg snarest skulde antage ham for en Normand, men det kan han dog neppe være. Forresten er jo hans Bedømmelse i mange Henseender velvillig og meget anerkjendende. Flere Ukorrektheder findes dog, f. Ex i hans Omtale af <HIS:hisRef type="person" target="Navneregister_HISe.xml#peHRi">Statsraad <anchor type="lemma" xml:id="koB12_1486"/>Riddervolds</HIS:hisRef> Forhold till Bevilgelsen af min Digtergage. Urigtigt er det ogsaa at jeg har gjort et grundigt Studium af <HIS:hisRef type="person" target="Navneregister_HISe.xml#peHHe">
                                <anchor type="lemma" xml:id="koB12_1487"/>Hejne</HIS:hisRef>; – jeg har kun en <HIS:hisRef type="tcNote" xml:id="noteT12_426" target="B1844-1871ht_noter.xml" corresp="noteT12_426">Gang</HIS:hisRef> gjennemlæst et <HIS:hisRef type="tcNote" xml:id="noteT12_427" target="B1844-1871ht_noter.xml" corresp="noteT12_427">Bind</HIS:hisRef> af <HIS:hisRef type="tcNote" xml:id="noteT12_428" target="B1844-1871ht_noter.xml" corresp="noteT12_428">hans</HIS:hisRef> Rejsebillede <pb n="[2]"/>og hans «Buch der Lieder». Det samme gjælder om <anchor type="lemma" xml:id="koB12_1488"/>
                            <HIS:hisRef type="person" target="Navneregister_HISe.xml#peSKi">Kierkegaard</HIS:hisRef>, af hvem jeg kun har læst lidet og forstaaet endnu mindre. – Det skulde forøvrigt interessere mig at vide, hvem Manden er.</p>
<p>I <HIS:hisRef type="work" target="Navneregister_HISe.xml#woPG">
                                <anchor type="lemma" xml:id="koB12_1490"/>mit nye dramatiske Digt</HIS:hisRef> er jeg nu fremskreden till Midten af 2<hi rend="raised">den</hi> <HIS:hisRef type="tcNote" xml:id="noteT12_429" target="B1844-1871ht_noter.xml" corresp="noteT12_429">Handling</HIS:hisRef> (det bliver i fem) og saavidt jeg paa Forhaand kan beregne <anchor type="lemma" xml:id="koB12_1491"/>omkring 250 Sider stort. Hvis De ønsker det, vil jeg allerede i Juli kunne sende Dem Manuscriptet.</p>
<p>Jeg erfarer gjennem <HIS:hisRef type="person" target="Navneregister_HISe.xml#peNR">Ravnkilde</HIS:hisRef> at min <anchor type="lemma" xml:id="koB12_1492"/>Anvisning paa 100 Rdlr. er præsenteret og honoreret. Turde jeg bede Dem vise mig den Velvilje engang i indeværende Maaned at sende mig en Vexel for <anchor type="lemma" xml:id="koB12_1493"/>Restbeløbet af Honoraret for 4<hi rend="raised">de</hi> Opplag af <HIS:hisRef type="work" target="Navneregister_HISe.xml#woBr">
                                <HIS:hisRef type="tcNote" xml:id="noteT12_430" target="B1844-1871ht_noter.xml" corresp="noteT12_430">Brand?</HIS:hisRef>
                            </HIS:hisRef> – <anchor type="lemma" xml:id="koB12_1494"/>Lotterispekulationen har jo havt en god Begyndelse. Maatte den blot ikke volde Dem formegen Ulejlighed!</p>
<p>Anmeldelsen af <HIS:hisRef type="person" target="Navneregister_HISe.xml#peALCL">Listovs</HIS:hisRef> «Ordsamling» i <HIS:hisRef type="tcNote" xml:id="noteT12_431" target="B1844-1871ht_noter.xml" corresp="noteT12_431">«Fædrelandet»</HIS:hisRef> undertegnet <HIS:hisRef type="person" target="Navneregister_HISe.xml#peAnL">
                                <anchor type="lemma" xml:id="koB12_1495"/>A. L.</HIS:hisRef> <HIS:hisRef type="tcNote" xml:id="noteT12_432" target="B1844-1871ht_noter.xml" corresp="noteT12_432">har</HIS:hisRef> jeg læst gjentagende Gange med stor Fornøjelse. Den er uden Tvivl det fortræffeligste og rigtigste, der endnu er skrevet om <anchor type="lemma" xml:id="koB12_1496"/>de nyere norske Sprogforholde. Skulde De tillfældigvis kjende Forfatteren, beder jeg Dem føje min Takk till de manges, som han ganske vist maa have modtaget.</p>
<p>
                            <HIS:hisRef type="person" target="Navneregister_HISe.xml#peHNC">Professor Clausen</HIS:hisRef> med Familie er ankommen hertill, <HIS:hisRef type="person" target="Navneregister_HISe.xml#pePAAH">
                                <anchor type="lemma" xml:id="koB12_1497"/>A. Hage</HIS:hisRef> ligesaa; <HIS:hisRef type="person" target="Navneregister_HISe.xml#pePMOL">Orla Lehman</HIS:hisRef> ventes.</p>
<p>
                            <anchor type="lemma" xml:id="koB12_1498"/>
                            <HIS:hisRef type="person" target="Navneregister_HISe.xml#peBB">Bjørnson</HIS:hisRef> tillskriver mig at han till <pb n="[3]"/>Sommeren fratræder <HIS:hisRef type="org" target="Navneregister_HISe.xml#orgChrTh">Theatret</HIS:hisRef>, og deri gjør han ganske Ret. Han skriver paa intet for Tiden, siger han, og jeg frygter at hans Blad – – norsk Folkeblad – stjæler mere af hans Arbejdskraft end ønskeligt kunde være.</p>
<p>Gid det nu maa gaa godt med <anchor type="lemma" xml:id="koB12_1499"/>den nye Udgave af <HIS:hisRef type="work" target="Navneregister_HISe.xml#woKK">«Kjærl: Komedie»</HIS:hisRef>! De tidligere Anmeldere underkaste vel ikke Bogen nogen fornyet Drøftelse; men den vil alligevel forhaabentlig blive omtalt.</p>
<p>Med de bedste Hilsener tegner jeg mig</p>
<salute>Deres ærbødigst hengivne</salute>
<signed>Henrik Ibsen.</signed>
</div>
</body>
</text>