<?xml version="1.0" encoding="UTF-8"?><text xmlns="http://www.tei-c.org/ns/1.0" xmlns:HIS="http://www.example.org/ns/HIS" rend="letter" corresp="B18710330JB" xml:lang="da-no">
                <body>
<div type="letter">
<dateline>
                            <pb n="[1]"/>Dresden den <date>30<hi rend="raised">te</hi> Marts 1871</date>. –</dateline>
<salute>Kære herr etatsråd!</salute>
<p>Da der nu er hengået så lang tid uden at jeg har modtaget noget svar på mit sidste brev, hvori jeg meldte Dem at <HIS:hisRef type="person" target="Navneregister_HISe.xml#peAtD">herr <anchor type="lemma" xml:id="koB12_3104"/>tom Dieck</HIS:hisRef> nu har indbetalt restbeløbet af sin gæld til Dem, så begynder jeg at frygte for at enten mit brev eller Deres svar derpå kan være gået tabt, og jeg fornyer derfor mit spørgsmål til Dem om hvad jeg skal gøre med Deres penge. Beløbet er for lidet til at omsættes i en veksel, og at sende postanvisninger til <HIS:hisRef type="place" target="Navneregister_HISe.xml#plIt">Italien</HIS:hisRef> fraråder man mig her, som noget, der er i høj grad usikkert. Kan De opgive mig en herværende boghandler, der står i forbindelse med <HIS:hisRef type="person" target="Navneregister_HISe.xml#peSpi">herr Spithöver</HIS:hisRef>, eller en bankier, som har forretninger med <HIS:hisRef type="person" target="Navneregister_HISe.xml#peKvK">herr Kolb</HIS:hisRef>? <pb n="[2]"/>Eller gives der i <HIS:hisRef type="place" target="Navneregister_HISe.xml#plKbh">København</HIS:hisRef> eller <HIS:hisRef type="place" target="Navneregister_HISe.xml#plKri">Christiania</HIS:hisRef> nogen, til hvem jeg kan indbetale summen? Herpå er De nok så god at give mig et svar, da jeg gerne vil have den sag fra hånden.</p>
<p>
                            <HIS:hisRef type="person" target="Navneregister_HISe.xml#peGB">Herr Georg Brandes</HIS:hisRef> bedes venligst hilset; jeg tilskriver ham om kort tid. Mine bedste hilsener også til alle andre gode romerske venner!</p>
<p>Det gjorde mig meget ondt at erfare <anchor type="lemma" xml:id="koB12_3105"/>
                            <HIS:hisRef type="person" target="Navneregister_HISe.xml#peOF">Fladagers</HIS:hisRef> død. Jeg vil dog håbe at han under sin sygdom ikke har lidt nogen mangel?</p>
<p>Her har vi siden månedens begyndelse havt fuldstændigt forårsvejr; men nu er der igen antydninger til et omslag.</p>
<p>Tør jeg gøre mig noget håb om snart at modtage <anchor type="lemma" xml:id="koB12_3106"/>min bogpakke?</p>
<p>Og når får vi så høre Deres <anchor type="lemma" xml:id="koB12_3107"/>ophøjelse til generalkonsul for kongeriget Italien? <HIS:hisRef type="place" target="Navneregister_HISe.xml#plRom">Rom</HIS:hisRef> bliver jo nu landets <pb n="[3]"/>residens-stad, og da må vel en sådan forandring i vore rigers repræsentation indtræde.</p>
<p>Med hjerteligst tak og hilsen fra os alle, og i håb om snart at høre fra Dem, tegner jeg mig</p>
<salute>Deres hengivne</salute>
<signed>Henrik Ibsen.</signed>
</div>
</body>
</text>