<?xml version="1.0" encoding="UTF-8"?><text xmlns="http://www.tei-c.org/ns/1.0" xmlns:HIS="http://www.example.org/ns/HIS" rend="letter" corresp="B18720119FH" xml:lang="da-no">
<body>
<div type="letter">
<dateline>
                            <pb n="[1]"/>Dresden den <date>19<hi rend="raised">de</hi> Januar <anchor type="lemma" xml:id="koB13_204"/>1871</date>. –</dateline>
<salute>Kære herr Hegel!</salute>
<p>Jeg takker Dem forbindtligst for de modtagne 75 Thaler og beder Dem gentagende om undskyldning fordi jeg har ulejliget Dem midt i den travleste tid.</p>
<p>Det beror på en misforståelse når De tror <HIS:hisRef type="tcNote" xml:id="noteT13_35" target="B1871-1879ht_noter.xml" corresp="noteT13_35">at</HIS:hisRef> <HIS:hisRef type="work" target="Navneregister_HISe.xml#woKG">
                                <anchor type="lemma" xml:id="koB13_205"/>«Julian»</HIS:hisRef> er så vidt fremskredet at trykningen skulde kunne påbegyndes i næste måned. <anchor type="lemma" xml:id="koB13_206"/>Første afdeling er færdig; jeg arbejder på anden afdeling; men <HIS:hisRef type="tcNote" xml:id="noteT13_36" target="B1871-1879ht_noter.xml" corresp="noteT13_36">tredje</HIS:hisRef> afdeling er slet ikke skreven endnu! Dog vil denne sidste gå forholdsvis hurtigt fra hånden og når jeg regner tiden rummeligt, håber jeg visst at alt vil kunne være i Deres hænder i løbet af Juni måned. De <anchor type="lemma" xml:id="koB13_207"/>franske typer vil passe ypperligt til dette antike <anchor type="lemma" xml:id="koB13_208"/>sujet ligesom, efter hvad jeg synes, til mine bøger overhovedet.</p>
<p>En stor og glædelig overraskelse var det mig at erfare at <anchor type="lemma" xml:id="koB13_209"/>2<hi rend="raised">det</hi> oplag af <HIS:hisRef type="work" target="Navneregister_HISe.xml#woKE">«Kongs-emnerne»</HIS:hisRef> allerede er udsolgt, og det vil være mig kært at se <anchor type="lemma" xml:id="koB13_210"/>den nye udgave med <anchor type="lemma" xml:id="koB13_211"/>de nysnævnte typer. Jeg skal med omhyggelighed gennemse mit exemplar af <pb n="[2]"/>stykket, og skulde der, mod formodning, være noget at rette, så <HIS:hisRef type="tcNote" xml:id="noteT13_36a" target="B1871-1879ht_noter.xml" corresp="noteT13_36a">tillader</HIS:hisRef> jeg mig at tilskrive Dem derom. –</p>
<p>
                            <HIS:hisRef type="person" target="Navneregister_HISe.xml#peKR">Professor <anchor type="lemma" xml:id="koB13_212"/>Rovsings</HIS:hisRef> bog om retskrivningsspørgsmålet er særdeles godt skreven, men det vil være aldeles umuligt for ham eller for nogen anden at standse strømmen. Den <anchor type="lemma" xml:id="koB13_213"/>nye retskrivnings indflydelse på det dansk-norske bogmarkeds udvikling i <HIS:hisRef type="place" target="Navneregister_HISe.xml#plSE">Sverig</HIS:hisRef> vil snart vise sig; næsten i hvert eneste brev, jeg modtager derfra, udtales under forskellige former den forsikkring at vore bøger i den nye dragt dersteds læses lige så let som svensk. Og hvad er så egentlig dette nye? Intet andet end en <anchor type="lemma" xml:id="koB13_214"/>udrensning af de forvanskninger, som er kommet ind i tidernes løb, og en tilbagevenden til <anchor type="lemma" xml:id="koB13_215"/>det oprindelige og sprogrigtige! – Når De forresten træffer Professor Rovsing, beder jeg Dem hilse ham og hans familje fra mig og takke for det behagelige <anchor type="lemma" xml:id="koB13_216"/>samvær i <HIS:hisRef type="place" target="Navneregister_HISe.xml#plRom">Rom</HIS:hisRef>.</p>
<p>
                            <HIS:hisRef type="person" target="Navneregister_HISe.xml#peCC">Fru Collett</HIS:hisRef> opholder sig fremdeles <HIS:hisRef type="place" target="Navneregister_HISe.xml#plDre">her</HIS:hisRef> og tilbringer tiden med at ærgre sig; hun <anchor type="lemma" xml:id="koB13_217"/>agter sig til <HIS:hisRef type="place" target="Navneregister_HISe.xml#plIt">Italien</HIS:hisRef>, men når og om hun kommer afsted, ved jeg ikke. Hun er en meget begavet men højst ulykkelig natur. – Hvad <HIS:hisRef type="person" target="Navneregister_HISe.xml#peBB">Bjørnson</HIS:hisRef> angår, <pb n="[3]"/>da frygter jeg for at han har noget nyt isinde. Af aviserne ser jeg nemlig at hans ven, <HIS:hisRef type="person" target="Navneregister_HISe.xml#peEStj">Stjernström</HIS:hisRef>, tænker på at <anchor type="lemma" xml:id="koB13_218"/>grundlægge et stort theater i Stockholm. Mon ikke Bjørnsons svenske rejse står i forbindelse hermed?</p>
<p>Hjertelige hilsener til Dem og <HIS:hisRef type="person" target="Navneregister_HISe.xml#peJH">Deres søn</HIS:hisRef> fra</p>
<salute>Deres stedse hengivne</salute>
<signed>Henrik Ibsen.</signed>
</div>
</body>
</text>