<?xml version="1.0" encoding="UTF-8"?><text xmlns="http://www.tei-c.org/ns/1.0" xmlns:HIS="http://www.example.org/ns/HIS" rend="letter" corresp="B18710926FH" xml:lang="da-no">
<body>
<div type="letter">
<dateline>
                            <pb n="[1]"/>Dresden den <date>26<hi rend="raised">de</hi> September 1871</date>. –</dateline>
<salute>Kære herr Hegel!</salute>
<p>Igår havde jeg den glæde at modtage den værdifulde <anchor type="lemma" xml:id="koB13_61"/>bogpakke, for hvilken jeg hjerteligst takker. <HIS:hisRef type="work" target="Navneregister_HISe.xml#woBr">«Brand»</HIS:hisRef> tager sig jo fortræffelig ud i <anchor type="lemma" xml:id="koB13_62"/>det nye udstyr. – <anchor type="lemma" xml:id="koB13_63"/>Univ: bibl: bøger skal jeg om nogle dage tilbagesende. – <HIS:hisRef type="person" target="Navneregister_HISe.xml#peAnM">
                                <anchor type="lemma" xml:id="koB13_64"/>Prof: Munchs</HIS:hisRef> besøg glæder jeg mig meget til; men da jeg er flyttet og frygter for at han ikke skal finde mig, beder jeg Dem godhedsfuldt sende ham indlagte <anchor type="lemma" xml:id="koB13_65"/>adresse.</p>
<p>Deres breve af 20<hi rend="raised">de</hi> og 22<hi rend="raised">de</hi> Juli har jeg til dato ikke besvaret. Tilgiv denne forsømmelse! For <anchor type="lemma" xml:id="koB13_66"/>indkøbet af jernbane-aktier er jeg Dem meget forbunden. Lige så for den <anchor type="lemma" xml:id="koB13_67"/>tidligere tilsendte bogpakke. –</p>
<p>Med <HIS:hisRef type="work" target="Navneregister_HISe.xml#woKG">
                                <anchor type="lemma" xml:id="koB13_68"/>«Kejser Julian»</HIS:hisRef> går det raskt. 1<hi rend="raised">ste</hi> akt ligger ganske færdig; men det hele vil neppe være afsluttet før udgangen af dette år. Det bliver under alle omstændigheder mit hovedværk!</p>
<p>Fra <HIS:hisRef type="work" target="Navneregister_HISe#orgIN">
                                <anchor type="lemma" xml:id="koB13_69"/>«Illustr: Nyhedsblad»s</HIS:hisRef> tidligere ejer, bogtr: <HIS:hisRef type="person" target="Navneregister_HISe.xml#peHJJ">H. J. Jensen</HIS:hisRef> modtog jeg for <pb n="[2]"/>14 dage siden et brev, hvori han er fræk nok til at underrette mig om at han til jul agter at udgive et <anchor type="lemma" xml:id="koB13_70"/>nyt oplag af <HIS:hisRef type="work" target="Navneregister_HISe.xml#woHH">«Hærmændene på Helgeland»</HIS:hisRef> og <HIS:hisRef type="work" target="Navneregister_HISe.xml#woF1">«Fru Inger til Østeråd»</HIS:hisRef>! Jeg har imidlertid givet ham svar på tiltale, så jeg håber han frafalder sit forsæt. Begge bøger er nemlig kun solgt ham til optagelse i hans blad og han har ikke mere ejendomsret til dem end f: ex: redaktør <HIS:hisRef type="person" target="Navneregister_HISe.xml#peCSAB">Bille</HIS:hisRef> til <HIS:hisRef type="person" target="Navneregister_HISe.xml#peVB">
                                <anchor type="lemma" xml:id="koB13_71"/>Bergsøes</HIS:hisRef> «I Sabinerbjergene». For øvrigt har jeg <anchor type="lemma" xml:id="koB13_72"/>overdraget til <HIS:hisRef type="person" target="Navneregister_HISe.xml#peJHT">en jurist</HIS:hisRef> at varetage mit tarv. <anchor type="lemma" xml:id="koB13_73"/>«Fru Inger» er det min agt at omarbejde og indsende til <HIS:hisRef type="org" target="Navneregister_HISe.xml#orgKT">det kgl: theater</HIS:hisRef>, ligesom jeg tror at <anchor type="lemma" xml:id="koB13_74"/>begge bøger bør udgives igen, hvis De så synes. Dog hermed har det nu ingen hast. –</p>
<p>Vi har havt den glæde at se <anchor type="lemma" xml:id="koB13_75"/>mange Danske hos os i den senere tid. Jeg er nu flyttet ud i det elegante såkaldte <anchor type="lemma" xml:id="koB13_76"/>fremmedkvarter af <HIS:hisRef type="place" target="Navneregister_HISe.xml#plDre">staden</HIS:hisRef> og trives særdeles vel her.</p>
<p>Med de bedste hilsener til Dem og <HIS:hisRef type="person" target="Navneregister_HISe.xml#peJH">Deres søn</HIS:hisRef> er jeg</p>
<salute>Deres altid hengivne og forbundne</salute>
<signed>Henrik Ibsen.</signed>
</div>
<div type="postscript">
<p>
                            <pb n="[3]"/>P. S.</p>
<p>For næste gang vil jeg gerne spille på <emph>to</emph> ¼ lodder.</p>
<signed>H. I.</signed>
</div>
</body>
</text>