<?xml version="1.0" encoding="UTF-8"?><text xmlns="http://www.tei-c.org/ns/1.0" xmlns:HIS="http://www.example.org/ns/HIS" rend="letter" corresp="B18580130CJA" xml:lang="da-no">
<body>
<div type="letter">
<dateline>
                            <pb n="[1]"/>Christiania d. <date>30<hi rend="raised">te</hi> Januar 1858</date>.</dateline>
<salute>Kjære Ven!</salute>
<p>Hvad maa De vel dømme om mig, som nu først efter saa lang Nølen sender Dem nogle Ord til Gjensvar paa Deres <anchor type="lemma" xml:id="koB12_388"/>tre venskabelige Breve; thi jeg har virkelig modtaget dem alle – og endnu intet besvaret! Hvad tænker De om mig? Og dog er jeg mig i det Inderste bevidst, at være mindre skyldig, end det kunde synes. Ialfald er min lange Taushed ikke grundet paa Ligegyldighed, men vel paa en egoistisk Følelse, som man <pb n="[2]"/>ofte bukker under for, fordi man ikke gidder kjæmpe mod den.</p>
<p>Kjære Anker, De forstaaer mig maaskee ikke, men Tingen er, at jeg dagligen har været Dem saa nær i <emph>mine Tanker</emph> at det forekom mig overflødigt ogsaa ......</p>
<p>De kan tro mig, jeg lever ofte vort korte Bekjendtskabs Dage om igjen. <anchor type="lemma" xml:id="koB12_389"/>Touren til <HIS:hisRef type="place" target="Navneregister_HISe.xml#plHard">Hardanger</HIS:hisRef> staaer for mig som en lysende Erindring, som et af de smukke Punkter i Menneskelivet, hvoraf man er istand til lang, lang Tid bagefter aandeligt at nære sig.</p>
<p>Jeg har ofte tænkt paa, hvorledes De dengang egentlig bedømte mig, om De ikke fandt mig omsluttet af en vis frastødende Kulde, som vanskeliggjør en nærmere Tilslutning, og dog faldt det mig uendeligt lettere at slutte mig til Dem end til nogen Anden, thi der var i Dem en sjælelig Ungdom, en Glæde over Livet, en <pb n="[3]"/>Ridderlighed i Synsmaade, som gjorde mig godt. Bevar alt dette; tro mig, det er ikke behageligt at see Verden fra Octobersiden, og dog har der, latterligt nok, været en Tid, da jeg intet ønskede heller. Jeg har brændende længtes efter, ja <anchor type="lemma" xml:id="koB12_390"/>næsten <emph>bedet</emph> om en stor Sorg, som ret kunde udfylde Tilværelsen, give Livet Indhold. Det var taabeligt, jeg har kjæmpet mig ud af dette Stadium, – og dog bliver der altid en Mindelse tilbage.</p>
<p>Tusinde Tak for al <anchor type="lemma" xml:id="koB12_391"/>Deres Uleilighed med <HIS:hisRef type="work" target="Navneregister_HISe.xml#woG1">mit Stykke</HIS:hisRef>. <anchor type="lemma" xml:id="koB12_392"/>Snart sender jeg Dem et nyt Arbeide: <HIS:hisRef type="work" target="Navneregister_HISe.xml#woHH">«Hærmændene paa Helgeland»</HIS:hisRef>, som snart skal opføres her og maaskee ogsaa i <HIS:hisRef type="place" target="Navneregister_HISe.xml#plKbh">Kjøbenhavn</HIS:hisRef>.</p>
<p>I <HIS:hisRef type="org" target="Navneregister_HISe.xml#orgIN">
                                <anchor type="lemma" xml:id="koB12_393"/>Nyhedsbladet</HIS:hisRef> N<hi rend="raised">o</hi> 4 har jeg skrevet et Digt: <HIS:hisRef type="work" target="Navneregister_HISe.xml#woDiTilCJ">«Til Carl Johans Minde»</HIS:hisRef>, som hersteds har vundet Bifald. Det er tilegnet <anchor type="lemma" xml:id="koB12_394"/>Carl-Johans-Forbundet, et Selskab, hvis Tendents De vistnok kjender.</p>
<p>Det er <anchor type="lemma" xml:id="koB12_395"/>ikke usandsynligt, at jeg <pb n="[4]"/>reiser til <HIS:hisRef type="place" target="Navneregister_HISe.xml#plSthlm">Stockholm</HIS:hisRef> til Sommeren. Vil jeg træffe Dem der, eller har maaskee De ogsaa Reiseplaner?</p>
<p>Jeg beder Dem at fremføre min forbindtligste Hilsen og Taksigelse til <HIS:hisRef type="person" target="Navneregister_HISe.xml#peGOHC">H<hi rend="raised">rr</hi> <emph>Hyltén Cavallius</emph>
                            </HIS:hisRef> for den <anchor type="lemma" xml:id="koB12_396"/>Velvillie, hvormed han har udtalt sig over mine tidligere Arbeider; kunde han gjøre Brug af mit nye, da vilde det glæde mig meget. Hos <emph>
                                <HIS:hisRef type="person" target="Navneregister_HISe.xml#peCFoug">Fougstad</HIS:hisRef>
                            </emph>
                            <note resp="author">Borgermester i Christiania og Theaterdirektør.</note> har jeg endnu ikke forespurgt mig om <anchor type="lemma" xml:id="koB12_397"/>det svenske Skuespil, men skal nu gjøre det med det første.</p>
<p>Kjære Anker, øv ikke Gjengjeldelsesretten, men skriv mig til, saasnart De kan. Jeg gaaer nu med en ond Samvittighed over min lange Taushed, et Par venlige Ord vilde berolige mig.</p>
<salute>Deres hengivne</salute>
<signed>Henr. Ibsen.</signed>
</div>
</body>
</text>