<?xml version="1.0" encoding="UTF-8"?><text xmlns="http://www.tei-c.org/ns/1.0" xmlns:HIS="http://www.example.org/ns/HIS" rend="letter" corresp="B18731104AI" xml:lang="da-no">
<body>
<div type="letter">
<dateline>
                            <pb n="[1]"/>Dresden den <date>4<hi rend="raised">de</hi> November 1873</date>. –</dateline>
<salute>Min kære Isachsen!</salute>
<p>Du vil visst erindre at jeg <anchor type="lemma" xml:id="koB13_1168"/>gentagende gange har lagt Dig nødvendigheden af en udenlandsrejse på hjerte.</p>
<p>I udlandet udvikler man nemlig ikke alene sit kunstneriske blik, men man lærer også hvad der nødvendigvis hører til <HIS:hisRef type="tcNote" xml:id="noteT13_185" target="B1871-1879ht_noter.xml" corresp="noteT13_185">for</HIS:hisRef> at optræde som en <anchor type="lemma" xml:id="koB13_1169"/>gentleman.</p>
<p>Herunder sorterer i første række at man ikke forgår sig imod de almindelige morallove, selv om ens <anchor type="lemma" xml:id="koB13_1170"/>eget fædrelands lovstiftning, mangelfuld som den kan være, ikke sætter bøder, vand og brød eller tugthusstraf for en sådan forgåelse.</p>
<p>Disse betragtninger måtte jeg uvilkårlig anstille da jeg for nogle dage siden <anchor type="lemma" xml:id="koB13_1171"/>af «Morgenbladet» erfarede at Du <anchor type="lemma" xml:id="koB13_1172"/>lavede Dig til at rejse penge på min nye digtning, <HIS:hisRef type="work" target="Navneregister_HISe.xml#woKG">«Kejser og Galilæer»</HIS:hisRef>.</p>
<p>At Du satte Dig ud over den almindelige høflighedsfordring, den nemlig at indhente min tilladelse, er meget forklarligt; thi af <anchor type="lemma" xml:id="koB13_1173"/>mine udtalelser ved en tidligere lignende anledning måtte Du jo vide <pb n="[2]"/>at en sådan tilladelse på det bestemteste vilde blive Dig nægtet.</p>
<p>Jeg har utvetydigt nok givet Dig at forstå at jeg aldeles ikke ønsker at Du med din oplæsning skal komme og <anchor type="lemma" xml:id="koB13_1174"/>stille Dig imellem mig og mit publikum. Jeg vil at mine bøger skal komme direkte fra mig til læserne; og jeg begriber ikke hvad der berettiger Dig til at stille Dig et sådant ønske hindrende ivejen.</p>
<p>Heller ikke begriber jeg hvorledes Du kan ville bekvemme Dig til at <anchor type="lemma" xml:id="koB13_1175"/>gøre kapital på en åndsproduktion, hvori Du ingen andel har. Thi Du må jo dog erkende at hver skilling, Du <anchor type="lemma" xml:id="koB13_1176"/>stryger ind ved offentligt at oplæse min nye bog, den tager Du ud af min lomme; og jeg kan ikke undvære noget; thi jeg behøver mange penge for at kunne <anchor type="lemma" xml:id="koB13_1177"/>leve standsmæssigt.</p>
<p>Den omstændighed at Du vælger et nyt værk til oplæsning, viser desuden at Du aldeles ikke forstår, hvad en oplæsnings <anchor type="lemma" xml:id="koB13_1178"/>øjemed er. Det værk, der skal oplæses, skal netop være et, som alle er fortrolige med; thi i modsat fald er det arbejdet selv, og ikke den kunst, hvormed det foredrages, som man kommer <pb n="[3]"/>for at høre.</p>
<p>Og hvad skal man sige dertil at Du, efter så få dage, drister dig til gennem et offentligt foredrag at tolke et arbejde, som mit sidste. Jeg kan forsikre Dig at Du behøver længere tid for at komme tilbunds deri; og når Du allerede nu, hæsblæsende, som det ser ud til, lægger ivej, så er det i kunstnerisk henseende ikke andet end humbug, og som pengespørgsmål betragtet, en styg trafik.</p>
<p>Det er mit håb at Du, efter gennem disse linjer at have erfaret at jeg ønsker at beholde <anchor type="lemma" xml:id="koB13_1179"/>min ejendom <HIS:hisRef type="tcNote" xml:id="noteT13_187" target="B1871-1879ht_noter.xml" corresp="noteT13_187">ubeskåren</HIS:hisRef> og mit forhold til publikum uforstyrret af enhver påtrængende <HIS:hisRef type="tcNote" xml:id="noteT13_187a" target="B1871-1879ht_noter.xml" corresp="noteT13_187a">tredjemand</HIS:hisRef>, vil, således som sømmelighed tilsiger, <anchor type="lemma" xml:id="koB13_1180"/>afholde Dig fra at gøre affærer også i anden del af «Kejser og Galilæer».</p>
<p>Jeg har sagt Dig dette på en forholdsvis skånsom måde, fordi Du er en gammel ven; men skulde, mod formodning, denne private advarsel ikke <anchor type="lemma" xml:id="koB13_1181"/>frugte, så er det min agt gennem pressen at vække tillive, om ikke din så dog det kristianiensiske publikums sømmelighedssands, <pb n="[4]"/>ialfald så vidt at man ikke herefter understøtter en næringsvej, der <anchor type="lemma" xml:id="koB13_1182"/>andetsteds vilde betragtes som en skamplet på <HIS:hisRef type="tcNote" xml:id="noteT13_188" target="B1871-1879ht_noter.xml" corresp="noteT13_188">samfundsmoralen</HIS:hisRef> og på samfundsforholdene.</p>
<signed>Henrik Ibsen.</signed>
</div>
</body>
</text>