<?xml version="1.0" encoding="UTF-8"?><text xmlns="http://www.tei-c.org/ns/1.0" xmlns:HIS="http://www.example.org/ns/HIS" rend="letter" corresp="B18710207PHe" xml:lang="da-no">
                <body>
<div type="letter">
<dateline>
                            <pb n="[1]"/>Dresden den <date>7<hi rend="raised">de</hi> Februar 1871</date>. –</dateline>
<salute>Kære Heise!</salute>
<p>Hvad må De tænke om mig, som først nu lader høre fra mig, og det uagtet al den venlighed, som De og Deres viste mig under opholdet i <HIS:hisRef type="place" target="Navneregister_HISe.xml#plKbh">København</HIS:hisRef>! Tillad mig da nu at frembære min hjerteligste tak for alt godt, og en bøn om tilgivelse for min forsømmelighed!</p>
<p>Grunden, hvorfor jeg først nu skriver, er den at jeg i vinter bogstavelig har arbejdet dag og nat med <anchor type="lemma" xml:id="koB12_2957"/>
                            <HIS:hisRef type="work" target="Navneregister_HISe.xml#woDi">en digtsamling</HIS:hisRef>, som forberedes til udgivelse. Denne sag har således optaget alle mine tanker, at jeg på en højst uforsvarlig måde har <anchor type="lemma" xml:id="koB12_2958"/>skudt ethvert andet anliggende tilside.</p>
<p>Men netop under al denne møje har De stadig været i mine tanker, og det har altid stået for mig som noget højst glædeligt om bemeldte samling kunde give <anchor type="lemma" xml:id="koB12_2959"/>anledning til fortsat samarbejde mellem os. Jeg tror nemlig at adskillige af digtene <pb n="[2]"/>egner sig til musikalsk behandling, og der gives ingen i hvis hænder jeg heller ønskede dem overgivne, end i Deres. Når bogen kommer, får De imidlertid selv dømme.</p>
<p>Dog, i spidsen for alt skulde jeg vel takke Dem for <anchor type="lemma" xml:id="koB12_2960"/>musiken til <HIS:hisRef type="work" target="Navneregister_HISe.xml#woKE">«Kongs-emnerne»</HIS:hisRef>, der så væsentligt har støttet stykket ved opførelsen. Ja, hundrede gange tak herfor; og min lykønskning tillige!</p>
<p>At <anchor type="lemma" xml:id="koB12_2961"/>jeg mener det alvorligt med <HIS:hisRef type="person" target="Navneregister_HISe.xml#peSJors">«Sigurd Jorsalafarer»</HIS:hisRef> vil De <HIS:hisRef type="tcNote" xml:id="noteT12_720" target="B1844-1871ht_noter.xml" corresp="noteT12_720">bedst</HIS:hisRef> kunne overbevise Dem om ved at erfare at jeg har <anchor type="lemma" xml:id="koB12_2962"/>forskrevet og modtaget de fornødne kildeskrifter fra København. Men <emph>når</emph> jeg kommer til at tage fat på dette arbejde, ved jeg endnu ikke. Jeg beder Dem indstændigt ikke at skyde noget andet til side for den sags skyld. Det vilde være uforsvarligt mod Dem selv, og volde mig samvittighedsnag. Længere ude på foråret skal jeg nærmere meddele Dem min plan, som er udkastet i det store taget og tillige for adskillige enkeltheders vedkommende. At emnet helt igennem egner sig til en operatekst, derom er jeg forvisset; ja, det må endog <HIS:hisRef type="tcNote" xml:id="noteT12_721" target="B1844-1871ht_noter.xml" corresp="noteT12_721">kunne</HIS:hisRef> blive en pragtopera, i dobbelt betydning. Veksling af dekorationer, blanding af nordens <pb n="[3]"/>og sydens liv, fester og optog gennem det hele, – alt dette, som da ender i kongens mørke vanvid højt oppe i norden, er, synes mig, lagt ligesom tilrette for musikalsk dramatisk behandling. Gid vi blot var hinanden nærmere, så vi daglig kunde tale om den sag, holde den varm og aldrig slippe den af hænderne. –</p>
<p>
                            <anchor type="lemma" xml:id="koB12_2963"/>
                            <HIS:hisRef type="person" target="Navneregister_HISe.xml#peVHei">Deres ærede frue</HIS:hisRef> med familje bedes venligst og ærbødigst hilset og takket. –</p>
<p>Kært skulde det være mig, når min digtsamling er udkommen, at erfare om De har fundet noget brugbart deri. –</p>
<p>Lev hjertelig vel så længe!</p>
<salute>Deres</salute>
<signed>Henrik Ibsen.</signed>
</div>
</body>
</text>