<?xml version="1.0" encoding="UTF-8"?><text xmlns="http://www.tei-c.org/ns/1.0" xmlns:HIS="http://www.example.org/ns/HIS" rend="letter" corresp="B18700115OW" xml:lang="da-no">
<front>
<pb n="[a]"/>
<HIS:envelope type="envelope">
<address>
<addrLine>Till</addrLine>
<addrLine>Literatören Herr Oscar Wijkander.</addrLine>
<addrLine>Stockholm.</addrLine>
</address>
<stamp>fr:</stamp>
</HIS:envelope>
</front>
<body>
<div type="letter">
<dateline>
                            <pb n="[1]"/>Dresden den <date>15<hi rend="raised">de</hi> Januar 1870</date>. –</dateline>
<salute>Kjäre ven!</salute>
<p>Jeg takker Dig hjerteligst for dit venlige brev og for din <HIS:hisRef type="tcNote" xml:id="noteT12_607" target="B1844-1871ht_noter.xml" corresp="noteT12_607">oppmärksomhed</HIS:hisRef> ved at sende mig <anchor type="lemma" xml:id="koB12_2277"/>anmeldelsen i «Stockholms Dagblad». N<hi rend="raised">o</hi> 2 af artiklerne havde jeg allerede läst hernede; men det var mig särdeles behageligt at få det hele, og jeg beder Dig, såfremt Du finder lejlighed dertill, at takke forfatteren fra mig. –</p>
<p>Dernäst lykkönsker jeg Dig på det bedste till den udmärkelse, som er bleven <anchor type="lemma" xml:id="koB12_2279"/>dit nye skuespil till del fra akademiets side. Jeg närer ingen tvivl om at almenheden vil vise den samme påskjönnelse, når det kommer på scenen, og at Du så om kort tid tager fat på noget nyt.</p>
<p>Jeg har gjort en särdeles interessant udflugt till <HIS:hisRef type="place" target="Navneregister_HISe.xml#plEg">
                                <HIS:hisRef type="tcNote" xml:id="noteT12_608" target="B1844-1871ht_noter.xml" corresp="noteT12_608">Egypten</HIS:hisRef>
                            </HIS:hisRef>, men er nu vel tillfreds med at väre kommen i ro igjen; jeg har nemlig <anchor type="lemma" xml:id="koB12_2280"/>et drama i tankerne, <pb n="[2]"/>og håber at få det färdigt i löbet af vinteren.</p>
<p>Fra alle kanter hörer jeg at <anchor type="lemma" xml:id="koB12_2281"/>
                            <HIS:hisRef type="work" target="Navneregister_HISe.xml#woUF">«De unges forbund»</HIS:hisRef> har gåt mesterligt i <HIS:hisRef type="place" target="Navneregister_HISe.xml#plSthlm">Stockholm</HIS:hisRef>; det var også hvad jeg ventede mig af <anchor type="lemma" xml:id="koB12_2282"/>de udmärkede artister, som jeg der lärte at kjende. Det er min hensigt at komme deropp igjen; men når det kan ske, ved jeg endnu ikke. –</p>
<p>Imidlertid beder jeg Dig bringe <anchor type="lemma" xml:id="koB12_2283"/>alle vennerne de hjerteligste hilsninger fra mig; takk dem både for den sidste hyggelige og for mig hädrende kväld, og for de mange lignende, der gik forud. Og med den samme takk og hilsning till Dig selv, samt med et opprigtigt önske om et godt og glädeligt år tegner jeg mig</p>
<salute>din hengivne</salute>
<signed>Henrik Ibsen.</signed>
</div>
</body>
</text>