<?xml version="1.0" encoding="UTF-8"?><text xmlns="http://www.tei-c.org/ns/1.0" xmlns:HIS="http://www.example.org/ns/HIS" rend="letter" corresp="B18700611LK" xml:lang="da-no">
<body>
<div type="letter">
<dateline>
                            <pb n="[1]"/>Dresden den <date>11<hi rend="raised">te</hi> Juni 1870</date>
                        </dateline>
<salute>Frøken Laura Petersen!</salute>
<p>For Deres Opmærksomhed ved at <anchor type="lemma" xml:id="koB12_2540"/>tilegne mig Deres Bog, beder jeg Dem modtage min oprigtigste Tak. Hvis jeg imidlertid skulde udtale nogen Mening om Arbejdet, saa vilde jeg paa en vis Maade befinde mig i Forlegenhed. De vil jo nemlig have Bogen betragtet som en <anchor type="lemma" xml:id="koB12_2541"/>Opbyggelsesbog, og det slags Literatur forstaar jeg ikke at bedømme. Hvad der ved Læsningen har tiltalt og interesseret mig er Karakterskildringen og overhovedet Deres umiskendelige Anlæg for det rent Digteriske. Men hvor vidt dette i Deres Øjne er en Ros, ved jeg jo slet ikke.</p>
                        <p>Det lader jo næsten, som om det vilde <pb n="[2]"/>være Dem en Skræk at tænke, at De havde skrevet «En Roman». I saa Fald forstaar vi to ikke hinanden, <HIS:hisRef type="work" target="Navneregister_HISe.xml#woBr">«Brand»</HIS:hisRef> er et æsthetisk Værk helt og holdent og ikke en Smule andet. Hvad den kan have nedbrudt eller opbygget, er mig aldeles uvedkommende. Den blev i sin Tid til, som Resultat af noget gennemlevet – ikke oplevet –; det var mig en Nødvendighed gennem digteriske Former at frigjøre mig for noget, som jeg i mit Indre var færdig med; og da jeg paa den Maade var bleven det kvit, havde min Bog ikke længere nogen Interesse for mig.</p>
<p>Hvorledes De nu betragter denne Slags verdslig Virksomhed, er mig ikke ganske klart. At De har de naturlige Betingelser for at blive Forfatterinde paa dette verdslige Omraade, derom føler jeg mig forvisset. Men man kan ikke <pb n="[3]"/>slaa to hinanden uvedkommende Ting sammen. Og muligens er det heller ikke gaaet klart op for Dem, hvad Kunst og Digtning egentlig er; men tro i saa Fald indtil videre, at de ikke er af det onde!</p>
<p>Hvad der langt ud over Læsningen af «Brands Døtre» har beskæftiget mig som et Problem, er Forfatterindens Personlighed, Deres indre, sjælelige Forhold til Bogen. Det kunde vel hænde sig, at hvis man kom tilbunds heri, saa fik man, tiltrods for Deres Protest, ud at Bogen i sin Tilblivelse dog var et Digt, et æsthetisk Værk, eller hvad andet slemt man plejer at kalde deslige Arbejder. Alt det, der nemlig staar i Bogen kun for Deres religiøse Øjemeds Skyld, lader sig jo udskille uden at skade Organismen i det Hele.</p>
<p>Tænker De nu at gaa videre paa <pb n="[4]"/>Forfatterbanen? Dertil skal der noget andet og mere, end den blotte Naturbegavelse. Man maa have noget at digte paa, et Livsindhold. Har man ikke det, saa digter man ikke, man skriver kun Bøger. Nu ved jeg meget vel, at et Liv i Ensomhed ikke er et Liv i Indholdsløshed. Men Mennesket er dog i aandelig Forstand en <anchor type="lemma" xml:id="koB12_2542"/>langsynet Skabning; vi ser klarest i en stor Afstand; Detaljerne forstyrrer; man maa ud af det, man vil dømme; Sommeren skildrer man bedst paa en Vinterdag.</p>
<p>Jeg havde tusinde Ting at sige; men i et Brev kan man kun give Antydninger. At give Raad er en <anchor type="lemma" xml:id="koB12_2543"/>mislig Sag; og sligt har De jo heller ikke forlangt. Hovedsagen er at blive sand og tro i Forhold til sig selv. Det kommer ikke an paa at ville Dit eller Dat, men paa at ville det, som man absolut maa, fordi man er sig selv og ikke kan andet. Hele Resten fører kun <pb n="[5]"/>ind i Løgnen. –</p>
<p>Sent eller tidligt tænker jeg at <anchor type="lemma" xml:id="koB12_2544"/>gjæste <HIS:hisRef type="place" target="Navneregister_HISe.xml#plN">Norge</HIS:hisRef>, og muligens faar jeg da Anledning til personligt at hilse paa Dem; thi min Rejse vil komme til ogsaa at gjelde det nordlige. De skal ikke tro, at jeg er saa uvenligt stemt imod mine Landsmænd, som mange beskylde mig for. Og hvorom alting er, saa kan jeg forsikre Dem, at jeg ialfald ikke er venligere imod mig selv end imod andre.</p>
<p>Og hermed vil jeg for dennegang med de bedste Ønsker <HIS:hisRef type="tcNote" xml:id="noteT12_662" target="B1844-1871ht_noter.xml" corresp="noteT12_662">tegne</HIS:hisRef> mig</p>
<salute>Deres ærbødige</salute>
<signed>Henrik Ibsen.</signed>
</div>
<div type="postscript">
<p>
                            <HIS:hisRef type="tcNote" xml:id="noteT12_663" target="B1844-1871ht_noter.xml" corresp="noteT12_663">Königsbrücker-Strasse</HIS:hisRef>, Nr. 33.</p>
</div>
</body>
</text>