<?xml version="1.0" encoding="UTF-8"?><text xmlns="http://www.tei-c.org/ns/1.0" xmlns:HIS="http://www.example.org/ns/HIS" rend="letter" corresp="B18731019KNVS" xml:lang="da-no">
<body>
<div type="letter">
<salute>
                            <pb n="[1]"/>Til det kgl: norske videnskabernes selskab i Trondhjem.</salute>
<p>På mit derom indgivne andragende havde det kgl: videnskabernes selskab i året 1866 den godhed at bevilge mig et <anchor type="lemma" xml:id="koB13_1164"/>stipendium i det øjemed at sætte mig i stand til under mit ophold i <HIS:hisRef type="place" target="Navneregister_HISe.xml#plIt">Italien</HIS:hisRef> at gøre de <HIS:hisRef type="tcNote" xml:id="noteT13_183" target="B1871-1879ht_noter.xml" corresp="noteT13_183">fornødne</HIS:hisRef> forstudier til <HIS:hisRef type="work" target="Navneregister_HISe.xml#woKG">et dramatisk værk</HIS:hisRef>, hvortil emnet skulde hentes fra det græsk-romerske kejserdømmes historie.</p>
<p>Forskellige omstændigheder og hensyn har i længere tid <HIS:hisRef type="tcNote" xml:id="noteT13_184" target="B1871-1879ht_noter.xml" corresp="noteT13_184">afholdt</HIS:hisRef> mig fra at <anchor type="lemma" xml:id="koB13_1165"/>lægge alvorlig hånd på dette arbejde.</p>
<p>Nu er imidlertid <anchor type="lemma" xml:id="koB13_1166"/>værket fuldført, og idet jeg herved, som et skyldigt taknemmelighedstegn, oversender et exemplar af samme, vover jeg at anholde om at dette exemplar må blive optaget i <anchor type="lemma" xml:id="koB13_1167"/>selskabets bogsamling.</p>
<dateline>Dresden den <date>19<hi rend="raised">de</hi> Oktober 1873</date>.</dateline>
<salute>Ærbødigst</salute>
<signed>Henrik Ibsen.</signed>
</div>
</body>
</text>