<?xml version="1.0" encoding="UTF-8"?><text xmlns="http://www.tei-c.org/ns/1.0" xmlns:HIS="http://www.example.org/ns/HIS" rend="letter" corresp="B18700529MT" xml:lang="da-no">
<body>
<div type="letter">
<dateline>
                            <pb n="[1]"/>Dresden den <date>29<hi rend="raised">de</hi> Maj 1870</date>. –</dateline>
<salute>Kjære Svigermoder!</salute>
<p>I Haab om at disse Linjer maa komme Dig ihænde <anchor type="lemma" xml:id="koB12_2486"/>den 3<hi rend="raised">die</hi> Juni skriver jeg Dig nu til for at sende Dig min dobbelte Lykønskning, først i Anledning af Dagen; som jeg haaber at Du i en lys og glad Fremtid mange, mange Gange vil komme til at fejre, – og dernæst i Anledning af <anchor type="lemma" xml:id="koB12_2487"/>dit nye Stykke, hvis Udgivelse og Opførelse, i <HIS:hisRef type="place" target="Navneregister_HISe.xml#plDk">Danmark</HIS:hisRef> som i <HIS:hisRef type="place" target="Navneregister_HISe.xml#plN">Norge</HIS:hisRef>, vel maa have været en ublandet Triumf for Dig. <HIS:hisRef type="person" target="Navneregister_HISe.xml#peFH">Hegel</HIS:hisRef> har sendt mig et Exemplar; jeg har læst det atter og atter, og vil fremdeles gjøre det. Her har Du med fuld Sandhed skabt et Værk, som kun Du og ingen anden kunde digte. Det overraskede mig forøvrigt ikke; thi jeg vidste saa urokkelig sikkert, at Du netop paa dette Feldt besad et Mesterskab, som jeg længe og dybt har beklaget at Du hidindtil har været utilbøjelig til at <pb n="[2]"/>udnytte. Nu er imidlertid Isen brudt, og det tør vel ansees givet at en rig Produktion vil følge bagefter. Du har jo alle Betingelser: et varmt og fyldigt Stemningsindhold, Erfaringer og Iagttagelser baade af Karakterer og af Situationer, Aand i Overflod, og idealt Syn for at hæve Virkeligheden op til den indre, højere Sandheds Sfære, en Forvandling, hvori dog egentlig den poetiske Tilblivelse ligger. <anchor type="lemma" xml:id="koB12_2488"/>Hvad Kritiken har sagt, ved jeg ikke; har den havt nogen <anchor type="lemma" xml:id="koB12_2489"/>Udsættelse at gjøre, saa Pokker i Vold dermed! De fleste kritiske Udsættelser reducerer sig i Almindelighed i sit inderste Væsen til en Bebrejdelse mod Forfatteren fordi denne <HIS:hisRef type="tcNote" xml:id="noteT12_652" target="B1844-1871ht_noter.xml" corresp="noteT12_652">er</HIS:hisRef> sig selv, tænker, føler, ser og digter som sig selv, istedetfor at se og digte saaledes, som Kritikeren vilde have gjort – hvis han havde kunnet. Opgaven blir derfor væsentlig den, at frede om sit eget, holde det frit og rent for alt uvedkommende udenfra, og derhos for sig selv klart at skjelne mellem det oplevede og det gjennemlevede; thi kun det sidste kan være Gjenstand for Digtning. <HIS:hisRef type="tcNote" xml:id="noteT12_653" target="B1844-1871ht_noter.xml" corresp="noteT12_653">Er man stræng i dette Punkt, saa vil intet</HIS:hisRef> <pb n="[3]"/>Stof ud af det dagligdagse være saa prosabefængt <anchor type="lemma" xml:id="koB12_2490"/>at det jo kan <anchor type="lemma" xml:id="koB12_2491"/>sublimeres til Poesi.</p>
<p>Men hvad siger nu <anchor type="lemma" xml:id="koB12_2492"/>Bjørnedyrkerne? Kan de tilgive Dig at Du har skabt en fin og skjøn Digtning? Dog, Udyr og anden Styghed vil jeg ikke videre tænke paa idag; jeg priser Dig kun lykkelig fordi Du var heldig nok til at faa <HIS:hisRef type="tcNote" xml:id="noteT12_654" target="B1844-1871ht_noter.xml" corresp="noteT12_654">dit</HIS:hisRef> Stykke opført forinden <HIS:hisRef type="tcNote" xml:id="noteT12_655" target="B1844-1871ht_noter.xml" corresp="noteT12_655">man</HIS:hisRef> havde faaet Theaterpersonalet <anchor type="lemma" xml:id="koB12_2493"/>spredt for alle Vinde.</p>
<p>
                            <anchor type="lemma" xml:id="koB12_2494"/>
                            <HIS:hisRef type="person" target="Navneregister_HISe.xml#peBB">Bjørnson</HIS:hisRef> gjør mig Uret naar han tror sig skildret i Stensgaard. Jeg har kun villet skildre en opstyltet <anchor type="lemma" xml:id="koB12_2495"/>Affektant, en splittet Personlighed, i Almindelighed, og naar han tager det til sig, saa maa det være fordi hans onde Samvittighed minder ham om <anchor type="lemma" xml:id="koB12_2496"/>det æreløse Hykleri, som han har vist mod mig og hvorom jeg i <HIS:hisRef type="place" target="Navneregister_HISe.xml#plSthlm">Stokholm</HIS:hisRef> <anchor type="lemma" xml:id="koB12_2497"/>afvigte Sommer fik fuld Vished. Men saa langt fra af Hævn at ville <anchor type="lemma" xml:id="koB12_2498"/>stille ham i Gabestokken, har jeg, med deltagende Hensyn til de skidne og <anchor type="lemma" xml:id="koB12_2499"/>depraverende Omgivelser, hvori han desværre staar, af Hjertet tilgivet ham, og det <pb n="[4]"/>bedste Bevis herpaa maa vel være at medens hans <anchor type="lemma" xml:id="koB12_2500"/>Hjælpershjælpere i <anchor type="lemma" xml:id="koB12_2501"/>Smudspressen hjemme fortæller at jeg konkurrerer med ham til <HIS:hisRef type="org" target="Navneregister_HISe.xml#orgChrTh">
                                <anchor type="lemma" xml:id="koB12_2502"/>Theaterdirektørposten</HIS:hisRef>, saa er det sande Forhold det at jeg har benyttet de med mig indledede Underhandlinger til at virke for <emph>ham!</emph> Dette har jeg gjort, ikke fordi det vilde være nogen særdeles Vinding for Theatret at faa ham igjen, men fordi jeg tror at han derved maaske vilde kunne <HIS:hisRef type="tcNote" xml:id="noteT12_656" target="B1844-1871ht_noter.xml" corresp="noteT12_656">gjenvinde</HIS:hisRef> den Fred i Sindet, som han nu i en saa sørgelig Grad synes at savne. Og jeg har gjort det til Trods for at <anchor type="lemma" xml:id="koB12_2503"/>Bjørnson under sin tidligere Direktørtid udelukkede mine Stykker fra Repertoiret, og naturligvis paany vil gjøre det samme. Saaledes er Sammenhængen med de Forholde, hvilke man i <HIS:hisRef type="place" target="Navneregister_HISe.xml#plKri">Kristiania</HIS:hisRef> har <anchor type="lemma" xml:id="koB12_2504"/>omløjet til en af mig mod Bjørnson rettet Forfølgelse! – –</p>
<p>Men først og sidst, Held og Lykke! Fra <anchor type="lemma" xml:id="koB12_2505"/>
                            <HIS:hisRef type="person" target="Navneregister_HISe.xml#peMTh">Marie</HIS:hisRef> faar Du Brev. <HIS:hisRef type="person" target="Navneregister_HISe.xml#peSuI">Susanna</HIS:hisRef> og <HIS:hisRef type="person" target="Navneregister_HISe.xml#peSiI">Sigurd</HIS:hisRef> sender sine bedste Lykønskninger gjennem</p>
<salute>Din hengivne</salute>
<signed>Henrik Ibsen.</signed>
</div>
<div type="postscript">
<p>Hils <HIS:hisRef type="person" target="Navneregister_HISe.xml#peDFa">
                                <anchor type="lemma" xml:id="koB12_2506"/>Dorothea</HIS:hisRef> mange Gange fra mig; <anchor type="lemma" xml:id="koB12_2507"/>
                            <HIS:hisRef type="person" target="Navneregister_HISe.xml#peCF">hendes Forlovede</HIS:hisRef> ligesaa; til Sommeren haaber jeg at faa gjøre hans Bekjendtskab. H. I.</p>
</div>
</body>
</text>