<?xml version="1.0" encoding="UTF-8"?><text xmlns="http://www.tei-c.org/ns/1.0" xmlns:HIS="http://www.example.org/ns/HIS" rend="letter" corresp="B18730527LDa" xml:lang="da-no">
<body>
<div type="letter">
<dateline>
                            <pb n="[1]"/>Dresden den <date>27<hi rend="raised">de</hi> Maj 1873</date>. –</dateline>
<salute>Kære ven!</salute>
<p>Atter igen henvender jeg mig til Dig for at anholde om din gode bistand i råd og dåd. Da Du efter mit sidste brev ikke lod høre fra Dig, begyndte jeg halvvejs at frygte for at <anchor type="lemma" xml:id="koB13_900"/>din filologiske gejst oprørte sig imod at skulle række hånden til et sprogligt kætteri, som kunde synes jer klassikere at bringe hele den lærde literære republik i fare. Gennem <HIS:hisRef type="person" target="Navneregister_HISe.xml#peFH">Hegel</HIS:hisRef> er jeg imidlertid i så henseende bleven beroliget, idet han har meddelt mig at Du velvilligen har tilbudt Dig, i samråd med <HIS:hisRef type="person" target="Navneregister_HISe.xml#peJLo">Løkke</HIS:hisRef>, at gennemse korrekturarkene, – et tilbud, som jeg naturligvis med den største tak og glæde modtager. Mine principer for skrivemåden af de græske navne kender Du. Hovedsagen er for mig at <anchor type="lemma" xml:id="koB13_901"/>undgå de græske tvelyde, <anchor type="lemma" xml:id="koB13_902"/>såvidt gørligt. Ganske har jeg ikke kunnet undgå dem; jeg skriver således templets navn: Serapeion. At jeg ved at <anchor type="lemma" xml:id="koB13_903"/>skandinavisere de græske navne <anchor type="lemma" xml:id="koB13_904"/>langt fra ikke er gåt så radikalt tilværks som f: ex: Italienerne med at <anchor type="lemma" xml:id="koB13_905"/>italienisere dem, vil du indrømme; og at jeg ikke har kunnet være ganske konsekvent, hidrører fra de mangeartede hensyn, jeg har havt at tage. – Gid nu blot ikke beskæftigelsen med korrekturlæsningen <pb n="[2]"/>i altfor høj grad måtte hos eder svække indtrykket af bogen; thi jeg vilde såre nødig gå glip af det bedst mulige omdømme hos to så habile læsere, som Dig og Løkke.</p>
<p>Nu kommer jeg til en anden sag. Kan Du skaffe mig et exemplar af <HIS:hisRef type="work" target="Navneregister_HISe.xml#woF1">
                                <anchor type="lemma" xml:id="koB13_906"/>«Fru Inger»</HIS:hisRef>, eller i al fald de fem nummere af <HIS:hisRef type="org" target="Navneregister_HISe.xml#orgIN">«Nyhedsbladet»</HIS:hisRef> hvori stykket stod aftrykt? Men jeg beder Dig holde dette hemmeligt, for at <HIS:hisRef type="person" target="Navneregister_HISe.xml#pePJP">
                                <anchor type="lemma" xml:id="koB13_907"/>min norske Fønixberg</HIS:hisRef> ikke skal få noget at vide. Kunde Du skaffe mig bogen nogenlunde snart, så gjorde Du mig en dobbelt tjeneste; thi jeg afrejser i den første halvdel af Juni til <HIS:hisRef type="place" target="Navneregister_HISe.xml#plWien">Wien</HIS:hisRef> og håber at kunne arbeide på omskrivningen af stykket dernede.</p>
<p>Manuskriptet til <HIS:hisRef type="work" target="Navneregister_HISe.xml#woKG">
                                <anchor type="lemma" xml:id="koB13_908"/>mit nye arbejde</HIS:hisRef> er nu helt afleveret og formodentlig allerede under <anchor type="lemma" xml:id="koB13_909"/>sætterens hænder. Der er til bogen anskaffet <anchor type="lemma" xml:id="koB13_910"/>nye typer, og jeg håber at den vil fremtræde i et <anchor type="lemma" xml:id="koB13_911"/>prægtigt udstyr; antageligvis kommer den til at udgøre omkring <anchor type="lemma" xml:id="koB13_912"/>480 sider.</p>
<p>Med de bedste hilsener til <HIS:hisRef type="person" target="Navneregister_HISe.xml#peJSD">
                                <anchor type="lemma" xml:id="koB13_913"/>din frue</HIS:hisRef>, til Løkke og andre gode venner, samt i håbet om snart at høre fra Dig, tegner jeg mig</p>
<salute>din hengivne</salute>
<signed>Henrik Ibsen.</signed>
</div>
</body>
</text>