<?xml version="1.0" encoding="UTF-8"?><text xmlns="http://www.tei-c.org/ns/1.0" xmlns:HIS="http://www.example.org/ns/HIS" rend="letter" corresp="B18590112PB" xml:lang="da-no">
                <front>
<pb n="[a]"/>
<HIS:envelope type="sheet">
<address>
<addrLine>Hr: Kjøb<hi rend="raised">md</hi> Peter Blytt</addrLine>
<addrLine>Bergen</addrLine>
</address>
<stamp>Betalt</stamp>
</HIS:envelope>
</front>
<body>
<div type="letter">
<dateline>
                            <pb n="[1]"/>Christiania den <date>12<hi rend="raised">te</hi> Januar 59</date>
                        </dateline>
<salute>Hr: Kjøb<hi rend="raised">md</hi> Peter Blytt <HIS:hisRef type="place" target="Navneregister_HISe.xml#plBerg">Bergen</HIS:hisRef>.</salute>
<p>Min hjerteligste Taksigelse for Deres venskabelige Brev og for Deres Underretning om <anchor type="lemma" xml:id="koB12_433"/>Ordningen af Obligationsfornyelsen; jeg svævede selv i Uro for at jeg var for seent ude, hvilket ikke oftere skal blive Tilfældet; turde jeg for Fremtiden henvende mig direkte til Dem, vilde jeg være Dem særdeles forbunden. Med <anchor type="lemma" xml:id="koB12_434"/>Dampskibet tillod jeg mig at sende Dem en Pakke <anchor type="lemma" xml:id="koB12_435"/>Musikalier m. m, bestilte af <HIS:hisRef type="org" target="Navneregister_HISe.xml#orgNTB">Bergens Theater</HIS:hisRef>; vedlagt følge Regninger over Udskrivningen, desuden tilkommer <HIS:hisRef type="person" target="Navneregister_HISe.xml#peKALM">
                                <anchor type="lemma" xml:id="koB12_436"/>Oversætteren af <anchor type="lemma" xml:id="koB12_437"/>«Kvæghandleren fra Steiermark»</HIS:hisRef> <anchor type="lemma" xml:id="koB12_438"/>efter Akkord 10 Sp og jeg for Udlæg af Fragt 30 ʄ altsaa tilsammen 16 Sp<hi rend="raised">d</hi> 70 ʄ, mod hvilket Beløb jeg tillader mig at anmode Dem om at overlevere Theatret Sagerne. Støttende mig <pb n="[2]"/>til Deres stedse udviste Velvillie haaber jeg at De vil tilgive denne fornyede Uleilighed.</p>
<p>Med de forbindtligste Hilsener til <anchor type="lemma" xml:id="koB12_439"/>Deres Hus og Bekjendte tegner jeg mig</p>
<salute>Deres</salute>
<signed>Henr: Ibsen</signed>
</div>
<div type="postscript">
<p>P. S. Jeg kunde have et og andet af literær og kunstnerisk Interesse at fortælle, men forledet af min gamle <anchor type="lemma" xml:id="koB12_440"/>Skjødesynd har jeg <anchor type="lemma" xml:id="koB12_441"/>opsat Brevskrivningen ligetil sidste Øieblik. –</p>
</div>
</body>
</text>