<?xml version="1.0" encoding="UTF-8"?><text xmlns="http://www.tei-c.org/ns/1.0" xmlns:HIS="http://www.example.org/ns/HIS" rend="letter" corresp="B18540405TS" xml:lang="da-no">
<body>
<div type="letter">
<salute>
                            <pb n="[1]"/>Til <anchor type="lemma" xml:id="koB12_247"/>Trondhjems Stift!</salute>
<p>
                            <HIS:hisRef type="org" target="Navneregister_HISe.xml#orgNTB">Det Norske Theater i Bergen</HIS:hisRef> agter at gjæste <HIS:hisRef type="place" target="Navneregister_HISe.xml#plTrhm">Trondhjem</HIS:hisRef> for at give en Række Forestillinger, og jeg tillader mig derfor herved paa Bestyrelsens Vegne at ansøge om det høie Stifts gunstige <anchor type="lemma" xml:id="koB12_248"/>Tilladelse til at give offentlige Forestillinger paa <HIS:hisRef type="org" target="Navneregister_HISe.xml#orgTT">det herværende Theater</HIS:hisRef>, som i den Hensigt er leiet, i Løbet af April, Mai og muligens Juni Maaned førstkommende.</p>
<salute>ærbødigst</salute>
<signed>Henr: Ibsen <anchor type="lemma" xml:id="koB12_249"/>Instructeur ved Det norske Theater i Bergen.</signed>
<dateline>Trondhjem den <date>5<hi rend="raised">te</hi> April 1854</date>. –</dateline>
</div>
</body>
</text>