<?xml version="1.0" encoding="UTF-8"?><text xmlns="http://www.tei-c.org/ns/1.0" xmlns:HIS="http://www.example.org/ns/HIS" rend="letter" corresp="B18560211CT" xml:lang="da-no">
<front>
<pb n="[a]"/>
<HIS:envelope type="sheet">
<address>
<addrLine>S.T.</addrLine>
<addrLine>Hr: Consul Chr: Tønsberg.</addrLine>
<addrLine>Christiania</addrLine>
</address>
</HIS:envelope>
</front>
<body>
<div type="letter">
<dateline>
                            <pb n="[1]"/>Bergen den <date>11<hi rend="raised">te</hi> Feb<hi rend="raised">r</hi> 1856</date>.</dateline>
<salute>S. T. Hr: Consul Ch<hi rend="raised">r</hi> Tønsberg.</salute>
<p>For nogen Tid siden tog jeg mig den Frihed at tilstille Dem en Afskrift af mit nye Skuespil: <HIS:hisRef type="work" target="Navneregister_HISe.xml#woG1">
                                <anchor type="lemma" xml:id="koB12_256"/>«Gildet paa Solhoug»</HIS:hisRef>. Hensigten med disse Linier er nu at forespørge om De skulde være villig til at <anchor type="lemma" xml:id="koB12_257"/>overtage Forlaget af samme; de Betingelser, hvorunder saadant kan skee, <HIS:hisRef type="tcNote" xml:id="noteT12_100" target="B1844-1871ht_noter.xml" corresp="noteT12_100">overlader</HIS:hisRef> jeg til Dem at bestemme, Hovedsagen er for mig at erholde Deres agtede Navn som en Anbefaling for mit Stykke i den læsende Verden. Hersteds er Stykket siden Januar Maaneds Begyndelse opført 4 Gange med meget Bifald; <anchor type="lemma" xml:id="koB12_258"/>i <HIS:hisRef type="place" target="Navneregister_HISe.xml#plKri">Christiania</HIS:hisRef> vil det forhaabentlig med det snareste <pb n="[2]"/>blive givet, da det forlængst er antaget af Directionen og venter kun, efter <HIS:hisRef type="person" target="Navneregister_HISe.xml#peCPB">Borgaards Meddelelse</HIS:hisRef>, paa <HIS:hisRef type="person" target="Navneregister_HISe.xml#peHKj">
                                <anchor type="lemma" xml:id="koB12_259"/>H. Kjærulfs</HIS:hisRef> Musik. Skulde De godhedsfuldt ville <anchor type="lemma" xml:id="koB12_260"/>indgaa paa mit Forslag, saa var det vel hensigtsmæssigt at Trykningen strax paabegyndte for at Alt kunde være færdigt samtidig med Stykkets Opførelse i Christiania. Et smukt Udstyr veed jeg at det hos Dem er overflødigt at betinge mig, – Correcturlæsningen vil jeg gjerne selv paatage mig, men frygter for at Forsendelsen af de <HIS:hisRef type="tcNote" xml:id="noteT12_101" target="B1844-1871ht_noter.xml" corresp="noteT12_101">enkelte</HIS:hisRef> Correcturark med Posten skal volde altfor megen Tidsspilde, jeg er desuden forvisset om at min gamle Ven, <HIS:hisRef type="person" target="Navneregister_HISe.xml#pePBH">Poul B: Hansen</HIS:hisRef>, paa Anmodning af Dem paatager sig denne Uleilighed; skulde det overdrages nogen Anden, saa maatte det paalægges Vedkommende strængeligen at henholde sig til Manuscriptet <pb n="[3]"/>da <anchor type="lemma" xml:id="koB12_261"/>de forældede Ordformer, Vendinger o.s.v lettelig kunde vildlede ham. Under <HIS:hisRef type="tcNote" xml:id="noteT12_102" target="B1844-1871ht_noter.xml" corresp="noteT12_102">alle</HIS:hisRef> Omstændigheder er jeg saa fri med det Snareste at forvente Deres ærede Svar, hvilket bedes adresseret til <emph>
                                <anchor type="lemma" xml:id="koB12_262"/>«Hotel <HIS:hisRef type="tcNote" xml:id="noteT12_103" target="B1844-1871ht_noter.xml" corresp="noteT12_103">Bellevue»</HIS:hisRef> i <HIS:hisRef type="place" target="Navneregister_HISe.xml#plTrhm">Throndhjem</HIS:hisRef>
                            </emph>, hvorhen jeg kommer til at reise i Slutningen af denne Maaned og at opholde mig indtil Udgangen af Mai.</p>
<p>Jeg tegner mig med Agtelse</p>
<salute>Deres ærbødige</salute>
<signed>Henr: Ibsen</signed>
</div>
</body>
</text>