<?xml version="1.0" encoding="UTF-8"?><text xmlns="http://www.tei-c.org/ns/1.0" xmlns:HIS="http://www.example.org/ns/HIS" rend="letter" corresp="B18661215CT" xml:lang="da-no">
<body>
<div type="letter">
<salute>
                            <pb n="[1]"/>Kjære Hr. <anchor type="lemma" xml:id="koB12_1435"/>Generalkonsul!</salute>
<p>Samtidigt med disse Linjer sender <HIS:hisRef type="person" target="Navneregister_HISe.xml#peCNJ">Janson</HIS:hisRef> Dem <anchor type="lemma" xml:id="koB12_1436"/>det forlangte Manuscript, som jeg haaber De vil være tillfreds med. Mit Fotografi, saa godt som jeg for Tiden har det, er det mig en Ære <HIS:hisRef type="tcNote" xml:id="noteT12_419" target="B1844-1871ht_noter.xml" corresp="noteT12_419">at</HIS:hisRef> oversende og skulde det være mig særdeles kjært om De vilde gjøre Gjengjæld i saa Henseende. <anchor type="lemma" xml:id="koB12_1437"/>Albumsbladet skal jeg med Fornøjelse sende <HIS:hisRef type="tcNote" xml:id="noteT12_420" target="B1844-1871ht_noter.xml" corresp="noteT12_420">ved</HIS:hisRef> en senere Lejlighed. Idet jeg ønsker Dem en glad og behagelig Jul tegner jeg mig</p>
<salute>Deres stedse hengivne</salute>
<signed>Henrik Ibsen.</signed>
<dateline>Rom <date>15/12. 66</date>.</dateline>
</div>
<div type="postscript">
<p>I Hast!</p>
</div>
</body>
</text>