<?xml version="1.0" encoding="UTF-8"?><text xmlns="http://www.tei-c.org/ns/1.0" xmlns:HIS="http://www.example.org/ns/HIS" rend="letter" corresp="B18690617JB" xml:lang="da-no">
                <body>
<div type="letter">
<dateline>
                            <pb n="[1]"/>Dresden den <date>17<hi rend="raised">de</hi> Juni 1869</date>. –</dateline>
<salute>Kjære og højstærede Herr Etatsraad Bravo!</salute>
<p>Deres meget ærede Skrivelse af 12<hi rend="raised">te</hi> dennes modtog jeg igaar, og naar jeg till Dato ikke har besvaret Deres venlige Brev af 18<hi rend="raised">de</hi> Januar, saa kan jeg desværre kun anføre till min Undskyldning at jeg lige indtill disse sidste Dage har været beskjæftiget med <anchor type="lemma" xml:id="koB12_2069"/>
                            <HIS:hisRef type="work" target="Navneregister_HISe.xml#woUF">et stort nyt literært Arbejde</HIS:hisRef>, som netopp nu er færdigt fra Pressen. –</p>
<p>Min <anchor type="lemma" xml:id="koB12_2070"/>Gjæld till Hjælpekassen vil jeg gjerne afgjøre, og den er jo ikke større end at jeg naarsomhelst kan betale den. Men jeg har i <HIS:hisRef type="place" target="Navneregister_HISe.xml#plKri">Kristiania</HIS:hisRef> ingen Kommissionær, som kan besørge slige Sager; som De ved modtager jeg min Gage fra <HIS:hisRef type="org" target="Navneregister_HISe.xml#orgReg">Regjeringen</HIS:hisRef>. Jeg beder Dem derfor at maatte afgjøre Sagen paa den Maade, som jeg allerede tidligere har foreslaaet Dem, nemlig saaledes at jeg <anchor type="lemma" xml:id="koB12_2071"/>i Kristiania lader <anchor type="lemma" xml:id="koB12_2072"/>betale Portoen for Morgenbladet; derved sparer ogsaa De Dem den Ulejlighed at maatte kjøbe Vexel i <HIS:hisRef type="place" target="Navneregister_HISe.xml#plRom">Rom</HIS:hisRef> og sende deropp. Jeg giver Dem herved mit ufravigelige Æresord paa at Portoen af mig skal blive <pb n="[2]"/>indbetalt i rette Tid. Kjære Herr Etatsraad, vis mig den Tjeneste at tillade at Sagen ordnes paa denne Maade! Et Par Ord fra Dem vil i saa Henseende være mig tillstrækkelige. –</p>
<p>Det gjør mig meget ondt at erfare at De er <anchor type="lemma" xml:id="koB12_2073"/>upasselig; men Vand og frisk Luft vil vel bringe alting i Orden igjen.</p>
<p>Det kjære <anchor type="lemma" xml:id="koB12_2074"/>Rom glemmer jeg aldrig. Om kortere eller længere Tid kommer jeg derned igjen. For Øjeblikket har jeg taget fast Bolig her; <HIS:hisRef type="person" target="Navneregister_HISe.xml#peSiI">min Søn</HIS:hisRef> er satt ind i <anchor type="lemma" xml:id="koB12_2075"/>et Institut, hvor han gjør særdeles god Fremgang. Vi lever i alle Henseender behageligt og billigt, modtager Besøg af <anchor type="lemma" xml:id="koB12_2076"/>gjennemrejsende Landsmænd og – længes efter <HIS:hisRef type="place" target="Navneregister_HISe.xml#plIt">Italien</HIS:hisRef>!</p>
<p>Hils alle romerske Venner! Dem selv sender vi tusinde gode Ønsker om Sundhed og et behageligt Sommeropphold. Till Høsten vil De vende stærk og ungdomskraftig tillbage till <anchor type="lemma" xml:id="koB12_2077"/>Hovedstaden, og, som før, styre den lille skandinaviske Republik dernede. – Till <HIS:hisRef type="person" target="Navneregister_HISe.xml#peOVM">Herr Mourier</HIS:hisRef> skriver jeg imorgen, og hermed tegner jeg mig</p>
<salute>Deres ærbødigst hengivne og forbundne</salute>
<signed>Henrik Ibsen.</signed>
</div>
</body>
</text>