<?xml version="1.0" encoding="UTF-8"?><text xmlns="http://www.tei-c.org/ns/1.0" xmlns:HIS="http://www.example.org/ns/HIS" rend="letter" corresp="B18651125FH" xml:lang="da-no">
                <front>
<pb n="[a]"/>
<HIS:envelope type="sheet">
<address>
<addrLine>Herr Cancelliraad F. Hegel</addrLine>
<addrLine>Copenaghen.</addrLine>
<addrLine>Danimarca.</addrLine>
</address>
</HIS:envelope>
</front>
<body>
<div type="letter">
<dateline>
                            <pb n="[1]"/>Rom den <date>25<hi rend="raised">de</hi> November 1865</date>.</dateline>
<salute>Hr: Cancelliraad Hegel.</salute>
<p>
                            <HIS:hisRef type="tcNote" xml:id="noteT12_261" target="B1844-1871ht_noter.xml" corresp="noteT12_261">Igaaraftes</HIS:hisRef> havde jeg den Ære at modtage <anchor type="lemma" xml:id="koB12_996"/>Deres Skrivelse af 18<hi rend="raised">de</hi> dennes <HIS:hisRef type="tcNote" xml:id="noteT12_762" target="B1844-1871ht_noter.xml" corresp="noteT12_762">tilligemed</HIS:hisRef> <anchor type="lemma" xml:id="koB12_997"/>2<hi rend="raised">den</hi> Correctur af de <anchor type="lemma" xml:id="koB12_998"/>tre første Ark af <HIS:hisRef type="work" target="Navneregister_HISe.xml#woBr">
                                <anchor type="lemma" xml:id="koB12_999"/>mit Digt</HIS:hisRef>. Forhaabentlig har De allerede den 22<hi rend="raised">de</hi> modtaget sidste Forsending af Manuskriptet, og vil af mit dermed følgende Brev, som afgik herfra den 16<hi rend="raised">de</hi> Nov<hi rend="raised">br</hi>, have seet at jeg sætter <anchor type="lemma" xml:id="koB12_1000"/>Bogens Udkomst till den af Dem antydede Tid, Begyndelsen af December, over alle andre Hensyn. Dette kan jeg nu saameget tryggere gjøre, da jeg af de modtagne tre Ark ser at der saavel fra Sætterens som fra <anchor type="lemma" xml:id="koB12_1001"/>Korrektørens Side udvises en fortrinlig Omhu og Nøjagtighed. Jeg haaber derfor at De har ladet Trykkningsarbejdet uafbrudt fortsættes; nogen yderligere Forsendelse af Korrekturark behøves ikke. De modtagne Ark sender jeg ikke tilbage, da jeg antager at De allerede har ladet anden <HIS:hisRef type="tcNote" xml:id="noteT12_262" target="B1844-1871ht_noter.xml" corresp="noteT12_262">Korrektur</HIS:hisRef> paa samme læse i <HIS:hisRef type="place" target="Navneregister_HISe.xml#plKbh">Kjøbenhavn</HIS:hisRef>, og at de enkelte Smaafejl, som findes, ere rettede, navnlig at 26<hi rend="raised">de</hi> og 27<hi rend="raised">de</hi> Side, der ere indsatte i forkert Orden, have faaet deres rette Pladse. Jeg anseer det for min Pligt <pb n="[2]"/>ganske at rette mig efter Deres Ønsker angaaende Orthografien, forsaavidt Forandringer nu uden Tidsspilde kan foretages; dog beder jeg at disse Forandringer i saa Fald maa indskrænke sig till <anchor type="lemma" xml:id="koB12_1002"/>de paapegede Bogstaver l, k og p. At jeg selv anser min Rettskrivning for <HIS:hisRef type="tcNote" xml:id="noteT12_263" target="B1844-1871ht_noter.xml" corresp="noteT12_263">den</HIS:hisRef> rigtigste, er naturligt. Det er den, som brugtes i vort gamle Fællessprog og jo mere man i <HIS:hisRef type="place" target="Navneregister_HISe.xml#plDk">Danmark</HIS:hisRef> og <HIS:hisRef type="place" target="Navneregister_HISe.xml#plN">Norge</HIS:hisRef> fortfarer med at forkaste de dobbelte <emph>Vokaler</emph>, som betegnende Stavelsernes <emph>Længde</emph>, desto mere nødvendigt synes det mig da at blive at betegne <HIS:hisRef type="tcNote" xml:id="noteT12_264" target="B1844-1871ht_noter.xml" corresp="noteT12_264">deres</HIS:hisRef> <emph>Korthed</emph> ved dobbelte <emph>Konsonanter</emph>. Hvor imidlertid Misforstaaelser kan opstaa, maa jeg <HIS:hisRef type="tcNote" xml:id="noteT12_265" target="B1844-1871ht_noter.xml" corresp="noteT12_265">imidlertid</HIS:hisRef> bede om Bibeholdelsen af Fordobblingen, f: E: en Egg (paa en Øxe) en Eg (Træet) Dugg (paa Marken) Dug (paa Bordet), en <emph>viss</emph> Mand, en <emph>vis</emph> Mand, o. s. v. – – For svenske Læsere er min Orthografi till stor Lettelse. Breve till mig bedes fremdeles adresserede till <HIS:hisRef type="person" target="Navneregister_HISe.xml#peJB">
                                <anchor type="lemma" xml:id="koB12_1003"/>Consulen</HIS:hisRef>, da jeg derved modtager dem sikkrest og hurtigst. Hilsenen till <HIS:hisRef type="person" target="Navneregister_HISe.xml#peCKFM">professor Molbech</HIS:hisRef> skal blive overbragt.</p>
<p>Saafremt saadant i Kjøbenhavn ingen <HIS:hisRef type="tcNote" xml:id="noteT12_266" target="B1844-1871ht_noter.xml" corresp="noteT12_266">Vanskeligheder</HIS:hisRef> maatte medføre, tager jeg mig den ærbødige Frihed at anmode Hr. Cancelliraaden om at maatte, naar i sin Tid Oppgjøret af Honoraret finder Sted, modtage Vexel <anchor type="lemma" xml:id="koB12_1004"/>lydende paa Francs, da denne Myntsort paa Grund af Omstændighederne fortiden staar fordelagtigt <pb n="[3]"/>her medens i Rom ingen Cours noteres paa <anchor type="lemma" xml:id="koB12_1005"/>Hmb: MՖ.</p>
<p>Sluttelig udtaler jeg det Haab at mit Ønske om at læse Korrektur ikke formeget maa have sinket Trykningsarbejdet, og tegner mig</p>
<salute>med Højagtelse og Forbindtlighed Deres ærbødige</salute>
<signed>Henrik Ibsen</signed>
</div>
</body>
</text>