<?xml version="1.0" encoding="UTF-8"?><text xmlns="http://www.tei-c.org/ns/1.0" xmlns:HIS="http://www.example.org/ns/HIS" rend="letter" corresp="B18580615CHa" xml:lang="da-no">
                <body>
<div type="letter">
<dateline>Bergen den <date>15<hi rend="raised">de</hi> Juni 1858</date>.</dateline>
<p>Deres Skrivelse af 11<hi rend="raised">te</hi> dennes vil De forhaabentlig undskylde at jeg, paa Grund af <anchor type="lemma" xml:id="koB12_417"/>de forhaandenværende <HIS:hisRef type="tcNote" xml:id="noteT12_140" target="B1844-1871ht_noter.xml" corresp="noteT12_140">Omstændigheder</HIS:hisRef>, først idag ser mig istand til at besvare. – Jeg maa tilstaa at en <anchor type="lemma" xml:id="koB12_418"/>Paamindelse af en saadan Art fra <HIS:hisRef type="org" target="Navneregister_HISe.xml#orgNTB">Bergens Theaterbestyrelse</HIS:hisRef> <anchor type="lemma" xml:id="koB12_419"/>frapperede mig. Min Gjæld til Theatret er 45 Sp, hvoraf 20 Sp som Forskud; Restbeløbet, 25 Sp, har jeg som Gjæld paadraget mig ved <emph>frivilligt</emph> Tilbud om at tilbagebetale sidste Maaneds Gage da jeg forrige Sommer fratraadte Theatrets Tjeneste. Ved min Afreise fra <HIS:hisRef type="place" target="Navneregister_HISe.xml#plBerg">Bergen</HIS:hisRef> var der aldrig Tale om andet end en mindelig Opgjørelsesmaade, saaledes nemlig at jeg fremdeles tilstillede Theatret mine dramatiske Arbeider til Afbenyttelse. Herom er den nye Bestyrelse muligens ikke vidende, men hvad den burde være og maa være vidende om, er at jeg for Bergens Theater har skrevet følgende Stykker: <HIS:hisRef type="work" target="Navneregister_HISe.xml#woSa">«Sancthansnatten»</HIS:hisRef> Skuespil i 3 Akter, <HIS:hisRef type="work" target="Navneregister_HISe.xml#woK2">«Kjæmpehøien»</HIS:hisRef> Drama i 1 Akt, <HIS:hisRef type="work" target="Navneregister_HISe.xml#woF1">«Fru Inger til <HIS:hisRef type="tcNote" xml:id="noteT12_141" target="B1844-1871ht_noter.xml" corresp="noteT12_141">Østeraad»</HIS:hisRef>
                            </HIS:hisRef> <HIS:hisRef type="tcNote" xml:id="noteT12_142" target="B1844-1871ht_noter.xml" corresp="noteT12_142">Drama</HIS:hisRef> i 5 Akter, <HIS:hisRef type="work" target="Navneregister_HISe.xml#woG1">«Gildet paa Solhoug»</HIS:hisRef> Skuespil i 3 Akter og <HIS:hisRef type="work" target="Navneregister_HISe.xml#woOL1">«Olaf Liljekrans»</HIS:hisRef> Skuespil i 3 Akter. Desuden har jeg <anchor type="lemma" xml:id="koB12_420"/>saaofte det forlangtes, <HIS:hisRef type="tcNote" xml:id="noteT12_143" target="B1844-1871ht_noter.xml" corresp="noteT12_143">leveret</HIS:hisRef> Prologer o. s. v. uden at jeg for alt dette har modtaget anden Godtgjørelse end et <anchor type="lemma" xml:id="koB12_421"/>Gratiale, stort 100 Sp. Hvorledes rette Vedkommende forrige Høst satte <HIS:hisRef type="tcNote" xml:id="noteT12_144" target="B1844-1871ht_noter.xml" corresp="noteT12_144">
                                <anchor type="lemma" xml:id="koB12_422"/>Couranten</HIS:hisRef> for dramatiske Varer i Bergen, veed jeg ikke; men i <HIS:hisRef type="place" target="Navneregister_HISe.xml#plKri">Christiania</HIS:hisRef> betales fortiden et femakts Skuespil, ifølge <anchor type="lemma" xml:id="koB12_423"/>Forslag fra <HIS:hisRef type="person" target="Navneregister_HISe.xml#peAnM">A. Munch</HIS:hisRef> og mig, med <emph>mindst</emph> 250 Sp, og mindre Stykker i Forhold dertil. Bestyrelsen vil altsaa kunne udregne for hvilket Beløb Theatret omtrent maa antages at staa i <anchor type="lemma" xml:id="koB12_424"/>Æresgjæld til mig, og jeg overlader til dens <anchor type="lemma" xml:id="koB12_425"/>Delicatesse at afgjøre om ikke dette Punct burde klares forinden man forsøgte paa ad Rettens Vei at inddrive de omhandlede 45 Sp. Bestyrelsens <anchor type="lemma" xml:id="koB12_426"/>Telegrafdepeche var allerede forinden dens Modtagelse <anchor type="lemma" xml:id="koB12_427"/>realiter besvaret i en Skrivelse til Theatrets artistiske Direktør; paa selve Depechen kunde jeg ikke indlade mig at svare, da den ifølge sin Form kun indeholdt et simpelt og uberettiget Nysgjærrighedsspørsmaal, nemlig Spørsmaalet om «hvorvidt jeg havde tilstillet den aftraadte Bestyrelse <HIS:hisRef type="work" target="Navneregister_HISe.xml#woHH">«Hærmændene paa Helgeland»</HIS:hisRef> til <emph>Afbetaling</emph> paa min Gjæld til Theatret.» – Jeg kan ikke tilbageholde min Beklagelse over <anchor type="lemma" xml:id="koB12_428"/>den udelikate Maade paa hvilken de literære Anliggender fortiden synes at varetages her, men maa dog tilføie at dette ingen Indflydelse vil have paa min Sympathi for Bergens Theater; jeg agter for Fremtiden som før at stille mine Arbeider til dets Raadighed. Hvad den her omhandlede Sag angaar, skal jeg henstille til Bestyrelsens yderligere Overveielse om det ikke maa ansees baade sømmeligere og hensigtsmæssigere at stille det Hele i Bero indtil <HIS:hisRef type="tcNote" xml:id="noteT12_145" target="B1844-1871ht_noter.xml" corresp="noteT12_145">videre</HIS:hisRef>.</p>
<signed>Henr: Ibsen.</signed>
<salute>Til Hr. Overretssagfører Hagemann!</salute>
</div>
</body>
</text>