<?xml version="1.0" encoding="UTF-8"?><text xmlns="http://www.tei-c.org/ns/1.0" xmlns:HIS="http://www.example.org/ns/HIS" rend="letter" corresp="Budat185912HOB" xml:lang="da-no">
                <body>
<div type="letter" subtype="poem">
<head type="letter">
                            <pb n="[1]"/>
                            <HIS:hisRef type="tcNote" xml:id="noteT12_155" target="B1844-1871ht_noter.xml" corresp="noteT12_155">Hastværkslinjer</HIS:hisRef> til H. Ø. Blom.</head>
<lg>
<lg>
<l>
                                    <anchor type="lemma" xml:id="koB12_569"/>Brand i Taget, <anchor type="lemma" xml:id="koB12_570"/>Nød for Dør,</l>
<l>Vækker mangen døsig Evne,</l>
<l>Maner den, som blunded før,</l>
<l>Til det store vaagne <anchor type="lemma" xml:id="koB12_571"/>Stævne.</l>
<l>Gamle <anchor type="lemma" xml:id="koB12_572"/>Garnisonskumpan,</l>
<l>Ogsaa Dig Signalet vakte</l>
<l>Op fra <anchor type="lemma" xml:id="koB12_573"/>Brixen, hvor Du strakte</l>
<l>Dig som <HIS:hisRef type="tcNote" xml:id="noteT12_156" target="B1844-1871ht_noter.xml" corresp="noteT12_156">knækket</HIS:hisRef> <anchor type="lemma" xml:id="koB12_574"/>Vindfaldsgran.</l>
                            </lg>
<figure type="num"/>
<lg>
<l>Nød for Døren, Brand i Tag,</l>
<l>Blæser Liv i dorske Dyder;</l>
<l>Farens store Fællessag</l>
<l>
                                    <HIS:hisRef type="tcNote" xml:id="noteT12_157" target="B1844-1871ht_noter.xml" corresp="noteT12_157">Gjør til Helt <anchor type="lemma" xml:id="koB12_575"/>Cafféens Skryder;</HIS:hisRef>
                                </l>
<l>Selv den gamle Graa paa Stald</l>
<l>Vrinsker ved Trompetens Skrald;</l>
<l>Ogsaa Du <anchor type="lemma" xml:id="koB12_576"/>bandt Sværd ved Side,</l>
<l>Ogsaa Du vil ud at stride!</l>
                            </lg>
<figure type="num"/>
<lg>
<l>
                                    <pb n="[2]"/>Den blev kaldt paa Dansk <anchor type="lemma" xml:id="koB12_577"/>en Fløs,</l>
<l>
                                    <HIS:hisRef type="tcNote" xml:id="noteT12_158" target="B1844-1871ht_noter.xml" corresp="noteT12_158">Der</HIS:hisRef> ifjor <HIS:hisRef type="tcNote" xml:id="noteT12_159" target="B1844-1871ht_noter.xml" corresp="noteT12_159">bar ud slig</HIS:hisRef> Fabel:</l>
<l>At din gamle <HIS:hisRef type="tcNote" xml:id="noteT12_160" target="B1844-1871ht_noter.xml" corresp="noteT12_160">rustne</HIS:hisRef> Sabel</l>
<l>Endnu sad i Slidren løs.</l>
<l>Ak hvor lang, <anchor type="lemma" xml:id="koB12_578"/>hvor lang en Næse dog</l>
<l>Vil ei nu de Godtfolk faa,</l>
<l>Som har <HIS:hisRef type="tcNote" xml:id="noteT12_161" target="B1844-1871ht_noter.xml" corresp="noteT12_161">sagt at længst</HIS:hisRef> Du laa</l>
<l>Liig paa Prent i <anchor type="lemma" xml:id="koB12_579"/>Thues Læsebog!</l>
                            </lg>
<figure type="num"/>
<lg>
<l>Men saa vist hin Snak var gal,</l>
<l>Rygtefuglene forfløine, –</l>
<l>Seer vi nu med aabne Øine</l>
<l>Du er vakt og – national.</l>
<l>Thi saa norske Næveslag,</l>
<l>Slige spræke <anchor type="lemma" xml:id="koB12_580"/>Rygtagsfagter</l>
<l>Fra den gamle gode Dag,</l>
<l>Kun en ægte Nordmand magter.</l>
                            </lg>
<figure type="num"/>
<lg>
<l>
                                    <anchor type="lemma" xml:id="koB12_581"/>Dybt i Dal, hvor <HIS:hisRef type="tcNote" xml:id="noteT12_162" target="B1844-1871ht_noter.xml" corresp="noteT12_162">Daaden</HIS:hisRef> blunder,</l>
<l>Sad Du stur i lange Aar;</l>
<l>Nu <anchor type="lemma" xml:id="koB12_582"/>Bersærkermod Du faar,</l>
<l>
                                    <HIS:hisRef type="tcNote" xml:id="noteT12_163" target="B1844-1871ht_noter.xml" corresp="noteT12_163">Klikker med din</HIS:hisRef> <HIS:hisRef type="tcNote" xml:id="noteT12_164" target="B1844-1871ht_noter.xml" corresp="noteT12_164">
                                        <anchor type="lemma" xml:id="koB12_583"/>Muskedunder!</HIS:hisRef>
                                </l>
<l>Lidt Amunition tilbage</l>
<l>Har Du og for <HIS:hisRef type="tcNote" xml:id="noteT12_165" target="B1844-1871ht_noter.xml" corresp="noteT12_165">Nuets</HIS:hisRef> Strid:</l>
<l>
                                    <anchor type="lemma" xml:id="koB12_584"/>Krudt fra Gammelostens Dage,</l>
<l>Skraa fra Akvavitens Tid.</l>
                            </lg>
<lg>
<l>
                                    <pb n="[3]"/>
                                    <anchor type="lemma" xml:id="koB12_585"/>«Torsk» og <anchor type="lemma" xml:id="koB12_586"/>«Slusk», og hvad som bedst,</l>
<l>Buldrer broget gjennem <anchor type="lemma" xml:id="koB12_586a"/>Braget;</l>
<l>Ak, jeg tænkte sidste Rest</l>
<l>Knalded i <anchor type="lemma" xml:id="koB12_587"/>Campbellerslaget.</l>
<l>Trods Protesten, før jeg gav,</l>
<l>
                                    <anchor type="lemma" xml:id="koB12_588"/>«Stimen» <emph>dog</emph> i Fjorden <anchor type="lemma" xml:id="koB12_589"/>føiter;</l>
<l>Thi i <anchor type="lemma" xml:id="koB12_590"/>Morgenbladets Hav</l>
<l>Seer man <anchor type="lemma" xml:id="koB12_591"/>Narrehvalen sprøiter.</l>
                            </lg>
<figure type="num"/>
<lg>
<l>Ha, ifald vor unge Lejr</l>
<l>Havde slig en <anchor type="lemma" xml:id="koB12_592"/>Bjørkebejner</l>
<l>Fremst i Flok hvor Pile regner, –</l>
<l>Da var sikker nok vor Sejr!</l>
<l>Derfra vore Klager nu!</l>
<l>Sorgen vil <HIS:hisRef type="tcNote" xml:id="noteT12_166" target="B1844-1871ht_noter.xml" corresp="noteT12_166">man</HIS:hisRef> finde billig,</l>
<l>Ved at see en Mand, som Du,</l>
<l>
                                    <anchor type="lemma" xml:id="koB12_593"/>Hverve sig <HIS:hisRef type="tcNote" xml:id="noteT12_167" target="B1844-1871ht_noter.xml" corresp="noteT12_167">til</HIS:hisRef> dansk Frivillig.</l>
                            </lg>
<figure type="num"/>
<lg>
<l>Gid den blive Dig til Gavn,</l>
<l>Kampen hist i Fiendens Kjæde!</l>
<l>Gid de lønne Dig dernede</l>
<l>I vort norske <HIS:hisRef type="tcNote" xml:id="noteT12_168" target="B1844-1871ht_noter.xml" corresp="noteT12_168">Kjøbenhavn!</HIS:hisRef>
                                </l>
<l>
                                    <anchor type="lemma" xml:id="koB12_594"/>Solden, som Du har ivente,</l>
<l>Tør vel længe staa paa Rente, –</l>
<l>Bare dog, før Aar er omme,</l>
<l>
                                    <HIS:hisRef type="tcNote" xml:id="noteT12_169" target="B1844-1871ht_noter.xml" corresp="noteT12_169">
                                        <anchor type="lemma" xml:id="koB12_595"/>Dannebrogen</HIS:hisRef> maatte komme! – –</l>
                            </lg>
<lg>
<l>
                                    <pb n="[4]"/>Et blev glemt, da sidst jeg skrev,</l>
<l>Nemlig Noget om <anchor type="lemma" xml:id="koB12_596"/>Hr: Comus,</l>
<l>Som af Smagens <anchor type="lemma" xml:id="koB12_597"/>Major domus</l>
<l>Hjem i Norge nægtet blev.</l>
<l>Nu er den Ting overflødig:</l>
<l>Fra din Digtergrubes <anchor type="lemma" xml:id="koB12_598"/>Schakt</l>
<l>Har Du <HIS:hisRef type="tcNote" xml:id="noteT12_170" target="B1844-1871ht_noter.xml" corresp="noteT12_170">selv</HIS:hisRef> for Dagen bragt</l>
<l>Comisk <anchor type="lemma" xml:id="koB12_599"/>Gulderts <anchor type="lemma" xml:id="koB12_600"/>attenlødig.</l>
                            </lg>
<figure type="num"/>
<lg>
<l>Som von <anchor type="lemma" xml:id="koB12_601"/>Tybo Du behændigt</l>
<l>Om Dig selv og Brabant sang;</l>
<l>
                                    <anchor type="lemma" xml:id="koB12_602"/>Mester Gert Du gav anstændigt, –</l>
<l>Derom mer en anden Gang;</l>
<l>
                                    <HIS:hisRef type="tcNote" xml:id="noteT12_171" target="B1844-1871ht_noter.xml" corresp="noteT12_171">Viddets Læg i Versets <anchor type="lemma" xml:id="koB12_603"/>Hoser</HIS:hisRef>
                                </l>
<l>Slunken er, men <HIS:hisRef type="tcNote" xml:id="noteT12_172" target="B1844-1871ht_noter.xml" corresp="noteT12_172">græske</HIS:hisRef> Gloser –</l>
<l>
                                    <anchor type="lemma" xml:id="koB12_604"/>Degnens Alpha, Beta, Gamma –</l>
<l>Har hos <anchor type="lemma" xml:id="koB12_605"/>Plebs <HIS:hisRef type="tcNote" xml:id="noteT12_173" target="B1844-1871ht_noter.xml" corresp="noteT12_173">man</HIS:hisRef> ingen Skam a’!</l>
                            </lg>
<figure type="num"/>
<lg>
<l>
                                    <anchor type="lemma" xml:id="koB12_606"/>Hanegal Dig huer ilde,</l>
<l>Det kan være Mening i;</l>
<l>Hanegal i Nattens Stille</l>
<l>Rummer dog sin Profeti.</l>
<l>Derfor bedst, var Satsen slettet;</l>
<l>Thi saa vist som i <anchor type="lemma" xml:id="koB12_607"/>Parkettet</l>
<l>
                                    <anchor type="lemma" xml:id="koB12_608"/>Smagskapun tør reise Hale,</l>
<l>Tør paa Scenen Hanen gale! – –</l>
                            </lg>
<pb n="[5]"/>
                            <figure type="num"/>
<lg>
<l>Selv Du slidt har <anchor type="lemma" xml:id="koB12_609"/>Norskhedsvamsen,</l>
<l>Som med Haan Du <HIS:hisRef type="tcNote" xml:id="noteT12_174" target="B1844-1871ht_noter.xml" corresp="noteT12_174">slænger</HIS:hisRef> væk!</l>
<l>Mindes Du hin <anchor type="lemma" xml:id="koB12_610"/>Kamp med Bamsen,</l>
<l>Malt med djerve Sagatræk?</l>
<l>
                                    <emph>Der</emph> var <anchor type="lemma" xml:id="koB12_611"/>Ordlag, fulde, runde; –</l>
<l>Læg Du dem i danske Munde,</l>
<l>Prøv det blot, og Du kan tro,</l>
<l>Bamsen blir <anchor type="lemma" xml:id="koB12_612"/>«en Oldenso».</l>
                            </lg>
<figure type="num"/>
<lg>
<l>Den var norsk, din brune Bamse,</l>
<l>Veier vel en Hærmand op;</l>
<l>Derfor lad om Liv os <anchor type="lemma" xml:id="koB12_613"/>gramse</l>
<l>Udfor Stup i Spring og Hop.</l>
<l>Vogt Dig blot for Myren, Kjære,</l>
<l>Hold <HIS:hisRef type="tcNote" xml:id="noteT12_175" target="B1844-1871ht_noter.xml" corresp="noteT12_175">dog</HIS:hisRef> Peltsen blank og <HIS:hisRef type="tcNote" xml:id="noteT12_176" target="B1844-1871ht_noter.xml" corresp="noteT12_176">reen</HIS:hisRef>;</l>
<l>Følge lad, som Kampens Meen,</l>
<l>
                                    <anchor type="lemma" xml:id="koB12_614"/>Revet Skind men uskadt Ære!</l>
                            </lg>
<figure type="num"/>
<lg>
<l>Længe vil Du ei forblindet</l>
<l>Rase mod dit eget Folk;</l>
<l>Folkelivet, <anchor type="lemma" xml:id="koB12_615"/>Folkemindet</l>
<l>Har sit Krav paa Dig som Tolk!</l>
<l>Heller end at hyle <anchor type="lemma" xml:id="koB12_616"/>Rama-</l>
<l>Skriget mod vor unge Stat, –</l>
<l>Sjung for Scenen ud et Drama,</l>
<l>
                                    <HIS:hisRef type="tcNote" xml:id="noteT12_177" target="B1844-1871ht_noter.xml" corresp="noteT12_177">Som</HIS:hisRef> en <emph>dobbelt</emph> <anchor type="lemma" xml:id="koB12_617"/>Renegat!</l>
                            </lg>
                        </lg>
<signed>Henr: Ibsen</signed>
<pb n="[6]"/>
<pb n="[7]"/>
<pb n="[8]"/>
</div>
</body>
</text>