<?xml version="1.0" encoding="UTF-8"?><text xmlns="http://www.tei-c.org/ns/1.0" xmlns:HIS="http://www.example.org/ns/HIS" rend="letter" corresp="B18700702FH" xml:lang="da-no">
                <body>
<div type="letter">
<dateline>
                            <pb n="[1]"/>Dresden den <date>2<hi rend="raised">den</hi> Juli 1870</date>. –</dateline>
<salute>Kære hr: cancelliråd Hegel!</salute>
<p>I håb om at jeg ikke forregner mig når jeg antager at dette brev vil komme Dem ihænde <anchor type="lemma" xml:id="koB12_2584"/>på mandag, sender jeg Dem idag nogle linjer.</p>
<p>Da jeg ved nytårstid modtog <anchor type="lemma" xml:id="koB12_2585"/>de bøger, De var så venlig at sende mig, opdagede jeg i stempelet årstallet 1770. I år har altså <anchor type="lemma" xml:id="koB12_2586"/>
                            <HIS:hisRef type="org" target="Navneregister_HISe.xml#orgGyl">«Den Gyldendalske Boghandel»</HIS:hisRef> bestået i et århundrede; og efter hvad en pålidelig hjemmelsmand i <HIS:hisRef type="place" target="Navneregister_HISe.xml#plN">Norge</HIS:hisRef> har meddelt mig, skal <HIS:hisRef type="tcNote" xml:id="noteT12_670" target="B1844-1871ht_noter.xml" corresp="noteT12_670">
                                <anchor type="lemma" xml:id="koB12_2587"/>stiftelsesdagen</HIS:hisRef> være den 4<hi rend="raised">de</hi> Juli. Tager jeg fejl heri, så er skylden ikke min; men jeg forudsætter at jeg ikke fejler.</p>
<p>Jeg vilde så inderlig gerne på denne dag personlig have hilst på Dem; men omstændighederne binder mig med tvingende magt her til <pb n="[2]"/>
                            <HIS:hisRef type="place" target="Navneregister_HISe.xml#plDre">Dresden</HIS:hisRef>, i al fald indtil midten af måneden. <anchor type="lemma" xml:id="koB12_2588"/>Min familje skal nemlig under skoleferierne, som da indtræder, opholde sig ved et bøhmisk badested, og så længe til jeg vel har fået dem did <HIS:hisRef type="tcNote" xml:id="noteT12_671" target="B1844-1871ht_noter.xml" corresp="noteT12_671">hen</HIS:hisRef>, er jeg nødt til at forblive her.</p>
<p>Der bliver altså for mig intet andet tilovers, end skriftligt at forene mig med de mange, som sikkerlig af hjertet ønsker Dem til lykke med dagen.</p>
<p>Først beder jeg Dem da modtage min oprigtigste tak for alt, hvad jeg personligt skylder Dem. Det blev <anchor type="lemma" xml:id="koB12_2589"/>et vendepunkt i mit forfatterliv som i mine vilkår, da jeg kom i forbindelse med Dem som forlægger. Den <anchor type="lemma" xml:id="koB12_2590"/>indgang, De har skaffet mig i <HIS:hisRef type="place" target="Navneregister_HISe.xml#plDk">Danmark</HIS:hisRef>, har virket tilbage på stemningen i Norge, og i væsentlig grad bidraget til at skaffe mig den faste grund at stå på, der er nødvendig, især for en forfatter som mig, der ifølge sin hele retning må vove adskilligt.</p>
<p>Dernæst takker jeg Dem som Normand for hvad De har gjort for den norske literatur overhovedet. Jeg vil blot <pb n="[3]"/>nævne <HIS:hisRef type="tcNote" xml:id="noteT12_672" target="B1844-1871ht_noter.xml" corresp="noteT12_672">den</HIS:hisRef> store <anchor type="lemma" xml:id="koB12_2591"/>udgave af <HIS:hisRef type="person" target="Navneregister_HISe.xml#peJSW">Welhavens</HIS:hisRef> værker, som uden Dem vistnok ikke havde sét lyset. Alt dette er i mine tanker en nationalgæld, som Norge visstnok ikke kan indfri, men som jeg dog håber at man fra rette hold og efter ringe lejlighed vil anerkende.</p>
<p>Og så til slutning ønsker jeg Dem lykke og alt godt for en lang fremtid! Jeg ønsker at Deres navn gennem mange slægtsled må forblive knyttet til «Den <HIS:hisRef type="tcNote" xml:id="noteT12_673" target="B1844-1871ht_noter.xml" corresp="noteT12_673">Gyldendalske</HIS:hisRef> Boghandel», således som det ganske sikkert for alle tider vil være knyttet til den dansk-norske literaturs trivsel og udvikling.</p>
<p>Og hermed de hjerteligste hilsener til Dem og <HIS:hisRef type="person" target="Navneregister_HISe.xml#peJH">Deres søn</HIS:hisRef>! Her i min lille kreds tømmer jeg et glas for dagen.</p>
<salute>Deres hengivne</salute>
<signed>Henrik Ibsen.</signed>
</div>
</body>
</text>