<?xml version="1.0" encoding="UTF-8"?><text xmlns="http://www.tei-c.org/ns/1.0" xmlns:HIS="http://www.example.org/ns/HIS" rend="letter" corresp="B18730625SuI" xml:lang="da-no">
<body>
<div type="letter">
<dateline>
                            <pb n="[1]"/>Wien den <date>25<hi rend="raised">de</hi> Juni 1873</date>.</dateline>
<salute>Kære Suzannah!</salute>
<p>Da det nu begynder at lakke imod den skønne tid da der skal <anchor type="lemma" xml:id="koB13_952"/>brases og steges tre dage i rad og da kaffekedlen ikke er af ilden fra den tidlige morgen, så vil jeg tilskrive Dig nogle ord for at lykønske Dig med dagen. Af pragtfulde gaver må Du indtil videre lade Dig nøje med <anchor type="lemma" xml:id="koB13_953"/>indlagte pengeseddel, som jeg beder Du ikke vil forsmå og som Du straks kan lade omveksle imod preussisk mynt. Hvis ikke <HIS:hisRef type="person" target="Navneregister_HISe.xml#peTK">
                                <anchor type="lemma" xml:id="koB13_954"/>Thomas</HIS:hisRef> <HIS:hisRef type="tcNote" xml:id="noteT13_154" target="B1871-1879ht_noter.xml" corresp="noteT13_154">havde</HIS:hisRef> været usynlig de sidste dage, så havde jeg sendt en liden ting med ham. Men han lod sig ikke se, og rejste uden at tage afsked. Du må altså være tålmodig, kære <anchor type="lemma" xml:id="koB13_955"/>katttt!</p>
<p>Nu er juryarbejderne i fuld gang, og lange breve fra mig kan der endnu ikke være tale om. Jeg er bleven <anchor type="lemma" xml:id="koB13_956"/>medlem både af juryafdelingen for maleri og af den for skulptur og har altså dobbelte møder at deltage i. Min tid er inddelt således; om morgenen står jeg op kl: 6 og har da indtil kl: 8 endt mit <anchor type="lemma" xml:id="koB13_957"/>toilette, spist <pb n="[2]"/>frokost, læst avisen og røgt min morgenpibe. Derpå går jeg til udstillingen, hvor <HIS:hisRef type="tcNote" xml:id="noteT13_155" target="B1871-1879ht_noter.xml" corresp="noteT13_155">malerijuryen</HIS:hisRef> holder møde fra kl: 9 til 12. Så snart disse er over, <anchor type="lemma" xml:id="koB13_958"/>går jeg hen på en restauration i nærheden, hvor jeg spiser en god kødret med lækkert øl til. Kl: 2 begynder skulpturjuryens møder og disse varer <HIS:hisRef type="tcNote" xml:id="noteT13_156" target="B1871-1879ht_noter.xml" corresp="noteT13_156">til</HIS:hisRef> kl: halv fem eller fem. Disse møder er imidlertid ikke altid stillesiddende; i disse dage f: ex: går vi over i de <anchor type="lemma" xml:id="koB13_959"/>uhyre udstillingsbygninger og besigtiger kunstværkerne. Nogen middagssøvn har der naturligvis ikke været tale om siden min ankomst til <HIS:hisRef type="place" target="Navneregister_HISe.xml#plWien">Wien</HIS:hisRef>. Når jurymøderne er over, kan <HIS:hisRef type="tcNote" xml:id="noteT13_156a" target="B1871-1879ht_noter.xml" corresp="noteT13_156a">Du</HIS:hisRef> vide jeg er træt. Jeg sætter mig da hen i en af de mange <anchor type="lemma" xml:id="koB13_960"/>restaurationshaver i <anchor type="lemma" xml:id="koB13_961"/>Prateren og ser på de tusender af kørende i <anchor type="lemma" xml:id="koB13_962"/>alléen, medens jeg spiser min aftensmad bestående af ost og <anchor type="lemma" xml:id="koB13_963"/>hausbrod med fortræffeligt øl til. Kl: 9 går jeg hjem og straks tilsengs. Jeg befinder mig udmærket vel ved dette liv hernede. Nogen <anchor type="lemma" xml:id="koB13_964"/>selskabelighed for jurymændene er endnu ikke begyndt; det skal komme senere, siger man.</p>
<p>Tak for dit og <HIS:hisRef type="person" target="Navneregister_HISe.xml#peMTh">
                                <anchor type="lemma" xml:id="koB13_965"/>strilens</HIS:hisRef> brev. <HIS:hisRef type="work" target="Navneregister_HISe.xml#woF1">
                                <anchor type="lemma" xml:id="koB13_966"/>«Fru Inger»</HIS:hisRef> har jeg rigtig modtaget. <HIS:hisRef type="person" target="Navneregister_HISe.xml#peLD">Dietrichson</HIS:hisRef> er i vente. Med mange udmærkede mænd er jeg naturligvis daglig sammen og alle <anchor type="lemma" xml:id="koB13_967"/>beamter i udstillingen har ordre til at vise os <pb n="[3]"/>den største <HIS:hisRef type="tcNote" xml:id="noteT13_157" target="B1871-1879ht_noter.xml" corresp="noteT13_157">ære</HIS:hisRef>.</p>
<p>Skriv nu snart igen. Til den kære <anchor type="lemma" xml:id="koB13_968"/>unge student kan jeg idag kun sende mit visitkort. Morgendagen skal jeg fejre med en eller anden lækkerhed.</p>
<p>Altså <anchor type="lemma" xml:id="koB13_969"/>lykke til dagen.</p>
<salute>Din hengivne</salute>
<signed>Henrik Ibsen.</signed>
</div>
</body>
</text>