<?xml version="1.0" encoding="UTF-8"?><text xmlns="http://www.tei-c.org/ns/1.0" xmlns:HIS="http://www.example.org/ns/HIS" rend="letter" corresp="B18680820FH" xml:lang="da-no">
                <body>
<div type="letter">
<dateline>
                            <pb n="[1]"/>Berchtesgaden den <date>20<hi rend="raised">de</hi> August 1868</date>.</dateline>
<salute>Kjære Herr Cancelliraad Hegel!</salute>
<p>Deres venlige Brev af 6<hi rend="raised">te</hi> dennes havde jeg i rette Tid den Glæde at modtage og takker Dem meget for de indlagte <anchor type="lemma" xml:id="koB12_1746"/>150 Thaler, hvorved jeg paa dette afsides Sted forskaanedes for en Rejse till <HIS:hisRef type="place" target="Navneregister_HISe.xml#plSal">Salzburg</HIS:hisRef>.</p>
<p>Strax efter Modtagelsen foretog jeg en 8 Dages <anchor type="lemma" xml:id="koB12_1747"/>Fodvandring till <HIS:hisRef type="place" target="Navneregister_HISe.xml#plGa">Gastein</HIS:hisRef> og havde ved Hjemkomsten atter et nyt Bevis paa Deres Velvilje, idet jeg forefandt baade <anchor type="lemma" xml:id="koB12_1748"/>«Figaro» og <anchor type="lemma" xml:id="koB12_1749"/>«Dagbladet» samt et nyt Brev. Min hjerteligste Takk for det altsammen! Det var som en frisk Luftning hjemmefra at faa se danske Aviser igjen. Men jeg beder Dem standse Forsendelsen itide; den sidste Dag i Maaneden rejser vi herfra.</p>
<p>
                            <pb n="[2]"/>Det gjør mig meget ondt at jeg ikke tør love noget Bidrag till <anchor type="lemma" xml:id="koB12_1750"/>
                            <HIS:hisRef type="person" target="Navneregister_HISe.xml#peECR">Richardts</HIS:hisRef> og <HIS:hisRef type="person" target="Navneregister_HISe.xml#peGRo">Rodes</HIS:hisRef> Samling; <anchor type="lemma" xml:id="koB12_1751"/>
                            <HIS:hisRef type="work" target="Navneregister_HISe.xml#woUF">mit nye dramatiske Arbejde</HIS:hisRef> (skrevet for Theatret, og komplet realistisk, som den tunge tydske Luft fører det med sig) opptager alle mine Tanker. Imidlertid takker jeg saavel Dem som Udgiverne for det venlige Tillbud.</p>
<p>Jeg antydede i mit sidste Brev at jeg snart vilde tillskrive Dem angaaende nogle literære Planer. Hermed mente jeg, at jeg <anchor type="lemma" xml:id="koB12_1752"/>agter at indlevere <HIS:hisRef type="work" target="Navneregister_HISe.xml#woKE">«Kongs-Emnerne»</HIS:hisRef> till Theatrene i <HIS:hisRef type="place" target="Navneregister_HISe.xml#plKbh">Kjøbenhavn</HIS:hisRef> og <HIS:hisRef type="place" target="Navneregister_HISe.xml#plSthlm">Stokholm</HIS:hisRef>. Den almindelige Dom om Stykket er jo gunstig, og jeg selv tror at den er fortjent. <anchor type="lemma" xml:id="koB12_1753"/>Stykket har engang før været sendt i Manuscript till Theatret i Kjøbenhavn og blev dengang ikke antaget. Dette skete imidlertid i Foraaret <HIS:hisRef type="tcNote" xml:id="noteT12_489" target="B1844-1871ht_noter.xml" corresp="noteT12_489">1864</HIS:hisRef>, midt under Krigen, og under Forholde, som nu ikke længere ere tillstede. Den <anchor type="lemma" xml:id="koB12_1754"/>Privatskrivelse, hvormed <HIS:hisRef type="person" target="Navneregister_HISe.xml#peCHau">Theatrets Censor, Conferentsraad Hauch</HIS:hisRef>, tillbagesendte Stykket, og som jeg ved Lejlighed skal vise Dem, var over al Maade anerkjendende. Sproget maa rettes paa og det kan med Letthed ske. Till <pb n="[3]"/>Stokholm har jeg aldrig før henvendt mig, og dersteds vil forhaabentlig ingen Vanskeligheder gjøres. Skulde nu Stykket ivinter paa disse Steder blive spillet, saa turde denne Omstændighed maaske være gunstig for en ny Udgave?! Hermed har det nu imidlertid ingen Hast. Hvad jeg agter at bede Dem om, er, at De godhedsfuldt vil oppgive mig (med Titulatur, Adresse og alt) till hvem jeg i Kjøbenhavn har at indlevere Stykket, – samt meddele mig <HIS:hisRef type="person" target="Navneregister_HISe.xml#peLD">Hr: L. <anchor type="lemma" xml:id="koB12_1755"/>Dietrichsons</HIS:hisRef> Adresse i Stokholm, hvor han formentlig for Tiden oppholder sig. Skulde <emph>han</emph> ikke være der, saa har jeg dersteds <anchor type="lemma" xml:id="koB12_1756"/>andre Bekjendte, som kan forberede det fornødne.</p>
<p>Jeg beder Dem, ikke at blive altfor utaalmodig over den megen Ulejlighed, jeg forvolder Dem; nogen særdeles Hastværk med de begjærede Opplysninger har det ikke.</p>
<salute>Deres hengivne</salute>
<signed>Henrik Ibsen.</signed>
</div>
</body>
</text>