<?xml version="1.0" encoding="UTF-8"?><text xmlns="http://www.tei-c.org/ns/1.0" xmlns:HIS="http://www.example.org/ns/HIS" rend="letter" corresp="B18730604PNA" xml:lang="da-no">
<body>
<div type="letter">
<dateline>
                            <pb n="[1]"/>Dresden den <date>4<hi rend="raised">de</hi> Juni 1873</date>.</dateline>
<salute>Højstærede herr Arbo!</salute>
<p>Hjertelig tak for <anchor type="lemma" xml:id="koB13_919"/>Deres sidste venlige brev! Idag tillader jeg mig kun at tilskrive Dem et par ord i al hast. Det er min agt at afrejse herfra Thorsdagen den 12<hi rend="raised">te</hi> dennes og skal jeg da efter planen kunne være i <HIS:hisRef type="place" target="Navneregister_HISe.xml#plWien">Wien</HIS:hisRef> næste morgen. Tør jeg nu bede Dem om, hvis det er Dem muligt, at reservere mig et værelse for et par dage i det <anchor type="lemma" xml:id="koB13_920"/>hotel, hvori De selv boer? Jeg forudsætter nemlig at De har valgt Deres bolig så nogenlunde i nærheden af udstillingen. Og tør jeg derhos, hvis det lykkes Dem at sikkre mig et sådant rum, anmode Dem om med et par ord at lade mig det vide, samt opgive mig hotellets navn og adresse? – Tag ikke disse gentagne henvendelser ilde op! Når jeg først er kommen under tag, skal jeg ikke trække flere veksler på Deres hjælpsomhed – undtagen hvad gode råd angår; og i håbet om at De ikke vil unddrage mig disse, tegner jeg mig ærbødigst</p>
<salute>Deres særdeles forbundne</salute>
<signed>Henrik Ibsen.</signed>
</div>
</body>
</text>