<?xml version="1.0" encoding="UTF-8"?><text xmlns="http://www.tei-c.org/ns/1.0" xmlns:HIS="http://www.example.org/ns/HIS" rend="letter" corresp="B18520425NTB" xml:lang="da-no">
<front>
<pb n="[a]"/>
<HIS:envelope type="sheet">
<address>
<addrLine>Til</addrLine>
<addrLine>Bestyrelsen for det norske Theater</addrLine>
<addrLine>i Bergen.</addrLine>
</address>
<stamp>franco</stamp>
</HIS:envelope>
</front>
<body>
<div type="letter">
<dateline>
                            <pb n="[1]"/>Kjøbenhavn den <date>25<hi rend="raised">de</hi> April 1852</date>.</dateline>
<salute>Til <anchor type="lemma" xml:id="koB12_79"/>Theaterbestyrelsen!</salute>
<p>Herved har jeg den Fornøielse at kunne underrette den ærede Bestyrelse om, at der gjennem <HIS:hisRef type="person" target="Navneregister_HISe.xml#peJLHe">
                                <anchor type="lemma" xml:id="koB12_80"/>Prof: Heiberg</HIS:hisRef> er aabnet os Adgang til <HIS:hisRef type="org" target="Navneregister_HISe.xml#orgKT">
                                <anchor type="lemma" xml:id="koB12_81"/>Theatrets</HIS:hisRef> Forestillinger; hvad Prøverne angaaer, saa troede Professoren ikke, at vi kunde have synderlig Nytte af at <anchor type="lemma" xml:id="koB12_82"/>frekventere Samme, da der for Øieblikket <anchor type="lemma" xml:id="koB12_83"/>intet Nyt er under <HIS:hisRef type="tcNote" xml:id="noteT12_38" target="B1844-1871ht_noter.xml" corresp="noteT12_38">Indstudering.</HIS:hisRef> – Saavel Heiberg som <HIS:hisRef type="person" target="Navneregister_HISe.xml#peTO">
                                <anchor type="lemma" xml:id="koB12_84"/>Herr Overschou</HIS:hisRef> har modtaget os med overordentlig Velvillie, og det vil gjennem den Sidstnævnte falde mig let, at faa al den Underretning om <anchor type="lemma" xml:id="koB12_85"/>Theatrets indre Organisation, som jeg maatte behøve. Med Hensyn til <anchor type="lemma" xml:id="koB12_86"/>hvad Instruxen forøvrigt paalægger mig, <HIS:hisRef type="tcNote" xml:id="noteT12_39" target="B1844-1871ht_noter.xml" corresp="noteT12_39">saasom</HIS:hisRef> Anskaffelse af <anchor type="lemma" xml:id="koB12_87"/>en Dandselærer til <anchor type="lemma" xml:id="koB12_88"/>Bruun og hans Kone, o. s. v, da har jeg endnu ikke kunnet faaet dette arrangeret, men haaber dog at dette i Løbet af <pb n="[2]"/>næste Uge vil kunne skee, og skal jeg da tillade mig udførligere at tilskrive den ærede Bestyrelse. Min Adresse er: Reverentsgaden N<hi rend="raised">o</hi> 205, <anchor type="lemma" xml:id="koB12_89"/>2<hi rend="raised">den</hi> Sal. –</p>
<salute>Ærbødigst</salute>
<signed>Henr: Ibsen</signed>
</div>
</body>
</text>