<?xml version="1.0" encoding="UTF-8"?><text xmlns="http://www.tei-c.org/ns/1.0" xmlns:HIS="http://www.example.org/ns/HIS" rend="letter" corresp="B18461207JCP" xml:lang="da-no">
<body>
<div type="letter">
 <salute>
                            <pb n="[1]"/>
                            <anchor type="lemma" xml:id="koB12_18b"/>S.T: Hr. Byfoged Preus.</salute>
<p>Opfordret af <anchor type="lemma" xml:id="koB12_19"/>Deres Velbaarenhed til at erklære om jeg vedgaaer eller nægter at være Fader til et af <HIS:hisRef type="person" target="Navneregister_HISe.xml#peESJB">Pigen Else Sophie Jensdatter Birkedalen</HIS:hisRef> født Drengebarn, som i Daaben den 25<hi rend="raised">de</hi> October sidstleden er kaldet <HIS:hisRef type="person" target="Navneregister_HISe.xml#peHJHB">Hans Jacob</HIS:hisRef>, maa jeg herved ærbødigst meddele, at jeg ikke, uagtet Pigens Samqvem ogsaa med andre Mandspersoner paa den vedkommende Tid, bestemt tør fralægge mig bemeldte <anchor type="lemma" xml:id="koB12_20"/>Paternitet, da jeg desværre med hende har pleiet legemlig Omgang, hvortil hendes fristende Adfærd og samtidige Tjeneste med mig hos <HIS:hisRef type="person" target="Navneregister_HISe.xml#peJAR">Apotheker Reimann</HIS:hisRef> i lige Grad gav Anledning.</p>
<p>Jeg er nu i <anchor type="lemma" xml:id="koB12_21"/>20<hi rend="raised">de</hi> Aar gl:, eier aldeles Intet, uden nogle tarvelige Klæder, Skoetøi og Linned og <anchor type="lemma" xml:id="koB12_22"/>skal om kort Tid forlade <HIS:hisRef type="place" target="Navneregister_HISe.xml#plGri">Grimstad</HIS:hisRef> Apothek, ved hvilket jeg som Lærling og altsaa uden nogen anden Løn, end Kosthold og de ovennævnte Fornødenheder, <anchor type="lemma" xml:id="koB12_23"/>har opholdt mig siden Sommeren 1843. Min endnu levende <HIS:hisRef type="person" target="Navneregister_HISe.xml#peKPI">Fader</HIS:hisRef>, til hvem jeg nødsages for det Første at begive mig, er en af de mindre Handelsmænd i <HIS:hisRef type="place" target="Navneregister_HISe.xml#plSki">Skien</HIS:hisRef> og <pb n="[2]"/>befinder sig i høist maadelige Kaar.</p>
<dateline>Grimstad den <date>7<hi rend="raised">de</hi> Decbr: 1846</date>.</dateline>
<salute>Ærbødigst</salute>
<signed>Henr Ibsen</signed>
</div>
<div type="postscript">
<p>Til Vitterlighed:</p>
<signed>J. Reimann.</signed>
<signed>J. A. Gjems</signed>
</div>
</body>
</text>