<?xml version="1.0" encoding="UTF-8"?><text xmlns="http://www.tei-c.org/ns/1.0" xmlns:HIS="http://www.example.org/ns/HIS" rend="letter" corresp="B18731204NN_Til_observation" xml:lang="da-no">
<body>
<div type="letter">
<salute>
                            <pb n="[1]"/>Til observation på <anchor type="lemma" xml:id="koB13_1288"/>Romertoget! –</salute>
<p>
                            <anchor type="lemma" xml:id="koB13_1289"/>1 gulden bayr: = 60 Kreutzer = 17 ½ groschen</p>
<p>Ved stationen <anchor type="lemma" xml:id="koB13_1290"/>Ala (eller nabostationen) er visitation af bagagen.</p>
<p>
                            <anchor type="lemma" xml:id="koB13_1291"/>Brug ikke guld- eller sølvmynter i <HIS:hisRef type="tcNote" xml:id="noteT13_196a" target="B1871-1879ht_noter.xml" corresp="noteT13_196a">
                                <HIS:hisRef type="place" target="Navneregister_HISe.xml#plIt">Italien</HIS:hisRef>.</HIS:hisRef> Byt hos en vekseler metallet imod papir; derved vindes 10–12 p: ct. (f: ex: for et guldstykke på 20 lire eller frcs: erholder man 22 lire papir eller mere.)</p>
<p>Glem ikke Deres venner i <HIS:hisRef type="place" target="Navneregister_HISe.xml#plDre">Dresden</HIS:hisRef>!!</p>
<dateline>Dresden <date>4.12.73</date>.</dateline>
<signed>Henrik Ibsen.</signed>
</div>
</body>
</text>