<?xml version="1.0" encoding="UTF-8"?><text xmlns="http://www.tei-c.org/ns/1.0" xmlns:HIS="http://www.example.org/ns/HIS" rend="letter" corresp="B18701220GB" xml:lang="da-no">
                <body>
<div type="letter">
<dateline>
                            <pb n="[1]"/>Dresden den <date>20<hi rend="raised">de</hi> December 1870</date>. –</dateline>
<salute>Kjære Georg Brandes!</salute>
<p>Hver dag har De været i mine tanker i denne tid. At <anchor type="lemma" xml:id="koB12_2724"/>De var syg, havde jeg fået at vide både af <HIS:hisRef type="person" target="Navneregister_HISe.xml#peFH">cancelliråd Hegel</HIS:hisRef> og gjennem de norske aviser; men jeg frygtede at De endnu var for svag til at modtage breve, og derfor skrev jeg ikke.</p>
<p>Nu føler jeg mig så beroliget siden jeg igår modtog Deres venlige linjer. Hjertelig tak, at De har tænkt på mig!</p>
<p>De spørger, hvad De i fremtiden bør foretage Dem. Jo, det skal jeg sige. I den nærmeste fremtid skal De slet ikke foretage Dem noget. De skal give både fantasien og tanken ferie på ubestemt tid; De skal ligge stille og forædles; thi det er just det velsignede ved slige <pb n="[2]"/>sygdomme, – således som man går ud af dem! Der forestår Dem en herlig tid når De begynder at komme til <HIS:hisRef type="tcNote" xml:id="noteT12_703" target="B1844-1871ht_noter.xml" corresp="noteT12_703">kræfter</HIS:hisRef>. Jeg <anchor type="lemma" xml:id="koB12_2725"/>ved det af egen erfaring; alle onde tanker var vegne fra mig; jeg vilde kun spise og drikke hvad der var fint og let; alle grove ting, syntes jeg, vilde smudse mig. Det er en ubeskrivelig tilstand af taknemmelighed og velvære.</p>
<p>Og når De så er bleven stærk og dygtig igjen, hvad skal De så gjøre? Jo, da skal De gjøre, hvad De <emph>må</emph> gjøre. En natur som Deres vælger ikke. –</p>
<p>Jeg vil ikke skrive langt; thi det har De ikke godt af. Og De bør slet ikke skrive for det første. –</p>
<p>I sommer var jeg i <HIS:hisRef type="place" target="Navneregister_HISe.xml#plKbh">Kjøbenhavn</HIS:hisRef>. De har mange, mange venner og tilhængere der; flere kanske, end De selv tror. Bliver De nu fraværende en tid, så er det desto bedre; man står sig altid på at lade sig savne.</p>
<p>
                            <pb n="[3]"/>Så har man da nu <anchor type="lemma" xml:id="koB12_2726"/>taget <HIS:hisRef type="place" target="Navneregister_HISe.xml#plRom">Rom</HIS:hisRef> fra os mennesker og givet det til politikerne. Hvor skal vi nu hen? Rom var det eneste fredlyste sted i <HIS:hisRef type="place" target="Navneregister_HISe.xml#plEu">Europa</HIS:hisRef>; det eneste sted, der nød den sande frihed, <anchor type="lemma" xml:id="koB12_2727"/>friheden for det politiske frihedstyranni. Jeg tror ikke, jeg vil gjensé det efter hvad der er passeret. Alt det dejlige, umiddelbarheden, smudset, vil nu forsvinde; for hver en statsmand, som opstår dernede, vil der gå en kunstner tilgrunde. Og så den herlige frihedstrang, – den er nu forbi; ja, <emph>jeg</emph> må i al fald sige, at det eneste jeg elsker ved friheden, er kampen for den; besiddelsen bryder jeg mig ikke om. –</p>
<p>En morgen for nogen tid siden gik <anchor type="lemma" xml:id="koB12_2728"/>mit nye arbejde klart og slående op for mig, og i øjeblikkets overstrømmende glæde skrev jeg et brev til Dem. Det blev ikke afsendt; thi stemningen bar ikke længe, og da den var over <pb n="[4]"/>kunde jeg ikke bruge det.</p>
<p>Verdensbegivenhederne optager for øvrigt en stor del af mine tanker. <anchor type="lemma" xml:id="koB12_2729"/>Det gamle illusoriske <HIS:hisRef type="place" target="Navneregister_HISe.xml#plFr">Frankrig</HIS:hisRef> er slået istykker; når nu også det nye faktiske <HIS:hisRef type="place" target="Navneregister_HISe.xml#plPr">Preussen</HIS:hisRef> er slået istykker, så er vi med et spring inde i en vordende tidsalder. Hej, hvor ideerne da vil ramle rundt omkring os! Og det kan sandelig også være på tiden. Alt det vi <anchor type="lemma" xml:id="koB12_2730"/>til dato lever på, er jo dog kun smulerne fra revolutionsbordet i forrige århundrede, og den kost er jo dog nu længe nok tygget og tygget om igjen. Begreberne trænger til et nyt indhold og en ny forklaring. <anchor type="lemma" xml:id="koB12_2731"/>Frihed, lighed og broderskab er ikke længere de samme ting, som de var i <anchor type="lemma" xml:id="koB12_2732"/>salig Guillotinens dage. Dette er det, som politikerne ikke vil forstå, og derfor hader jeg dem. De mennesker vil kun <HIS:hisRef type="tcNote" xml:id="noteT12_704" target="B1844-1871ht_noter.xml" corresp="noteT12_704">specialrevolutioner</HIS:hisRef>, revolutioner i det ydre, i det politiske o. s. v. Men alt sligt er <anchor type="lemma" xml:id="koB12_2733"/>pilleri. Hvad det gjælder er menneskeåndens <anchor type="lemma" xml:id="koB12_2734"/>revoltering, og der skal <emph>De</emph> være en af dem, som går i spidsen. Men først skal De <anchor type="lemma" xml:id="koB12_2735"/>få feberen fra halsen.</p>
<salute>Deres hengivne ven</salute>
                        <signed>Henrik Ibsen.</signed>
</div>
</body>
</text>