<?xml version="1.0" encoding="UTF-8"?><text xmlns="http://www.tei-c.org/ns/1.0" xmlns:HIS="http://www.example.org/ns/HIS" rend="letter" corresp="B18710213AK" xml:lang="da-no">
<front>
<pb n="[a]"/>
<HIS:envelope type="envelope">
<address>
<addrLine>Hr: Højesteretsadvokat A: Klubien.</addrLine>
<addrLine>Holmens Kanal, N<hi rend="raised">o</hi> 4.</addrLine>
<addrLine>Kopenhagen.</addrLine>
</address>
<stamp>fr:</stamp>
</HIS:envelope>
</front>
<body>
<div type="letter">
<dateline>
                            <pb n="[1]"/>Dresden <date>13<hi rend="raised">de</hi> Februar 1871</date>. –</dateline>
<salute>Kære Klubien!</salute>
<p>Idag modtog jeg med posten et overmåde skønt dokument, nemlig en skrivelse fra <anchor type="lemma" xml:id="koB12_2970"/>
                            <HIS:hisRef type="org" target="Navneregister_HISe.xml#orgKUMin">kultusministeriet</HIS:hisRef> indeholdende <anchor type="lemma" xml:id="koB12_2971"/>min udnævnelse til ridder af Dannebrog. Dekorationen vil blive mig tilstillet fra <HIS:hisRef type="person" target="Navneregister_HISe.xml#peCFS">
                                <anchor type="lemma" xml:id="koB12_2972"/>vicekantsleren</HIS:hisRef> for de kongelige ordener.</p>
<p>Gid jeg nu tilfulde kunde takke <anchor type="lemma" xml:id="koB12_2973"/>de mænd, der har været virksomme i denne sag! Går det efter mit ønske, så skal jeg besynge dem ved deres respektive <anchor type="lemma" xml:id="koB12_2974"/>diamant-jubilæer. Da dette tidspunkt imidlertid ligger temmelig fjernt, så beder jeg Dig <anchor type="lemma" xml:id="koB12_2975"/>privatim være min tolk så længe. Hvad Dig selv angår behøver jeg ikke at sige mere!</p>
<p>Men nu må Du tillige sige mig hvad jeg officielt har at gøre. Skal jeg sende en skrivelse til <anchor type="lemma" xml:id="koB12_2976"/>
                            <HIS:hisRef type="person" target="Navneregister_HISe.xml#peCCH">excellentsen Hall</HIS:hisRef> <HIS:hisRef type="tcNote" xml:id="noteT12_723" target="B1844-1871ht_noter.xml" corresp="noteT12_723">og en</HIS:hisRef> d<hi rend="raised">o</hi> til kultusministeriet? At jeg i sin tid til <anchor type="lemma" xml:id="koB12_2977"/>ordenskantsleren taknemmeligst erkender modtagelsen af <pb n="[2]"/>dekorationen, er vel en selvfølge? Men i hvilken af disse skrivelser skal jeg udtale min tak til <anchor type="lemma" xml:id="koB12_2978"/>
                            <HIS:hisRef type="person" target="Navneregister_HISe.xml#peKongChr9">Hs: Majestæt</HIS:hisRef>? Thi dette må dog vel gøres. Jeg er ubekendt med <anchor type="lemma" xml:id="koB12_2979"/>danske vedtægter i denne henseende. Råd mig derfor med et par ord.</p>
<p>Gentagende tak! Denne æresbevisning er en stor sag for mig; større, end jeg for tiden kan sige! –</p>
<p>Jeg er fortiden i fuldt arbejde med udgivelsen af <anchor type="lemma" xml:id="koB12_2980"/>
                            <HIS:hisRef type="work" target="Navneregister_HISe.xml#woDi">min digtsamling</HIS:hisRef>, der kommer om kort <HIS:hisRef type="tcNote" xml:id="noteT12_724" target="B1844-1871ht_noter.xml" corresp="noteT12_724">tid</HIS:hisRef> i et voldsomt stort oplag og mod et mere end tilsvarende <anchor type="lemma" xml:id="koB12_2981"/>honorar. Det skal være mig magtpåliggende at sørge for at <anchor type="lemma" xml:id="koB12_2982"/>carissimo bliver en af bogens første læsere.</p>
<p>Forhåbentlig er nu <anchor type="lemma" xml:id="koB12_2983"/>postgangen igen så vidt genoprettet over Belterne at dette brev i nogenlunde rimelig tid vil kunne komme Dig ihænde.</p>
<p>Hjertelige hilsener!</p>
<salute>Din hengivne</salute>
<signed>Henrik Ibsen.</signed>
</div>
<div type="postscript">
<p>P. S: De korrekte titler til udskrifter på de fornødne skrivelser vilde jeg også gerne modtage en underretning om, hvis sådant ikke skulde volde Dig særligt besvær.</p>
<signed>H. I.</signed>
</div>
</body>
</text>