<?xml version="1.0" encoding="UTF-8"?><text xmlns="http://www.tei-c.org/ns/1.0" xmlns:HIS="http://www.example.org/ns/HIS" rend="letter" corresp="B18730430GB" xml:lang="da-no">
<body>
<div type="letter">
<dateline>
                            <pb n="[1]"/>Dresden den <date>30<hi rend="raised">te</hi> April 1873</date>. –</dateline>
<salute>Kære Brandes!</salute>
<p>De har visselig fuld <anchor type="lemma" xml:id="koB13_866"/>føje til at klage over min uefterrettelighed i brevskrivervejen; men til min undskyldning må tjene at jeg siden <anchor type="lemma" xml:id="koB13_867"/>vi såes knapt har havt pennen ude af hånd undtagen for at spise og sove.</p>
<p>Jeg takker Dem hjerteligst for bøgerne. <anchor type="lemma" xml:id="koB13_868"/>«Ladislaus Bolski» læste jeg med stor interesse; skønt Deres mundtlige fremstilling af indholdet gjorde på mig en fuldt så stærk virkning som læsningen af selve bogen.</p>
<p>Men nu <HIS:hisRef type="person" target="Navneregister_HISe.xml#peSMi">
                                <anchor type="lemma" xml:id="koB13_869"/>Stuart Mills</HIS:hisRef> skrift! Jeg ved ikke om jeg tør udtale mig om en sag, hvori jeg ikke er fagmand. Dog, når jeg betænker at der gives forfattere, som skriver om filosofi <anchor type="lemma" xml:id="koB13_870"/>uden at kende <HIS:hisRef type="person" target="Navneregister_HISe.xml#peGWFHe">Hegel</HIS:hisRef> eller den tyske videnskab overhovedet, så synes jeg at mangt og meget kan være tilladt. Jeg vil da ærligt tilstå Dem at jeg aldeles ikke kan forstå at der skal ligge noget fremskridt eller nogen fremtid i den Stuart Millske retning. Jeg begriber ikke at De har villet påtage Dem den møje at oversætte dette skrift, der i <anchor type="lemma" xml:id="koB13_871"/>filistrøs vismandsmæssighed synes at minde om <HIS:hisRef type="person" target="Navneregister_HISe.xml#peCic">Cicero</HIS:hisRef> eller <HIS:hisRef type="person" target="Navneregister_HISe.xml#peLASe">Seneca</HIS:hisRef>. Det er min overbevisning at <HIS:hisRef type="tcNote" xml:id="noteT13_137" target="B1871-1879ht_noter.xml" corresp="noteT13_137">De</HIS:hisRef> i halvparten af den tid, oversættelsen må have kostet Dem, vilde have kunnet <pb n="[2]"/>skrive en ti gange bedre bog selv. Jeg tror også at De gør Stuart Mill højlig uret når De tvivler på sandfærdigheden af hans forsikring om at han har fåt alle sine ideer fra <HIS:hisRef type="person" target="Navneregister_HISe.xml#peHTM">
                                <anchor type="lemma" xml:id="koB13_872"/>sin kone</HIS:hisRef>. – De sagde engang i en samtale at medens den tyske filosofi satte sig som opgave at bestemme tingenes begreb, så gik den engelske filosofi ud på at påvise tingenes love. Denne ytring gjorde mig begærlig efter at læse noget af de <HIS:hisRef type="tcNote" xml:id="noteT13_138" target="B1871-1879ht_noter.xml" corresp="noteT13_138">engelske</HIS:hisRef> filosofer; men jeg kan aldeles ikke finde at Stuart Mill har løst den af Dem antydede opgave. «Tingene» er jo dog noget ganske andet end alskens urene forekomster og tilfældigheder. Der kan være nedlagt såre megen skarpsindighed i et sligt skrift; men hvis dette er videnskab, så er <anchor type="lemma" xml:id="koB13_873"/>«den kristelige ethik» også et videnskabeligt værk. – Alt dette tør jeg ikke videre indlade mig på at udvikle på papiret; men mundtlig <anchor type="lemma" xml:id="koB13_874"/>trøster jeg mig til at forsvare min mening. –</p>
<p>Deres <anchor type="lemma" xml:id="koB13_875"/>nye bog om den tyske romantiske skole glæder jeg mig meget til, og ikke mindre til at vi skal <anchor type="lemma" xml:id="koB13_876"/>mødes personligt igen. Men hvor? Til <HIS:hisRef type="place" target="Navneregister_HISe.xml#plMun">München</HIS:hisRef> kan jeg ikke komme i sommer. Men kan ikke De lægge vejen over <HIS:hisRef type="place" target="Navneregister_HISe.xml#plDre">Dresden</HIS:hisRef>? Herfra afrejser jeg til <HIS:hisRef type="place" target="Navneregister_HISe.xml#plWien">Wien</HIS:hisRef> henimod midten af Juni og blir der til udgangen af <HIS:hisRef type="tcNote" xml:id="noteT13_139" target="B1871-1879ht_noter.xml" corresp="noteT13_139">Juli</HIS:hisRef>. Kan De arrangere Deres rejseplan i overensstemmelse hermed, så gør det!</p>
<p>Vor fælles ven <HIS:hisRef type="person" target="Navneregister_HISe.xml#peAS">
                                <anchor type="lemma" xml:id="koB13_877"/>Adolf Strodtmann</HIS:hisRef> har taget mig mit digt <HIS:hisRef type="work" target="Navneregister_HISe.xml#woNS">«Nordens signaler»</HIS:hisRef> ilde op. Jeg <pb n="[3]"/>tilskrev ham et brev i anledning af <HIS:hisRef type="tcNote" xml:id="noteT13_140" target="B1871-1879ht_noter.xml" corresp="noteT13_140">at</HIS:hisRef> han i fortalen til <anchor type="lemma" xml:id="koB13_878"/>sin bog havde kaldt mit digt et <anchor type="lemma" xml:id="koB13_879"/>Hohngedicht imod <HIS:hisRef type="place" target="Navneregister_HISe.xml#plD">Tyskland</HIS:hisRef>; men da han i <anchor type="lemma" xml:id="koB13_880"/>sit svar lod indflyde den ytring at han ikke havde troet at jeg ønskede at man i Tyskland ikke skulde vide, hvad jeg skrev i danske blade, så har jeg ikke videre indladt mig med ham i denne sag. Jeg har naturligvis intet imod at man i Tyskland får vide, hvad jeg skriver i <HIS:hisRef type="place" target="Navneregister_HISe.xml#plDk">Danmark</HIS:hisRef>, men hvad jeg må protestere imod er falske fortolkninger af hvad jeg skriver. Digtet er ganske visst et håndigt, men ikke imod Tyskland. Der gives altfor meget hjemme i <HIS:hisRef type="place" target="Navneregister_HISe.xml#plN">vore egne lande</HIS:hisRef>, som det er mig magtpåliggende at håne, til at jeg skulde påtage mig den ulejlighed at håne Tyskerne. – Dette må idag være nok om Strodtmanns bog, om hvilken jeg forøvrigt mundtligt har adskilligt at sige Dem.</p>
<p>Altså – kom snart herned! De ventes med glæde, trods meningsforskelligheder i mangt og meget. Under alle omstændigheder lader De mig nok høre fra Dem, og lover jeg Dem da at være punktligere til at svare; thi nu har jeg tiden så omtrent til fuld rådighed.</p>
<p>Med hjertelige hilsener fra <HIS:hisRef type="person" target="Navneregister_HISe.xml#peSuI">min kone</HIS:hisRef> og mig selv –</p>
<salute>Deres hengivne</salute>
<signed>Henrik Ibsen.</signed>
</div>
</body>
</text>