<?xml version="1.0" encoding="UTF-8"?><text xmlns="http://www.tei-c.org/ns/1.0" xmlns:HIS="http://www.example.org/ns/HIS" rend="letter" corresp="B18690216Kdep" xml:lang="da-no">
<body>
<div type="letter">
<salute>
                            <pb n="[1]"/>Till Den kgl: norske Regjerings Departement for Kirke- og Undervisningsvæsnet!</salute>
<p>Henrik Ibsen ansøger om af de for næste <anchor type="lemma" xml:id="koB12_1845"/>Budgettermin till Videnskabsmænds og Kunstneres Rejser i Udlandet bevilgede Midler at maatte erholde 400 (fire hundrede) Spd<hi rend="raised">lr</hi> for derved at sættes istand till at afslutte sin udenlandske Rejse med <anchor type="lemma" xml:id="koB12_1846"/>et etaarigt Opphold i <HIS:hisRef type="place" target="Navneregister_HISe.xml#plSE">Sverig</HIS:hisRef>, væsentligt i det Øjemed at studere det svenske Folks <HIS:hisRef type="tcNote" xml:id="noteT12_514" target="B1844-1871ht_noter.xml" corresp="noteT12_514">Kultur-,</HIS:hisRef> Kunst- og Literatur-Forholde.–</p>
<p>I Sommeren 1863 behagede det den kgl: norske Regjerings Departement for Kirke- og Undervisningsvæsnet, ifølge mit derom indgivne Andragende, at bevilge mig af Fondet till Videnskabsmænds og Kunstneres Rejser i Udlandet en Sum, stor 400 Sp<hi rend="raised">d</hi> for dermed at foretage en otte Maaneders <anchor type="lemma" xml:id="koB12_1847"/>Rejse gjennem <HIS:hisRef type="place" target="Navneregister_HISe.xml#plD">Tyskland</HIS:hisRef>, <HIS:hisRef type="place" target="Navneregister_HISe.xml#plFr">Frankrig</HIS:hisRef> og <HIS:hisRef type="place" target="Navneregister_HISe.xml#plIt">Italien</HIS:hisRef>.</p>
<p>Med dette Stipendium <anchor type="lemma" xml:id="koB12_1848"/>forlod jeg <HIS:hisRef type="place" target="Navneregister_HISe.xml#plN">Norge</HIS:hisRef> i Begyndelsen af Aaret 1864, oppholdt mig omtrent en Maaned i <HIS:hisRef type="place" target="Navneregister_HISe.xml#plKbh">Kjøbenhavn</HIS:hisRef> samt ligesaa længe i <HIS:hisRef type="place" target="Navneregister_HISe.xml#plBerl">Berlin</HIS:hisRef>, hvor jeg, forsaavidt de Forudsættninger, jeg dengang var i Besiddelse af, tillod det, <anchor type="lemma" xml:id="koB12_1849"/>gjennemgik Museets Samlinger, gjorde mig bekjendt med <anchor type="lemma" xml:id="koB12_1850"/>de monumentale Værker i Architektur og Skulptur, besøgte de <anchor type="lemma" xml:id="koB12_1851"/>tillgjængelige private Kunstgallerier samt de derværende <anchor type="lemma" xml:id="koB12_1852"/>Theatre af forskjellige Slags.</p>
<p>Min Rejseplan havde, som ovenfor antydet, været, først at tage Tyskland grundigt, derfra at gaa till Frankrig og saa at slutte med Italien. Men jeg kom snart till Erkjendelse af at jeg, for at rejse med den størst <pb n="[2]"/>mulige Nytte, burde gaa frem i omvendt Orden. Det blev mig indlysende at jeg maatte begynde med Begyndelsen, følge <anchor type="lemma" xml:id="koB12_1853"/>Kulturstrømmens og Kunstudviklingens historiske Gang, saafremt jeg skulde kunne haabe tillgavns <HIS:hisRef type="tcNote" xml:id="noteT12_515" target="B1844-1871ht_noter.xml" corresp="noteT12_515">at</HIS:hisRef> forstaa Fenomenerne fra de <anchor type="lemma" xml:id="koB12_1854"/>sildigere Standpunkter. Jeg besluttede altsaa, strax at begive mig till Italien, og rejste derfor, efter kortere Opphold i <HIS:hisRef type="place" target="Navneregister_HISe.xml#plPra">Prag</HIS:hisRef>, <HIS:hisRef type="place" target="Navneregister_HISe.xml#plWien">Wien</HIS:hisRef> og <HIS:hisRef type="place" target="Navneregister_HISe.xml#plTri">Triest</HIS:hisRef>, till <HIS:hisRef type="place" target="Navneregister_HISe.xml#plVen">
                                <anchor type="lemma" xml:id="koB12_1855"/>Venedig</HIS:hisRef>, hvor jeg forblev i omtrent sex Uger.</p>
<p>Det vil være indlysende at Udbyttet af en almindelig Uddannelsesrejse vanskeligt lader sig paavise i det enkelte; Udbyttet vil væsentligt aabenbare sig i den Rejsendes modnere Erkjendelse, i hans humanere Dom <HIS:hisRef type="tcNote" xml:id="noteT12_516" target="B1844-1871ht_noter.xml" corresp="noteT12_516">og</HIS:hisRef> overhovedet i hans klarere Livssyn, noget, der ofte først senerehen kommer till Gjennembrud, alt eftersom det ufærdige faar Tid till at ordne sig. Jeg skal derfor indskrænke mig till i Korthed at betegne min Rejseroute.</p>
<p>Efterat være færdig med Venedig begav jeg mig till <anchor type="lemma" xml:id="koB12_1856"/>
                            <HIS:hisRef type="place" target="Navneregister_HISe.xml#plMil">Milano</HIS:hisRef>, hvor Domkirken og Billedgalleriet især lagde Beslag paa min Tid i de faa Dage, jeg forblev der. <anchor type="lemma" xml:id="koB12_1857"/>I <HIS:hisRef type="place" target="Navneregister_HISe.xml#plGen">Genua</HIS:hisRef> oppholdt jeg mig heller ikke længe, tog derfra med Dampskibet over <HIS:hisRef type="place" target="Navneregister_HISe.xml#plLiv">Livorno</HIS:hisRef> til Civita vecchia, og <anchor type="lemma" xml:id="koB12_1858"/>ankom i den sidste Halvdel af Juni till <HIS:hisRef type="place" target="Navneregister_HISe.xml#plRom">Rom</HIS:hisRef>.</p>
<p>Efter i en 14 Dages Tid at have orienteret mig, tog jeg Bolig for de hedeste og usundeste Sommermaaneder i Byen <HIS:hisRef type="place" target="Navneregister_HISe.xml#plGenz">Genzano</HIS:hisRef>, hvor jeg fortsatte det allerede tidligere under Rejsen, og navnlig i Venedig, paabegyndte <anchor type="lemma" xml:id="koB12_1859"/>Studium af det italienske Sprog, samt gjorde mig fortrolig med de mange fra den romerske Oldtids og Middelalders Historie bekjendte Punkter i den nærmeste Del af <HIS:hisRef type="place" target="Navneregister_HISe.xml#plAlfj">Albanerbjergene</HIS:hisRef>. I Oktober vendte jeg tillbage till Rom og indrettede mig med min Familje for et længere Opphold. De otte Rejsemaaneder vare rigtignok forbi og Stipendiet forbrugt; men jeg følte at jeg i alle Henseender endnu kun stod ved Begyndelsen, og det var mig desuden af mange Grunde lettere at blive, end at vende tillbage. <anchor type="lemma" xml:id="koB12_1860"/>Privat Understøttelse tillflød mig fra Hjemmet i den nærmest paafølgende Tid, og jeg kastede mig fra nu af helt og holdent paa <anchor type="lemma" xml:id="koB12_1861"/>Studiet af Kunst og Fortidslevninger, hvortill Lejligheden i hint Aar var særdeles gunstig for de Skandinaver, som dengang oppholdt sig dernede.</p>
<p>Nuværende akadem: <HIS:hisRef type="person" target="Navneregister_HISe.xml#peLD">Docent L. Dietrichson</HIS:hisRef>, dengang <anchor type="lemma" xml:id="koB12_1862"/>Privatsekretær hos <HIS:hisRef type="person" target="Navneregister_HISe.xml#peJB">
                                <HIS:hisRef type="tcNote" xml:id="noteT12_517" target="B1844-1871ht_noter.xml" corresp="noteT12_517">vor</HIS:hisRef> <anchor type="lemma" xml:id="koB12_1863"/>Konsul</HIS:hisRef> i Rom og Bibliothekar for <HIS:hisRef type="org" target="Navneregister_HISe.xml#orgSF">den skand: Forening</HIS:hisRef> sammesteds, foranstaltede nemlig i Vinterens <HIS:hisRef type="tcNote" xml:id="noteT12_518" target="B1844-1871ht_noter.xml" corresp="noteT12_518">Løb</HIS:hisRef> en <anchor type="lemma" xml:id="koB12_1864"/>Række af 20 Forelæsninger over det gamle Rom i archæologisk og topografisk Henseende. Herr Dietrichson er i disse Videnskabsgrene hjemme som faa, en Kjendsgjerning, der, ialfald udenfor hans Fædreland, indrømmes med fortjent Paaskjønnelse, hvorfor ogsaa de nævnte Forelæsninger, der afholdtes paa selve de omhandlede Steder, paa <HIS:hisRef type="place" target="Navneregister_HISe.xml#plFoRom">
                                <anchor type="lemma" xml:id="koB12_1865"/>forum romanum</HIS:hisRef>, <anchor type="lemma" xml:id="koB12_1866"/>paa <HIS:hisRef type="place" target="Navneregister_HISe.xml#plPAL">Palatin</HIS:hisRef> mellem Kejserborgens Ruiner, <anchor type="lemma" xml:id="koB12_1867"/>i <HIS:hisRef type="place" target="Navneregister_HISe.xml#plCate">Caracallas</HIS:hisRef> og i <HIS:hisRef type="place" target="Navneregister_HISe.xml#plTitu">Titus’s Thermer</HIS:hisRef>, o.s.v, o.s.v, – med Interesse og Nytte fulgtes af en talrig Tillhørerkreds fra samtlige skandinaviske Lande.</p>
<p>Paa de saaledes meddelte Resultater af den almindelige videnskabelige Forskning byggede jeg nu selvstændigt vidre, saavel ved den direkte Beskuelse som <anchor type="lemma" xml:id="koB12_1868"/>ved Læsning, og skal navnlig fremhæve, som et Punkt, der <HIS:hisRef type="tcNote" xml:id="noteT12_519" target="B1844-1871ht_noter.xml" corresp="noteT12_519">særligt</HIS:hisRef> interesserede mig, <anchor type="lemma" xml:id="koB12_1869"/>den græske Skulpturs Gjenoppblomstren i Italien gjennem den hadrianske Tidsalder.</p>
<p>
                            <pb n="[3]"/>Sommeren 1865 tillbragte jeg i <HIS:hisRef type="place" target="Navneregister_HISe.xml#plAric">
                                <anchor type="lemma" xml:id="koB12_1870"/>Ariccia</HIS:hisRef>, hovedsagelig beskjæftiget med <HIS:hisRef type="work" target="Navneregister_HISe.xml#woBr">
                                <anchor type="lemma" xml:id="koB12_1871"/>et større dramatisk Digt</HIS:hisRef>, der udkom i Kjøbenhavn den paafølgende Vinter. Fra Høsten af fortsatte jeg mine kunsthistoriske Studier i <HIS:hisRef type="tcNote" xml:id="noteT12_520" target="B1844-1871ht_noter.xml" corresp="noteT12_520">Rom,</HIS:hisRef> udvidende dem ogsaa till <anchor type="lemma" xml:id="koB12_1872"/>Mosaiken og den middelalderlige Malerkunst. Jeg foretog derhos i Selskab med <anchor type="lemma" xml:id="koB12_1873"/>endel danske Tourister en længere Fodvandring gjennem det indre af Landet, i <HIS:hisRef type="place" target="Navneregister_HISe.xml#plSAB">Sabinerbjergene</HIS:hisRef>, hvorefter vi fra <HIS:hisRef type="place" target="Navneregister_HISe.xml#plTi">
                                <anchor type="lemma" xml:id="koB12_1874"/>Tivoli</HIS:hisRef> vendte tillbage till Rom. Hyppige Udflugter i den romerske Campagne udfyldte forøvrigt Tiden, navnlig blev den gamle <anchor type="lemma" xml:id="koB12_1875"/>via appia, den romerske Gravgade, undersøgt, ligesaa <anchor type="lemma" xml:id="koB12_1876"/>Columbarierne og <anchor type="lemma" xml:id="koB12_1877"/>Katakomberne.</p>
<p>Den paafølgende Sommer boede jeg i <HIS:hisRef type="place" target="Navneregister_HISe.xml#plFras">
                                <anchor type="lemma" xml:id="koB12_1878"/>Frascati</HIS:hisRef>, studerede Roms Historie samt Kirkehistorie (væsentligst <anchor type="lemma" xml:id="koB12_1879"/>
                            <HIS:hisRef type="person" target="Navneregister_HISe.xml#peTMom">Mommsen</HIS:hisRef> og <HIS:hisRef type="person" target="Navneregister_HISe.xml#peJAWN">Neander</HIS:hisRef>), gjennemgik till Fuldstændighed Udgravningerne ved <HIS:hisRef type="place" target="Navneregister_HISe.xml#plTus">
                                <anchor type="lemma" xml:id="koB12_1880"/>det gamle Tusculum</HIS:hisRef>, samt gjennemstrejfede Albanerbjergene i alle Rettninger.</p>
<p>I Løbet af Vinteren 1866–67 paabegyndte jeg <HIS:hisRef type="work" target="Navneregister_HISe.xml#woPG">
                                <anchor type="lemma" xml:id="koB12_1881"/>et nyt dramatisk Digt</HIS:hisRef> og drog om Vaaren med min Familje till <HIS:hisRef type="place" target="Navneregister_HISe.xml#plNa">Neapel</HIS:hisRef>. Storthinget havde da tillstaaet mig en Digtergage af 400 Sp<hi rend="raised">d</hi> aarlig, og af Fondet till Videnskabsmænds og Kunstneres Rejser i Udlandet var der, ligeledes den foregaaende Sommer, bevilget mig et fornyet Stipendium, stort 350 Sp. Den private Understøttelse var naturligvis forlængst opphørt; men ved den nævnte Liberalitet fra Statsmagternes Side, i Forbindelse med de efter vore Forholde rigelige Honorarer, der Tid efter anden tillflød mig fra Kjøbenhavn, sattes jeg istand till at udvide min opprindelige Rejseplan ogsaa till det sydlige Italien. – Fra Neapel begav vi os over till Øen <HIS:hisRef type="place" target="Navneregister_HISe.xml#plIsc">Ischia</HIS:hisRef>, hvor jeg tillbragte omtrent tre <HIS:hisRef type="tcNote" xml:id="noteT12_521" target="B1844-1871ht_noter.xml" corresp="noteT12_521">Maaneder</HIS:hisRef>, væsentlig beskjæftiget med mit nye literære Arbejde, som derpaa fuldførtes under et paafølgende tremaaneders Opphold i <HIS:hisRef type="place" target="Navneregister_HISe.xml#plSorr">Sorrento</HIS:hisRef>.</p>
<p>Det havde været min <HIS:hisRef type="tcNote" xml:id="noteT12_522" target="B1844-1871ht_noter.xml" corresp="noteT12_522">opprindelige</HIS:hisRef> Tanke, fra Sorrento over <HIS:hisRef type="place" target="Navneregister_HISe.xml#plAma">Amalfi</HIS:hisRef> og <HIS:hisRef type="place" target="Navneregister_HISe.xml#plSale">Salerno</HIS:hisRef> at trænge frem till <anchor type="lemma" xml:id="koB12_1882"/>Pestum for at undersøge de storartede Tempelruiner dersteds. Men den tilltagende Usikkerhed, i Forbindelse med en meget ondartet Malaria og Cholera, gjorde et saadant Foretagende paa den Tid aldeles utillraadeligt. Jeg tillbragte derimod nogle Dage i <anchor type="lemma" xml:id="koB12_1883"/>
                            <HIS:hisRef type="place" target="Navneregister_HISe.xml#plPom">Pompeji</HIS:hisRef>, hvis Udgravninger jeg nøje undersøgte, og drog derfra igjen till Neapel, hvor jeg især gjennemgik <anchor type="lemma" xml:id="koB12_1884"/>Museo borbonicos mangeartede Samlinger, og hvor jeg i rigeste Maal fandt den i Rom, som i det øvrige Italien, savnede Anledning till at gjøre mig bekjendt med <anchor type="lemma" xml:id="koB12_1885"/>det antike Freskomaleri i dets højeste Fuldendelse.</p>
<p>Allerede under vort Opphold i Sorrento var <anchor type="lemma" xml:id="koB12_1886"/>den <HIS:hisRef type="person" target="Navneregister_HISe.xml#peGGa">garibaldistiske</HIS:hisRef> Oppstand udbrudt i <HIS:hisRef type="place" target="Navneregister_HISe.xml#plVat">Pavestaten</HIS:hisRef>. Jeg paaskyndede derfor saavidt muligt Afrejsen fra Neapel, da det var mig magtpaaliggende at komme tillbage till Rom. Ved Grænsen fandt vi imidlertid allerede <anchor type="lemma" xml:id="koB12_1887"/>Jernbanen oppbrudt, Stationerne vare forladte og hele Strøget i <anchor type="lemma" xml:id="koB12_1888"/>Insurgenternes Hænder. Vi maatte derfor tage vor Tillflugt till en liden Bjergby, <HIS:hisRef type="place" target="Navneregister_HISe.xml#plSanGer">
                                <anchor type="lemma" xml:id="koB12_1889"/>San Germano</HIS:hisRef>, hvorfra det omsider, efter 14 Dages Venten, lykkedes os at slippe over Grænsen og i god Behold at naa Rom, hvor jeg nu tog mit fjerde Vinteropphold. Hele denne lange Udflugt till Syditalien har været mig <HIS:hisRef type="tcNote" xml:id="noteT12_523" target="B1844-1871ht_noter.xml" corresp="noteT12_523">meget</HIS:hisRef> <anchor type="lemma" xml:id="koB12_1890"/>bekostelig.</p>
<p>Till at blive færdig med Rom vilde der udkræves et helt Menneskeliv; og man vilde dog ikke blive færdig. Jeg tror imidlertid, jeg <pb n="[4]"/>tør sige, at jeg, efter ogsaa i denne fjerde Vinter at have benyttet Tiden og Anledningen paa bedste Maade, kjender i det væsentlige alt, hvad Rom og Omegn indeslutter af Kunst og Fortidslevninger. I <anchor type="lemma" xml:id="koB12_1891"/>Vatikanets og Kapitoliets Samlinger følte jeg mig som hjemme; <anchor type="lemma" xml:id="koB12_1892"/>de private Museer havde jeg till Fuldstændighed gjennemgaaet og havde derhos gjort mig fortrolig med <anchor type="lemma" xml:id="koB12_1893"/>den ældre kristelige Kirkebyggning paa dens forskjellige Udviklingsstadier. Og foruden denne bestemte Kundskabsmasse formener jeg ogsaa at have vundet frem till den indre Forædling i Syn, i Betragtning og i Dom, som vel tillsidst bør sættes som Rejsens højeste Formaal. Jeg fandt det derfor rigtigst at forlade Italien.</p>
<p>I <anchor type="lemma" xml:id="koB12_1894"/>afvigte Foraar forlod jeg saaledes Rom, oppholdt mig en Maaned i <HIS:hisRef type="place" target="Navneregister_HISe.xml#plFir">Florentz</HIS:hisRef>, hvor jeg hovedsageligt gjennemgik de overordentlig rige <anchor type="lemma" xml:id="koB12_1895"/>Samlinger i Palazzo Pitti og i degli Uffizzii, m.m, tog derfra for et Par Uger till Venedig, besaa <anchor type="lemma" xml:id="koB12_1896"/>Amfitheatret i <HIS:hisRef type="place" target="Navneregister_HISe.xml#plVer">Verona</HIS:hisRef>, og rejste over Brenner till <HIS:hisRef type="place" target="Navneregister_HISe.xml#plSal">Salzburg</HIS:hisRef>, hvorefter jeg tillbragte Sommeren i <HIS:hisRef type="place" target="Navneregister_HISe.xml#plTy">Tyrol</HIS:hisRef>.</p>
<p>September Maaned anvendte jeg till i <anchor type="lemma" xml:id="koB12_1897"/>
                            <HIS:hisRef type="place" target="Navneregister_HISe.xml#plMun">München</HIS:hisRef> at studere de mange righoldige Kunstskatte, som dersteds findes opphobede, og har nu for indeværende Vinter taget fast Bolig i <anchor type="lemma" xml:id="koB12_1898"/>Dresden, hvor jeg beskjæftiger mig med Fuldførelsen af <HIS:hisRef type="work" target="Navneregister_HISe.xml#woUF">
                                <anchor type="lemma" xml:id="koB12_1899"/>et nyt literært Arbejde</HIS:hisRef>. – Af de <anchor type="lemma" xml:id="koB12_1900"/>to førnævnte, under min Udenlandsrejse tillblevne Digte, er der till Dato, altsaa i Løbet af ikke fuldt tre Aar, udkommet <anchor type="lemma" xml:id="koB12_1901"/>syv forskjellige Opplag, hvorhos jeg har besørget en gjennemseet og <HIS:hisRef type="work" target="Navneregister_HISe.xml#woKK">
                                <anchor type="lemma" xml:id="koB12_1902"/>rettet Udgave af en ældre Digtning</HIS:hisRef>.</p>
<p>Jeg ønskede nu gjerne at kunne komme hjem; men jeg kan ikke bekvemme mig till at vende tillbage uden at have erhvervet mig det efter min Formening for enhver Nordmand nødvendige Kjendskab till Sverig og till svenske Forholde. Men skal jeg af egne Midler bestride denne Udflugt, saa vil jeg desværre se mig nødsaget till at udskyde min Hjemkomst paa ubestemt Tid, – og i en nærmere Fremtid tror jeg dog at kunne gjøre Nytte hjemme. Nogen nærmere Begrundelse af mit Forsætt at besøge Sverig, tør forhaabentlig ligeoverfor det høje Departement ansees unødvendig. Jeg erkjender med Takknemmelighed at der gives faa norske Videnskabsmænd eller Kunstnere, som <HIS:hisRef type="tcNote" xml:id="noteT12_524" target="B1844-1871ht_noter.xml" corresp="noteT12_524">af</HIS:hisRef> Statens Midler have nydt større Rejseunderstøttelser end jeg; men jeg tror paa den anden Side ogsaa at turde paastaa, at der ikke gives nogen norsk Videnskabsmand eller Kunstner, der i den Udstrækkning, som jeg, har anvendt sit eget Erhverv till Udviklingsrejser i Udlandet. Jeg har nu med min Familje været fraværende i fem Aar.</p>
<p>I Henhold hertill er det at jeg herved ansøger om af de for næste Budgettermin till Videnskabsmænds og Kunstneres Rejser i Udlandet bevilgede Midler at maatte erholde et Stipendium, stort fire hundrede Spd<hi rend="raised">lr</hi>, for under et etaarigt Opphold i Sverig at studere det svenske Folks <HIS:hisRef type="tcNote" xml:id="noteT12_525" target="B1844-1871ht_noter.xml" corresp="noteT12_525">Kultur-,</HIS:hisRef> Kunst- og Literaturforholde.</p>
<dateline>Dresden den <date>16<hi rend="raised">de</hi> Februar 1869</date>.</dateline>
<salute>ærbødigst</salute>
<signed>Henrik Ibsen.</signed>
</div>
</body>
</text>