<?xml version="1.0" encoding="UTF-8"?><text xmlns="http://www.tei-c.org/ns/1.0" xmlns:HIS="http://www.example.org/ns/HIS" rend="letter" corresp="B18740503ON" xml:lang="da-no">
<body>
<div type="letter">
<dateline>
                            <pb n="[1]"/>Dresden den <date>3<hi rend="raised">die</hi> Maj 1874</date>. –</dateline>
<salute>Til herr stud: real: O: Nyhuus, Kristiania.</salute>
<p>De har havt den godhed at oversende mig et aftryk af Deres <anchor type="lemma" xml:id="koB13_1420"/>foredrag over <HIS:hisRef type="work" target="Navneregister_HISe.xml#woKG">«Kejser og Galilæer»</HIS:hisRef>, hvorfor jeg herved beder Dem modtage min forbindtligste tak. Det glædede mig at erfare at <HIS:hisRef type="org" target="Navneregister_HISe.xml#orgStud">
                                <anchor type="lemma" xml:id="koB13_1421"/>studentersamfundet</HIS:hisRef> <anchor type="lemma" xml:id="koB13_1422"/>gentagende har beskæftiget sig med min bog, og jeg beklager kun at tiden ikke idag tillader mig nærmere at udtale mig om min <anchor type="lemma" xml:id="koB13_1423"/>samstemmen eller <anchor type="lemma" xml:id="koB13_1424"/>afvigen fra Deres opfatning af stykkets plan og idé.</p>
<p>Med gentagen tak for den mig viste opmærksomhed tegner jeg mig</p>
<salute>Deres særdeles forbundne</salute>
<signed>Henrik Ibsen.</signed>
</div>
</body>
</text>