<?xml version="1.0" encoding="UTF-8"?><text xmlns="http://www.tei-c.org/ns/1.0" xmlns:HIS="http://www.example.org/ns/HIS" rend="letter" corresp="B18500712KongO1" xml:lang="da-no">
<body>
<div type="letter">
<salute>
                            <pb n="[1]"/>Til Kongen!</salute>
<p>Henrik <anchor type="lemma" xml:id="koB12_61"/>Johan Ibsen ansøger underdanigst om, naadigst at maatte fritages for at erlægge det lovbestemte <anchor type="lemma" xml:id="koB12_62"/>Gebyhr af 8 Sp<hi rend="raised">d</hi> til nærmeste Latinskole, for at kunne tilstædes Adgang til Examen artium. –</p>
<p>Idet jeg fra Aaret 1843 har været nødsaget til at sørge for min <anchor type="lemma" xml:id="koB12_63"/>Underholdning, ved at <anchor type="lemma" xml:id="koB12_64"/>conditionere som Pharmaceut ved <HIS:hisRef type="place" target="Navneregister_HISe.xml#plGri">Grimstads</HIS:hisRef> Apothek, har jeg dersteds <anchor type="lemma" xml:id="koB12_65"/>indtil Slutningen af forrige Aar, forsaavidt mine Forretninger tillode det, samt ved fra Begyndelsen af indeværende Aar, at læse privat her i <HIS:hisRef type="place" target="Navneregister_HISe.xml#plKri">Christiania</HIS:hisRef>, gjennemgaaet de til Examen artium nødvendige <anchor type="lemma" xml:id="koB12_66"/>Disciplina, uden i den Tid at have nydt nogen Understøttelse af min Familie.</p>
<p>I Henhold til vedlagte <anchor type="lemma" xml:id="koB12_67"/>Legitimation for min <anchor type="lemma" xml:id="koB12_68"/>Uformuenhed, vover jeg derfor, underdanigst at ansøge om, naadigst at fritages for at erlægge det ved Forordningen af 7<hi rend="raised">de</hi> November 1809 § 108 bestemte Gebyhr.</p>
<dateline>Christiania den <date>12<hi rend="raised">te</hi> Juli 1850</date>.</dateline>
<salute>Underdanigst</salute>
<signed>Henrik Johan Ibsen.</signed>
</div>
</body>
</text>