<?xml version="1.0" encoding="UTF-8"?><text xmlns="http://www.tei-c.org/ns/1.0" xmlns:HIS="http://www.example.org/ns/HIS" rend="letter" corresp="B18660618NR" xml:lang="da-no">
                <front>
<pb n="[a]"/>
<HIS:envelope type="sheet">
<address>
<addrLine>All’ illustrissimo Maestro</addrLine>
<addrLine>Il Signore Nicolo Ravnkilde.</addrLine>
<addrLine>Indirizz: all Cav: J. Bravo,</addrLine>
<addrLine>Consigliere di Stato di Danimarca,</addrLine>
<addrLine>Console di Svezia &amp; Norvegia.</addrLine>
<addrLine>Roma.</addrLine>
</address>
</HIS:envelope>
</front>
<body>
<div type="letter">
<salute>
                            <pb n="[1]"/>Kjære Ravnkilde!</salute>
<p>
                            <anchor type="lemma" xml:id="koB12_1307"/>Indlagte er formentlig tillstrækkeligt. Har jeg nølet forlænge, saaledes at Dit Brev alt er afgaaet saa send mit bagefter <emph>for min Regning</emph>.</p>
<dateline>Frascati <date>18/6. 66</date>.</dateline>
<salute>Din</salute>
<signed>Henrik Ibsen.</signed>
</div>
</body>
</text>