<?xml version="1.0" encoding="UTF-8"?><text xmlns="http://www.tei-c.org/ns/1.0" xmlns:HIS="http://www.example.org/ns/HIS" rend="letter" corresp="B18670516VB" xml:lang="da-no">
                <body>
<div type="letter">
<dateline>
                            <pb n="[1]"/>Rom den <date>16<hi rend="raised">de</hi> Mai 1867</date>.</dateline>
<salute>Kjære Hr: V: Bergsøe!</salute>
<p>Her blæser en utaalelig <anchor type="lemma" xml:id="koB12_1537"/>Scirocco og Rejseuroligheden er med en saadan Magt kommen over mig, at der ikke er andet for, end at tage afsted.</p>
<p>Vi forlader derfor <HIS:hisRef type="place" target="Navneregister_HISe.xml#plRom">Rom</HIS:hisRef> Tirsdagen den 21<hi rend="raised">de</hi> og <anchor type="lemma" xml:id="koB12_1538"/>gaar den følgende Dag fra <HIS:hisRef type="place" target="Navneregister_HISe.xml#plNa">Neapel</HIS:hisRef> med Dampskibet over till <HIS:hisRef type="place" target="Navneregister_HISe.xml#plIsc">Ischia</HIS:hisRef>.</p>
<p>
                            <HIS:hisRef type="person" target="Navneregister_HISe.xml#peLH">
                                <anchor type="lemma" xml:id="koB12_1539"/>Hansen</HIS:hisRef> fortæller mig at ifølge Rygtet skal <anchor type="lemma" xml:id="koB12_1540"/>hele Kolonien være udvandret till <HIS:hisRef type="place" target="Navneregister_HISe.xml#plSen">
                                <anchor type="lemma" xml:id="koB12_1541"/>la piccola Sentinella</HIS:hisRef>, og der vil jeg da <HIS:hisRef type="tcNote" xml:id="noteT12_763" target="B1844-1871ht_noter.xml" corresp="noteT12_763">tillade</HIS:hisRef> mig at søge Dem for at modtage gode Raad med Hensyn till hvorledes jeg bør indrette mig. At tage direkte ind till <anchor type="lemma" xml:id="koB12_1542"/>de fromme Nonner anser jeg nemlig under disse Omstændigheder ikke for <HIS:hisRef type="tcNote" xml:id="noteT12_441" target="B1844-1871ht_noter.xml" corresp="noteT12_441">hensigtsmæssigt</HIS:hisRef>.</p>
<p>Lev altsaa vel saalænge og <pb n="[2]"/>bring Deres ærede Familje saavelsom <HIS:hisRef type="person" target="Navneregister_HISe.xml#peMS">Hr: Schneekloth</HIS:hisRef> en forbindtlig Hilsen fra</p>
<salute>Deres venskabeligst forbundne</salute>
<signed>Henrik Ibsen.</signed>
</div>
</body>
</text>