<?xml version="1.0" encoding="UTF-8"?><text xmlns="http://www.tei-c.org/ns/1.0" xmlns:HIS="http://www.example.org/ns/HIS" rend="letter" corresp="B18710113JHT" xml:lang="da-no">
<body>
<div type="letter">
<dateline>
                            <pb n="[1]"/>Dresden, <date>13<hi rend="raised">de</hi> Januar 1871</date>. –</dateline>
<salute>Kjære svoger!</salute>
<p>Med forbindtligst tak erkender jeg modtagelsen af Deres brev af 31. 12. f: år, med deri <anchor type="lemma" xml:id="koB12_2901"/>indlagte vexel.</p>
<p>
                            <anchor type="lemma" xml:id="koB12_2902"/>
                            <HIS:hisRef type="person" target="Navneregister_HISe.xml#peBB">Hr: Bjørnsons</HIS:hisRef> tilbud angående honoraret for <HIS:hisRef type="work" target="Navneregister_HISe.xml#woPG">«Peer Gynt»</HIS:hisRef> vil jeg efter Deres råd modtage.</p>
<p>Dette i al hast som svar på Deres sidste brev, der indløb i dette øjeblik.</p>
<p>Hjertelig hilsen fra os alle!</p>
<salute>Deres hengivne</salute>
<signed>Henrik Ibsen.</signed>
</div>
</body>
</text>