<?xml version="1.0" encoding="UTF-8"?><text xmlns="http://www.tei-c.org/ns/1.0" xmlns:HIS="http://www.example.org/ns/HIS" rend="letter" corresp="B18721112Dahl" xml:lang="da-no">
<body>
<div type="letter">
<dateline>
                            <pb n="[1]"/>Dresden den <date>12<hi rend="raised">te</hi> November 1872</date>. –</dateline>
<salute>Herr cand: jur: Dahl!</salute>
<p>Da jeg igår <anchor type="lemma" xml:id="koB13_660"/>udbad <HIS:hisRef type="tcNote" xml:id="noteT13_101a" target="B1871-1879ht_noter.xml" corresp="noteT13_101a">mig</HIS:hisRef> fornøjelsen af Deres besøg til iaften, erindrede jeg ikke at det store <anchor type="lemma" xml:id="koB13_661"/>fakkeltog var fastsat netop til denne tid. Jeg antager at de, ligesom vi, ønsker at overvære denne højtidelighed, og antager derfor at jeg handler i begge parters interesse når jeg herved forbindtligst anmoder Dem <HIS:hisRef type="tcNote" xml:id="noteT13_102" target="B1871-1879ht_noter.xml" corresp="noteT13_102">om</HIS:hisRef>, istedetfor iaften, at komme til os imorgen, onsdags aften, til hvilken tid, det vil være os en stor glæde at modtage Dem.</p>
<salute>Deres</salute>
<signed>Henrik Ibsen.</signed>
<pb n="[2]"/>
</div>
</body>
</text>