<?xml version="1.0" encoding="UTF-8"?><text xmlns="http://www.tei-c.org/ns/1.0" xmlns:HIS="http://www.example.org/ns/HIS" rend="letter" corresp="B18700106AB" xml:lang="da-no">
<body>
<div type="letter">
<dateline>
                            <pb n="[1]"/>Dresden, <date>6<hi rend="raised">te</hi> Januar 1870</date>. –</dateline>
<salute>Kjære Ven!</salute>
<p>Hjertelig Takk for Dine to venlige Breve og ligesaa for <anchor type="lemma" xml:id="koB12_2245"/>de tillsendte Fotografier. Det var mig som en frisk og varm Hilsen fra det kjære <HIS:hisRef type="place" target="Navneregister_HISe.xml#plSthlm">Stockholm</HIS:hisRef>.</p>
<p>For dit velvillige Tillbud at ville sende mig de <anchor type="lemma" xml:id="koB12_2246"/>svenske Recensioner over <HIS:hisRef type="work" target="Navneregister_HISe.xml#woUF">mit Lystspil</HIS:hisRef> er jeg Dig meget forbunden; men jeg har allerede modtaget en hel Pakke saadanne fra andre Venner i Stockholm, ligesom ogsaa Herrerne <HIS:hisRef type="person" target="Navneregister_HISe.xml#peEStj">Stjernström</HIS:hisRef> og <HIS:hisRef type="person" target="Navneregister_HISe.xml#peJAS">Söderman</HIS:hisRef>, der for Tiden oppholder sig her, har meddelt mig, hvad der er blevet dem tillsendt og det norske «Morgenbladet», som jeg holder, har desuden meddelt Uddrag og <anchor type="lemma" xml:id="koB12_2247"/>Korrespondancer, saa jeg antager at jeg allerede kjender saagodtsom hele den <anchor type="lemma" xml:id="koB12_2248"/>vidtløftige kritiske Literatur, der er fremkaldt ved <anchor type="lemma" xml:id="koB12_3279"/>«De unges Forbund». Jeg takker Dig imidlertid lige fuldt for din gode Vilje og for dit Venskab i dette, som i saa meget andet.</p>
<p>
                            <pb n="[2]"/>Jeg har flakket vidt omkring siden <anchor type="lemma" xml:id="koB12_2249"/>vi sidst mødtes; men nu har jeg slaaet mig till Ro og er begyndt at tænke paa <anchor type="lemma" xml:id="koB12_2250"/>et nyt literært Arbejde. <anchor type="lemma" xml:id="koB12_2251"/>Till Sommeren tænker jeg at gjøre en Udflugt nordover; om jeg da faar den Glæde at gjense <HIS:hisRef type="tcNote" xml:id="noteT12_602" target="B1844-1871ht_noter.xml" corresp="noteT12_602">Stockho<supplied>l</supplied>m</HIS:hisRef> og alle Vennerne der, ved jeg endnu ikke.</p>
<p>Imidlertid vil jeg ønske Dig og <HIS:hisRef type="person" target="Navneregister_HISe.xml#peBeBo">din ærede Frue</HIS:hisRef> en glad og lykkelig Rejse <HIS:hisRef type="tcNote" xml:id="noteT12_603" target="B1844-1871ht_noter.xml" corresp="noteT12_603">ti<supplied>ll</supplied>
                            </HIS:hisRef> <HIS:hisRef type="place" target="Navneregister_HISe.xml#plIt">Italien</HIS:hisRef>; en Hilsen beder jeg ligeledes at faa fremføre till <anchor type="lemma" xml:id="koB12_2252"/>vore fælles Bekjendte, og tegner mig hermed</p>
<salute>Din hengivne Ven</salute>
<signed>Henrik Ibsen.</signed>
</div>
</body>
</text>