<?xml version="1.0" encoding="UTF-8"?><text xmlns="http://www.tei-c.org/ns/1.0" xmlns:HIS="http://www.example.org/ns/HIS" rend="letter" corresp="B18671108JB" xml:lang="da-no">
                <body>
<div type="letter">
<dateline>
                            <pb n="[1]"/>San Germano den <date>8<hi rend="raised">de</hi> November 1867</date>. –</dateline>
<salute>Kjære Hr: Etatsraad Bravo!</salute>
<p>Atter maa jeg besvære Dem med nogle Linjer. I dette Øjeblik erfarede jeg nemlig paa Jernbanestationen hersteds at et Tog var ankommet fra <HIS:hisRef type="place" target="Navneregister_HISe.xml#plRom">Rom</HIS:hisRef> samt at man iaften ventede <anchor type="lemma" xml:id="koB12_1608"/>Ordre till igjen at sælge Billetter till nævnte Stad fra imorgen af. – Det er derfor min ærbødige Anmodning till Dem, at De med Deres vanlige Godhed vil lade <HIS:hisRef type="person" target="Navneregister_HISe.xml#peGuB">
                                <anchor type="lemma" xml:id="koB12_1608a"/>Giuseppe</HIS:hisRef> underrette <HIS:hisRef type="person" target="Navneregister_HISe.xml#peALo">
                                <anchor type="lemma" xml:id="koB12_1609"/>min Vært</HIS:hisRef> om at vi afrejser herfra med Jernbanen førstkommende Mandag Middag Kl: 1¼ og saaledes ankommer till Rom samme Aften, samt lade ham anmode om at <anchor type="lemma" xml:id="koB12_1610"/>Konen derfor maa være tillstede i Huset paa den Tid Toget ankommer for at vi kunne slippe at tage ind i et Hotel. Ankomsttiden till Rom ved jeg ikke at angive. <pb n="[2]"/>Jeg beder Dem tillgive al den Ulejlighed jeg volder Dem, og i Haab om et snarligt Gjensyn tegner jeg mig</p>
<salute>Deres ærbødige og hengivne</salute>
<signed>Henrik Ibsen.</signed>
</div>
</body>
</text>