<?xml version="1.0" encoding="UTF-8"?><text xmlns="http://www.tei-c.org/ns/1.0" xmlns:HIS="http://www.example.org/ns/HIS" rend="letter" corresp="B18710415FH" xml:lang="da-no">
                <body>
<div type="letter">
<dateline>
                            <pb n="[1]"/>Dresden den <date>15<hi rend="raised">de</hi> April 1871</date>. –</dateline>
<salute>Kære herr Hegel!</salute>
<p>De ønsker et <anchor type="lemma" xml:id="koB12_3116"/>digt over <HIS:hisRef type="person" target="Navneregister_HISe.xml#peLov">den afdøde dronning</HIS:hisRef>; men det er mig for tiden umuligt at skrive et sådant. Jeg blev imidlertid meget glad ved at erfare at De intet har imod at få <anchor type="lemma" xml:id="koB12_3117"/>digtsamlingens 11<hi rend="raised">te</hi> ark fyldt og sender Dem derfor indlagte, der netop vil passe. Der mangler to sider, som jeg skal sende på mandag. Digtet bør opføres umiddelbart <emph>efter</emph> digtet <HIS:hisRef type="work" target="Navneregister_HISe.xml#woBall">«Ballonbrev»</HIS:hisRef> og hede <emph>på indholdslisten</emph>: <emph>
                                <HIS:hisRef type="work" target="Navneregister_HISe.xml#woRimJLH">Rimbrev til <HIS:hisRef type="person" target="Navneregister_HISe.xml#peJLH">fru J. L. Heiberg</HIS:hisRef>
                                </HIS:hisRef>
                            </emph>. Hvis De sender mig korrektur, så udbeder jeg mig <emph>to</emph> aftryk, for derefter at kunne beholde det ene; mit koncept er mangelfuldt, og <anchor type="lemma" xml:id="koB12_3118"/>jeg har endnu ikke skrevet til fru Heiberg, hvilket jo bør ske før bogens udkomst. Vil De, for hurtigheds skyld, ikke <anchor type="lemma" xml:id="koB12_3119"/>oppebie mit gennemsyn af korrekturen, så lad kun trykkes væk; jeg stoler på <HIS:hisRef type="person" target="Navneregister_HISe.xml#peAuLa">herr <anchor type="lemma" xml:id="koB12_3120"/>Larsen</HIS:hisRef>, og på min renskrift, der, som jeg tror, er fejlfri. Men <emph>et</emph> aftryk ønskede jeg <pb n="[2]"/>dog gerne, <HIS:hisRef type="tcNote" xml:id="noteT12_747" target="B1844-1871ht_noter.xml" corresp="noteT12_747">for</HIS:hisRef> derefter at kunne tage en korrekt afskrift til fru H: –</p>
<p>
                            <anchor type="lemma" xml:id="koB12_3121"/>Blade med påskrift til de forskellige, som jeg vil sende bogen, skal jeg efter Deres venlige tilbud snart sende Dem.</p>
<p>Jeg håber at det ny-tilkomne digt ikke skal gøre samlingen <anchor type="lemma" xml:id="koB12_3122"/>skam eller skade – tvert imod!! Dette forresten i al hast. Mange hilsener til Dem selv og <HIS:hisRef type="person" target="Navneregister_HISe.xml#peJH">Deres søn</HIS:hisRef> fra</p>
<salute>Deres hjertelig hengivne</salute>
<signed>Henrik Ibsen.</signed>
</div>
</body>
</text>