<?xml version="1.0" encoding="UTF-8"?><text xmlns="http://www.tei-c.org/ns/1.0" xmlns:HIS="http://www.example.org/ns/HIS" rend="letter" corresp="B18600121KE" xml:lang="da-no">
<front>
<pb n="[a]"/>
<HIS:envelope type="sheet">
<address>
<addrLine>Hr: Theod: Mandrup. –</addrLine>
<addrLine>Adr: Hr: Elster,</addrLine>
<addrLine>Pilestrædet N<hi rend="raised">o</hi> <unclear reason="writing">11</unclear>.</addrLine>
</address>
</HIS:envelope>
</front>
<body>
<div type="letter">
<salute>
                            <pb n="[1]"/>
                            <anchor type="lemma" xml:id="koB12_618"/>Hr: Theod: Mandrup.</salute>
<p>Deres <HIS:hisRef type="tcNote" xml:id="noteT12_178" target="B1844-1871ht_noter.xml" corresp="noteT12_178">indleverede</HIS:hisRef> Skuespil <anchor type="lemma" xml:id="koB12_619"/>«Fra Fjorden» har jeg med stor Interesse gjennemlæst og underretter Dem herved om at det skal være mig en Glæde at bringe det til <anchor type="lemma" xml:id="koB12_620"/>Opførelse om muligt allerede i Februar Maaned. Honoraret for et Stykke af den Længde udgjør ifølge det ved <HIS:hisRef type="org" target="Navneregister_HISe.xml#orgKNT">det norske Theater</HIS:hisRef> gjældende Regulativ 12 ½ <anchor type="lemma" xml:id="koB12_621"/>p: Ct: af Billetsalget ved de 4 første Forestillinger. Det bemærkes at udsolgt Hus beløber sig til omtrent 190 Sp. Jeg tror det vilde være gavnligt mundtlig at forhandle med Dem om enkelte Smaaforandringer af Udtryk o. s. v. ligesom Stykket maaskee i teknisk Henseende kunde vinde ved en og anden uvæsentlig Forkortelse; skulde De hertil være villig, beder jeg mig derom <pb n="[2]"/>underrettet. Forøvrigt beder jeg Dem være forvisset om at der saavel fra Udstyrets som fra Indstuderingens Side skal blive anvendt al den Omhu, hvorpaa Deres Arbeide efter min Formening har <HIS:hisRef type="tcNote" xml:id="noteT12_179" target="B1844-1871ht_noter.xml" corresp="noteT12_179">utvivlsomt</HIS:hisRef> Krav.</p>
<dateline>Kr: <date>21/1. 60</date>.</dateline>
<salute>ærb:</salute>
<signed>Henr: Ibsen</signed>
</div>
</body>
</text>