<?xml version="1.0" encoding="UTF-8"?><text xmlns="http://www.tei-c.org/ns/1.0" xmlns:HIS="http://www.example.org/ns/HIS" rend="letter" corresp="B18710803JHT" xml:lang="da-no">
<body>
<div type="letter">
<dateline>
                            <pb n="[1]"/>Dresden den <date>3<hi rend="raised">die</hi> August 1871</date>. –</dateline>
<salute>Kære svoger!</salute>
<p>Tillad mig herved at gratulere til Deres udnævnelse til bureauchef, som jeg nu af aviserne erfarer er officiel. Jeg både ønsker og håber imidlertid at dette trin opad på departements-stigen ret snart vil bringe Dem til at bestige et endnu højere.</p>
<p>Det var mig særdeles behageligt at høre <HIS:hisRef type="tcNote" xml:id="noteT13_6" target="B1871-1879ht_noter.xml" corresp="noteT13_6">at</HIS:hisRef> <HIS:hisRef type="work" target="Navneregister_HISe.xml#woDi">
                                <anchor type="lemma" xml:id="koB13_32"/>min digtsamling</HIS:hisRef> er falden i Deres smag. Overlærer <HIS:hisRef type="person" target="Navneregister_HISe.xml#peJLo">Løkke</HIS:hisRef>, til hvem jeg også sendte bogen, har bevaret en fuldstændig taushed.</p>
<p>Jeg erindrer ikke om jeg har erkendt modtagelsen af min gage for 2<hi rend="raised">det</hi> kvartal dette år; hvis ikke, så sker det herved. Da jeg imidlertid trænger til flere penge, anmoder jeg Dem godhedsfuldt at udtage af <HIS:hisRef type="tcNote" xml:id="noteT13_7" target="B1871-1879ht_noter.xml" corresp="noteT13_7">Kreditkassen</HIS:hisRef> og sende <pb n="[2]"/>mig en veksel på 100 Sp<hi rend="raised">d</hi>. – En større del af hvad jeg har stående i <HIS:hisRef type="place" target="Navneregister_HISe.xml#plDk">Danmark</HIS:hisRef> har <HIS:hisRef type="person" target="Navneregister_HISe.xml#peFH">
                                <anchor type="lemma" xml:id="koB13_33"/>Hegel</HIS:hisRef> anbragt for mig i statspapirer på en både sikker og fordelagtig måde.</p>
<p>
                            <HIS:hisRef type="person" target="Navneregister_HISe.xml#peMTh">
                                <anchor type="lemma" xml:id="koB13_34"/>Marie</HIS:hisRef> <anchor type="lemma" xml:id="koB13_35"/>ligger for sin helbreds skyld <anchor type="lemma" xml:id="koB13_36"/>på landet, og jeg håber det vil bekomme hende vel. For øvrigt er alt ved det gamle. Hjertelige hilsener fra os alle!</p>
<salute>Deres hengivne</salute>
<signed>Henrik Ibsen.</signed>
</div>
</body>
</text>