<?xml version="1.0" encoding="UTF-8"?><text xmlns="http://www.tei-c.org/ns/1.0" xmlns:HIS="http://www.example.org/ns/HIS" rend="letter" corresp="B18730928PNA" xml:lang="da-no">
<body>
<div type="letter">
<dateline>
                            <pb n="[1]"/>Dresden den <date>28<hi rend="raised">de</hi> September 1873</date>.</dateline>
<salute>Kære herr Arbo!</salute>
<p>Tag ikke ilde op at jeg herved <anchor type="lemma" xml:id="koB13_1049"/>falder Dem besværlig med en kommission. Sagen er denne: Man har fra <HIS:hisRef type="place" target="Navneregister_HISe.xml#plWien">Wien</HIS:hisRef> sendt mig et <anchor type="lemma" xml:id="koB13_1050"/>fotografi, hvorfor jeg ifølge regning har til <emph>herr <HIS:hisRef type="person" target="Navneregister_HISe.xml#peCBW">Carl B: Waltz</HIS:hisRef>
                            </emph>, <HIS:hisRef type="tcNote" xml:id="noteT13_169a" target="B1871-1879ht_noter.xml" corresp="noteT13_169a">kasserer</HIS:hisRef> ved «<emph>Genossenschaft der bildenden Künstler Wiens», Künstlerhaus, Lothringerstrasse, N<hi rend="raised">o</hi> 9</emph> at indbetale 21 frcs. Tør jeg bede Dem godhedsfuldt at ville besørge dette for mig? Franske sedler kan jeg ikke få fat på her; men efter min beregning må indlagte 6 Thaler slå rundeligt til. Jeg har nølet noget længe med at ordne denne affære og vilde derfor være Dem overordentlig forbunden, dersom De en af dagene, trods Deres mange andre gøremål, kunde finde en anledning til at <anchor type="lemma" xml:id="koB13_1051"/>bringe sagen i rigtighed. Bliv endelig ikke vred over at jeg besværer Dem med dette; men jeg ved ingen anden at henvende mig til.</p>
<p>
                            <pb n="[2]"/>Og hvorledes går det så fortiden nede i Wien? Jeg har ikke megen anledning til gennem aviserne at følge med <anchor type="lemma" xml:id="koB13_1052"/>udstillingen, <HIS:hisRef type="tcNote" xml:id="noteT13_169b" target="B1871-1879ht_noter.xml" corresp="noteT13_169b">men</HIS:hisRef> hører dog at den skal være godt besøgt. Er det sandt at den skal holdes åben til slutningen af Oktober? Kunde De med en eller anden hjemrejsende skandinav sende mig et exemplar af den <anchor type="lemma" xml:id="koB13_1053"/>norske katalog, så gjorde De mig en særdeles stor tjeneste. Men endnu kærere vilde det være mig om jeg turde håbe at De selv engang ihøst eller til vinteren, når De <HIS:hisRef type="tcNote" xml:id="noteT13_170" target="B1871-1879ht_noter.xml" corresp="noteT13_170">er</HIS:hisRef> færdig dernede, vilde lægge vejen over <HIS:hisRef type="place" target="Navneregister_HISe.xml#plDre">Dresden</HIS:hisRef>.</p>
<p>Under alle <HIS:hisRef type="tcNote" xml:id="noteT13_170a" target="B1871-1879ht_noter.xml" corresp="noteT13_170a">omstændigheder</HIS:hisRef> ønsker <HIS:hisRef type="tcNote" xml:id="noteT13_171" target="B1871-1879ht_noter.xml" corresp="noteT13_171">jeg</HIS:hisRef> Dem et så behageligt ophold, som muligt, i Wien. Deherrer <HIS:hisRef type="person" target="Navneregister_HISe.xml#peEvE">Engerth</HIS:hisRef>, <HIS:hisRef type="person" target="Navneregister_HISe.xml#peFF">Friedländer</HIS:hisRef>, <HIS:hisRef type="person" target="Navneregister_HISe.xml#peAO">Obermüllner</HIS:hisRef> og <anchor type="lemma" xml:id="koB13_1054"/>andre gode mænd bedes venligst hilsede, hvis lejlighed gives. Herr <HIS:hisRef type="person" target="Navneregister_HISe.xml#peCMJD">
                                <anchor type="lemma" xml:id="koB13_1055"/>Dannfeldt</HIS:hisRef> først og fremst en hilsen! Jeg håber at han i sin tid modtog <anchor type="lemma" xml:id="koB13_1056"/>mit brev og De det deri indlagte visitkort?</p>
<p>Og hermed for dennegang et hjerteligt levvel fra</p>
<salute>Deres venskabeligst forbundne</salute>
<signed>Henrik Ibsen.</signed>
<pb n="[3]"/>
<pb n="[4]"/>
</div>
</body>
</text>