<?xml version="1.0" encoding="UTF-8"?><text xmlns="http://www.tei-c.org/ns/1.0" xmlns:HIS="http://www.example.org/ns/HIS" rend="letter" corresp="B18720402EGo" xml:lang="da-no">
<front>
<pb n="[a]"/>
<HIS:envelope type="sheet">
<address>
<addrLine>S. T.</addrLine>
<addrLine>Edmund W. Gosse Esq<hi rend="raised">re</hi>.</addrLine>
</address>
</HIS:envelope>
</front>
<body>
<div type="letter">
<dateline>
                            <pb n="[1]"/>Dresden den <date>2<hi rend="raised">den</hi> April 1872</date>. –</dateline>
<salute>Højstærede herre!</salute>
<p>For nogle dage siden havde jeg den store glæde at modtage <anchor type="lemma" xml:id="koB13_361"/>Deres for mig så særdeles smigrende brev, ledsaget af Deres velvillige <HIS:hisRef type="tcNote" xml:id="noteT13_48" target="B1871-1879ht_noter.xml" corresp="noteT13_48">
                                <anchor type="lemma" xml:id="koB13_362"/>recension</HIS:hisRef> i <anchor type="lemma" xml:id="koB13_363"/>«The Spectator».</p>
<p>Mit kendskab til det engelske sprog er desværre ikke så grundig at jeg drister mig til skriftlig at benytte samme, og når jeg herved frembærer min hjerteligste og forbindtligste tak for den velvilje, hvormed De omfatter min literære virksomhed, håber jeg De tilgiver at jeg betjener mig af mit modersmål.</p>
<p>På en bedre og mere anbefalende måde, end sket er i Deres fortræffelige anmeldelse, kunde jeg aldrig ønske at blive introduceret for en fremmed nation; og heller ikke gives der noget folk, i hvis <anchor type="lemma" xml:id="koB13_364"/>læseverden det vilde være mig en større ære at blive indført, end netop det engelske. Kan dette ved Deres gode og kyndige <pb n="[2]"/>bistand ske, vil jeg føle mig Dem ubegrænset forbunden for alle tider.</p>
<p>Af Deres meget ærede brev er det mig imidlertid ikke ganske klart, hvorvidt det er Deres hensigt <anchor type="lemma" xml:id="koB13_365"/>selv at oversætte mine skrifter, eller om De vil indskrænke Dem til gennem anmeldelser at henlede <HIS:hisRef type="place" target="Navneregister_HISe.xml#plEng">Englands</HIS:hisRef> opmærksomhed på samme. Hvis det førstnævnte er tilfældet, vil det naturligvis være mig en ære og en glæde at stille mine bøger til Deres rådighed, forvisset om at i bedre og kyndigere hænder kan jeg aldrig <anchor type="lemma" xml:id="koB13_366"/>nedlægge dem. Om denne sag vilde det være mig særdeles kært at erfare Deres mening.</p>
<p>Jeg beklager højlig at <anchor type="lemma" xml:id="koB13_367"/>omstændighederne ikke tillader mig at besøge <HIS:hisRef type="place" target="Navneregister_HISe.xml#plSka">Skandinavien</HIS:hisRef> i sommer og at jeg således desværre går glip af den behagelige og for mig så højst ønskede <HIS:hisRef type="tcNote" xml:id="noteT13_49" target="B1871-1879ht_noter.xml" corresp="noteT13_49">anledning</HIS:hisRef> til personlig at fremføre min varme taksigelse for det betydningsfulde skridt, De allerede har foretaget til virkeliggørelse af en af mine kæreste literære drømme. Det engelske folk står os Skandinaver i ånd, tænkemåde og følelsesliv så nær; og just derfor har det været mig smerteligt at tænke på at sproget skulde <pb n="[3]"/>stille en skranke mellem min digtning og hele denne store beslægtede verden. De vil derfor kunne forestille Dem, hvilken glæde De forvoldte mig, da <HIS:hisRef type="tcNote" xml:id="noteT13_50" target="B1871-1879ht_noter.xml" corresp="noteT13_50">De</HIS:hisRef> stillede mig i udsigt at få denne skranke nedbrudt.</p>
<p>Her i <HIS:hisRef type="place" target="Navneregister_HISe.xml#plD">Tyskland</HIS:hisRef> forberedes flere udgaver af mine arbejder. <anchor type="lemma" xml:id="koB13_368"/>Af <HIS:hisRef type="work" target="Navneregister_HISe.xml#woBr">«Brand»</HIS:hisRef> er udkommet en oversættelse i <HIS:hisRef type="place" target="Navneregister_HISe.xml#plCas">Cassel</HIS:hisRef>; men denne tilfredsstiller mig ikke. En <anchor type="lemma" xml:id="koB13_369"/>anden oversættelse af samme digtning bebudes fra <HIS:hisRef type="place" target="Navneregister_HISe.xml#plBerl">Berlin</HIS:hisRef>. I Berlin er ligeledes <anchor type="lemma" xml:id="koB13_370"/>udkommet på tysk <HIS:hisRef type="work" target="Navneregister_HISe.xml#woKE">«Kongsemnerne»</HIS:hisRef> og <HIS:hisRef type="work" target="Navneregister_HISe.xml#woUF">«De unges forbund»</HIS:hisRef>, begge fortræffeligt gengivne af <HIS:hisRef type="person" target="Navneregister_HISe.xml#peAS">Dr. Adolf Strodtmann</HIS:hisRef>, <HIS:hisRef type="person" target="Navneregister_HISe.xml#peLBy">
                                <anchor type="lemma" xml:id="koB13_371"/>Byrons</HIS:hisRef> og <HIS:hisRef type="person" target="Navneregister_HISe.xml#peAT">Tennysons</HIS:hisRef> fortrinlige oversætter. For øjeblikket er <HIS:hisRef type="tcNote" xml:id="noteT13_51" target="B1871-1879ht_noter.xml" corresp="noteT13_51">Dr:</HIS:hisRef> Strodtmann beskæftiget med at <anchor type="lemma" xml:id="koB13_372"/>oversætte mine mindre digte.</p>
<p>At indføres i den engelske læseverden er imidlertid for mig hovedsagen, og jo hurtigere dette kunde ske, desto kærere vilde det være mig. Skulde De ville hædre og glæde mig med <anchor type="lemma" xml:id="koB13_373"/>et brev i denne anledning, så er min direkte adresse indtil videre, og i al fald indtil udgangen af Juni måned: Dippoldiswaldaer-Strasse, N<hi rend="raised">o</hi> 7, <HIS:hisRef type="place" target="Navneregister_HISe.xml#plDre">Dresden</HIS:hisRef>. Skulde De på <anchor type="lemma" xml:id="koB13_374"/>Deres forestående rejse <pb n="[4]"/>til sommeren komme til at berøre dette sted, vilde det være mig overordentlig kært mundtligt at kunne udtale mig for Dem.</p>
<p>Under alle omstændigheder beder jeg Dem gentagende at modtage forsikringen om min oprigtige påskønnelse af det varme og velvillige sind, hvormed De omfatter såvel mig som mit lands literatur overhovedet. Og hermed tillader jeg mig for denne gang på det bedste <anchor type="lemma" xml:id="koB13_375"/>at anbefale mig idet jeg <anchor type="lemma" xml:id="koB13_376"/>med udmærket højagtelse tegner mig</p>
<salute>Deres meget ærbødige og forbundne</salute>
<signed>Henrik Ibsen.</signed>
</div>
</body>
</text>