<?xml version="1.0" encoding="UTF-8"?><text xmlns="http://www.tei-c.org/ns/1.0" xmlns:HIS="http://www.example.org/ns/HIS" rend="letter" corresp="B18720915FH" xml:lang="da-no">
<body>
<div type="letter">
<dateline>
                            <pb n="[1]"/>Dresden den <date>15<hi rend="raised">de</hi> September 1872</date>. –</dateline>
<salute>Kære herr Hegel!</salute>
<p>Idet jeg herved takker Dem for og erkender modtagelsen af de to sidste pengeforsendelser i Juni og <HIS:hisRef type="tcNote" xml:id="noteT13_87" target="B1871-1879ht_noter.xml" corresp="noteT13_87">August</HIS:hisRef>, nødes jeg <HIS:hisRef type="tcNote" xml:id="noteT13_88" target="B1871-1879ht_noter.xml" corresp="noteT13_88">herigennem</HIS:hisRef> til at anmode Dem om en ny remisse på <emph>150 Thlr: preussisk</emph>. Så meget har jeg jo ikke stående hos Dem og beder Dem derfor at ville supplere det manglende ved hjælp af det <anchor type="lemma" xml:id="koB13_589"/>i Sparekassen indsatte beløb.</p>
<p>Dernæst tillader jeg mig at frembære til alle vedkommende min hjerteligste lykønskning i anledning af den i Deres familje indtrufne <anchor type="lemma" xml:id="koB13_590"/>glædelige begivenhed! <HIS:hisRef type="person" target="Navneregister_HISe.xml#peJH">Deres søn</HIS:hisRef> beder jeg Dem specielt hilse på det venligste fra mig. –</p>
<p>
                            <HIS:hisRef type="person" target="Navneregister_HISe.xml#peGB">
                                <anchor type="lemma" xml:id="koB13_591"/>Dr: Brandes</HIS:hisRef> er kommen hid. Når <emph>De</emph> vil overtage udgivelsen af det <anchor type="lemma" xml:id="koB13_592"/>påtænkte tidsskrift, så tror jeg, ja, jeg er næsten viss på at det vil bryde sig vej og kunne med fordel bestå i længere tid. Efter <anchor type="lemma" xml:id="koB13_593"/>min erfaring beror et sådant foretagende næsten helt og holdent på hvem der er <pb n="[2]"/>udgiver. At jeg med denne sikkre tiltro til sagen med glæde <anchor type="lemma" xml:id="koB13_594"/>vil knytte mig til samme, så løst eller så fast, som De måtte finde hensigtsmæssigt, er en selvfølge. Jeg længes efter en <anchor type="lemma" xml:id="koB13_595"/>stadig bibeskæftigelse og havde netop tænkt på at sætte mig i forbindelse med et eller andet af vore <anchor type="lemma" xml:id="koB13_596"/>offentlige organer da Dr: Brandes og senere De berørte denne plan, som jeg foretrækker for enhver anden.</p>
<p>Jeg beklager meget at jeg ikke havde anledning til at træffe <HIS:hisRef type="person" target="Navneregister_HISe.xml#peAuLa">herr <anchor type="lemma" xml:id="koB13_597"/>Larsen</HIS:hisRef> under hans ophold i <HIS:hisRef type="place" target="Navneregister_HISe.xml#plDre">Dresden</HIS:hisRef> og beder Dem bringe ham min forbindtligste tak for hans opmærksomhed.</p>
<salute>Deres hjertelig hengivne</salute>
<signed>Henrik Ibsen.</signed>
</div>
</body>
</text>