<?xml version="1.0" encoding="UTF-8"?><text xmlns="http://www.tei-c.org/ns/1.0" xmlns:HIS="http://www.example.org/ns/HIS" rend="letter" corresp="B18650926EB" xml:lang="da-no">
                <front>
<pb n="[a]"/>
<HIS:envelope type="sheet">
<address>
<addrLine>Signor Emil Bloch.</addrLine>
<addrLine>Indir: al Sgr: Bravo,</addrLine>
<addrLine>Console Danimarca.</addrLine>
<addrLine>Roma.</addrLine>
</address>
</HIS:envelope>
</front>
<body>
<div type="letter">
<dateline>
                            <pb n="[1]"/>Ariccia den <date>26<hi rend="raised">de</hi> Sept<hi rend="raised">br</hi> 1865</date>. –</dateline>
<salute>Kjære Bloch!</salute>
<p>Maa jeg, foruden Deres mange andre Venskabstjenester, endnu anmode Dem om den at lade <HIS:hisRef type="person" target="Navneregister_HISe.xml#peGuB">
                                <anchor type="lemma" xml:id="koB12_953"/>Consulens Tjener</HIS:hisRef> underrette min Vært om min Ankomst till <HIS:hisRef type="place" target="Navneregister_HISe.xml#plRom">Rom</HIS:hisRef> førstkommende <emph>Lørdag Kl. 10 ¼</emph> <HIS:hisRef type="tcNote" xml:id="noteT12_244" target="B1844-1871ht_noter.xml" corresp="noteT12_244">Formiddag</HIS:hisRef> med Jernbanen, samt om at <HIS:hisRef type="person" target="Navneregister_HISe.xml#peALo">han <HIS:hisRef type="tcNote" xml:id="noteT12_245" target="B1844-1871ht_noter.xml" corresp="noteT12_245">(Værten)</HIS:hisRef>
                            </HIS:hisRef> vil sørge for at Huset paa den Tid er i Orden og at <anchor type="lemma" xml:id="koB12_954"/>Opvartningskonen saavelsom Nøglerne findes tilstede. Min Vært er Sgr: Anatole Lorentzani, Bogholder eller noget Sligt i Boutiken N<hi rend="raised">o</hi> 2 &amp; 3 i <anchor type="lemma" xml:id="koB12_955"/>via Condotti (omtrent lige over for Caffé Greco) hvor han daglig findes. – <HIS:hisRef type="person" target="Navneregister_HISe.xml#peLH">Hr: <anchor type="lemma" xml:id="koB12_956"/>Hansen</HIS:hisRef> agter at holde sit Indtog paa samme Tid, skjønt han har betalt for 1½ Dag længere, hvilket lader til at foraarsage ham en stedsevarende om end lønlig <HIS:hisRef type="tcNote" xml:id="noteT12_246" target="B1844-1871ht_noter.xml" corresp="noteT12_246">Ærgrelse</HIS:hisRef>; men saasom efter hans Sigende <anchor type="lemma" xml:id="koB12_957"/>Veturinerne eller Droscherne om Søndagen og Mandagen fare for dobbelt Taxt, saa maa han alt afsted paa Lørdag. <HIS:hisRef type="person" target="Navneregister_HISe.xml#pePCS">Schierbeck</HIS:hisRef> kommer formodentlig et Par Dage senere; jeg synes at spore nogen Bedring hos ham, og haaber det Bedste skjønt han rigtignok har været forfærdeligt medtaget. Lev vel, og fortryd ikke formeget paa at jeg saaledes gjentagende trækker Vexler paa Deres gode Vilje. Hils <HIS:hisRef type="person" target="Navneregister_HISe.xml#peCBl">Deres Broder</HIS:hisRef> hjerteligst fra mig. De øvrige Venner ligesaa.</p>
<salute>venskabeligst Deres</salute>
                        <signed>Henr: Ibsen</signed>
</div>
</body>
</text>