<?xml version="1.0" encoding="UTF-8"?><text xmlns="http://www.tei-c.org/ns/1.0" xmlns:HIS="http://www.example.org/ns/HIS" rend="letter" corresp="B18731006FH" xml:lang="da-no">
<body>
<div type="letter">
<dateline>
                            <pb n="[1]"/>Dresden den <date>6<hi rend="raised">te</hi> Oktober 1873</date>. –</dateline>
<salute>Kære herr Hegel!</salute>
<p>Når jeg efter modtagelsen af <anchor type="lemma" xml:id="koB13_1080"/>det tilsendte exemplar af <HIS:hisRef type="work" target="Navneregister_HISe.xml#woKG">«Kejser og Galilæer»</HIS:hisRef> endnu ikke har ladet høre fra mig, så er grunden den at jeg i mellemtiden fra dag til dag har håbet at skulle <HIS:hisRef type="tcNote" xml:id="noteT13_174" target="B1871-1879ht_noter.xml" corresp="noteT13_174">erfare</HIS:hisRef> <anchor type="lemma" xml:id="koB13_1081"/>at bogen var kommen i handelen, hvilket tidligere var stillet mig i udsigt at skulle ske i begyndelsen af September måned.</p>
<p>Med de <anchor type="lemma" xml:id="koB13_1082"/>nye typer er jeg særdeles vel fornøjet; de er både smukke og tydelige. Ligeledes glæder jeg mig over det tykke, ensartede og gode papir. For den udmærket omhyggelige korrektur beder jeg Dem aflægge <HIS:hisRef type="person" target="Navneregister_HISe.xml#peAuLa">herr <anchor type="lemma" xml:id="koB13_1083"/>Larsen</HIS:hisRef> min bedste tak. Jeg <HIS:hisRef type="tcNote" xml:id="noteT13_175" target="B1871-1879ht_noter.xml" corresp="noteT13_175">har</HIS:hisRef> kun kunnet opdage nogle ganske få <anchor type="lemma" xml:id="koB13_1084"/>småfejl, hvilke til og med ikke er vildledende.</p>
<p>Når det nu engang drager så længe ud med bogens udgivelse, så kan det naturligvis ikke være mig andet end højst <pb n="[2]"/>behageligt at erfare at den yderligere forsinkelse hidrører fra de <anchor type="lemma" xml:id="koB13_1085"/>mange bestillinger på indbundne exemplarer, et tegn på at den <anchor type="lemma" xml:id="koB13_1086"/>pris, der er sat på bogen, og som jeg til min skræk erfarede af <anchor type="lemma" xml:id="koB13_1087"/>de norske boghandleres bekendtgørelser, ikke synes at have afskrækket bogkøbere i samme grad. Jeg vil derfor ikke opgive det håb og den forudsætning, jeg hidtil trøstigt har bygget på, at bogen inden kort tid må komme til at opleve <anchor type="lemma" xml:id="koB13_1088"/>et nyt oplag. At forberedelserne til et sådant kan træffes så snart det måtte vise sig nødvendigt, er der naturligvis fra min side intet ivejen for. Særdeles forbunden er jeg Dem for de omskrevne <anchor type="lemma" xml:id="koB13_1089"/>exemplarer på guligt papir. Af disse bedes et tilstillet hver af efternævnte personer: <HIS:hisRef type="person" target="Navneregister_HISe.xml#peMT">
                                <anchor type="lemma" xml:id="koB13_1090"/>Fru Thoresen</HIS:hisRef>, <HIS:hisRef type="tcNote" xml:id="noteT13_176" target="B1871-1879ht_noter.xml" corresp="noteT13_176">Frøken</HIS:hisRef> <HIS:hisRef type="person" target="Navneregister_HISe.xml#peMTh">Marie Thoresen</HIS:hisRef> (adresse konferrentsråd Drewsen, Rosenvænget) samt bureauchef <HIS:hisRef type="person" target="Navneregister_HISe.xml#peJHT">J: Herm: Thoresen</HIS:hisRef> i <HIS:hisRef type="place" target="Navneregister_HISe.xml#plKri">Kristiania</HIS:hisRef>. Derhos bedes et par exemplarer holdt i beredskab til <HIS:hisRef type="org" target="Navneregister_HISe.xml#orgKNVS">
                                <anchor type="lemma" xml:id="koB13_1091"/>videnskabsselskabet i <HIS:hisRef type="place" target="Navneregister_HISe.xml#plTrhm">Trondhjem</HIS:hisRef>
                            </HIS:hisRef> og til <HIS:hisRef type="person" target="Navneregister_HISe.xml#peKongO2">kong Oskar</HIS:hisRef>; de <anchor type="lemma" xml:id="koB13_1092"/>herhen hørende <anchor type="lemma" xml:id="koB13_1093"/>ledsagende skrivelser skal jeg senere tillade mig at sende Dem. Hvis disse <anchor type="lemma" xml:id="koB13_1094"/>overkomplette exemplarers antal tillader det, ønskede jeg <pb n="[3]"/>endvidere at et exemplar blev sendt til <HIS:hisRef type="person" target="Navneregister_HISe.xml#peCCH">
                                <anchor type="lemma" xml:id="koB13_1095"/>kultusminister Hall</HIS:hisRef>, et til <HIS:hisRef type="person" target="Navneregister_HISe.xml#peAFK">geheimeråd Krieger</HIS:hisRef>, et til <HIS:hisRef type="person" target="Navneregister_HISe.xml#peJLH">
                                <anchor type="lemma" xml:id="koB13_1096"/>fru Heiberg</HIS:hisRef>, og endelig et til <HIS:hisRef type="person" target="Navneregister_HISe.xml#peDGMo">biskop <anchor type="lemma" xml:id="koB13_1097"/>Monrad</HIS:hisRef>, hvis sådant går an da jeg ikke har den ære personligt at kende ham. Har mine venner <HIS:hisRef type="person" target="Navneregister_HISe.xml#peLDa">bibliothekar <anchor type="lemma" xml:id="koB13_1098"/>
                                <anchor type="lemma" xml:id="koB13_1099"/>Daae</HIS:hisRef> og <HIS:hisRef type="person" target="Navneregister_HISe.xml#peJLo">overlærer Løkke</HIS:hisRef> havt noget med korrekturen at bestille og står De i noget sådant literært forhold til disse at også De kunde ønske at sende dem et exemplar, så kan det naturligvis kun være mig kært; dog overlades dette ganske til Dem. De fornødne <anchor type="lemma" xml:id="koB13_1100"/>korte påskrifter på bøgerne beder jeg Dem være af den godhed at lade besørge. Jeg antager vi er enige om at intet exemplar uddeles før bogen kommer i handelen.</p>
<p>Det <anchor type="lemma" xml:id="koB13_1101"/>2<hi rend="raised">det</hi> oplag af <HIS:hisRef type="work" target="Navneregister_HISe.xml#woHH">«Hærmændene»</HIS:hisRef>, som bogtrykker <HIS:hisRef type="person" target="Navneregister_HISe.xml#peHJJ">Jensen</HIS:hisRef> averterer, må være det som han for to år siden forgæves søgte at få udgivet. <anchor type="lemma" xml:id="koB13_1102"/>Sagen er endnu ikke pådømt, men han får ingen boghandler deroppe til at påtage sig forhandlingen af dette eftertryk. Jeg skal om sagen <anchor type="lemma" xml:id="koB13_1103"/>tilskrive <HIS:hisRef type="person" target="Navneregister_HISe.xml#peESta">min advokat</HIS:hisRef> og meddele Dem hans <anchor type="lemma" xml:id="koB13_1104"/>formening.</p>
<p>Jeg vilde være Dem meget <pb n="[4]"/>taknemmelig dersom De vilde vise mig den store tjeneste for <anchor type="lemma" xml:id="koB13_1105"/>de mig godskrevne 3200 rdlr: <HIS:hisRef type="tcNote" xml:id="noteT13_178" target="B1871-1879ht_noter.xml" corresp="noteT13_178">at</HIS:hisRef> <anchor type="lemma" xml:id="koB13_1106"/>indkøbe rentebærende papirer, garanterede eller af utvivlsom sikkerhed, såfremt <HIS:hisRef type="tcNote" xml:id="noteT13_178a" target="B1871-1879ht_noter.xml" corresp="noteT13_178a">sådanne</HIS:hisRef> kan fåes til en kurs af omtrent 80–84 og med en rente af mindst 4 %. Jeg har her kun liden anledning til at følge med de danske forholde, så jeg ikke ved hvorledes udsigterne for øjeblikket stiller sig; men jeg beder Dem handle efter bedste skøn.</p>
<p>Fredagen den 17<hi rend="raised">de</hi> Oktober imødeser jeg med megen længsel! Jeg håber bestemt at bogens udkomst ikke vil overskride denne termin; og gid den så må finde en rivende <anchor type="lemma" xml:id="koB13_1107"/>afsætning! Før dette tidspunkt er over har jeg ingen sindsro til at beskæftige mig alvorligt med <anchor type="lemma" xml:id="koB13_1108"/>de nye literære planer, som er begyndt at røre sig i mig, og hvorom jeg senere skal tilskrive Dem. Idag vil jeg indskrænke mig til med de venligste hilsener til Dem og Deres søn at tegne mig</p>
<salute>Deres hjertelig hengivne</salute>
<signed>Henrik Ibsen.</signed>
</div>
</body>
</text>