<?xml version="1.0" encoding="UTF-8"?><text xmlns="http://www.tei-c.org/ns/1.0" xmlns:HIS="http://www.example.org/ns/HIS" rend="letter" corresp="Budat1850-51CE" xml:lang="da-no">
<front>
<pb n="[a]"/>
<HIS:envelope type="sheet">
<address>
<addrLine>Til</addrLine>
<addrLine>Jomfru Clara Ebbell.</addrLine>
</address>
</HIS:envelope>
</front>
<body>
<div type="letter">
<p>
                            <pb n="[1]"/>Idet jeg sender Dem <anchor type="lemma" xml:id="koB12_72"/>indlagte Afskrivter er det mit Haab at den Sindsstemning der har fremkaldt disse Digte maa tjene til Undskyldning for <anchor type="lemma" xml:id="koB12_73"/>Anskuelser, der for en stor Deel ogsaa af Dem ere blevne mistydede. – Jeg beder Dem tilgive, at jeg ikke har kunnet afholde mig fra at tilføie disse Ord, rimeligviis de Sidste, jeg nogensinde hensender til Dem!</p>
</div>
</body>
</text>