<?xml version="1.0" encoding="UTF-8"?><text xmlns="http://www.tei-c.org/ns/1.0" xmlns:HIS="http://www.example.org/ns/HIS" rend="letter" corresp="B18670918FH" xml:lang="da-no">
                <body>
<div type="letter">
<dateline>
                            <pb n="[1]"/>Sorrento den <date>18<hi rend="raised">de</hi> September 1867</date>.</dateline>
<salute>Kjære Hr: Cancelliraad Hegel!</salute>
<p>Deres ærede Skrivelse af 21<hi rend="raised">de</hi> August med indlagt Vexel paa 700 frcs modtog jeg <anchor type="lemma" xml:id="koB12_1553"/>i rette Tid og takker forbindtligst.</p>
<p>Hermed følger Manuscriptet till <HIS:hisRef type="work" target="Navneregister_HISe.xml#woPG">4<hi rend="raised">de</hi> Handling af <anchor type="lemma" xml:id="koB12_1554"/>mit Digt</HIS:hisRef>; det manglende skal følge snarest muligt. At sende Afskriften paa anden Maade end <anchor type="lemma" xml:id="koB12_1555"/>gjennem Posten som Brev, er, ifølge indhentede Opplysninger, desværre ikke gjørligt; men heri faar jeg finde mig. – Hvis første Ark ikke er trykkt ønskede jeg paa Listen over de handlende følgende Rettelser: istedetfor To Tyve sættes <emph>En tyv og en Hæler</emph>; <HIS:hisRef type="tcNote" xml:id="noteT12_445" target="B1844-1871ht_noter.xml" corresp="noteT12_445">samt</HIS:hisRef> dersom Navnet Trumpeterstraale skulde være skrevet <anchor type="lemma" xml:id="koB12_1556"/>paa Svensk (med å) saa forandres dette till dansk Skrivemaade. Bliver Listen for lang till at rummes paa en Side, kan den gjerne begynde paa den foregaaende, hvor da Digtets Titel slettes. Kunde Trykkningen af Personlisten idethele udsættes <pb n="[2]"/>till jeg har sendt <HIS:hisRef type="tcNote" xml:id="noteT12_446" target="B1844-1871ht_noter.xml" corresp="noteT12_446">Dem</HIS:hisRef> Resten, saa var det vel, da jeg muligens kunde ville oppføre endnu et Par Bifigurer; forresten er det ikke saa magtpaaliggende. – Et Par Linjer fra Dem med Underretning om at Pakken er modtagen, vilde være mig en Beroligelse. – Jeg stoler paa <HIS:hisRef type="person" target="Navneregister_HISe.xml#peAuLa">
                                <anchor type="lemma" xml:id="koB12_1557"/>Korrektøren</HIS:hisRef>! Det er mig kjært at intet bliver bekjendt for det første. Kommer der intet nyt fra <HIS:hisRef type="person" target="Navneregister_HISe.xml#peBB">Bjørnson</HIS:hisRef> till Jul? –</p>
<p>Saa kjært det end skulde være mig at give Bidrag till <anchor type="lemma" xml:id="koB12_1558"/>Bogen for Slesvigerne, ser jeg mig dog desværre aldeles ude af Stand hertill, da mit store Arbejde <HIS:hisRef type="tcNote" xml:id="noteT12_447" target="B1844-1871ht_noter.xml" corresp="noteT12_447">opptager</HIS:hisRef> alle mine Tanker. <HIS:hisRef type="person" target="Navneregister_HISe.xml#peCKFM">
                                <HIS:hisRef type="tcNote" xml:id="noteT12_448" target="B1844-1871ht_noter.xml" corresp="noteT12_448">Professor</HIS:hisRef> Molbech</HIS:hisRef> og andre Bekjendte bedes hilsede. Min Adresse er fremdeles <HIS:hisRef type="person" target="Navneregister_HISe.xml#peDD">Generalkonsul Danchertsen</HIS:hisRef>: <HIS:hisRef type="place" target="Navneregister_HISe.xml#plNa">Neapel</HIS:hisRef>.</p>
<p>I Haab om snart at modtage nogle Linjer fra Dem tegner jeg mig</p>
<salute>Deres ærbødigst hengivne</salute>
<signed>Henrik Ibsen.</signed>
</div>
</body>
</text>