<?xml version="1.0" encoding="UTF-8"?><text xmlns="http://www.tei-c.org/ns/1.0" xmlns:HIS="http://www.example.org/ns/HIS" rend="letter" corresp="B18500728AkKoll" xml:lang="da-no">
<body>
<div type="letter">
<salute>
                            <pb n="[1]"/>Til <HIS:hisRef type="tcNote" xml:id="noteT12_35" target="B1844-1871ht_noter.xml" corresp="noteT12_35">Collegium</HIS:hisRef> academicum!</salute>
<p>Undertegnede opgiver herved at have læst <anchor type="lemma" xml:id="koB12_69"/>12<hi rend="raised">te</hi> Bog af <HIS:hisRef type="person" target="Navneregister_HISe.xml#peHom">Homers</HIS:hisRef> Iliade, som <anchor type="lemma" xml:id="koB12_70"/>Æqvivalent for hvad jeg i min oprindelige Anmeldelse har angivet <HIS:hisRef type="tcNote" xml:id="noteT12_36" target="B1844-1871ht_noter.xml" corresp="noteT12_36">
                                <anchor type="lemma" xml:id="koB12_71"/>forlidt.</HIS:hisRef>
                        </p>
<dateline>Christiania d: <date>28/Juli 1850</date>.</dateline>
<salute>ærbødigst</salute>
<signed>Henr: Ibsen</signed>
</div>
</body>
</text>