<?xml version="1.0" encoding="UTF-8"?><text xmlns="http://www.tei-c.org/ns/1.0" xmlns:HIS="http://www.example.org/ns/HIS" rend="letter" corresp="B18560320NTB" xml:lang="da-no">
                <front>
<pb n="[a]"/>
<HIS:envelope type="sheet">
<address>
<addrLine>Til</addrLine>
<addrLine>Bestyrelsen for det norske Theat<unclear reason="smudge">er</unclear>
                            </addrLine>
<addrLine>i Bergen</addrLine>
</address>
</HIS:envelope>
</front>
<body>
<div type="letter">
<dateline>
                            <pb n="[1]"/>Trondhjem, <date>20. 3. 56</date>.</dateline>
<salute>Til Bestyrelsen for det norske Theater.</salute>
<p>Uagtet jeg dennegang egentlig Intet har at indberette saa troer jeg dog at burde henlede Bestyrelsens Opmærksomhed paa en Foranstaltning som maaskee vil vise sig at være nødvendig. <HIS:hisRef type="person" target="Navneregister_HISe.xml#peJI">M<hi rend="raised">dm</hi> Isachsens</HIS:hisRef> Hæshed seer nemlig ud til at blive langvarig (hun er frugtsommelig og der siges at man i den Forfatning kun langsomt gjenvinder Stemmen) og i længere Tid at holde hende udenfor Repertoiret vil være ugjørligt; de Stykker hvori hun kan erstattes vil i Løbet af en Maaned være udspillede her. Jeg skulde derfor henstille til Bestyrelsens Overveielse om man finder det hensigtsmæssigt at sende <HIS:hisRef type="person" target="Navneregister_HISe.xml#peCSi">Jfr: Siewers</HIS:hisRef> herop. I saa Fald maatte det skee strax da det jo har mest Sandsynlighed for sig at <HIS:hisRef type="tcNote" xml:id="noteT12_113" target="B1844-1871ht_noter.xml" corresp="noteT12_113">hun</HIS:hisRef> i den nærmeste Tid af Saisonen vil blive os nyttig. I min forrige Skrivelse yttrede jeg at <pb n="[2]"/>
                            <anchor type="lemma" xml:id="koB12_317"/>«Skomageren og Grevinden» vilde blive given 2<hi rend="raised">den</hi> Paaskedag saafremt M<hi rend="raised">d</hi> I: ikke kom sig. Jeg har imidlertid betænkt mig herpaa og <anchor type="lemma" xml:id="koB12_318"/>«En ital: Straahat» vil ligefuldt gives; jeg har ladet <HIS:hisRef type="person" target="Navneregister_HISe.xml#peFN">Jfr. Jensen</HIS:hisRef> gjennemgaa M<hi rend="raised">d</hi> Isachsens Rolle for det Tilfælde at denne ikke skulde kunne optræde (hun er forresten noget bedre end i forrige Uge,) <HIS:hisRef type="person" target="Navneregister_HISe.xml#peAI">Isachsen</HIS:hisRef> tager foruden sit eget Parti tillige Jfr. Jensens (<anchor type="lemma" xml:id="koB12_319"/>Kammerpigen hos Baronessen) der er gjort til en Kammertjener, <HIS:hisRef type="person" target="Navneregister_HISe.xml#peCAH">
                                <anchor type="lemma" xml:id="koB12_320"/>Hansen</HIS:hisRef> spiller, foruden sin egen Rolle, <anchor type="lemma" xml:id="koB12_321"/>Corporalen i 5<hi rend="raised">te</hi> Akt. Indtægten af Fredagsforestillingen (<anchor type="lemma" xml:id="koB12_322"/>Eventyr paa Fodreisen) beløb sig til 91 Sp og nogle Skilling. Stykket gjorde overordentlig Lykke, det maa, som der fra flere Kanter er forlangt, gives for Abonnenterne. Jeg veed ikke om Bestyrelsen har modtaget mit Brev af 14<hi rend="raised">de</hi> dennes; hvis ikke, saa maa jeg herved gjentage min Anmodning om at <HIS:hisRef type="person" target="Navneregister_HISe.xml#peLar">
                                <anchor type="lemma" xml:id="koB12_323"/>Larsen</HIS:hisRef> beordres at nedpakke og hidsende Stuedekorationen til <HIS:hisRef type="work" target="Navneregister_HISe.xml#woG1">«Gildet paa Solhoug»</HIS:hisRef> samt det malede Huus til 2<hi rend="raised">den</hi> Akt; Stykket er ansat til Opførelse 2<hi rend="raised">den</hi> April. – Alt er vel. Bestyrelsens Skrivelse har jeg havt den Fornøielse at modtage.</p>
<salute>ærbødigst</salute>
<signed>Henr: Ibsen</signed>
</div>
</body>
</text>