<?xml version="1.0" encoding="UTF-8"?><text xmlns="http://www.tei-c.org/ns/1.0" xmlns:HIS="http://www.example.org/ns/HIS" rend="letter" corresp="B18530606RHo" xml:lang="da-no">
<body>
<div type="letter" subtype="poem">
<head type="letter">
                            <pb n="[1]"/>
                            <HIS:hisRef type="work" target="Navneregister_HISe.xml#woDiTilRH">Til R: H!</HIS:hisRef>
                        </head>
<lg>
<lg>
<l>O, jeg veed et deiligt Land,</l>
<l>Fjernt som Nattens Stjerne, –</l>
<l>Mod dets blomsterrige Strand</l>
<l>Stævner jeg saa gjerne;</l>
<l>Der er Sang i Li og Luft,</l>
<l>Der er grønne Lunde,</l>
<l>Der i <anchor type="lemma" xml:id="koB12_190"/>Natfiolens Duft</l>
<l>Er det sødt at blunde.</l>
                            </lg>
<lg>
<l>Der er Alting skjønt og rigt</l>
<l>Som et Barndomsminde, –</l>
<l>Der jeg hvisker mangt et Digt</l>
<l>Til min Sjæls Gudinde.</l>
<l>Der er Trøst for hver en <anchor type="lemma" xml:id="koB12_191"/>Kval,</l>
<l>Lindring for hver <anchor type="lemma" xml:id="koB12_192"/>Kummer:</l>
<l>Aftenvinden mild og sval</l>
<l>Vugger den i Slummer.</l>
                            </lg>
<lg>
<l>
                                    <pb n="[2]"/>Synker Sol bag Søens Speil,</l>
<l>Længes jeg didover –</l>
<l>
                                    <anchor type="lemma" xml:id="koB12_193"/>Spiler <anchor type="lemma" xml:id="koB12_194"/>Tankesnekkens Seil</l>
<l>Fjernt paa Luftens Vover,</l>
<l>Seiler, som en Ørn i Sky,</l>
<l>Mod de fjerne Strande,</l>
<l>Lever mang en Stund paany</l>
<l>Om i <emph>Drømmens Lande</emph>.</l>
                            </lg>
<lg>
<l>Did jeg stævned mangen Nat,</l>
<l>Salig og <anchor type="lemma" xml:id="koB12_195"/>forvildet,</l>
<l>Sværmed med min bedste Skat,</l>
<l>Med en Piges Billed, – – –</l>
<l>O, hvor dristig og hvor varm</l>
<l>Fløi min Hu mod Himlen –</l>
<l>Til jeg atter vaagned arm</l>
<l>Og forladt i Vrimlen.</l>
                            </lg>
<lg>
<l>
                                    <pb n="[3]"/>Nu et Ord fra Deres Mund</l>
<l>Skal min Fremtid dømme; –</l>
<l>Eier Lykkens Skat jeg kun</l>
<l>I de <anchor type="lemma" xml:id="koB12_196"/>vaagne <emph>Drømme</emph>?</l>
<l>Skal jeg haabløs og forladt</l>
<l>Sværme med et Minde –</l>
<l>Eller skal min bedste Skat</l>
<l>Jeg i <emph>Livet</emph> finde?</l>
                            </lg>
                        </lg>
<dateline>
                            <date>d: 6/6. 53</date>.</dateline>
<signed>Henr: Ibsen</signed>
</div>
</body>
</text>