<?xml version="1.0" encoding="UTF-8"?><text xmlns="http://www.tei-c.org/ns/1.0" xmlns:HIS="http://www.example.org/ns/HIS" rend="letter" corresp="B18740123EGr" xml:lang="da-no">
<body>
<div type="letter">
<dateline>
                            <pb n="[1]"/>Dresden den <date>23<hi rend="raised">de</hi> Januar 1874</date>. –</dateline>
<salute>Kære herr Grieg!</salute>
<p>Jeg henvender disse linjer til Dem i anledning af en plan, som jeg agter at iværksætte, og i hvilken jeg vil forespørge om De skulde ville være deltager.</p>
<p>Sagen er følgende. <HIS:hisRef type="work" target="Navneregister_HISe.xml#woPG">
                                <anchor type="lemma" xml:id="koB13_1341"/>«Peer Gynt»</HIS:hisRef>, – hvoraf nu et tredje oplag snart skal udkomme, – agter jeg at indrette til <anchor type="lemma" xml:id="koB13_1342"/>opførelse på scenen. Vil De komponere den dertil fornødne musik? Jeg skal i korthed antyde for Dem, hvorledes jeg tænker at indrette stykket.</p>
<p>
                            <anchor type="lemma" xml:id="koB13_1343"/>Første akt bibeholdes helt, kun med nogle <anchor type="lemma" xml:id="koB13_1344"/>forkortninger i dialogen. <anchor type="lemma" xml:id="koB13_1345"/>Peer Gynts monolog side 23, 24 <HIS:hisRef type="tcNote" xml:id="noteT13_209a" target="B1871-1879ht_noter.xml" corresp="noteT13_209a">og</HIS:hisRef> 25 ønsker jeg behandlet enten <anchor type="lemma" xml:id="koB13_1346"/>melodramatisk eller delvis som <anchor type="lemma" xml:id="koB13_1347"/>recitativ. <anchor type="lemma" xml:id="koB13_1348"/>Scenen i bryllupsgården, side 28, må der ved hjælp af ballet gøres meget mere ud af, end der står i bogen. <pb n="[2]"/>Hertil må en særlig dansemelodi komponeres, der fortsættes dæmpet lige indtil aktens slutning.</p>
<p>I anden akt må <anchor type="lemma" xml:id="koB13_1349"/>optrinnet med de tre <HIS:hisRef type="tcNote" xml:id="noteT13_209b" target="B1871-1879ht_noter.xml" corresp="noteT13_209b">sæterjenter</HIS:hisRef>, side 57–60, behandles musikalsk efter komponistens skøn, men djævelskab må der være deri! <anchor type="lemma" xml:id="koB13_1350"/>Monologen side 60–62 har jeg tænkt mig ledsaget af akkorder, altså som melodrama. Det <anchor type="lemma" xml:id="koB13_1351"/>samme gælder scenen mellem Peer og den grønklædte kvinde, side 63–66. Ligeså må der sættes et slags <anchor type="lemma" xml:id="koB13_1352"/>akkompagnement til optrinene i Dovregubbens hal, <anchor type="lemma" xml:id="koB13_1353"/>hvor dog replikkerne betydeligt skal forkortes. Også <anchor type="lemma" xml:id="koB13_1354"/>scenen med Bøjgen, der gives hel, må ledsages af musik; fuglestemmerne må synges; klokkeringning og salmesang høres langt borte.</p>
<p>I tredje akt behøver jeg <anchor type="lemma" xml:id="koB13_1355"/>akkorder, men sparsomt, til scenen mellem Peer, kvinden og troldungen, side 96–100. Ligeså har jeg tænkt mig et <anchor type="lemma" xml:id="koB13_1356"/>sagte akkompagnement fra side 109 øverst oppe og indtil nederst på side 112.</p>
<p>
                            <anchor type="lemma" xml:id="koB13_1357"/>Sågodtsom hele fjerde akt skal udelades ved opførelsen. I dens sted har jeg tænkt mig et stort musikalsk tonemaleri, der antyder Peer Gynts omflakken i den vide verden, amerikanske, engelske og franske <pb n="[3]"/>melodier kunde klinge igennem som vekslende og atter forsvindende motiver. <anchor type="lemma" xml:id="koB13_1358"/>Anitras og pigernes kor, side 144–145 <HIS:hisRef type="tcNote" xml:id="noteT13_210" target="B1871-1879ht_noter.xml" corresp="noteT13_210">skal</HIS:hisRef> høres bag tæppet i forbindelse med orkestermusiken. Under denne skal tæppet gå op og man ser som et fjernt drømmebillede det nederst på siden 164 beskrevne tableau, hvori <anchor type="lemma" xml:id="koB13_1359"/>Solvejg som en middelaldrende kvinde sidder syngende i solskinnet udenfor husvæggen. Efter hendes sang ruller tæppet atter langsomt ned, <anchor type="lemma" xml:id="koB13_1360"/>musiken fortsættes i orkestret og går over til at skildre den storm på havet, hvormed femte akt begynder.</p>
<p>
                            <anchor type="lemma" xml:id="koB13_1361"/>Femte akt, der ved opførelsen betegnes som den fjerde, eller som efterspil, må betydeligt forkortes. <anchor type="lemma" xml:id="koB13_1362"/>Musik-akkompagnement behøves fra side 195–199. Optrinnene på bådhvælvet og på kirkegården udelades. <anchor type="lemma" xml:id="koB13_1363"/>Side 221 synger Solvejg og efterspillet ledsager Peer Gynts følgende repliker, hvorefter det går over i korene side 222–225. <anchor type="lemma" xml:id="koB13_1364"/>Scenerne med knappestøberen og med Dovregubben forkortes. <anchor type="lemma" xml:id="koB13_1365"/>Side 254 synger kirkefolket på skogstien; klokkeringning og fjern salmesang antydes i musiken under det følgende indtil <anchor type="lemma" xml:id="koB13_1366"/>Solvejgs sang slutter stykket, hvorefter tæppet falder idet salmesangen atter klinger nærmere og stærkere.</p>
<p>
                            <pb n="[4]"/>Således omtrent har jeg tænkt mig det hele og <anchor type="lemma" xml:id="koB13_1367"/>beder mig underrettet om hvorvidt De vil påtage Dem dette arbejde. Indgår De herpå, så <anchor type="lemma" xml:id="koB13_1368"/>henvender jeg mig straks til bestyrelsen for <HIS:hisRef type="org" target="Navneregister_HISe.xml#orgChrTh">Kristiania theater</HIS:hisRef>, indleverer en rettet tekstbog og sikrer os på forhånd stykkets opførelse. Som honorar agter jeg at betinge mig <anchor type="lemma" xml:id="koB13_1369"/>400 spedler, der deles lige imellem os begge. Jeg anser det utvivlsomt at vi også kan påregne stykkets <anchor type="lemma" xml:id="koB13_1370"/>opførelse i <HIS:hisRef type="place" target="Navneregister_HISe.xml#plKbh">København</HIS:hisRef> og <HIS:hisRef type="place" target="Navneregister_HISe.xml#plSthlm">Stokholm</HIS:hisRef>. Men jeg beder Dem at holde sagen hemmelig indtil videre og at svare mig snarest muligt.</p>
<salute>Deres venskabeligst forbundne</salute>
<signed>Henrik Ibsen.</signed>
</div>
<div type="postscript">
<p>P. s. Min adresse her i Dresden er: Wettiner-Strasse, N<hi rend="raised">o</hi> 22, 2<hi rend="raised">den</hi> Etage.</p>
</div>
</body>
</text>