<?xml version="1.0" encoding="UTF-8"?><text xmlns="http://www.tei-c.org/ns/1.0" xmlns:HIS="http://www.example.org/ns/HIS" rend="letter" corresp="B18721216AI" xml:lang="da-no">
<front>
<pb n="[a]"/>
<HIS:envelope type="envelope">
<address>
<addrLine>Herr instruktør og skuespiller A: H: Isachsen.</addrLine>
<addrLine>Christiania.</addrLine>
<addrLine>(Norwegen.)</addrLine>
</address>
<stamp>fr:</stamp>
</HIS:envelope>
</front>
<body>
<div type="letter">
<dateline>
                            <pb n="[1]"/>Dresden den <date>16<hi rend="raised">de</hi> December 1872</date>. –</dateline>
<salute>Kære Isachsen!</salute>
<p>Af min stærkt optagne tid må jeg iaften stjæle nogle øjeblikke for at tilskrive Dig et par linjer angående <HIS:hisRef type="work" target="Navneregister_HISe.xml#woKK">
                                <HIS:hisRef type="tcNote" xml:id="noteT13_105" target="B1871-1879ht_noter.xml" corresp="noteT13_105">
                                    <anchor type="lemma" xml:id="koB13_685"/>«Kærlighedens komedie»</HIS:hisRef>
                            </HIS:hisRef>, hvis opførelse vel snart står for tur. Jeg beder Dig at tage <HIS:hisRef type="tcNote" xml:id="noteT13_106" target="B1871-1879ht_noter.xml" corresp="noteT13_106">Dig</HIS:hisRef> af dette stykke på bedste måde, både med hensyn til arrangement og til udstyr. – Men først og fremst beder jeg Dig om med strenghed at våge over at stykket fra <emph>samspillets</emph> side kommer frem i en anstændig form.</p>
<p>Jeg beder Dig derhos om at meddele de ærede rollehavende følgende:</p>
<p>Den modtagelse dette stykke, hvilket jeg ansér for et af mine bedste, erholder fra publikums side, afhænger helt og holdent af måden, hvorpå det blir spillet.</p>
<p>Det er nødvendigt at man allerede <anchor type="lemma" xml:id="koB13_686"/>på første prøve kan sin rolle fuldstændigt.</p>
<p>Det er nødvendigt, at enhver af de spillende <anchor type="lemma" xml:id="koB13_687"/>kender <emph>hele</emph> stykket og ikke blot de scener, hvori han selv optræder. Iagttages ikke dette, så lærer man heller ikke at opfatte helheden af den karakter, man <pb n="[2]"/>har at fremstille.</p>
<p>Dialogen i mit stykke er <HIS:hisRef type="tcNote" xml:id="noteT13_107" target="B1871-1879ht_noter.xml" corresp="noteT13_107">fuld</HIS:hisRef> af <anchor type="lemma" xml:id="koB13_688"/>pointer, hentydninger, o. s. v. Alle disse må forståes; men de må gengives med <emph>finhed</emph> og ikke med noget sådant eftertryk at de rykkes ud af deres organiske forbindelse med den øvrige dialog.</p>
<p>Samtalerne må føres med liv, lethed og den højeste grad af <emph>natursandhed</emph> i betoningen.</p>
<p>Hvad man i min tid ofte savnede ved <HIS:hisRef type="org" target="Navneregister_HISe.xml#orgChrTh">Kristiania theater</HIS:hisRef>, var den naturlige afveksling i talens hurtighed og langsomhed, alt efter indholdet. Man savnede stemmens naturlige dæmpning og styrke, og især savnede man den stigende hurtighed i tempoet, som fremkommer, når et menneske, ved det, der bliver sagt, eller derved at han selv taler sig hed, <HIS:hisRef type="tcNote" xml:id="noteT13_108" target="B1871-1879ht_noter.xml" corresp="noteT13_108">bringes</HIS:hisRef> i affekt, i vrede, i forargelse, i afsky, o. s. v. – I min tid hjalp mange sig ved slige lejligheder med at <emph>råbe højere</emph>. Men dette nytter til intet. Der gives intet andet udtryk for den stigende affekt, end den stigende iver, hvormed der tales.</p>
<p>Endelig vil jeg tilføje at ved alle gode theatre i <HIS:hisRef type="place" target="Navneregister_HISe.xml#plEu">Europa</HIS:hisRef> ansees et stykke først da for ordentlig indstuderet, når det kan spilles <anchor type="lemma" xml:id="koB13_689"/>uden sufflør.</p>
<p>Disse punkter tillader jeg mig med en forbindtlig hilsen at lægge de ærede <pb n="[3]"/>rollehavende på <HIS:hisRef type="tcNote" xml:id="noteT13_109" target="B1871-1879ht_noter.xml" corresp="noteT13_109">hjerte.</HIS:hisRef> Jeg nærer det sikkre håb at enhver af dem, både af kærlighed til kunsten og af personlig velvilje for mig, vil gøre sit bedste. – –</p>
<p>Jeg tvivler ikke på at Du, kære ven, er enig med mig i ovenstående og at Du vil drage omsorg for at det iagttages. – Nu til noget <anchor type="lemma" xml:id="koB13_690"/>privat, hvorom jeg forlængst skulde have tilskrevet Dig. Jeg tror Du vil give mig ret når jeg påstår at Du har sét mindre af det europæiske theatervæsen end ønskeligt for den <anchor type="lemma" xml:id="koB13_691"/>stilling, Du for tiden beklæder, og især for den <anchor type="lemma" xml:id="koB13_692"/>stilling, som Du måske engang kommer til at beklæde ved Kristiania theater. Du må se med egne øjne nutidens <anchor type="lemma" xml:id="koB13_693"/>sceniske hjælpemidler bragte i anvendelse, Du må studere arrangement og dekorationsvæsen, administration og artistisk samt technisk ledelse. Med et ord, Du må ud at rejse. Kommer Du ikke ud, så vil Du ikke kunne hævde den fornødne autoritet i længden, og Du vil ikke engang kunne præstere den fornødne selvtillid og sikkerhed, hvilket er det vigtigste.</p>
<p>Til påske åbnes det nye <anchor type="lemma" xml:id="koB13_694"/>Alberts-theater her i <HIS:hisRef type="place" target="Navneregister_HISe.xml#plDre">Dresden</HIS:hisRef>. På dette theater skal de kongelige skuespillere give forestillinger indtil det store <anchor type="lemma" xml:id="koB13_695"/>operahus blir færdigt. Der spilles hele året igennem; altså også om sommeren. Her <pb n="[4]"/>var netop noget at lære for Dig. Jeg skulde gøre mit bedste for at skaffe Dig indpas overalt. Du skal og <anchor type="lemma" xml:id="koB13_696"/>må komme herned!</p>
<p>Da eders direktør, <HIS:hisRef type="person" target="Navneregister_HISe.xml#peABan">kaptejn Bang</HIS:hisRef> i høst var her, talte jeg <anchor type="lemma" xml:id="koB13_697"/>vidtløftigt med ham om denne sag og sagde ham at <anchor type="lemma" xml:id="koB13_698"/>theatret skulde give en forestilling i det øjemed at skaffe Dig rejsepenge. Privatfolk måtte også gøre noget. Han var aldeles enig med mig, og alt beror således på Dig selv.</p>
<p>Jeg er viss på at Du ikke vil opfatte dette, som om jeg i utrængsmål blandede mig op i dine affærer. Jeg har selv erfaret, hvorledes et ophold i udlandet stålsætter et menneske for hele hans livsgerning, og det er derfor ganske naturligt at jeg ønsker mine gamle venner delagtige i et sligt gode. Jeg råder alle til at rejse; men Dig især. For Dig er det en uundgåelig nødvendighed. Beslut Dig altså og tilskriv mig derom. –</p>
<p>Jeg ser at <HIS:hisRef type="person" target="Navneregister_HISe.xml#peAIs">
                                <anchor type="lemma" xml:id="koB13_699"/>din fader</HIS:hisRef>, den gamle hædersmand er gået bort, fulgt til graven, som det sømmede sig, af alles agtelse og kærlighed. – Bortsét fra denne familjesorg håber jeg at Du og dine befinder eder vel. Hils <HIS:hisRef type="person" target="Navneregister_HISe.xml#peJI">din ærede <anchor type="lemma" xml:id="koB13_700"/>frue</HIS:hisRef> mangfoldige gange fra</p>
<salute>Din hengivne ven</salute>
<signed>Henrik Ibsen.</signed>
</div>
</body>
</text>