<?xml version="1.0" encoding="UTF-8"?><text xmlns="http://www.tei-c.org/ns/1.0" xmlns:HIS="http://www.example.org/ns/HIS" rend="letter" corresp="B18661102FH" xml:lang="da-no">
                <body>
<div type="letter">
<dateline>
                            <pb n="[1]"/>Rom den <date>2<hi rend="raised">den</hi> November 1866</date>.–</dateline>
<salute>Kjære Hr. Cancelliraad Hegel!</salute>
<p>Det var mig isandhed en højst behagelig Overraskelse gjennem Deres venlige Skrivelse af 17<hi rend="raised">de</hi> f. M. at erfare Behovet af <HIS:hisRef type="work" target="Navneregister_HISe.xml#woBr">
                                <anchor type="lemma" xml:id="koB12_1401"/>et 4<hi rend="raised">de</hi> Opplag af «Brand»</HIS:hisRef>; at et saadant i den nærmeste Fremtid skulde tilltrænges, oversteg mine Forventninger, og den væsentlige Andel i dette skjeldne Held, der skyldes Dem, skal jeg stedse med Erkjendtlighed bevare i min Erindring. – <anchor type="lemma" xml:id="koB12_1402"/>Honoraret, hvorfor jeg paa Forhaand aflægger Dem min bedste Takk, anmoder jeg om at maatte lade henstaa hos Dem indtill engang udover Vaaren eller en anden Tid, hvorom jeg da nærmere skal skrive.</p>
<p>At Udgivelsen af <anchor type="lemma" xml:id="koB12_1403"/> <HIS:hisRef type="work" target="Navneregister_HISe.xml#woKK">2<hi rend="raised">den</hi> Udgave af «Kjærlighedens <HIS:hisRef type="tcNote" xml:id="noteT12_405" target="B1844-1871ht_noter.xml" corresp="noteT12_405">Komedie</HIS:hisRef>»</HIS:hisRef> under disse Omstændigheder udsættes, saaledes som i Deres Brev antydet, indtill næste Foraar, finder jeg naturligvis ganske i sin Orden, og beder Dem forøvrigt at raade med de Sager fuldkommen som De selv vil.</p>
<p>Jeg er i Ordets virkelige Betydning bedrøvet over ikke at kunne levere Bidrag till <HIS:hisRef type="person" target="Navneregister_HISe.xml#peECR">
                                <anchor type="lemma" xml:id="koB12_1404"/>Richardts Samling;</HIS:hisRef> men naar jeg, tilltrods for den hædrende Oppfordring der er bleven rettet till mig, ikke ser mig istand till i dette Stykke at <anchor type="lemma" xml:id="koB12_1405"/>indløse mit Ord, saa maa <HIS:hisRef type="tcNote" xml:id="noteT12_406" target="B1844-1871ht_noter.xml" corresp="noteT12_406">De</HIS:hisRef> tro at det sker efter modent Overlægg. Jeg anmoder Dem om at hilse Richardt paa det varmeste fra mig, og beder baade Dem og ham ikke at lægge mig noget tillast i denne Sag, der jo igrunden <anchor type="lemma" xml:id="koB12_1406"/>geraader mig selv mest till Skade.</p>
<p>For <anchor type="lemma" xml:id="koB12_1407"/>de belovede nye Arbejder af <HIS:hisRef type="person" target="Navneregister_HISe.xml#peBD">Dunker</HIS:hisRef>, <HIS:hisRef type="person" target="Navneregister_HISe.xml#peLD">Dietrichson</HIS:hisRef> <pb n="[2]"/>og <HIS:hisRef type="person" target="Navneregister_HISe.xml#peALCL">Listov</HIS:hisRef> er jeg Dem særdeles taknemmelig; det sidste glæder jeg mig især till. Nu vilde jeg blot ønske at Deres Virken for at gjenopprette vor fordums dansk-norske Fælleslitteratur ogsaa maa bære pekuniære Frugter; at De engang, naar Enhedstanken klarere er trængt igjennem, vil høste Fremtidens hele Anerkjendelse er godt nok, men ikke tilstrækkeligt!</p>
<p>For det modtagne Fotografiportræt er jeg Dem hjertelig forbunden; indlagt sender jeg Dem mit, saa godt som jeg for Øjeblikket har det, men udbeder mig Tilladelse till senere at sende et andet.</p>
<p>Af Deres Brev ser jeg at der hersker en liden Misforstaaelse angaaende <HIS:hisRef type="work" target="Navneregister_HISe.xml#woPG">et af mig omskrevet paatænkt Arbejde</HIS:hisRef>. Dette kommer nemlig ikke till at handle <emph>om</emph> <HIS:hisRef type="person" target="Navneregister_HISe.xml#peKongChr4">Chr. IV<hi rend="raised">des</hi>
                            </HIS:hisRef> Ungdom; men <anchor type="lemma" xml:id="koB12_1408"/>Stoffet er taget fra den Tid. Hvorvidt dette Arbejde forøvrigt bliver det <emph>første</emph> jeg kommer till at fuldføre, ved jeg endnu ikke med Bestemthed. Jeg har endnu <anchor type="lemma" xml:id="koB12_1409"/>et Par andre Sujetter i Tankerne; men just denne <HIS:hisRef type="tcNote" xml:id="noteT12_407" target="B1844-1871ht_noter.xml" corresp="noteT12_407">
                                <anchor type="lemma" xml:id="koB12_1410"/>Spredthed</HIS:hisRef> i min Interesse viser at intet af dem endnu er tillstrækkelig modnet; <HIS:hisRef type="tcNote" xml:id="noteT12_408" target="B1844-1871ht_noter.xml" corresp="noteT12_408">dog</HIS:hisRef> føler jeg med Sikkerhed at dette snart vil ske og haaber <anchor type="lemma" xml:id="koB12_1411"/>udover Vaaren at kunde tillstille <HIS:hisRef type="tcNote" xml:id="noteT12_409" target="B1844-1871ht_noter.xml" corresp="noteT12_409">Dem</HIS:hisRef> det færdige Manuscript.</p>
<p>Fra <HIS:hisRef type="person" target="Navneregister_HISe.xml#peGS">Statsminister Sibbern</HIS:hisRef>, og gjennem ham fra <HIS:hisRef type="person" target="Navneregister_HISe.xml#peKongK4">Kong Carl</HIS:hisRef>, har jeg nu modtaget et særdeles venligt Brev. Sibbern har været fraværende fra <HIS:hisRef type="place" target="Navneregister_HISe.xml#plSthlm">Stokholm</HIS:hisRef>, og har derfor først i forrige Maaned <anchor type="lemma" xml:id="koB12_1412"/>modtaget Bøgerne.</p>
<p>Hjertelig Takk fordi De har villet paatage Dem Ulejligheden med <anchor type="lemma" xml:id="koB12_1413"/>min Lotteriseddel! Gid det blot stod i min Magt i Gjerning at vise min Erkjendtlighed for al Deres Velvilje!</p>
<p>Till Sluttning <anchor type="lemma" xml:id="koB12_1414"/>en lidt ubehagelig Sag. Som De vil erindre anmodede jeg Dem i sin Tid om af Honoraret for 1<hi rend="raised">ste</hi> Opplag af «Brand» at afholde 50 Rdlr. till <HIS:hisRef type="person" target="Navneregister_HISe.xml#peBB">Bjørnsons Disposition</HIS:hisRef>. Sammenhængen var denne: For et Par Aar siden laante Deres herboende Landsmand <HIS:hisRef type="person" target="Navneregister_HISe.xml#peNR">N. Ravnkilde</HIS:hisRef> en Sum Penge af <HIS:hisRef type="person" target="Navneregister_HISe.xml#peFB">daværende Konsulatsekretær, Student Bætzmann</HIS:hisRef> fra <HIS:hisRef type="place" target="Navneregister_HISe.xml#plN">Norge</HIS:hisRef>, hvilken Sum, ifølge Aftalen, skulde tillbagebetales terminvis <pb n="[3]"/>efter Student Bs Tillbagekomst till Norge. Da det imidlertid faldt baade vanskeligt og bekosteligt hersteds at kjøbe Vexler betalbare i Christiania, saa anmodede R. mig om at meddele ham en Anvisning paa en eller anden deroppe, paa hvilken Anmodning jeg gik ind og erholdt det tillsvarende Beløb udbetalt. Jeg sendte Anvisningen till Bjørnson, hvem jeg formodede stadigt korresponderende med Dem og bad ham snarest muligt indbetale Pengene till Hr. Bætzmann. Jeg antog saaledes den hele Sag ordnet indtill jeg for nogle Maaneder siden af et Brev fra nævnte Student B. till Ravnkilde <HIS:hisRef type="tcNote" xml:id="noteT12_410" target="B1844-1871ht_noter.xml" corresp="noteT12_410">erfarer</HIS:hisRef> at han ikke har modtaget Beløbet. De <anchor type="lemma" xml:id="koB12_1415"/>Forespørgsler, som jeg derefter gjentagende Gange rettede till Bjørnson har jeg <anchor type="lemma" xml:id="koB12_1416"/>ikke faaet besvarede med fyldestgjørende Klarhed, og da Student B. nu for nogle Dage siden i et nyt Brev siger at Bjørnson, da han sidste Gang krævedes, yttrede at han havde forlagt Anvisningen, eller at denne var ham frakommen, saa har jeg for at undgaa videre Vanskeligheder udbetalt Beløbet kontant till Ravnkilde hersteds, og beder nu Dem om den Opplysning, som jeg forgjæves har søgt at erholde af Bjørnson. Spørgsmaalet er blott: Har Bjørnson hævet <HIS:hisRef type="tcNote" xml:id="noteT12_411" target="B1844-1871ht_noter.xml" corresp="noteT12_411">ovennævnte</HIS:hisRef> 50 Rdler – eller henstaar Summen fremdeles hos Dem? I sidste Fald erklærer jeg den udstedte Anvisning for ugyldig for det Tillfælde at den fra nu af skulde blive præsenteret; i første Fald har naturligvis Bjørnson paa en mig ubekjendt Maade anvendt Pengene i min Interesse og vil nok i sin Tid opplyse mig herom. Da vor fælles Ven, Bjørnson, sætter stor Pris paa at betragtes som en særdeles paalidelig Kommissionær, saa beder jeg Dem at lade denne Sag blive mellem os og navnlig ikke berøre den for ham da jeg ved at han, hvad enten Pengene ere hævede eller ikke, vil ærgre sig over Affæren. –</p>
<p>Angaaende <anchor type="lemma" xml:id="koB12_1417"/>Restopplaget af den norske Udgave af «Kjærlighedens Komedie» vil De forhaabentlig snart faa tillfredsstillende Svar enten gjennem <HIS:hisRef type="person" target="Navneregister_HISe.xml#pePBH">P. Botten-Hansen</HIS:hisRef> <pb n="[4]"/>eller en anden af mine Venner, <HIS:hisRef type="person" target="Navneregister_HISe.xml#peMB">Rigsarkivar Birkeland</HIS:hisRef>, hvem jeg ligeledes har tillskrevet i samme Anledning. <HIS:hisRef type="tcNote" xml:id="noteT12_412" target="B1844-1871ht_noter.xml" corresp="noteT12_412">
                                <anchor type="lemma" xml:id="koB12_1418"/>Forordene</HIS:hisRef> skal jeg senere sende Dem; de volder mig adskilligt <anchor type="lemma" xml:id="koB12_1419"/>Hovedbrud, thi de bør hverken indeholde formeget eller for lidt. – <HIS:hisRef type="person" target="Navneregister_HISe.xml#peMSa">Dr: Salomonsen</HIS:hisRef> har forhaabentlig overbragt min Hilsen. <HIS:hisRef type="person" target="Navneregister_HISe.xml#peHNC">Professor Clausens Ankomst</HIS:hisRef> imødeser jeg med megen Længsel; her er fortiden yderst faa Skandinaver i Rom; <anchor type="lemma" xml:id="koB12_1420"/>Forholdene hersteds er jo heller ikke indbydende og den nærmeste Fremtid lover just ingen Forbedring i saa Henseende. – Med de hjerteligste Hilsener tegner jeg mig som</p>
<salute>Deres ærbødigst hengivne</salute>
<signed>Henrik Ibsen.</signed>
</div>
</body>
</text>