<?xml version="1.0" encoding="UTF-8"?><text xmlns="http://www.tei-c.org/ns/1.0" xmlns:HIS="http://www.example.org/ns/HIS" rend="letter" corresp="B18710108FH" xml:lang="da-no">
                <body>
<div type="letter">
<dateline>
                            <pb n="[1]"/>Dresden den <date>8<hi rend="raised">de</hi> Januar 1871</date>. –</dateline>
<salute>Kære herr Hegel!</salute>
<p>Efter en nu vel overstået 8 dages forkølelse og anden <anchor type="lemma" xml:id="koB12_2890"/>upasselighed skynder jeg mig at sende Dem og <HIS:hisRef type="person" target="Navneregister_HISe.xml#peJH">Deres søn</HIS:hisRef> min hjerteligste nytårshilsen, med hjertelig tak for det forløbne og alle gode ønsker for dette år!</p>
<p>De få linjer, jeg sendte til <anchor type="lemma" xml:id="koB12_2891"/>festen den 30<hi rend="raised">te</hi>, håber jeg er kommet Dem ihænde, og jeg kan forsikkre Dem at jeg her i frastand fejrede dagen så godt som omstændighederne tillod.</p>
<p>Min bedste taksigelse for <anchor type="lemma" xml:id="koB12_2892"/>bogpakken og festsangene. <HIS:hisRef type="person" target="Navneregister_HISe.xml#peECR">
                                <anchor type="lemma" xml:id="koB12_2893"/>Chr: Richards</HIS:hisRef> digt er et mesterværk i sit slags og <HIS:hisRef type="person" target="Navneregister_HISe.xml#peBB">
                                <anchor type="lemma" xml:id="koB12_2894"/>Bjørnsons</HIS:hisRef> er jo også meget smukt. – Men hvad skal man sige om <anchor type="lemma" xml:id="koB12_2895"/>det store pragtværk i to bind? Det står vel uden sidestykke! Der har De i sandhed rejst Dem selv og den Gyldendalske Boghandel et værdigt monument. <anchor type="lemma" xml:id="koB12_2896"/>
                            <HIS:hisRef type="person" target="Navneregister_HISe.xml#peJLi">Jonas Lies</HIS:hisRef> bog har jeg allerede læst; den indeholder meget der er fortræffeligt, om end kompositionen er mangelfuld.</p>
<p>
                            <pb n="[2]"/>
                            <anchor type="lemma" xml:id="koB12_2897"/>Afskriften af mine digte har jeg modtaget; det er en tyk bog; men foreløbig kasserer jeg de tre fjerdeparter og den fjerde omarbejder jeg. Jeg er allerede begyndt.</p>
<p>På <anchor type="lemma" xml:id="koB12_2898"/>opførelsen af <HIS:hisRef type="work" target="Navneregister_HISe.xml#woKE">«Kongs-emnerne»</HIS:hisRef> er jeg meget spændt. Vil De ikke bevise mig den godhed at sende et expl: af dette stykke til min ven, <HIS:hisRef type="person" target="Navneregister_HISe.xml#peAK">højesteretsadvokat Klubien</HIS:hisRef>, indbundet og for <emph>min</emph> regning. Han bor Holmens kanal N<hi rend="raised">o</hi> 4.</p>
<p>I December har jeg skrevet et langt digt: <anchor type="lemma" xml:id="koB12_2899"/>
                            <HIS:hisRef type="work" target="Navneregister_HISe.xml#woBall">«Ballonbrev»</HIS:hisRef> der kommer i Morgenbladet og bør optages i samlingen.</p>
<p>Vi har her havt en forfærdelig kulde i denne tid og, hvad der var værst, i en hel uge mangel på alt brændematerial. Nu er endelig tilførselen begyndt igen.</p>
<p>Stemningen er forøvrigt meget trykket og her spores <anchor type="lemma" xml:id="koB12_2900"/>slemme anelser om krigens udfald. Gid de måtte vise sig vel begrundede!</p>
<p>Lev hjertelig vel for denne gang!</p>
<salute>Deres hengivne og forbundne</salute>
<signed>Henrik Ibsen.</signed>
</div>
</body>
</text>