<?xml version="1.0" encoding="UTF-8"?><text xmlns="http://www.tei-c.org/ns/1.0" xmlns:HIS="http://www.example.org/ns/HIS" rend="letter" corresp="B18620519HW" xml:lang="da-no">
<body>
<div type="letter">
<p>
                            <pb n="[1]"/>Som Svar paa Deres ærede Skrivelse maa jeg herved anmode Dem om at lade <HIS:hisRef type="person" target="Navneregister_HISe.xml#peCARA">Abelsteds</HIS:hisRef> Husleje henstaa i en Uges Tid; der vil blive draget Omsorg for at Deres Tilgodehavende bliver <anchor type="lemma" xml:id="koB12_716"/>afholdt af hans <anchor type="lemma" xml:id="koB12_717"/>Anpart i de derefter givne <anchor type="lemma" xml:id="koB12_718"/>Sommerforestillinger <HIS:hisRef type="tcNote" xml:id="noteT12_193" target="B1844-1871ht_noter.xml" corresp="noteT12_193">
                                <anchor type="lemma" xml:id="koB12_719"/>forsaavidt</HIS:hisRef> Kassererens Garanti ikke inden den Tid er <anchor type="lemma" xml:id="koB12_720"/>præsteret.</p>
<dateline>
                            <date>19/5. 62</date>.</dateline>
<salute>ærb:</salute>
<signed>Henr: Ibsen</signed>
<salute>Hr. Cand: Wergeland.</salute>
</div>
</body>
</text>