<?xml version="1.0" encoding="UTF-8"?><text xmlns="http://www.tei-c.org/ns/1.0" xmlns:HIS="http://www.example.org/ns/HIS" rend="letter" corresp="B18700228PFS" xml:lang="da-no">
<body>
<div type="letter">
<dateline>
                            <pb n="[1]"/>Dresden den <date>28<hi rend="raised">de</hi> Februar 1870</date>. –</dateline>
<salute>Højstærede Herr Siebold!</salute>
<p>For Deres venlige Brev af 17<hi rend="raised">de</hi> dennes takker jeg Dem forbindtligst; jeg havde deri den Fornøjelse at modtage en af de første Meddelelser om den <anchor type="lemma" xml:id="koB12_2340"/>Modtagelse <HIS:hisRef type="work" target="Navneregister_HISe.xml#woUF">mit Lystspil</HIS:hisRef> havde fundet i <HIS:hisRef type="place" target="Navneregister_HISe.xml#plKbh">Kjøbenhavn</HIS:hisRef>. Senere har jeg modtaget saa mange Breve og Aviser derom at jeg neppe ved hvorledes jeg skal faa Tid till at gjennemlæse og besvare altsammen.</p>
<p>
                            <anchor type="lemma" xml:id="koB12_2341"/>Herr <HIS:hisRef type="person" target="Navneregister_HISe.xml#peJJW">Webers</HIS:hisRef> Brev giver jeg mig den Ære at tillbagesende. Jeg haaber at Biografien kommer i den nærmeste Fremtid og ligesaa at det snart vil lykkes Dem at <anchor type="lemma" xml:id="koB12_2342"/>finde en Forlægger. Som en Kuriositet vil jeg fortælle Dem at <anchor type="lemma" xml:id="koB12_2343"/>en <HIS:hisRef type="person" target="Navneregister_HISe.xml#peLK">ung Dame</HIS:hisRef> i <HIS:hisRef type="place" target="Navneregister_HISe.xml#plN">Norge</HIS:hisRef> har i Vinter udgivet en Roman, der skal være en Fortsættelse af <HIS:hisRef type="work" target="Navneregister_HISe.xml#woBr">«Brand»</HIS:hisRef> og som kaldes «Brands Døtre». Den skal have vakt en viss Oppsigt; forøvrigt kjender jeg den ikke.</p>
<p>
                            <pb n="[2]"/>Jeg beklager for min egen Skyld at Deres Skildring af Rensdyrjagten ikke bliver opptagen i «Illustrirte Zeitung». Jeg er nemlig forvisset om at netopp De med Deres nøje Kjendskab till <HIS:hisRef type="place" target="Navneregister_HISe.xml#plN">vort Land</HIS:hisRef> og med Deres Interesse for Jægerlivet vil levere noget særdeles fortrinligt.</p>
<p>Idet jeg ønsker Dem en behagelig Rejse i Norge beder jeg Dem venligst hilse <HIS:hisRef type="tcNote" xml:id="noteT12_619" target="B1844-1871ht_noter.xml" corresp="noteT12_619">dem</HIS:hisRef> af mine Venner, som De maaske maatte træffe, og tegner mig</p>
<salute>Deres hengivne</salute>
<signed>Henrik Ibsen.</signed>
</div>
</body>
</text>