<?xml version="1.0" encoding="UTF-8"?><text xmlns="http://www.tei-c.org/ns/1.0" xmlns:HIS="http://www.example.org/ns/HIS" rend="letter" corresp="B18730908GB" xml:lang="da-no">
<body>
<div type="letter">
<dateline>
                            <pb n="[1]"/>Dresden den <date>8<hi rend="raised">de</hi> September 1873</date>.</dateline>
<salute>Kære Brandes!</salute>
<p>I disse dage er det netop <anchor type="lemma" xml:id="koB13_1030"/>et år siden at vi færdedes sammen her nede i <HIS:hisRef type="place" target="Navneregister_HISe.xml#plDre">Dresden</HIS:hisRef>, og nu, da jeg efter en omflakkende hvileløs sommer, igen er flyttet ind i min vinterbolig, tænker jeg daglig tilbage på de uger ifjor, da De bragte liv og afveksling i vor ensomme tilværelse. Derfor vil jeg idag tilskrive Dem nogle linjer for dog idetmindste at erfare hvor og hvorledes De lever; thi jeg ved ingen af delene.</p>
<p>Først må jeg nu opklare en misforståelse eller hvad jeg skal kalde det. <anchor type="lemma" xml:id="koB13_1031"/>De var i Juli måned her med <HIS:hisRef type="person" target="Navneregister_HISe.xml#peEBr">
                                <anchor type="lemma" xml:id="koB13_1032"/>Deres broder</HIS:hisRef> og <HIS:hisRef type="person" target="Navneregister_HISe.xml#peHBra">
                                <anchor type="lemma" xml:id="koB13_1033"/>svigerinde</HIS:hisRef>. Deres fru svigerinde havde den godhed sammen med <HIS:hisRef type="person" target="Navneregister_HISe.xml#peDFa">
                                <anchor type="lemma" xml:id="koB13_1034"/>fru Falsen</HIS:hisRef> at besøge os; og derefter skal De, ifølge fru Falsens sigende, have yttret forundring over at <HIS:hisRef type="person" target="Navneregister_HISe.xml#peSuI">min kone</HIS:hisRef> «<emph>ikke vilde modtage</emph>» Dem! Min hustru <pb n="[2]"/>beder mig sige Dem at en sådan formodning fra Deres side må bero på en misforståelse. Hun ventede at se både Dem og Deres broder; men De kom ikke. Hvad man kan have <anchor type="lemma" xml:id="koB13_1035"/>forebragt Dem, ved jeg ikke; men sagen er mig ingenlunde uforklarlig; thi allerede under slutningen af Deres foregående ophold i Dresden lod det til at <anchor type="lemma" xml:id="koB13_1036"/>her var nogen, som med et slags ængstelse syntes at våge over at De ikke altfor hyppigt og i uforstyrret fortrolighed kom sammen med os. Kære Brandes, <anchor type="lemma" xml:id="koB13_1037"/>De er en smule åbenmundet, og det ser virkelig ud, som om nogen har frygtet denne egenskab; af hvilke grunde skal jeg lade være usagt.</p>
<p>Dette skriver jeg fordi jeg vil De skal vide at De har været genstand for en <anchor type="lemma" xml:id="koB13_1038"/>mystifikation, og fordi De skal tro at De i os har virkelige venner, ikke blot bekendte af det slags der kommer imøde eller trækker sig tilbage alt efter omstændighederne. –</p>
<p>I <HIS:hisRef type="place" target="Navneregister_HISe.xml#plWien">Wien</HIS:hisRef> har jeg i sommer opholdt mig et par måneder som medlem af <anchor type="lemma" xml:id="koB13_1039"/>kunstjuryen, senere har jeg <pb n="[3]"/>tilbragt nogle uger på landet her i <HIS:hisRef type="place" target="Navneregister_HISe.xml#plSach">Sachsen</HIS:hisRef>, og i al den tid har jeg ikke fundet lejlighed til at følge med vore aviser, ligesom min skriftlige forbindelse med <HIS:hisRef type="place" target="Navneregister_HISe.xml#plDk">Danmark</HIS:hisRef> og <HIS:hisRef type="place" target="Navneregister_HISe.xml#plN">Norge</HIS:hisRef> har indskrænket sig til forretningssager. Jeg ved derfor sletikke hvad De tager Dem til eller hvor De færdes. Sig mig fremfor alt, hvad det bliver til med Deres engang påtænkte længere <anchor type="lemma" xml:id="koB13_1040"/>ophold i <HIS:hisRef type="place" target="Navneregister_HISe.xml#plD">Tyskland</HIS:hisRef>? Der er uendelig meget, jeg gerne vilde tale med Dem om, og udtømmende kan sligt kun ske mundtligt. Jeg synes at mange tegn tyder hen på at noget nyt er ifærd med at danne sig. Eller hvad siger De om <anchor type="lemma" xml:id="koB13_1041"/>valfarts-<anchor type="lemma" xml:id="koB13_1042"/>raseriet i <HIS:hisRef type="person" target="Navneregister_HISe.xml#peERe">Renans</HIS:hisRef> <HIS:hisRef type="place" target="Navneregister_HISe.xml#plFr">Frankrig</HIS:hisRef>? Om dette og meget andet vil jeg imidlertid ikke her videre udtale mig for ikke at udsætte mig for at misforståes.</p>
<p>
                            <HIS:hisRef type="work" target="Navneregister_HISe.xml#woKG">
                                <anchor type="lemma" xml:id="koB13_1043"/>Min nye bog</HIS:hisRef> venter jeg hver dag. Jeg er meget spændt på at høre <anchor type="lemma" xml:id="koB13_1044"/>hvad De vil sige om den. Fra Norge tilskrives mig at <HIS:hisRef type="person" target="Navneregister_HISe.xml#peBB">Bjørnson</HIS:hisRef>, uagtet han ikke kan kende bogen, skal have <anchor type="lemma" xml:id="koB13_1045"/>erklæret den for «Atheisme» og tilføjet at dertil måtte det naturligvis <pb n="[4]"/>komme med mig. Hvad bogen er eller ikke er, bryder jeg mig ikke om at undersøge; jeg ved kun at jeg energisk har set et brudstykke af menneske-historien, og hvad jeg så, det har jeg villet gengive. –</p>
<p>Det er mit håb at dette brev finder Dem, hvor De end for øjeblikket måtte <HIS:hisRef type="tcNote" xml:id="noteT13_168" target="B1871-1879ht_noter.xml" corresp="noteT13_168">færdes</HIS:hisRef>, og sker det, så lad mig snart høre fra Dem, forudsat at De ikke kan og vil berede mig den endnu større glæde at <anchor type="lemma" xml:id="koB13_1046"/>komme personlig.</p>
<p>Og hermed for denne gang et hjerteligt levvel og – hvis det må være mig tilladt – en forbindtlig hilsen til Deres broder, fra</p>
<salute>Deres hengivne</salute>
<signed>Henrik Ibsen.</signed>
</div>
<div type="postscript">
<p>P. s. Også herr <HIS:hisRef type="person" target="Navneregister_HISe.xml#peHD">
                                <anchor type="lemma" xml:id="koB13_1047"/>Drachmann</HIS:hisRef> bedes hilset. Han tænkte halvvejs på at komme hid tilbage. Jeg skulde af mange grunde ønske, mere uforstyrret end sidst, at <HIS:hisRef type="tcNote" xml:id="noteT13_169" target="B1871-1879ht_noter.xml" corresp="noteT13_169">kunne</HIS:hisRef> træffe sammen med ham under et længere besøg.</p>
<signed>H: I:</signed>
</div>
</body>
</text>