<?xml version="1.0" encoding="UTF-8"?><text xmlns="http://www.tei-c.org/ns/1.0" xmlns:HIS="http://www.example.org/ns/HIS" rend="letter" corresp="B18631027Kdep" xml:lang="da-no">
                <body>
<div type="letter">
<dateline>
                            <pb n="[1]"/>Christiania den <date>27<hi rend="raised">de</hi> October 1863</date>.</dateline>
<p>Undertegnede andrager herved ærbødigst om at maatte erholde Udbetalingsordre paa <anchor type="lemma" xml:id="koB12_813"/>Restbeløbet (300 Sp<hi rend="raised">d</hi>) af det mig tilstaaede udenlandske Reisestipendium, da det er min Agt <anchor type="lemma" xml:id="koB12_814"/>i Løbet af de første Uger at afgaa med Dampskibet til <HIS:hisRef type="place" target="Navneregister_HISe.xml#plHam">Hamburg</HIS:hisRef>.</p>
<salute>ærbødigst</salute>
<signed>Henrik Ibsen</signed>
<salute>Til Den Kongelige norske Regjerings Departement for Kirke- og Undervisnings-Væsenet</salute>
</div>
</body>
</text>