<?xml version="1.0" encoding="UTF-8"?><text xmlns="http://www.tei-c.org/ns/1.0" xmlns:HIS="http://www.example.org/ns/HIS" rend="letter" corresp="B18700113CR" xml:lang="da-no">
<body>
<div type="letter">
<dateline>
                            <pb n="[1]"/>Dresden den <date>13<hi rend="raised">de</hi> Januar 1870</date>. –</dateline>
<salute>Herr Dr: Rosenberg!</salute>
<p>Igår besvarede jeg <HIS:hisRef type="person" target="Navneregister_HISe.xml#peGAKH">Grev Hamiltons brev</HIS:hisRef>. Noget ordentligt bidrag havde jeg desvärre ikke for öjeblikket at sende ham; jeg <anchor type="lemma" xml:id="koB12_2253"/>vedlagde imidlertid en liden stump for det tillfälde at der en eller anden gang måtte findes en ledig halv side at udfylde. Ligeledes har jeg sagt ham at jeg senere hen skal sende ham <anchor type="lemma" xml:id="koB12_2254"/>nogle småbilleder fra <HIS:hisRef type="place" target="Navneregister_HISe.xml#plEg">Egypten</HIS:hisRef>, såfremt slige sager passer for tidsskriftet.</p>
<p>Jeg takker Dem hjerteligst for <anchor type="lemma" xml:id="koB12_2255"/>Deres anmeldelse af <HIS:hisRef type="work" target="Navneregister_HISe.xml#woUF">
                                <anchor type="lemma" xml:id="koB12_3280"/>«De unges forbund»</HIS:hisRef>, som <HIS:hisRef type="person" target="Navneregister_HISe.xml#peFH">Hegel</HIS:hisRef> har sendt mig, – og ikke mindre for Deres venlige linjer. <anchor type="lemma" xml:id="koB12_2256"/>Till sommeren tänker jeg at komme till <HIS:hisRef type="place" target="Navneregister_HISe.xml#plKbh">Kjöbenhavn</HIS:hisRef>; jeg håber da <pb n="[2]"/>personligt at få hilse på Dem og tale med Dem om mangt og meget af vore fälles interesser. Når jeg tänker på eder deroppe i vore hjem, som står år ud og år ind i <anchor type="lemma" xml:id="koB12_2257"/>kampen, så skammer jeg mig over mig selv; men jeg föler tillige at jeg ikke duer till at stride på anden måde, end jeg gjör. –</p>
<p>Idag har vi <anchor type="lemma" xml:id="koB12_2258"/>Knutsfesten; iaften skal jeg i et godt glas <anchor type="lemma" xml:id="koB12_2259"/>punsch mindes alle brave stridsmänd, og hermed tegner jeg mig</p>
<salute>Deres ärbödige</salute>
<signed>Henrik Ibsen.</signed>
</div>
</body>
</text>