<?xml version="1.0" encoding="UTF-8"?><text xmlns="http://www.tei-c.org/ns/1.0" xmlns:HIS="http://www.example.org/ns/HIS" rend="letter" corresp="B18740508GBe" xml:lang="da-no">
<front>
<pb n="[a]"/>
<HIS:envelope type="sheet">
<address>
<addrLine>Til</addrLine>
<addrLine>herr justitsråd Berner,</addrLine>
<addrLine>intendant ved det kgl: theater og kapel</addrLine>
<addrLine>i København.</addrLine>
</address>
</HIS:envelope>
</front>
<body>
<div type="letter">
<dateline>
                            <pb n="[1]"/>Dresden den <date>8<hi rend="raised">de</hi> Maj 1874</date>. –</dateline>
<p>Som svar på herr <anchor type="lemma" xml:id="koB13_1425"/>justitsrådens meget ærede skrivelse, hvilken jeg igår havde den glæde at modtage, skynder jeg mig at meddele at jeg med tak indgår på <anchor type="lemma" xml:id="koB13_1426"/>det mig gjorte <anchor type="lemma" xml:id="koB13_1427"/>forslag at lade mit skuespil <HIS:hisRef type="work" target="Navneregister_HISe.xml#woHH">«Hærmændene på Helgeland»</HIS:hisRef> på de opstillede vilkår komme til opførelse på <HIS:hisRef type="org" target="Navneregister_HISe.xml#orgKT">det kongelige <HIS:hisRef type="tcNote" xml:id="noteT13_220" target="B1871-1879ht_noter.xml" corresp="noteT13_220">theater</HIS:hisRef>
                            </HIS:hisRef>.</p>
<p>
                            <anchor type="lemma" xml:id="koB13_1428"/>I <HIS:hisRef type="place" target="Navneregister_HISe.xml#plKri">Kristiania</HIS:hisRef> har stykket altid fyldt en hel aften; men <anchor type="lemma" xml:id="koB13_1429"/>mellemakts-pauserne har været meget lange. Kan disse i <HIS:hisRef type="place" target="Navneregister_HISe.xml#plKbh">København</HIS:hisRef> indskrænkes således at man derved <anchor type="lemma" xml:id="koB13_1430"/>muliggør opførelsen af et mindre arbejde sammen med mit, så vilde jo dette sidstes anvendelighed for det kgl: theater blive så meget større, – en omstændighed <anchor type="lemma" xml:id="koB13_1431"/>hvorover jeg i særlig grad skulde glæde mig.</p>
<p>Stykkets stof har medført, at jeg har måttet i dialogen benytte adskillige <anchor type="lemma" xml:id="koB13_1432"/>i <HIS:hisRef type="place" target="Navneregister_HISe.xml#plDk">Danmark</HIS:hisRef> forældede ord og vendinger. I den danske literatur har disse vistnok fået hævd derved at de, forinden af mig, samtlige har været benyttede af <HIS:hisRef type="person" target="Navneregister_HISe.xml#peNMP">professor <anchor type="lemma" xml:id="koB13_1433"/>N: M: Petersen</HIS:hisRef> i hans oversættelse af <pb n="[2]"/>de islandske familje-sagaer. Jeg er imidlertid ikke blind for den kendsgerning, at scenen i ringere grad end den trykte literatur tåler det fremmedartede eller uvante. Skulde derfor enkelte <anchor type="lemma" xml:id="koB13_1434"/>forandringer eller omskrivninger findes ønskelige, så overlader jeg med tryghed sådant til det kgl. theaters vedkommende.</p>
<p>Idet jeg gentagende frembærer min tak for herr justitsrådens for mig så smigrende tilbud, <anchor type="lemma" xml:id="koB13_1435"/>anbefaler jeg mig i Deres fremtidige velvillige erindring og tegner mig</p>
<salute>med særdeles højagtelse Deres ærbødige</salute>
<signed>Henrik Ibsen.</signed>
</div>
</body>
</text>