<?xml version="1.0" encoding="UTF-8"?><text xmlns="http://www.tei-c.org/ns/1.0" xmlns:HIS="http://www.example.org/ns/HIS" rend="letter" corresp="B18690314FH" xml:lang="da-no">
                <body>
<div type="letter">
<dateline>
                            <pb n="[1]"/>Dresden den <date>14<hi rend="raised">de</hi> Marts 1869</date>. –</dateline>
<salute>Kjære Herr Cancelliraad Hegel!</salute>
<p>Hermed har jeg den Fornøjelse at sende Dem den <anchor type="lemma" xml:id="koB12_1927"/>første Fjerdepart af Manuscriptet; en lignende Forsending skal følge hver 8<hi rend="raised">de</hi> Dag, saa at De altsaa om tre Uger vil have det hele. Trykkningen kan for mig gjerne begynde strax. Jeg stoler paa <HIS:hisRef type="person" target="Navneregister_HISe.xml#peAuLa">
                                <anchor type="lemma" xml:id="koB12_1928"/>Deres Korrekturlæser</HIS:hisRef> – og paa mit Manuscript, som jeg tror er frit for enhver <anchor type="lemma" xml:id="koB12_1929"/>Skrivfejl. Jeg ser gjerne at <anchor type="lemma" xml:id="koB12_1930"/>Opplaget trykkes strax; thi jeg kan intet forandre eller rette.</p>
<p>For de modtagne 150 Thaler pr: takker jeg forbindtligst; ligesaa for <anchor type="lemma" xml:id="koB12_1931"/>
                            <HIS:hisRef type="person" target="Navneregister_HISe.xml#peECR">Richardts</HIS:hisRef> nye Digte, <anchor type="lemma" xml:id="koB12_1932"/>Illustr. Tid:, <HIS:hisRef type="person" target="Navneregister_HISe.xml#peGAKH">
                                <anchor type="lemma" xml:id="koB12_1933"/>Hamiltons</HIS:hisRef> Tidsskrift, o. s. v. – Det er en overordentlig smuk og fin Poesisamling, R: der har leveret. <anchor type="lemma" xml:id="koB12_1934"/>Chr:-Korrespondenten i Nordisk Tidsskrift frygter, som jeg ser, at jeg skal tage Skade af et længere Opphold i <HIS:hisRef type="tcNote" xml:id="noteT12_537" target="B1844-1871ht_noter.xml" corresp="noteT12_537">Udlandet</HIS:hisRef>. Jeg haaber <HIS:hisRef type="work" target="Navneregister_HISe.xml#woUF">mit nye Arbejde</HIS:hisRef> vil bevise det modsatte. Hans Korrespondence er forøvrigt saa ubeskrivelig klodset og smagløs, at man skulde tro det maatte være selve <HIS:hisRef type="person" target="Navneregister_HISe.xml#peGAK">G. A. Krogh</HIS:hisRef>, som har lavet <HIS:hisRef type="tcNote" xml:id="noteT12_538" target="B1844-1871ht_noter.xml" corresp="noteT12_538">den</HIS:hisRef>.</p>
<p>
                            <anchor type="lemma" xml:id="koB12_1935"/>
                            <HIS:hisRef type="person" target="Navneregister_HISe.xml#peGB">Brandes</HIS:hisRef> er ganske visst skarp i sin <pb n="[2]"/>Bedømmelse af «De Nygifte»; men at han er urettfærdig, kan jeg ikke indrømme.</p>
<p>Kan ikke <anchor type="lemma" xml:id="koB12_1936"/>
                            <HIS:hisRef type="person" target="Navneregister_HISe.xml#peBB">Bjørnsons</HIS:hisRef> danske Venner formaa ham till at flytte fra <HIS:hisRef type="place" target="Navneregister_HISe.xml#plN">Norge</HIS:hisRef>? Han ødelægger sig, hvis han bliver længere deroppe. At han vækker Had og Vrede imod sig, er ikke saa farligt; men hans Fiender benytter sig af den rigelige Anledning till at gjøre ham latterlig, og det er det værste. Jeg tænker undertiden paa at skrive ham till; men jeg frygter at det lidet vilde nytte.</p>
<p>En Tydsker, <anchor type="lemma" xml:id="koB12_1937"/>
                            <HIS:hisRef type="person" target="Navneregister_HISe.xml#pePFS">Herr Siebold</HIS:hisRef>, skriver mig till at han har oversatt <HIS:hisRef type="work" target="Navneregister_HISe.xml#woBr">«Brand»</HIS:hisRef> og er beskjæftiget med at faa den udgivet her. Kjender De ham? Jeg maa tillstaa, jeg nærer nogen Mistillid till Foretagendet. Forøvrigt har jeg <anchor type="lemma" xml:id="koB12_1938"/>den Plan at forsøge paa at faa mine Arbejder udbredte her og tror at <anchor type="lemma" xml:id="koB12_1939"/>
                            <HIS:hisRef type="place" target="Navneregister_HISe.xml#plLei">Leipzig</HIS:hisRef> maatte være det rette Sted. Hvem skulde jeg der henvende mig till? Hermed har det imidlertid ingen Hast. – Af Aviserne ser jeg till min Forbauselse at mine Landsmænd tænker paa <anchor type="lemma" xml:id="koB12_1940"/>et Studentermøde till Sommeren! Jeg troede dog at <anchor type="lemma" xml:id="koB12_1941"/>de Karle nu havde løjet Skandinavisme nok. Vil en saadan Indbydelse virkelig blive modtagen fra dansk Side? – En hjertelig Hilsen fra</p>
<salute>Deres stedse hengivne og forbundne</salute>
<signed>Henrik Ibsen.</signed>
</div>
</body>
</text>