<?xml version="1.0" encoding="UTF-8"?><text xmlns="http://www.tei-c.org/ns/1.0" xmlns:HIS="http://www.example.org/ns/HIS" rend="letter" corresp="B18741111PB" xml:lang="da-no">
<body>
<div type="letter">
<salute>
                            <pb n="[1]"/>Til herr Peter Blytt i Bergen.</salute>
<dateline>Dresden <date>11. 11. 74</date>. –</dateline>
<salute>Kære ven!</salute>
<p>Tak for <anchor type="lemma" xml:id="koB13_1540"/>dit hjertelige og interessante brev. Der var kun <pb n="[2]"/>
                            <anchor type="lemma" xml:id="koB13_1541"/>
                            <emph>et</emph> punkt, som Du havde undladt at oplyse mig om; men jeg skal nok have det i erindring. –</p>
<p>Når <anchor type="lemma" xml:id="koB13_1542"/>jernbanen mellem <HIS:hisRef type="place" target="Navneregister_HISe.xml#plBerg">Bergen</HIS:hisRef> og <HIS:hisRef type="place" target="Navneregister_HISe.xml#plKri">Kristiania</HIS:hisRef> er bleven færdig, håber jeg Du indvier den med en udenlandsrejse og at Du da ikke drager <HIS:hisRef type="place" target="Navneregister_HISe.xml#plDre">Dresden</HIS:hisRef> forbi. Mit <anchor type="lemma" xml:id="koB13_1543"/>forsæt at besøge Bergen står fast. Hjertelig hilsen til Dig og Dine fra</p>
<salute>Din hengivne ven</salute>
<signed>Henrik Ibsen. –</signed>
</div>
</body>
</text>