<?xml version="1.0" encoding="UTF-8"?><text xmlns="http://www.tei-c.org/ns/1.0" xmlns:HIS="http://www.example.org/ns/HIS" rend="letter" corresp="B18660722PBH" xml:lang="da-no">
                <front>
<pb n="[a]"/>
<HIS:envelope type="sheet">
<address>
<addrLine>Herr Universitetsbibliothekar</addrLine>
<addrLine>P. Botten-Hansen</addrLine>
</address>
</HIS:envelope>
</front>
<body>
<div type="letter">
<dateline>
                            <pb n="[1]"/>Frascati den <date>22<hi rend="raised">de</hi> Juli 1866</date>. –</dateline>
<salute>Min kjære Ven!</salute>
<p>Først og fremst har jeg at overbringe Dig samtlige romerske Skandinaveres forbindtligste og hjerteligste <anchor type="lemma" xml:id="koB12_1308"/>Takk for dit fortræffelige Blad, som <HIS:hisRef type="tcNote" xml:id="noteT12_382" target="B1844-1871ht_noter.xml" corresp="noteT12_382">vi</HIS:hisRef> længe og med Længsel har ventet paa, og som nu er begyndt at ankomme. Fotografier af nordiske Kunstneres Arbejder samt af hvad der forøvrigt kan skjønnes brugbart for Bladet skal med tillhørende Texter eller ialfald korte Opplysninger blive Dig tillsendt saasnart noget saadant maatte være forhaanden; <anchor type="lemma" xml:id="koB12_1309"/>fortiden befinder de fleste færdige Sager sig i <HIS:hisRef type="place" target="Navneregister_HISe.xml#plSthlm">Stokholm</HIS:hisRef> og vil derfra, om ønskes, lettere kunne erholdes.</p>
<p>Dernæst har jeg <anchor type="lemma" xml:id="koB12_1310"/>paa Embedsvegne, som Medlem af <HIS:hisRef type="org" target="Navneregister_HISe.xml#orgSF">den skandinaviske Forenings</HIS:hisRef> Bestyrelse, at bede Dig med Velvilje <anchor type="lemma" xml:id="koB12_1311"/>antage Dig <anchor type="lemma" xml:id="koB12_1312"/>indlagte Ansøgning, først naturligvis at indlevere den og siden, naar den, som jeg antager, <anchor type="lemma" xml:id="koB12_1313"/>kommer till din Erklæring, da at forsyne den med en saa god Anbefaling, som din Samvittighed paa nogen Maade tillader. Om Formen er den rette og brugelige, ved jeg ikke; er den det ikke, da faar baade Du og Departementet <anchor type="lemma" xml:id="koB12_1314"/>holde os saadant tillgode og ligefuldt fremme Sagen efter bedste Evne.</p>
<p>
                            <pb n="[2]"/>Den i Ansøgningen <anchor type="lemma" xml:id="koB12_1315"/>bebudede Fortegnelse medfølger allerede her, hvorved maaske en Del unødvendigt Skriveri frem og tillbage kan undgaaes. En af dine Assistenter, <HIS:hisRef type="person" target="Navneregister_HISe.xml#peFB">Herr Fr: Bætzmann</HIS:hisRef> har ivinter i et Brev till <HIS:hisRef type="person" target="Navneregister_HISe.xml#peJB">Konsul Bravo</HIS:hisRef> tillbudt sig at være vor Forening nyttig med i <HIS:hisRef type="place" target="Navneregister_HISe.xml#plKri">Kristiania</HIS:hisRef> at presse Boghandlerne for milde Gaver till Bedste for herværende boghungrende Landsmænd og han vil vist ogsaa i denne Sag, under dit Overtillsyn, fremme Udvalget og saaledes spare Dig det væsentlige og egentlige Arbejde, hvilket vel kan behøves, da jeg jo nok kan skjønne at din Tid er i høj Grad opptaget. – Jeg ser forresten at <anchor type="lemma" xml:id="koB12_1316"/>
                            <HIS:hisRef type="org" target="Navneregister_HISe.xml#orgStort">Storthinget</HIS:hisRef> har bevilget Dig en ny Assistent. Gratulerer! –</p>
<p>
                            <HIS:hisRef type="person" target="Navneregister_HISe.xml#peSuI">Min Kone</HIS:hisRef> beder hilse Dig og <HIS:hisRef type="person" target="Navneregister_HISe.xml#peJoBH">din Frue</HIS:hisRef> paa det bedste. Vi lever særdeles vel og har naturligvis forladt <HIS:hisRef type="place" target="Navneregister_HISe.xml#plRom">Rom</HIS:hisRef> i disse hede Sommermaaneder da <anchor type="lemma" xml:id="koB12_1317"/>Sciroccoen blæser forpestende over <anchor type="lemma" xml:id="koB12_1318"/>
                            <HIS:hisRef type="place" target="Navneregister_HISe.xml#plCamp">Campagnen</HIS:hisRef>. Her ude i <HIS:hisRef type="place" target="Navneregister_HISe.xml#plFras">
                                <anchor type="lemma" xml:id="koB12_1319"/>Frascati</HIS:hisRef>, oppe i <HIS:hisRef type="place" target="Navneregister_HISe.xml#plAlfj">Albanerbjergene</HIS:hisRef> lever vi nu; vi bor i et gammelt Adelspalads, <HIS:hisRef type="place" target="Navneregister_HISe.xml#plPaGr">
                                <anchor type="lemma" xml:id="koB12_1320"/>Palazzo Gratiosi</HIS:hisRef>, glimrende og billigt. Frascati ligger nedenfor det gamle <HIS:hisRef type="place" target="Navneregister_HISe.xml#plTus">Tusculum</HIS:hisRef>, hvor, som Du ved, <HIS:hisRef type="person" target="Navneregister_HISe.xml#peCic">Cicero</HIS:hisRef> havde sin prægtige Villa og hvorfra han skrev sine <anchor type="lemma" xml:id="koB12_1321"/>tusculanske Breve; <anchor type="lemma" xml:id="koB12_1322"/>Ruinerne af Villaen staar endnu; <anchor type="lemma" xml:id="koB12_1323"/>hans lille Theater, formodentlig det samme Locale som han kalder <anchor type="lemma" xml:id="koB12_1324"/>sin Schola, og hvor han brugte at holde Foredrag for en udvalgt Kreds af Gjester, staar næsten ubeskadiget. At sidde heroppe en Aftenstund er ubeskriveligt dejligt; <anchor type="lemma" xml:id="koB12_1325"/>2000 Fod over Havet, <HIS:hisRef type="tcNote" xml:id="noteT12_383" target="B1844-1871ht_noter.xml" corresp="noteT12_383">Udsigt</HIS:hisRef> langt ud over <HIS:hisRef type="place" target="Navneregister_HISe.xml#plMdh">Middelhavet</HIS:hisRef>, Campagnen og Rom; hele det bjergfulde <HIS:hisRef type="place" target="Navneregister_HISe.xml#plSab">
                                <anchor type="lemma" xml:id="koB12_1326"/>Sabinerland</HIS:hisRef> med <HIS:hisRef type="place" target="Navneregister_HISe.xml#plAp">
                                <anchor type="lemma" xml:id="koB12_1327"/>Appeninerne</HIS:hisRef> ligger mod Øst, og mod Syd højner sig <anchor type="lemma" xml:id="koB12_1328"/>Volskerbjergene paa Grændsen af det <HIS:hisRef type="place" target="Navneregister_HISe.xml#plNa">neapolitanske</HIS:hisRef>. Fra Vinduerne i <pb n="[3]"/>mit Arbejdsværelse ser jeg i det yderste Fjerne <HIS:hisRef type="place" target="Navneregister_HISe.xml#plMoSo">
                                <anchor type="lemma" xml:id="koB12_1329"/>Mons Soracte</HIS:hisRef> isoleret og dejligt stigende opp over den umaadelige Slette; – kort, hvor Du vender Dig er det som om <HIS:hisRef type="tcNote" xml:id="noteT12_384" target="B1844-1871ht_noter.xml" corresp="noteT12_384">Du</HIS:hisRef> saa udover den <anchor type="lemma" xml:id="koB12_1329a"/>Slagmark hvor Verdenshistorien har leveret sin Hovedtræfning. – Nu skal jeg snart till at <anchor type="lemma" xml:id="koB12_1330"/>skrive for Alvor; jeg gaar endnu og tager Ryggtag med Stoffet, men jeg ved at jeg snart skal have Bæstet under mig, og saa glider det øvrige af sig selv. – Takk for al god <anchor type="lemma" xml:id="koB12_1331"/>Hjælp i Gagesagen. Hils alle gode Venner. Takk <HIS:hisRef type="person" target="Navneregister_HISe.xml#peJLo">Løkke</HIS:hisRef> specielt for hans kjærkomne Brev, som jeg endnu ikke har besvaret, og bed ham efter Løfte sende mig <anchor type="lemma" xml:id="koB12_1332"/>sin Gramatik med første Lejlighed. Naar jeg vender tillbage, ved jeg ikke. Jeg er allerede kjendt og jeg føler mig hjemlig her; men hjem maa jeg dog engang. For min Gage kan jeg leve <HIS:hisRef type="tcNote" xml:id="noteT12_385" target="B1844-1871ht_noter.xml" corresp="noteT12_385">hernede</HIS:hisRef>, thi her er billigt i høj Grad og <HIS:hisRef type="tcNote" xml:id="noteT12_386" target="B1844-1871ht_noter.xml" corresp="noteT12_386">Klim<supplied>aet</supplied>
                            </HIS:hisRef> bekommer os alle vel. –</p>
<p>Der var meget endnu jeg vilde skrive om, men jeg maa skynde mig da der imorgen gaar <anchor type="lemma" xml:id="koB12_1333"/>Lejlighed till Rom; at lide paa Posten herude gaar nemlig ikke an. – Kjære Ven, skriv tillbage og gjør det snart; det vilde glæde mig ubeskriveligt at høre direkte fra Dig. Takk for <anchor type="lemma" xml:id="koB12_1334"/>Din Anmeldelse af <HIS:hisRef type="work" target="Navneregister_HISe.xml#woBr">«Brand»</HIS:hisRef>; sig mig, hvad kan det komme af at den <anchor type="lemma" xml:id="koB12_1335"/>endnu ikke er anmeldt i det svenske Aftonblad; jeg har <anchor type="lemma" xml:id="koB12_1336"/>adskilligt paa min Samvittighed ligeover for de gode Svensker hernede og kan ikke vide om Fortielsen skulde skrive sig fra noget sligt; at jeg har faaet Digtergage er hellerikke med et Ord berørt dersteds. – Din Familje er nu vel anseeligt forøget; lad mig det vide og lev tilligemed dine og alle andre gode fælles Venner hjerteligt vel. Betænk mig fra og till med nogle Linjer.</p>
<salute>Din hengivne</salute>
<signed>Henrik Ibsen</signed>
</div>
<div type="postscript">
<p>
                            <anchor type="lemma" xml:id="koB12_1337"/>
                            <HIS:hisRef type="tcNote" xml:id="noteT12_387" target="B1844-1871ht_noter.xml" corresp="noteT12_387">Manuscriptet</HIS:hisRef> till «Brand» har jeg gjemt till dig da <HIS:hisRef type="tcNote" xml:id="noteT12_388" target="B1844-1871ht_noter.xml" corresp="noteT12_388">Du</HIS:hisRef> vel endnu samler paa rare og <anchor type="lemma" xml:id="koB12_1338"/>kuriøse Sager.</p>
</div>
</body>
</text>