<?xml version="1.0" encoding="UTF-8"?><text xmlns="http://www.tei-c.org/ns/1.0" xmlns:HIS="http://www.example.org/ns/HIS" rend="letter" corresp="B18700625PHe" xml:lang="da-no">
<body>
<div type="letter">
<dateline>
                            <pb n="[1]"/>Dresden den <date>25<hi rend="raised">de</hi> Juni 1870</date>. –</dateline>
<salute>Kjære hr: Heise!</salute>
<p>Hermed sender jeg Dem <anchor type="lemma" xml:id="koB12_2557"/>de resterende tekster; den forrige sending håber jeg er kommen Dem ihænde.</p>
<p>Som De vil se, har jeg tænkt mig munkenes sang i 3<hi rend="raised">die</hi> akt holdt i en noget <anchor type="lemma" xml:id="koB12_2559"/>burlesk tone, således som situationen <HIS:hisRef type="tcNote" xml:id="noteT12_666" target="B1844-1871ht_noter.xml" corresp="noteT12_666">tilsiger</HIS:hisRef> det. Naturligvis beror det ganske på Dem, hvor langt De, med hensyn til musiken, i så henseende vil gå. Det er heller ikke nødvendigt at sangen høres <emph>uafbrudt</emph> under hele den temmelig lange dødsscene; den kan <anchor type="lemma" xml:id="koB12_2562"/>sagtne og forstumme, og så igjen begynde på nyt, alt således, som De selv finder for godt; kun vil jeg <anchor type="lemma" xml:id="koB12_2563"/>bede Dem at vælge bestemte dertil passende steder i dialogen, hvor sådant sker.</p>
<p>Ligesom jeg daglig gratulerer mig selv til at De har påtaget Dem kompositionen, således ønsker jeg nu Dem held og lykke med arbejdet!</p>
<salute>Deres</salute>
<signed>Henrik Ibsen.</signed>
</div>
</body>
</text>