<?xml version="1.0" encoding="UTF-8"?><text xmlns="http://www.tei-c.org/ns/1.0" xmlns:HIS="http://www.example.org/ns/HIS" rend="letter" corresp="B18620618MDEL" xml:lang="da-no">
                <front>
<pb n="[a]"/>
<HIS:envelope type="sheet">
<address>
<addrLine>S.T.</addrLine>
<addrLine>Hr: Civildommer Lambrechts.</addrLine>
</address>
</HIS:envelope>
</front>
<body>
<div type="letter">
<dateline>
                            <pb n="[1]"/>Christiania den <date>18<hi rend="raised">de</hi> Juni 1862</date>.</dateline>
<salute>
                            <anchor type="lemma" xml:id="koB12_723"/>S. T. Hr: Civildommer Lambrechts.</salute>
<p>Som Svar paa Deres ærede Skrivelse tillader jeg mig herved at anføre, at <anchor type="lemma" xml:id="koB12_724"/>den til Omordning af <HIS:hisRef type="org" target="Navneregister_HISe.xml#orgKNT">Theatrets</HIS:hisRef> fremtidige oekonomiske Forholde udarbejdede Plan, ikke har været mig forelagt, og at alt, hvad der fra Theaterbestyrelsens Side herom er kommet til min Kundskab, indskrænker sig til et Par Ord, som Bestyrelsens Formand i Forbigaaende og under en Forestilling lod falde.</p>
<p>Da jeg imidlertid forudsætter at den udarbejdede Plan <anchor type="lemma" xml:id="koB12_725"/>hidrører fra eller ialfald er godkjendt af <anchor type="lemma" xml:id="koB12_726"/>den valgte Komité, og saaledes maa ansees for at have, saavidt muligt, rammet alles <anchor type="lemma" xml:id="koB12_727"/>Tarv, saa erklærer jeg mig herved villig at indgaa paa de <anchor type="lemma" xml:id="koB12_728"/>Betingelser, der i Planen angaar den artistiske Direktør.</p>
<p>Ved et Tilfælde havde jeg for nogle Dage siden Anledning til i Hast at løbe Papiret igjennem og blev derved blandt andet opmærksom paa et Par Punkter, som jeg herved tager mig den Frihed at berøre:</p>
<p>a) Ansér Bestyrelsen sig, naar Personalet lønnes med <anchor type="lemma" xml:id="koB12_729"/>en vis tilsikkret Procentdél af Indtægten, berettiget til, uden dets Samtykke, at forøge <anchor type="lemma" xml:id="koB12_730"/>Medlemmernes Antal?</p>
<p>
                            <pb n="[2]"/>b.) Skal Theaterkassen eller Skuespillerpersonalet til forholdsvis Fordeling nyde godt af den eller de Gager, som ved en eller flere af de paa Listen nu opførte Personers mulige Afgang engang i Tiden maatte blive ledige derved at ingen nye antages i de Fratrædendes Sted?</p>
<p>Disse Spørgsmaal vil formentlig hvert Aar faa praktisk Betydning og jeg tillader mig derfor ærbødigst at foreslaa en klar og bestemt Udtalelse i Forvejen, helst i Form af en Protokoltilførsel.</p>
<p>c.) Det foreslaaes at det Overskud, der muligens maatte falde paa en eller flere af de enkeltvis opførte Kontoer, saasom til Dekorationer, Garderobe, Bøger o.s.v, tilstaaes samtlige ved Theatret i artistisk Øjemed ansatte Personer (om man saa vil, med Undtagelse af den artistiske Direktør) til Fordeling efter Gageringsforholdet, – dog saaledes, at herved intet Hensyn tages til det eller de midlertidige Overskud, der i enkelte Maaneder maatte fremkomme, men alene til det, der viser sig som endeligt Resultat ved Spilleaarets Slutning. <lb/>eller: <lb/>at dette samme Overskud skal (kan) anvendes til Forøgelse af andre under Theatrets kunstneriske Drift henhørende Kontoer, – altsaa ikke til yderligere Afbetaling paa dets Gjæld. I dette Tilfælde maatte Bestemmelsen gjælde maanedsvis, eftersom Theatret i modsat Fald først i næste Sæson kom til at drage Nytte af hvad der i enkelte Retninger maatte være besparet.</p>
<p>
                            <pb n="[3]"/>Disse ere de Punkter, som jeg, da jeg <anchor type="lemma" xml:id="koB12_731"/>om nogle Dage skal tiltræde min Stipendierejse, herved tillader mig at foreslaa nærmere bestemte; mod enkelte andre Arrangements, saasom Procentforholdet paa de forskjellige Udgiftsposter, m.m. kunde der muligens være adskilligt at indvende, men en Bestyrelse, der besidder Personalets Tillid, vil have let for bagefter at faa deslige Ting ordnede.</p>
<salute>ærbødigst</salute>
<signed>Henr: Ibsen</signed>
</div>
</body>
</text>