<?xml version="1.0" encoding="UTF-8"?><text xmlns="http://www.tei-c.org/ns/1.0" xmlns:HIS="http://www.example.org/ns/HIS" rend="letter" corresp="B18660307FH" xml:lang="da-no">
                <body>
<div type="letter">
<dateline>
                            <pb n="[1]"/>Rom den <date>7<hi rend="raised">de</hi> Marts 1866</date>.</dateline>
<salute>Hr: Cancelliraad Hegel Kjøbenhavn.</salute>
<p>Efterat jeg under 2<hi rend="raised">den</hi> December <anchor type="lemma" xml:id="koB12_1065"/>f: A: havde <anchor type="lemma" xml:id="koB12_1066"/>tilmeldt Dem at jeg fandt mig i den af Dem foreslaaede Trykning af et <anchor type="lemma" xml:id="koB12_1067"/>mindre Oplag af <HIS:hisRef type="work" target="Navneregister_HISe.xml#woBr">min Bog</HIS:hisRef>, samt i at Forfatterhonorarets Beløb bestemtes i Forhold dertil, modtog jeg fra Dem en Skrivelse dateret 7<hi rend="raised">de</hi> December, hvori De underretter mig om at Bogen ikke vilde kunne blive færdig til Julen. Herpaa har der fra min Side intet været at svare, eftersom jeg allerede i <HIS:hisRef type="tcNote" xml:id="noteT12_295" target="B1844-1871ht_noter.xml" corresp="noteT12_295">mit</HIS:hisRef> ovennævnte Brev udtrykkelig havde givet Dem Fuldmagt til i denne Sag at handle paa mine Vegne som De selv fandt forgodt, idet jeg dengang, som fremdeles, gik ud fra at De nok vilde vide at <anchor type="lemma" xml:id="koB12_1068"/>ramme mit Tarv. Men i et af Deres Breve siger De at <emph>Februar</emph> er den hensigtsmæssigste Tid for Udgivelsen, og i et andet nævner De <HIS:hisRef type="tcNote" xml:id="noteT12_296" target="B1844-1871ht_noter.xml" corresp="noteT12_296">Begyndelsen</HIS:hisRef> af <emph>Marts</emph> «fordi Bogen omtr: samtidigt bør udkomme i <HIS:hisRef type="place" target="Navneregister_HISe.xml#plN">Norge</HIS:hisRef> og her». Af de norske Aviser ser jeg at allerede den 20<hi rend="raised">de</hi> Februar ankom <anchor type="lemma" xml:id="koB12_1069"/>et Paketfartøj fra <HIS:hisRef type="place" target="Navneregister_HISe.xml#plKbh">Kjøbenhavn</HIS:hisRef> til <pb n="[2]"/>
                            <HIS:hisRef type="place" target="Navneregister_HISe.xml#plKri">Christiania</HIS:hisRef> med Stykgods; men om min Bog erfarer jeg intet; jeg gaar her i en Spænding og Forventning, som ikke er til at beskrive og som nu snart er <HIS:hisRef type="tcNote" xml:id="noteT12_297" target="B1844-1871ht_noter.xml" corresp="noteT12_297">uudholdelig</HIS:hisRef>. Udgivelsen af denne Bog har isandhed været mig dyr; jeg vil ikke tale om <anchor type="lemma" xml:id="koB12_1070"/>det reducerede Honorar, som jeg naturligvis <HIS:hisRef type="tcNote" xml:id="noteT12_298" target="B1844-1871ht_noter.xml" corresp="noteT12_298">maatte</HIS:hisRef> <HIS:hisRef type="tcNote" xml:id="noteT12_299" target="B1844-1871ht_noter.xml" corresp="noteT12_299">indgaa</HIS:hisRef> paa eftersom Forslaget derom fremkom saa sent at jeg intet Valg isaahenseende havde saafremt jeg vilde have min Bog ud til Julen, hvilket for mig var Hovedsagen og hvilket De, i det Brev hvori Forslaget fremsattes, fremdeles erklærede for gjørligt. Men den har været mig dyrere endda. Jeg har under denne Spænding ikke kunnet tage alvorligt fat paa mit nye Arbejde. Jeg har, saalænge jeg ikke har kunnet paaberaabe mig Udgivelsen af noget nyt literært Arbejde, været afskaaret Adgangen til at indgive til Regjeringen Andragende om <anchor type="lemma" xml:id="koB12_1071"/>fornyet Rejsestipendium, hvortil Ansøgningstiden udløber om 3 Uger. Jeg beder Dem ikke at tro at jeg lægger Dem dette til Last; jeg har nu som før ubegrænset Tillid til Deres Retsindighed og Velvilje; men jeg henstiller paa det indstændigste til Dem <anchor type="lemma" xml:id="koB12_1072"/>ikke længere at forhale Udgivelsen. Hvad der er traadt ivejen tilskriver jeg altsammen Omstændighederne; men nu maa Tiden, ifølge Deres egne Udtalelser, være gunstig. – Jeg har desforuden en Bøn til Dem, <pb n="[3]"/>hvilken fremtvinges af alle nysnævnte Forhold. Jeg anmoder Dem om at ville indgaa paa strax at udbetale mig det hele fra først <HIS:hisRef type="tcNote" xml:id="noteT12_300" target="B1844-1871ht_noter.xml" corresp="noteT12_300">af</HIS:hisRef> tilbudte Honorar, naturligvis mod den <HIS:hisRef type="tcNote" xml:id="noteT12_301" target="B1844-1871ht_noter.xml" corresp="noteT12_301">Forpligtelse</HIS:hisRef> fra min Side at betragte det halve Beløb som Forskud paa senere Arbejder, saafremt 2<hi rend="raised">det</hi> Oplag <emph>ikke</emph> skulde udkomme. Vil De indgaa herpaa, saa gjør De mig en stor og værdifuld Tjeneste, især hvis De snart maatte fatte Beslutning, og beder jeg Dem om i saa Fald at lade 50 Rdl: <HIS:hisRef type="tcNote" xml:id="noteT12_302" target="B1844-1871ht_noter.xml" corresp="noteT12_302">af</HIS:hisRef> Summen indtil vidre henstaa hos Dem til <HIS:hisRef type="person" target="Navneregister_HISe.xml#peBB">B. <anchor type="lemma" xml:id="koB12_1073"/>Bjørnsons</HIS:hisRef> Disposition, da han har nogle <HIS:hisRef type="tcNote" xml:id="noteT12_303" target="B1844-1871ht_noter.xml" corresp="noteT12_303">Anliggender</HIS:hisRef> at ordne for mig deroppe. Mit nye Arbejde er <anchor type="lemma" xml:id="koB12_1074"/>et historisk Skuespil fra <HIS:hisRef type="person" target="Navneregister_HISe.xml#peKongChr4">Christian den 4<hi rend="raised">des</hi> Ungdomstid</HIS:hisRef> og beregnet paa Opførelse paa Scenen. <HIS:hisRef type="work" target="Navneregister_HISe.xml#woDi">
                                <anchor type="lemma" xml:id="koB12_1075"/>En Digtsamling</HIS:hisRef> har jeg ogsaa Materialier til; skulde De ønske at ville overtage Forlaget af en saadan, da beder jeg mig derom underrettet for i Sommerens Løb at kunne foretage de fornødne Skridt. – De forlangte to Expl: imødeser jeg med Længsel, ligesaa Bogens Udkomst og et velvilligt Svar. Jeg beder Dem om at hilse <HIS:hisRef type="person" target="Navneregister_HISe.xml#peMT">min Svigermoder</HIS:hisRef>, hvis Lejlighed dertil gives, ligesaa <HIS:hisRef type="person" target="Navneregister_HISe.xml#peCP">Clemens Petersen</HIS:hisRef> saafremt De kjender ham personligt – og forresten beder jeg Dem gjentagende ikke at tage min Anmodning fortrydeligt op.</p>
<salute>Deres stedse forbundne</salute>
<signed>Henrik Ibsen</signed>
</div>
<div type="postscript">
<p>P. S.</p>
<p>
                            <anchor type="lemma" xml:id="koB12_1076"/>Postportoen af dette Brev bedes ført mig i Regning; det er dyrere at frankere herfra end omvendt</p>
</div>
</body>
</text>