<?xml version="1.0" encoding="UTF-8"?><text xmlns="http://www.tei-c.org/ns/1.0" xmlns:HIS="http://www.example.org/ns/HIS" rend="letter" corresp="B18700316FH" xml:lang="da-no">
                <body>
<div type="letter">
<dateline>
                            <pb n="[1]"/>Dresden den <date>16<hi rend="raised">de</hi> Marts 1870</date>. –</dateline>
<salute>Kjære Herr Cancelliraad Hegel!</salute>
<p>Nu, da jeg antager der maa være indtraadt en Standsning i <anchor type="lemma" xml:id="koB12_2403"/>Anmeldelserne af <HIS:hisRef type="work" target="Navneregister_HISe.xml#woUF">
                                <anchor type="lemma" xml:id="koB12_3288"/>«De unges Forbund»</HIS:hisRef>, <HIS:hisRef type="tcNote" xml:id="noteT12_765" target="B1844-1871ht_noter.xml" corresp="noteT12_765">tillader</HIS:hisRef> jeg mig at frembære min forbindtligste Takk for Deres store Oppmærksomhed ved saavel gjennem Telegram som gjennem Aviser at <anchor type="lemma" xml:id="koB12_2404"/>sætte mig i Kundskab om det passerede. Efter alt at dømme maa jeg jo være i høj Grad tillfreds med Udfaldet; og jeg tør vel ogsaa haabe at Stykkets Oppførelse paa <HIS:hisRef type="org" target="Navneregister_HISe.xml#orgKT">Theatret</HIS:hisRef> har bidraget till at skaffe det forøget Udbredelse som Bog, ialfald i Provindserne.</p>
<p>
                            <anchor type="lemma" xml:id="koB12_2404a"/>Mit Honorar ved Theatret er jeg saa fri at anmode Dem om at lade hæve paa mine Vegne, og vedlægger den dertill fornødne Bemyndigelse. Ifølge Overenskomsten tillkommer <pb n="[2]"/>der mig 400 Rdlr: efter 1<hi rend="raised">ste</hi> og endvidre 200 Rdlr: efter 10<hi rend="raised">de</hi> Forestilling, og saafremt Stykket i dette Spilleaar kan antages at oppleve dette Antal, saa kan gjerne Honoraret hæves under et. Pengene bedes derefter at maatte henstaa hos Dem, da jeg for Tiden ikke tilltrænger dem.</p>
<p>Mit Brev af 12<hi rend="raised">te</hi> Februar, hvori jeg gav en udførlig Fremstilling af <anchor type="lemma" xml:id="koB12_2405"/>Forholdet med <HIS:hisRef type="work" target="Navneregister_HISe.xml#woKE">«Kongs-Emnerne»</HIS:hisRef>, haaber jeg er kommet Dem ihænde. – <HIS:hisRef type="person" target="Navneregister_HISe.xml#peJLo">Overlærer Løkke</HIS:hisRef> samler <HIS:hisRef type="work" target="Navneregister_HISe.xml#woDi">mine mange spredte Digte</HIS:hisRef>. Fra <HIS:hisRef type="person" target="Navneregister_HISe.xml#peHCFS">Boghandler Steen</HIS:hisRef> i <HIS:hisRef type="place" target="Navneregister_HISe.xml#plKbh">Kbhvn</HIS:hisRef>: har jeg modtaget et Tillbud om at udgive dem <anchor type="lemma" xml:id="koB12_2406"/>paa samme Maade som <HIS:hisRef type="person" target="Navneregister_HISe.xml#peNFSGr">Grundtvigs</HIS:hisRef> og <HIS:hisRef type="person" target="Navneregister_HISe.xml#peJHW">Wessels</HIS:hisRef>, hvilket jeg selvfølgelig har afslaaet, men ser heri et godt Tegn paa at man nu betragter Tiden gunstig for Udgivelsen af en Samling. – <anchor type="lemma" xml:id="koB12_2407"/>
                            <HIS:hisRef type="person" target="Navneregister_HISe.xml#peEC">Etatsraad Collin</HIS:hisRef> har tillskrevet mig et meget venligt Brev, som jeg beder Dem ved første Lejlighed godhedsfuldt at takke ham for. Hvis De ligeledes træffer <HIS:hisRef type="person" target="Navneregister_HISe.xml#peCKFM">Professor <anchor type="lemma" xml:id="koB12_2408"/>Molbech</HIS:hisRef> eller <HIS:hisRef type="person" target="Navneregister_HISe.xml#peEBo">Erik Bøgh</HIS:hisRef>, saa haaber jeg De frembærer en Hilsen fra mig; ligesaa <pb n="[3]"/>till <HIS:hisRef type="person" target="Navneregister_HISe.xml#peVB">Dr: Bergsøe</HIS:hisRef> og <HIS:hisRef type="person" target="Navneregister_HISe.xml#peGB">G: Brandes</HIS:hisRef>, hvem jeg forøvrigt nylig har tillskrevet. – – Førstkommende <anchor type="lemma" xml:id="koB12_2409"/>4<hi rend="raised">de</hi> Juli indtræffer jo en Mærkedag, som jeg haaber vil bringe Dem baade Glæde og Beviser paa vel fortjent Anerkjendelse. – Hermed vil jeg slutte for dennegang og tegner mig</p>
<salute>Deres stedse hengivne og forbundne</salute>
<signed>Henrik Ibsen.</signed>
</div>
<div type="postscript">
<p>P: S: Takk for al Deres Ulejlighed med <anchor type="lemma" xml:id="koB12_2410"/>mine Lotteriaffærer; Planen med mit Nummer har jeg modtaget. –</p>
<signed>H. I.</signed>
</div>
</body>
</text>