<?xml version="1.0" encoding="UTF-8"?><text xmlns="http://www.tei-c.org/ns/1.0" xmlns:HIS="http://www.example.org/ns/HIS" rend="letter" corresp="B18721110FH" xml:lang="da-no">
<body>
<div type="letter">
<dateline>
                            <pb n="[1]"/>Dresden den <date>10<hi rend="raised">de</hi> November 1872</date>.</dateline>
<salute>Kære herr Hegel!</salute>
<p>For omtrent otte dage siden sendte jeg herr <HIS:hisRef type="person" target="Navneregister_HISe.xml#peCPP">Carl Ploug</HIS:hisRef> en afskrift af indlagte <HIS:hisRef type="work" target="Navneregister_HISe.xml#woNS">
                                <anchor type="lemma" xml:id="koB13_655"/>digt</HIS:hisRef> med anmodning om at få samme trykt i <anchor type="lemma" xml:id="koB13_656"/>«Fædrelandet». Da jeg imidlertid til dato intet har hørt fra ham frygter jeg for at brevet ikke er sluppet helskindet igennem <anchor type="lemma" xml:id="koB13_657"/>det preussiske postvæsen, og beder Dem derfor at sende herr Ploug indlagte med gentagelse af min nævnte anmodning. Skulde den første afskrift være kommen ham rigtig i hænde men endnu ikke være benyttet, beder jeg Dem anmode ham om at trykke efter den til <emph>Dem</emph> sendte kopi, da deri <anchor type="lemma" xml:id="koB13_658"/>et par udtryk er forbedrede. Hvis han, af mig ubekendte grunde, ikke vil offentliggøre digtet i sit blad, beder jeg Dem sende samme til <HIS:hisRef type="org" target="Navneregister_HISe.xml#orgDagbl">
                                <anchor type="lemma" xml:id="koB13_659"/>«Dagbladet»</HIS:hisRef>. Digtet er et lejlighedsdigt, og tåler, som sådant, ikke at henligge længere end højst nødvendigt. I al hast</p>
<salute>Deres hjertelig hengivne</salute>
<signed>Henrik Ibsen.</signed>
</div>
</body>
</text>