<?xml version="1.0" encoding="UTF-8"?><text xmlns="http://www.tei-c.org/ns/1.0" xmlns:HIS="http://www.example.org/ns/HIS" rend="letter" corresp="Budat18580616JCG" xml:lang="da-no">
<body>
<div type="letter">
<salute>
                            <pb n="[1]"/>Kjære Ven!</salute>
<p>Vedlagt følger en Oversigt over <HIS:hisRef type="org" target="Navneregister_HISe.xml#orgNTB">
                                <anchor type="lemma" xml:id="koB12_430"/>Theatrets</HIS:hisRef> Virksomhed i den forløbne <HIS:hisRef type="tcNote" xml:id="noteT12_146" target="B1844-1871ht_noter.xml" corresp="noteT12_146">Saison.</HIS:hisRef> De omhandlede Summer maa opføres af Kassereren da jeg dertil <HIS:hisRef type="tcNote" xml:id="noteT12_147" target="B1844-1871ht_noter.xml" corresp="noteT12_147">naturligviis</HIS:hisRef> savner de nødvendige <anchor type="lemma" xml:id="koB12_431"/>Materialier. At Oversigten først nu fremkommer, skriver sig fra at jeg ved min Ankomst forefandt <HIS:hisRef type="person" target="Navneregister_HISe.xml#peHCT">
                                <anchor type="lemma" xml:id="koB12_432"/>min Svigerfader</HIS:hisRef> dødssyg og at han døde 3 Dage efter – under slige Omstændigheder – – nu ja – du vil undskylde. – Paa Fredag afreiser jeg til <HIS:hisRef type="place" target="Navneregister_HISe.xml#plKri">Christiania</HIS:hisRef> igjen. –</p>
<salute>venskabeligst</salute>
<signed>Henr: Ibsen</signed>
<salute>S T. Hr. Overretssagfører Gamborg!</salute>
</div>
</body>
</text>