<?xml version="1.0" encoding="UTF-8"?><text xmlns="http://www.tei-c.org/ns/1.0" xmlns:HIS="http://www.example.org/ns/HIS" rend="letter" corresp="B18660425GB" xml:lang="da-no">
                <front>
<pb n="[a]"/>
<HIS:envelope type="sheet">
<address>
<addrLine>Hr: Cand: mag: <HIS:hisRef type="tcNote" xml:id="noteT12_320" target="B1844-1871ht_noter.xml" corresp="noteT12_320">Ge<supplied>org B</supplied>randes</HIS:hisRef>
                            </addrLine>
<addrLine>Krystalgade N<hi rend="raised">o</hi> 6, 3<hi rend="raised">die</hi>
                            </addrLine>
<addrLine>Copenaghen.</addrLine>
<addrLine>
                                <HIS:hisRef type="tcNote" xml:id="noteT12_321" target="B1844-1871ht_noter.xml" corresp="noteT12_321">Danima<supplied>r</supplied>ca</HIS:hisRef>
                            </addrLine>
</address>
</HIS:envelope>
</front>
<body>
<div type="letter">
<dateline>
                            <pb n="[1]"/>Rom den <date>25<hi rend="raised">d</hi> April 1866</date>. –</dateline>
<salute>Hr: Georg Brandes!</salute>
<p>Det paabegyndte Brev kan jeg ikke sende Dem; det er skrevet midt oppe i den <anchor type="lemma" xml:id="koB12_1138"/>pinlige Stemning, som i de første Dage efter <HIS:hisRef type="person" target="Navneregister_HISe.xml#peLED">
                                <anchor type="lemma" xml:id="koB12_1139"/>Davids Død</HIS:hisRef> havde grebet os samtlige Skandinaver <HIS:hisRef type="place" target="Navneregister_HISe.xml#plRom">hernede</HIS:hisRef>. Nu staar Tingen anderledes for os; der er for ingen af os nogen Grund till Selvbebrejdelse, og Begivenheden maa derfor fortælles paa en anden Maade. Hvormeget De kjender af det passerede, ved jeg ikke; jeg vil derfor skrive, som om De intet kjendte.</p>
<p>Omtrent i Midten af Marts kom David tillbage fra en Udflugt i <HIS:hisRef type="place" target="Navneregister_HISe.xml#plNa">
                                <anchor type="lemma" xml:id="koB12_1140"/>det Neapolitanske</HIS:hisRef>. Han var livlig og forholdsvis munter, men legemligt ikke ganske vel; navnlig talte han om lette Feberfornemmelser, som dog ikke hindrede ham i at færdes blandt os andre, og som hverken han selv eller vi tillagde nogen Betydning da de her ere saa hyppige især udover Vaaren. Jeg talte ofte med ham efter Tillbagekomsten, oftere end før; det var som oftest de politiske Forholde hjemme, der beskjæftigede os; om Dem talte vi ogsaa meget; de <anchor type="lemma" xml:id="koB12_1141"/>Stridigheder, De laa i, interesserede mig, og hernede har vi kun ufuldstændig Anledning till at følge med. Fra hans Udflugt sydover var det især <HIS:hisRef type="place" target="Navneregister_HISe.xml#plSorr">
                                <anchor type="lemma" xml:id="koB12_1142"/>Sorento</HIS:hisRef>, der havde tilltalt ham; Beliggenheden lige ved Havet fandt han henrivende, og naar han led <pb n="[2]"/>under Heden og Feberfornemmelserne og <anchor type="lemma" xml:id="koB12_1143"/>Sciroccoen, som just i de Dage hjemsøgte os, undslapp der ham hyppigt gjentagne og usædvanligt livlige Ytringer om hvor herligt det nu vilde være at kunne springe ud fra den høje Strand dernede ved Sorent, og faa sig et godt kjølende Bad. (Mærk dette!) –</p>
<p>Fredagen den 23<hi rend="raised">d</hi> Marts saa jeg David i <HIS:hisRef type="org" target="Navneregister_HISe.xml#orgSF">
                                <anchor type="lemma" xml:id="koB12_1144"/>Foreningens Lokale</HIS:hisRef>; han havde tegnet sig som Deltager i <anchor type="lemma" xml:id="koB12_1145"/>et Gilde, vi om Aftenen skulde give for <HIS:hisRef type="person" target="Navneregister_HISe.xml#peJB">Etatsraad Bravo</HIS:hisRef>. Han syntes <anchor type="lemma" xml:id="koB12_1146"/>rask, men tog Medicin, og fortalte at han havde raadspurgt <HIS:hisRef type="person" target="Navneregister_HISe.xml#peDrEr">Dr: Erhard</HIS:hisRef>, der havde paalagt ham almindelig Forsigtighed i Diæt og givet ham nogle Draaber. Vor Samtale kom till at berøre adskillige alvorlige Gjenstande og just som jeg vilde gaa sagde han: «Det er sandt, jeg har idag faaet Brev fra Georg Brandes, han beder hilse Dem!» Jeg takkede og spurgte, idet jeg formodede at <anchor type="lemma" xml:id="koB12_1147"/>mit nye Digt var udkommet, om der ikke stod mere, hvortill han svarede med et bestemt nej. <HIS:hisRef type="tcNote" xml:id="noteT12_322" target="B1844-1871ht_noter.xml" corresp="noteT12_322">Under</HIS:hisRef> det følgende <anchor type="lemma" xml:id="koB12_1148"/>Ordskifte ytrede han Forundring over at jeg ikke personligt kjendte Dem, en Forundring, som var mig paafaldende, da jeg under vore tidligere Samtaler om Dem udtrykkeligt havde sagt, og desuden ved forskjellige Spørgsmaal noksom givet tillkjende, at noget <HIS:hisRef type="tcNote" xml:id="noteT12_323" target="B1844-1871ht_noter.xml" corresp="noteT12_323">personligt</HIS:hisRef> Bekjendtskab ikke fandt Sted. Jeg lagde imidlertid ingen vedvarende Vægt herpaa; thi midt under den Vrimmel af Indtryk, man paa en Rejse modtager, slipper ens Erindring lett hvad den i Forbigaaende modtager, og David syntes idetheletaget endnu at staa midt inde <pb n="[3]"/>i Rejseuroligheden. – Ved Gildet for Bravo var David ikke tillstede; det blev sagt at han var gaaet tillsengs. Lørdagen den 24<hi rend="raised">d</hi> var der om Aftenen <anchor type="lemma" xml:id="koB12_1149"/>almindelig Sammenkomst med Konsert i den skandinaviske Forening. Kl: 8½ saa jeg David, der syntes oprømt og som nu med et Smil ytrede at der i Brevet stod meget mere end en Hilsen, men at han Dagen iforvejen havde været saa fortumlet i sit Hoved, at det ikke havde været ham muligt at kunne meddele mig noget deraf. Nu fik jeg en fuldstændig Meddelelse, saavidt jeg kan skjønne, fuldkommen korrekt, ialfald var den sammenhængende fra Ende till anden. Jeg bad ham naturligvis bringe Dem min bedste Takk og Hilsen, derpaa talte vi endel om min Bog, hvilken jeg lovede at laane ham næste Middag og spurgte ham i den Anledning, paa hvilken <anchor type="lemma" xml:id="koB12_1150"/>Sal han boede. Hertill svarede han: første Sal, og tillføjede at Musiken og Heden generede ham; han vilde gaa tillsengs. Strax efter hørte jeg af <HIS:hisRef type="person" target="Navneregister_HISe.xml#peFWo">Kammerherre Wolfhagen</HIS:hisRef> at han var gaat hjem.</p>
<p>Gaarden, hvor David boede, er et Hjørnested. Den har Facade till <anchor type="lemma" xml:id="koB12_1151"/>Corso og en lang Sidebyggning ud till en trang <anchor type="lemma" xml:id="koB12_1152"/>Overskjæringsgade: via della croce. Denne Sidebyggning er uregelmæssig. Her boede David; ikke, som han havde sagt, paa 1<hi rend="raised">ste</hi>, men paa 3<hi rend="raised">die</hi> eller 4<hi rend="raised">de</hi> Sal (hvilken af Delene er vanskeligt at sige med Bestemthed, da Gulvene i de forskjellige Værelser ikke ligger <pb n="[4]"/>i Plan med <HIS:hisRef type="tcNote" xml:id="noteT12_324" target="B1844-1871ht_noter.xml" corresp="noteT12_324">hverandre)</HIS:hisRef>. I <anchor type="lemma" xml:id="koB12_1153"/>Forhuset till Corso boer en <anchor type="lemma" xml:id="koB12_1154"/>fransk Oberst; <anchor type="lemma" xml:id="koB12_1155"/>en Skildvagt staar udenfor. Henimod Kl: 4 om Natten till Palmesøndag hørte Soldaten et tungt Fald inde i Strædet via <HIS:hisRef type="tcNote" xml:id="noteT12_325" target="B1844-1871ht_noter.xml" corresp="noteT12_325">della</HIS:hisRef> croce, han ser efter og finder et nøgent Menneske ligge livløs paa Brostenene. Det var David; Vinduet till hans Værelse stod aabent. Vagten gjorde naturligvis Anskrig og fik tillkaldt nogle Sygebærere fra det nærliggende store <anchor type="lemma" xml:id="koB12_1156"/>Hospital St: Giacomo, hvorhen han strax blev bragt.</p>
<p>
                            <HIS:hisRef type="person" target="Navneregister_HISe.xml#pePK">
                                <anchor type="lemma" xml:id="koB12_1157"/>Kand: Kierkegaard</HIS:hisRef> var den første, <HIS:hisRef type="tcNote" xml:id="noteT12_326" target="B1844-1871ht_noter.xml" corresp="noteT12_326">som</HIS:hisRef> erfarede det passerede, da han om Morgenen vilde forhøre sig om Davids Befindende; han fik Konsulen tillkaldt, denne forseglede den Afdødes Papirer og overgav disse tilligemed hans øvrige Effekter till <HIS:hisRef type="person" target="Navneregister_HISe.xml#peAP">hans Tante, Prindsesse Pignatelli</HIS:hisRef>.</p>
<p>Da David om Lørdagsaftenen Kl: 10 var kommen hjem, havde han af Tjenestepigen forlangt kogende Vand dels for at tage Fodbad, dels for at lave The. Da Pigen bragte ham Vandet havde David givet hende 1 <anchor type="lemma" xml:id="koB12_1158"/>Scudo (2 Rdlr); noget forundret havde hun spurgt, om han skulde flytte; hertill svarede han nej, idet han takkede og tillføjede at han intet videre behøvede. Derpaa var Pigen gaaet tillsengs. Ved Siden af Davids Dør boede en <anchor type="lemma" xml:id="koB12_1159"/>Lejetjener, som han undertiden benyttede; denne havde i Nattens Løb intet hørt. Om Morgenen fandtes Døren till Davids Værelse halvt aaben og Lyset endnu brændende. <pb n="[5]"/>Fodbadet viste sig at være blevet benyttet; paa Thekanden fandtes en ganske ubetydelig Levning af en overordentlig stærk The, – efter Konsulens Ytring: sort som Kaffe; Resten af den store Kandes Indhold var forsvundet. En <anchor type="lemma" xml:id="koB12_1160"/>Spirituslampe, som David ellers benyttede, stod paa sin Plads; den havde efter Pigens Udsagn været i Ustand i flere Dage og desuden overflødig ved denne Lejlighed, da jo Vandet var bragt ham kogende. Spiritusflasken stod imidlertid paa Bordet og ved Siden af den et Vinglas, som bar Spor af at have været iskjænket Spiritus. Ved Sengen laa hans Skjorte og den Uldtrøje, han plejede at bære inderst. Begge vare endnu om Morgenen gjennemvaade af Sved. – Paa Davids Skrivebord laa to paabegyndte Breve. Begge ere øjensynlig stilede till hans Tante. Det ene begynder med at han har overbragt <anchor type="lemma" xml:id="koB12_1161"/>Kmh: Wolfhagen med flere navngivne Personer Indbydelsen till <anchor type="lemma" xml:id="koB12_1162"/>det bevidste Middagsmaaltid, men at han selv, paa Grund af Ildebefindende, ikke vilde kunne komme før Onsdagen. (Dette var ogsaa fuldkommen rigtigt; Invitationen var overbragt <HIS:hisRef type="tcNote" xml:id="noteT12_327" target="B1844-1871ht_noter.xml" corresp="noteT12_327">om Lørdagsaftenen</HIS:hisRef>.) Men saa kommer nogle Linjer, øjensynligt skrevne længere ude paa <HIS:hisRef type="tcNote" xml:id="noteT12_328" target="B1844-1871ht_noter.xml" corresp="noteT12_328">Natten</HIS:hisRef>, hvilke dels ere utydelige, dels meningsløse. Bladets første Side, af Størrelse som nærværende Papir, var fuldskrevet, derpaa ere 2<hi rend="raised">den</hi> og 3<hi rend="raised">die</hi> Side oversprungne, og paa 4<hi rend="raised">de</hi> fortsættes mere og mere forvirret; de sidste næsten ulæselige Ord ere «Jeg er død; jeg <pb n="[6]"/>er i det yderste Vanvid» og istedetfor sit Navn, som Underskrift, har han skrevet «Jeg er gal!». – Det andet Brev, en liden Lapp, er øjensynligt skrevet mellem Begyndelsen og Afsluttningen af ovennævnte, og beregnet paa at skulle leveres till hans Tantes Tjener, som om Morgenen plejede at indfinde sig. Det omtaler i uklare Udtrykk den Ulykke, som er hændt ham; han beder at Lægen strax maa hentes; han er meget syg. <anchor type="lemma" xml:id="koB12_1163"/>Hans Forældre skal underrettes om alt, skaansomt, men uden Omsvøb. Ogsaa i denne Billet er den stigende Aandsforvirring kjendelig. Han ender med, at han ikke vil vække nogen af Husfolkene «for at de ikke, ved at undlade at komme ham till Hjælp, skulle blive medskyldige i det, som maa ske.» Begge Breve vare aabne. Sengen viste, at han havde ligget; paa Hovedpuden <HIS:hisRef type="tcNote" xml:id="noteT12_329" target="B1844-1871ht_noter.xml" corresp="noteT12_329">fandtes</HIS:hisRef> Spor af 2–3 store Bloddraaber, som efter en stærkt <HIS:hisRef type="tcNote" xml:id="noteT12_330" target="B1844-1871ht_noter.xml" corresp="noteT12_330">begyndende</HIS:hisRef> men igjen pludseligt standset Næsebløden.</p>
<p>Hvad er nu foregaaet deroppe i den forfærdelige Natt? – Noget overlagt Skridt kan der ikke være Tale om at han har begaaet. En Sindsforvirring, som den, der vidner ud af hver Linje i hine to Breve, lader sig ikke eftergjøre af noget Menneske, der har Fornuftens Brug. Den Sygdom, han var angreben af, var en <anchor type="lemma" xml:id="koB12_1164"/>gastrisk Feber, der under herværende klimatiske Forholde lett og med Hurtighed kan slaa sig paa Hjernen. Han <pb n="[7]"/>havde i flere Dage kun levet af Kjødsuppe og The; sin Tillstand vilde han ikke vedgaa for nogen, ikke engang helt ud for Lægen; det oppirrede ham, naar man spurgte till hans Befindende. Ved Hjemkomsten om Aftenen har Sygdommen udviklet sig; den store Mængde stærk The har været ham skadelig, og hvis han nu dertil, febersyg som han var, har, i den Tanke at skaffe sig Søvn, drukket Spiritus, saa vil Sygdommens rivende Fremskridt ikke længere kunne forundre nogen. Men selv hans Feberfantasier har aabenbart ikke gaaet i Retning af at forkorte Livet; thi hans Hentydninger till «det, som maa ske», gjælder aabenbart hans Frygt for at Autoriteterne ville indsætte ham i en <anchor type="lemma" xml:id="koB12_1165"/>Daareanstalt uden at Husfolkene ville forhindre det. – Han er sprungen ud fuldkomment nøgen; saaledes springer man ud i et Bad. Han er endvidere, som De af det følgende skal se, sprungen ud med Hovedet foran. Heri mener jeg at vi øjner Traaden i hans forvildede Tankegang, og denne min Hypothese er fuldkommen bleven <anchor type="lemma" xml:id="koB12_1166"/>billiget saavel af Lægen, som af samtlige hans <HIS:hisRef type="tcNote" xml:id="noteT12_331" target="B1844-1871ht_noter.xml" corresp="noteT12_331">herværende</HIS:hisRef> Landsmænd. Uklare Erindringer fra Sorent og dets Bade har <anchor type="lemma" xml:id="koB12_1167"/>svævet for ham; Feberheden har ligesom fortæret ham, den overstrømmende Sved har været ham uudholdelig, Virkelighed og Erindringer har blandet sig sammen til et for ham, og saa er Ulykken skeet; – der var ingen <pb n="[8]"/>som kunde hindre den.</p>
<p>Da den Afdøde <anchor type="lemma" xml:id="koB12_1168"/>ikke var Katholik, kunde Liget ikke forblive i <HIS:hisRef type="place" target="Navneregister_HISe.xml#plGi">St: Giacomo</HIS:hisRef>; hans Tante havde tabt <HIS:hisRef type="tcNote" xml:id="noteT12_332" target="B1844-1871ht_noter.xml" corresp="noteT12_332">al</HIS:hisRef> Fattning og havde desuden efter de her <anchor type="lemma" xml:id="koB12_1169"/>gjældende Love ikke Tilladelse til at henbringe den Døde till sin Bolig. Liget blev derfor Søndags <HIS:hisRef type="tcNote" xml:id="noteT12_333" target="B1844-1871ht_noter.xml" corresp="noteT12_333">Middag</HIS:hisRef> ført till den skandinaviske Forening, hvor en <anchor type="lemma" xml:id="koB12_1170"/>stadslæge, samt derpaa Dr: Erhard, i Politiets Nærværelse om Mandagen foretog Obduction for at faa Dødsaarsagen konstateret.</p>
<p>Jeg var tillstede. Faldet havde været øjeblikkeligt dræbende. Det øverste af Hovedskallen var knust og indtrykt, hvilket beviser at han er sprunget ud med Hovedet foran. Dette fremgaar yderligere deraf, at Ansigtet var blodigt som efter en stærk <HIS:hisRef type="tcNote" xml:id="noteT12_334" target="B1844-1871ht_noter.xml" corresp="noteT12_334">Skrabning</HIS:hisRef> <emph>nedefter</emph>, hvilken Skrabning aabenbart er fremkommet ved at han i Faldet har stødt mod Gesimsen af det nedenunder værende Vindu, og derved forklares tillige at han blev funden kastet over mod den modsatte Side af Gaden. Arme og Ben vare hele, men flere Ribben knækkede og Lungen itureven, hvorfor en betydelig Blodudstrømning havde fundet Sted. Kjendetegn paa en stærkt og hurtigt udvikklet <anchor type="lemma" xml:id="koB12_1171"/>Tyfus var tillstede, og Doktor Erhardt erklærede at den Afdøde, trods hans Spørgsmaal, har lagt <anchor type="lemma" xml:id="koB12_1172"/>forsætteligt <anchor type="lemma" xml:id="koB12_1173"/>Dølgsmaal paa hvor ilde det igrunden maa have staaet till med ham. Han tillføjede ogsaa, at om nogen <pb n="[9]"/>
                            <HIS:hisRef type="tcNote" xml:id="noteT12_335" target="B1844-1871ht_noter.xml" corresp="noteT12_335">havde</HIS:hisRef> været tillstede hos ham, saa kunde man vistnok have forhindret Dødsmaaden, men neppe den samme sørgelige Udgang paa naturlig Maade. Dette har været os en Trøst, ligesom vi ogsaa stadigt har gjentaget for hverandre at hans Læge end ikke et Øjeblik har fundet eller kunnet finde sig foranlediget till at tillraade noget extraordinært Tillsyn. Her gik desuden flere andre Landsmænd blandt os, tillsyneladende langt sygere end han, og, som før bemærket, vilde han <supplied>paa</supplied> ingen Maade taale at man yttrede n<supplied>ogen</supplied> Bekymring for ham; hans Tante, i <supplied>hvis</supplied> Hus han daglig kom, faldt det <supplied>heller ikke</supplied> ind at skjænke hans Ildebefi<supplied>ndende nogen</supplied> særlig Oppmærksomhed.</p>
<p>
                            <HIS:hisRef type="tcNote" xml:id="noteT12_336" target="B1844-1871ht_noter.xml" corresp="noteT12_336">Tirsdagen</HIS:hisRef> efter Dødsfaldet <supplied>blev han be</supplied>gravet ude paa <anchor type="lemma" xml:id="koB12_1175"/>den venlige prote<supplied>stantiske</supplied> Kirkegaard; saagodtsom <HIS:hisRef type="tcNote" xml:id="noteT12_337" target="B1844-1871ht_noter.xml" corresp="noteT12_337">samtli<supplied>ge</supplied> <gap reason="damage"/>
                            </HIS:hisRef> fulgte, og <HIS:hisRef type="tcNote" xml:id="noteT12_338" target="B1844-1871ht_noter.xml" corresp="noteT12_338">vi</HIS:hisRef> afsluttede derude, <HIS:hisRef type="tcNote" xml:id="noteT12_339" target="B1844-1871ht_noter.xml" corresp="noteT12_339">paa <supplied>en</supplied> <gap reason="damage"/> Maade</HIS:hisRef> end sædvanligt, vort Sam<supplied>liv for denne</supplied> Vinter.</p>
<p>Jeg har nu fortalt Dem <supplied>den hele ulyk</supplied>kelige Begivenhed, koldt, som <HIS:hisRef type="tcNote" xml:id="noteT12_340" target="B1844-1871ht_noter.xml" corresp="noteT12_340">
                                <supplied>en</supplied> <gap reason="damage"/> Indberetning;</HIS:hisRef> men saaledes kan <supplied>jeg nu se</supplied> tillbage paa den, naar det beh<supplied>øves, og saaledes</supplied> antager jeg at De er bedst tjent <supplied>med at mod</supplied>tage den.</p>
<p>De var meget ofte tillstede <supplied>i Deres afdøde</supplied> <pb n="[10]"/>Vens Tanker under hans sidste Levedage. Jeg kjendte ham vistnok ikke tillbunds, men det saa jeg, at der var mange stille smukke Dybder i ham.</p>
<p>Hvor meget <HIS:hisRef type="person" target="Navneregister_HISe.xml#peCD">hans Forældre</HIS:hisRef> kjender af Sammenhængen, ved jeg ikke; De maa derfor være varsom med de Meddelelser, De her har faaet.</p>
<p>Sluttelig takker jeg Dem for de venlige Ord fra Dem, som ere mig meddelte. Jeg haaber og glæder mig till engang personligt <supplied>a</supplied>t træffe Dem; staar det till mig at vælge mit <supplied>frem</supplied>tidige Oppholdssted, saa bliver det <HIS:hisRef type="place" target="Navneregister_HISe.xml#plKbh">Kjø<supplied>benhav</supplied>n</HIS:hisRef>; længere Nord vil jeg ikke.</p>
<p>
                            <supplied>Indlagte</supplied> Billet tør jeg maaske bede <supplied>Dem om velvi</supplied>lligt at tillstille <HIS:hisRef type="person" target="Navneregister_HISe.xml#peFH">Hr. Hegel</HIS:hisRef>. <supplied>Kjender De</supplied> <HIS:hisRef type="person" target="Navneregister_HISe.xml#peCP">
                                <supplied>C</supplied>lemens Petersen</HIS:hisRef>, saa beder jeg <supplied>Dem hilse og</supplied> takke ham for hans Anmel<supplied>delse. <anchor type="lemma" xml:id="koB12_1176"/>«Fædrela</supplied>ndet» er det eneste danske Blad <supplied>vi holder her.</supplied> Skulde de øvrige Blade behand<supplied>le min Bog</supplied>, vilde jeg være Dem usigelig <supplied>takknemmeli</supplied>g, dersom De, uden altfor megen <supplied>Ulejlighed, vil</supplied>de under <anchor type="lemma" xml:id="koB12_1177"/>Korsbaand og ufranke<supplied>ret, som Aviser</supplied> ialmindelighed, sende mig ved<supplied>kommende</supplied> Nummere, – eller ogsaa bede <supplied>Hr. Hegel gjør</supplied>e det; jeg har glemt at skrive <supplied>derom i indl</supplied>agte Billet. – <HIS:hisRef type="tcNote" xml:id="noteT12_341" target="B1844-1871ht_noter.xml" corresp="noteT12_341">Lev vel, og slaa <gap reason="damage"/> <gap reason="damage"/> tilltrænges i mange Maader oppe <gap reason="damage"/>
                            </HIS:hisRef>
                        </p>
<salute>Deres hengivne</salute>
<signed>Henrik Ibsen</signed>
</div>
</body>
</text>