<?xml version="1.0" encoding="UTF-8"?><text xmlns="http://www.tei-c.org/ns/1.0" xmlns:HIS="http://www.example.org/ns/HIS" rend="letter" corresp="B18720427DrB" xml:lang="da-no">
<body>
<div type="letter">
<p>
                            <pb n="[1]"/>Herr <anchor type="lemma" xml:id="koB13_460"/>landphysikus dr: Blich med frøkener <anchor type="lemma" xml:id="koB13_461"/>døttre hilses forbindtligst.</p>
<signed>
                            <HIS:print>Henrik Ibsen.</HIS:print>
                        </signed>
<dateline>Dresden den <date>27<hi rend="raised">de</hi> April 1872</date>.</dateline>
</div>
</body>
</text>