<?xml version="1.0" encoding="UTF-8"?><text xmlns="http://www.tei-c.org/ns/1.0" xmlns:HIS="http://www.example.org/ns/HIS" rend="letter" corresp="B18680310SF" xml:lang="da-no">
<front>
<pb n="[a]"/>
<HIS:envelope type="sheet">
<address>
<addrLine>Til</addrLine>
<addrLine>Bestyrelsen for den skand: Forening</addrLine>
<addrLine>i Rom.</addrLine>
</address>
</HIS:envelope>
</front>
<body>
<div type="letter">
<p>
                            <pb n="[1]"/>I Anledning af at enkelte Bestyrelsesmedlemmer har besluttet Afskaffelsen af <anchor type="lemma" xml:id="koB12_1702"/>«L’Osservatore Romano», anmoder undertegnede om at en Generalforsamling uopholdelig maa blive sammenkaldt for at erfare hvorvidt denne paa ulovlig Maade iværksatte Foranstaltning maatte vinde Bifald hos <HIS:hisRef type="tcNote" xml:id="noteT12_477" target="B1844-1871ht_noter.xml" corresp="noteT12_477">Fleretallet</HIS:hisRef> af Foreningens Medlemmer. –</p>
<dateline>Rom den <date>10<hi rend="raised">de</hi> Marts 1868</date>.</dateline>
<signed>Henrik Ibsen</signed>
</div>
<div type="postscript">
<p>
                            <HIS:hisRef type="tcNote" xml:id="noteT12_478" target="B1844-1871ht_noter.xml" corresp="noteT12_478">Tillige</HIS:hisRef>
                        </p>
<signed>L. Hansen</signed>
<signed>John Börjeson</signed>
<signed>Fr Kjellberg.</signed>
<salute>Til Bestyrelsen for den skandinaviske Forening i Rom.</salute>
</div>
</body>
</text>