<?xml version="1.0" encoding="UTF-8"?><text xmlns="http://www.tei-c.org/ns/1.0" xmlns:HIS="http://www.example.org/ns/HIS" rend="letter" corresp="B18600704HJN" xml:lang="da-no">
                <front>
<pb n="[a]"/>
<HIS:envelope type="sheet">
<address>
<addrLine>ST.</addrLine>
<addrLine>Hr: Sagfører Nandrup</addrLine>
<addrLine>Hersteds.</addrLine>
</address>
</HIS:envelope>
</front>
<body>
<div type="letter">
<dateline>
                            <pb n="[1]"/>Christiania <date>4<hi rend="raised">de</hi> Juli 1860</date>. –</dateline>
<salute>Hr: Sagfører Nandrup.</salute>
<p>Som det af <anchor type="lemma" xml:id="koB12_651"/>indlagte Skrivelse vil erfares, er <HIS:hisRef type="person" target="Navneregister_HISe.xml#pePPe">Hr. <anchor type="lemma" xml:id="koB12_652"/>P. Petersens</HIS:hisRef> Fordring paa mig fremsendt uden hans Vidende og grundet paa en Misforstaaelse; jeg tør derfor haabe at der, den Sag angaaende, intet videre vil blive foretaget. – Afdraget paa min Gjæld til <HIS:hisRef type="person" target="Navneregister_HISe.xml#peCSo">
                                <anchor type="lemma" xml:id="koB12_653"/>Hr. Sontum</HIS:hisRef> skal jeg, i Forventning om at De dermed velvilligen vil være tilfreds, indbetale om nogle Dage.</p>
<salute>ærbødigst</salute>
<signed>Henr: Ibsen</signed>
</div>
</body>
</text>