<?xml version="1.0" encoding="UTF-8"?><text xmlns="http://www.tei-c.org/ns/1.0" xmlns:HIS="http://www.example.org/ns/HIS" rend="letter" corresp="B18730309FH" xml:lang="da-no">
<body>
<div type="letter">
<dateline>
                            <pb n="[1]"/>Dresden den <date>9<hi rend="raised">de</hi> Marts 1873</date>.</dateline>
<salute>Kære herr Hegel!</salute>
<p>Herved har jeg den fornøjelse at oversende Dem den <anchor type="lemma" xml:id="koB13_792"/>3<hi rend="raised">die</hi> <HIS:hisRef type="work" target="Navneregister_HISe.xml#woKG">manuskript-portion</HIS:hisRef>.</p>
<p>Fornøjelsen er imidlertid noget blandet; thi jeg har til min skræk opdaget at det er så langt fra at jeg vil kunne reducere noget i de <anchor type="lemma" xml:id="koB13_793"/>170 sider, hvoraf det første stykke <anchor type="lemma" xml:id="koB13_794"/>formentlig bestod, at dette tvertimod vil komme til at udgjøre <anchor type="lemma" xml:id="koB13_795"/>godt og vel 200 sider. – En sådan fejlregning er aldrig før hændt mig. Grunden ligger dels i at jeg til <anchor type="lemma" xml:id="koB13_796"/>konceptet benyttede <anchor type="lemma" xml:id="koB13_797"/>papir af et andet format, men væsentlig deri at jeg ikke rigtig har sammentællet alle tilføjelser, og deri, at jeg har beregnet overstrygningerne for højt. I renskriften er intet nyt tilføjet.</p>
<p>I det andet stykke vil der ikke blive tale om nogen sådan overskridelse af <anchor type="lemma" xml:id="koB13_798"/>det opgivne omfang; thi konceptet til dette indeholder ingen rettelser og <anchor type="lemma" xml:id="koB13_799"/>papiret er det sædvanlige.</p>
<p>Nu vil jeg gjerne vide <anchor type="lemma" xml:id="koB13_800"/>hvorledes De optager dette. Måske har De intet derimod; men måske finder De også at bogen blir større end De kunde ønske. Jeg håber i sidste fald at De venligst vil sige mig Deres mening. <pb n="[2]"/>
                            <HIS:hisRef type="work" target="Navneregister_HISe.xml#woKK">
                                <anchor type="lemma" xml:id="koB13_801"/>«Kærlighedens komedie»</HIS:hisRef> sender jeg Dem antagelig i overmorgen.</p>
<p>Skulde min ven, bibliothekar <HIS:hisRef type="person" target="Navneregister_HISe.xml#peLDa">
                                <anchor type="lemma" xml:id="koB13_802"/>L: Daae</HIS:hisRef> i <HIS:hisRef type="place" target="Navneregister_HISe.xml#plKri">Kristiania</HIS:hisRef>, med hvem jeg har <anchor type="lemma" xml:id="koB13_803"/>rådført mig om den rigtigste skrivemåde af nogle græske navne, sende Dem nogle ændringer til den <anchor type="lemma" xml:id="koB13_804"/>af mig befulgte retskrivning, bedes disse ændringer godhedsfuldt tagne til følge ved korrekturlæsningen.</p>
<p>Med venlige hilsener til Dem og <HIS:hisRef type="person" target="Navneregister_HISe.xml#peJH">Deres søn</HIS:hisRef>,</p>
<salute>Deres hjertelig hengivne</salute>
<signed>Henrik Ibsen.</signed>
</div>
</body>
</text>