<?xml version="1.0" encoding="UTF-8"?><text xmlns="http://www.tei-c.org/ns/1.0" xmlns:HIS="http://www.example.org/ns/HIS" rend="letter" corresp="B18710626JHT" xml:lang="da-no">
<body>
<div type="letter">
<dateline>
                            <pb n="[1]"/>Dresden den <date>26<hi rend="raised">de</hi> Juni 1871</date>. –</dateline>
<salute>Kære svoger!</salute>
<p>Ved at <anchor type="lemma" xml:id="koB13_1"/>læse om festlighederne ved jernbanens åbning kommer jeg ganske naturligt tilbage til en gammel idé. Der er nu direkte forbindelse overland mellem <HIS:hisRef type="place" target="Navneregister_HISe.xml#plKri">Kristiania</HIS:hisRef> og <HIS:hisRef type="place" target="Navneregister_HISe.xml#plMal">Malmø</HIS:hisRef>. Fra <HIS:hisRef type="place" target="Navneregister_HISe.xml#plKbh">København</HIS:hisRef> går der for yderst billig fragt dampskib til <HIS:hisRef type="place" target="Navneregister_HISe.xml#plSte">Stettin</HIS:hisRef>, samt jernbane <anchor type="lemma" xml:id="koB13_2"/>over øerne og <HIS:hisRef type="place" target="Navneregister_HISe.xml#plSle">Slesvig</HIS:hisRef>. Skulde De så ikke ville glæde os med et besøg i sommer? Et værelse skal jeg skaffe og forøvrigt tager De venligst tiltakke i al <anchor type="lemma" xml:id="koB13_3"/>tarvelighed hos os. Vi forlader ikke <HIS:hisRef type="place" target="Navneregister_HISe.xml#plDre">byen</HIS:hisRef> i sommer, og jeg tror De kunde have glæde og gavn af et ophold her. Både byen og omegnen er meget smuk; til kortere og længere udflugter er der rigelig anledning. – Jeg tror ikke at vi <anchor type="lemma" xml:id="koB13_4"/>bliver udenlands mere end et år til. Tænk nu over denne sag!</p>
<p>Jeg har nu påbegyndt mit <pb n="[2]"/>
                            <HIS:hisRef type="tcNote" xml:id="noteT13_1" target="B1871-1879ht_noter.xml" corresp="noteT13_1">store</HIS:hisRef> drama <HIS:hisRef type="work" target="Navneregister_HISe.xml#woKG">
                                <anchor type="lemma" xml:id="koB13_5"/>«Kejser Julian»</HIS:hisRef>, der forhåbentlig bliver færdigt til jul. En ny udgave <anchor type="lemma" xml:id="koB13_6"/>(6<hi rend="raised">te</hi> oplag) af <HIS:hisRef type="work" target="Navneregister_HISe.xml#woBr">«Brand»</HIS:hisRef> er under pressen, og derhos skal jeg foretage en <anchor type="lemma" xml:id="koB13_7"/>omarbejdelse af mit ældre skuespil <HIS:hisRef type="work" target="Navneregister_HISe.xml#woF1">«Fru Inger til Østråt»</HIS:hisRef>, bestemt til udgivelse og <anchor type="lemma" xml:id="koB13_8"/>indrettet til opførelse på det <HIS:hisRef type="org" target="Navneregister_HISe.xml#orgKT">kgl: danske theater</HIS:hisRef>. Jeg arbejder rivende hurtigt men kun få timer om dagen, og det vilde derfor være mig en stor fornøjelse om vi kunde færdes sammen i nogen tid hernede. Købmand <HIS:hisRef type="person" target="Navneregister_HISe.xml#peAVo">
                                <anchor type="lemma" xml:id="koB13_9"/>Vollmann</HIS:hisRef>, som i vår besøgte os, vil kunne give Dem de bedste råd og oplysninger om rejseroute, m. m. <anchor type="lemma" xml:id="koB13_10"/>Billetpriserne på jernbaner og dampskibe er i de <HIS:hisRef type="tcNote" xml:id="noteT13_2" target="B1871-1879ht_noter.xml" corresp="noteT13_2">sidste</HIS:hisRef> år blevne meget billige, og ikke i nogen måde at sammenligne med <anchor type="lemma" xml:id="koB13_11"/>priserne i <HIS:hisRef type="place" target="Navneregister_HISe.xml#plN">Norge</HIS:hisRef>. Den smukke årstid varer her til begyndelsen af Oktober.</p>
<p>Dette var, hvad jeg i al korthed vilde sige Dem til velvillig overvejelse. Ved næste måneds begyndelse håber jeg De godhedsfuldt sender mig den sædvanlige veksel, og kanske får jeg da tillige at høre hvad De mener om rejsen.</p>
<p>
                            <pb n="[3]"/>Hils <HIS:hisRef type="person" target="Navneregister_HISe.xml#peTK">
                                <anchor type="lemma" xml:id="koB13_12"/>Thomas</HIS:hisRef>, <HIS:hisRef type="person" target="Navneregister_HISe.xml#peDFa">
                                <anchor type="lemma" xml:id="koB13_13"/>Dorothea</HIS:hisRef> og <HIS:hisRef type="person" target="Navneregister_HISe.xml#peCF">
                                <anchor type="lemma" xml:id="koB13_14"/>hendes mand</HIS:hisRef> venskabeligst fra os. Alle venner og bekendte ligeså! Vi befinder os alle vel, men vejret har til dato været ubehageligt.</p>
<p>Hvad kan man <anchor type="lemma" xml:id="koB13_15"/>udbringe penge til i Norge? Jeg har en <anchor type="lemma" xml:id="koB13_16"/>opsparet kapital i Sparekassen i København; men <HIS:hisRef type="person" target="Navneregister_HISe.xml#peFH">Hegel</HIS:hisRef> råder mig til at købe for 2–3000 daler i <anchor type="lemma" xml:id="koB13_17"/>kgl: obligationer, der for tiden står i 84 og forrentes med 4 p:ct. Tror De at man kan gøre det fordelagtigere i Norge? Pengene kunde gerne sættes fast; men naturligvis mod absolut sikkerhed. <anchor type="lemma" xml:id="koB13_18"/>Det nordiske telegrafselskabs aktier, der vel er de fordelagtigste papirer for tiden hos os, kan man vel ikke længere få. Kunde De lejlighedsvis, det haster jo ikke så meget, give mig oplysning i denne sag, vilde jeg takke Dem meget.</p>
<salute>Deres hengivne</salute>
<signed>Henrik Ibsen.</signed>
</div>
</body>
</text>