<?xml version="1.0" encoding="UTF-8"?><text xmlns="http://www.tei-c.org/ns/1.0" xmlns:HIS="http://www.example.org/ns/HIS" rend="letter" corresp="B18710423FH" xml:lang="da-no">
<body>
<div type="letter">
<dateline>
                            <pb n="[1]"/>Dresden den <date>23<hi rend="raised">de</hi> April 1871</date>. –</dateline>
<salute>Kære herr Hegel!</salute>
<p>I henhold til Deres venlige tilbud sender jeg Dem nogle <anchor type="lemma" xml:id="koB12_3178"/>løse blade til indheftning. Hvis jeg til eget brug tør udbede mig to expl, hvoraf det ene uindbundet, så takker jeg Dem meget.</p>
<p>I det sidst modtagne korrekturark har man pag: <anchor type="lemma" xml:id="koB12_3179"/>165 linje 14 sat et bindetegn mellem ordene anings og triller, ligeså pag 169, linje 14 et colon mellem «folder» og «dølger»; jeg håber dette er rettet; – forøvrigt vil det jo ikke kunne vildlede nogen. <anchor type="lemma" xml:id="koB12_3180"/>Afskriften til <HIS:hisRef type="person" target="Navneregister_HISe.xml#peJLH">fru Heiberg</HIS:hisRef> har jeg allerede sendt.</p>
<p>Mange hilsener fra</p>
<salute>Deres hjertelig hengivne</salute>
<signed>Henrik Ibsen.</signed>
</div>
</body>
</text>