<?xml version="1.0" encoding="UTF-8"?><text xmlns="http://www.tei-c.org/ns/1.0" xmlns:HIS="http://www.example.org/ns/HIS" rend="letter" corresp="B18630108TT" xml:lang="da-no">
                <body>
<div type="letter">
<dateline>Christiania den <date>8<hi rend="raised">de</hi> Januar 1863</date>.–</dateline>
<p>Vedlagt følger et Exemplar af mit nye Skuespil <HIS:hisRef type="work" target="Navneregister_HISe.xml#woKK">
                                <anchor type="lemma" xml:id="koB12_737"/>«Kjærlighedens Komedie»</HIS:hisRef>, som jeg herved indleverer til Trondhjems Theater med Forespørgsel om hvorvidt Direktionen er villig til at antage Stykket til Opførelse mod et Forfatterhonorar af <anchor type="lemma" xml:id="koB12_738"/>60 (sexti) Sp, der bliver at udbetale umiddelbart efter første Forestilling. Antages Stykket, skal <anchor type="lemma" xml:id="koB12_739"/>den til samme hersteds komponerede og arrangerede Musik uden yderligere Udgift for Theatret blive Direktionen tilstillet. Det bemærkes at Stykket <anchor type="lemma" xml:id="koB12_740"/>om kort Tid kommer til Opførelse paa <HIS:hisRef type="org" target="Navneregister_HISe.xml#orgChrTh">Christiania Theater</HIS:hisRef> og muligens ogsaa paa det norske. Idet jeg forventer den ærede Direktions Svar tegner jeg mig</p>
<salute>ærbødigst</salute>
<signed>Henr: Ibsen.</signed>
<salute>Til Direktionen for Theatret i Trondhjem.</salute>
</div>
</body>
</text>