<?xml version="1.0" encoding="UTF-8"?><text xmlns="http://www.tei-c.org/ns/1.0" xmlns:HIS="http://www.example.org/ns/HIS" rend="letter" corresp="B18661005FH" xml:lang="da-no">
                <body>
<div type="letter">
<dateline>
                            <pb n="[1]"/>Rom den <date>5<hi rend="raised">te</hi> October 1866</date>.</dateline>
<salute>Kjære Hr: Cancelliraad Hegel!</salute>
<p>Vedlagt har jeg den Fornøjelse at oversende det gjennemseede og <anchor type="lemma" xml:id="koB12_1365"/>rettede Expl: af <HIS:hisRef type="work" target="Navneregister_HISe.xml#woKK">«Kjærlighedens Komedie»</HIS:hisRef>, som jeg ikke vovede at betro till <anchor type="lemma" xml:id="koB12_1366"/>Postvæsenet ude i Bjergene, og som af den Grund først nu fremkommer. Nøjagtig Korrektur forventes; de <HIS:hisRef type="tcNote" xml:id="noteT12_398" target="B1844-1871ht_noter.xml" corresp="noteT12_398">mulig</HIS:hisRef> forekommende Inkonsekventser bedes rettede. <anchor type="lemma" xml:id="koB12_1367"/>De tillbudte Betingelser modtager jeg med Takknemmelighed; Opplagets Størrelse er altsaa overladt till Dem; skulde De, for at formindske Risicoen vilde dele dette i to mindre Opplag, har jeg naturligvis intet imod at betragte begge som <emph>et</emph> Opplag, altsaa uden at gjøre Fordring paa fornyet Honorar. Anmærkningerne ved Navneoverskrifterne ønsker jeg for Udseendets Skyld trykte <emph>under</emph> Navnene, ligesom i <anchor type="lemma" xml:id="koB12_1368"/>den norske Udgave. – 1<hi rend="raised">ste</hi> Opplag solgte jeg till «Ill: Nyhedsblad» for at tjene som Nytaarsgave for dets Abonnenter og tillod <anchor type="lemma" xml:id="koB12_1369"/>dets <HIS:hisRef type="person" target="Navneregister_HISe.xml#peJLi">
                                <HIS:hisRef type="tcNote" xml:id="noteT12_399" target="B1844-1871ht_noter.xml" corresp="noteT12_399">daværende</HIS:hisRef> Ejer</HIS:hisRef> at tage nogle Separataftryk; det er disse som er i Boghandelen. Jeg har tillskrevet en af mine Venner i Christiania, <HIS:hisRef type="person" target="Navneregister_HISe.xml#pePBH">Universitetsbibliothekar P. Botten-Hansen</HIS:hisRef> for overensstemmende med Deres Ønske at faa <HIS:hisRef type="person" target="Navneregister_HISe.xml#peJDy">Hr. Dybvad</HIS:hisRef> till at inddrage nævnte Expl: samt underrette Dem om Udfaldet, hvorom der ingen Tvivl kan være, da jeg kjender Vedkommende og den norske Udgave vel omtrent er værdiløs og desuden forhaanden i kun faa Expl: – At <anchor type="lemma" xml:id="koB12_1370"/>oppebie Underrettning er derfor neppe fornødent; i værste Fald skal <emph>jeg</emph> naturligvis indløse de resterende Expl: af Bogen; men dette vil visselig ikke blive forlangt. <anchor type="lemma" xml:id="koB12_1371"/>Forordene till 2<hi rend="raised">den</hi> Udgave skal jeg sende om nogle Dage; de bliver korte, en halv <HIS:hisRef type="tcNote" xml:id="noteT12_400" target="B1844-1871ht_noter.xml" corresp="noteT12_400">eller hel</HIS:hisRef> Side omtrent. – Det gjør mig meget ondt ikke at kunne holde mit Løfte om Bidrag till <pb n="[2]"/>
                            <HIS:hisRef type="person" target="Navneregister_HISe.xml#peECR">
                                <anchor type="lemma" xml:id="koB12_1372"/>Chr: Richardts Julegave;</HIS:hisRef> thi vistnok har jeg adskillige Sager liggende, men ikke efter mit Skjøn af saadant Værd at det gaar an dermed at møde frem ved en saadan Anledning; i en større Samling af egne Arbejder kan det derimod engang nok medtages. Jeg beder Dem hilse ham paa det venligste og forøvrigt fremføre min Undskyldning og Takk for hans <HIS:hisRef type="tcNote" xml:id="noteT12_401" target="B1844-1871ht_noter.xml" corresp="noteT12_401">hædrende</HIS:hisRef> Tillbud. Ligeledes har jeg at takke Dem selv for den i Brev af 12<hi rend="raised">te</hi> Sept: indlagte Vexel, 400 fr. – Honoraret for «Kjærlighedens Komedie» beder jeg Dem om, naar Tiden kommer, <emph>ikke</emph> at sende mig, men lade det henstaa indtill næste Sommer, eller en anden Tid, da jeg hernede nødigt vil indehave flere Penge, end jeg bruger. – En Bøn har jeg imidlertid till Dem, nemlig, dersom det kan ske uden altfor stor Ulejlighed, at De vilde gjøre Udlægg till samt besørge kjøbt for mig en Lotteriseddel (enten en hel, to halve eller 4 fjerdedels) i <HIS:hisRef type="place" target="Navneregister_HISe.xml#plKbh">
                                <anchor type="lemma" xml:id="koB12_1373"/>Kjøbenhavns Klasselotteri;</HIS:hisRef> jeg har just intet Haab om at vinde, men der er dog deri en Spænding, som jeg synes om. Tillgiv at <HIS:hisRef type="tcNote" xml:id="noteT12_402" target="B1844-1871ht_noter.xml" corresp="noteT12_402">jeg</HIS:hisRef> vover at anmode Dem herom! – Mit Portræt skal det være mig en Ære og en Glæde at sende Dem, saasnart jeg faar et, som duer noget; turde jeg haabe paa Gjengjæld fra Deres Side, skulde det være mig særdeles kjært. – <anchor type="lemma" xml:id="koB12_1374"/>Till <HIS:hisRef type="person" target="Navneregister_HISe.xml#peCP">Clemens Petersen</HIS:hisRef> sender jeg snart nogle Linjer. – Gjennem <HIS:hisRef type="person" target="Navneregister_HISe.xml#peMSa">Dr: Salomonsen</HIS:hisRef> har jeg havt den Glæde at modtage de to pragtfulde og smukke Expl: af <HIS:hisRef type="work" target="Navneregister_HISe.xml#woBr">3<hi rend="raised">die</hi> Opplag af Brand;</HIS:hisRef> det er jo en fuldstændig <anchor type="lemma" xml:id="koB12_1375"/>Pragtudgave, som jeg inderligt ønsker maa finde Afsættning! – Nærværende <anchor type="lemma" xml:id="koB12_1376"/>Pakke frankerer jeg kun till Grænsen, og beder Dem derfor at føre mig Resten af Portobeløbet i Regning. – Som sagt, om nogle Dage skal De modtage Forordene og yderligere nogle Linjer fra</p>
<salute>Deres ærbødigst hengivne</salute>
<signed>Henrik Ibsen.</signed>
</div>
<div type="postscript">
<p>
                            <pb n="[3]"/>P. S. De <anchor type="lemma" xml:id="koB12_1377"/>Interpunktionsfejl, som ikke maatte være rettede i medfølgende Expl: anbefales till <HIS:hisRef type="person" target="Navneregister_HISe.xml#peAuLa">
                                <anchor type="lemma" xml:id="koB12_1378"/>Korrektørens</HIS:hisRef> Oppmærksomhed. Ligeledes bedes Sætteren gjort oppmærksom paa <anchor type="lemma" xml:id="koB12_1379"/>at Verslinjerne trykkes med smaa Begyndelsesbogstaver – ligesom i Brand – naturligvis undtagen efter Punktum, ved Substantiver, o. s. v – hvilket følger af sig selv. –</p>
</div>
</body>
</text>