<?xml version="1.0" encoding="UTF-8"?><text xmlns="http://www.tei-c.org/ns/1.0" xmlns:HIS="http://www.example.org/ns/HIS" rend="letter" corresp="B18681031RS" xml:lang="da-no">
                <front>
<pb n="[a]"/>
<HIS:envelope type="envelope">
<address>
<addrLine>Herr Cand: mag: Rudolf Schmidt</addrLine>
<addrLine>Klareboderne N<hi rend="raised">o</hi> 16, 2<hi rend="raised">den</hi> Sal.</addrLine>
<addrLine>Kopenhagen.</addrLine>
</address>
<stamp>fr:</stamp>
</HIS:envelope>
</front>
<body>
<div type="letter">
<dateline>
                            <pb n="[1]"/>Dresden den <date>31<hi rend="raised">te</hi> October 1868</date>.–</dateline>
<salute>Herr Cand: mag: Rudolf Schmidt!</salute>
<p>Idet jeg erkjender Modtagelsen af Deres ærede Brev af 11<hi rend="raised">te</hi> dennes, tillader jeg mig at frembære min hjerteligste Takk for Deres venlige og hædrende <anchor type="lemma" xml:id="koB12_1799"/>Oppfordring.</p>
<p>Det er mig imidlertid for Øjeblikket umuligt at efterkomme samme. Hvad jeg af mindre Digte (fra en ældre Tid og fra et forladt Standpunkt) maatte have liggende, kan jeg ikke tillægge det Værd eller den Betydning, som efter mine Tanker skulde berettige deres Offentliggjørelse, og det allermindst i de første Hefter af et begyndende Tidsskrift. Jeg har desuden <anchor type="lemma" xml:id="koB12_1800"/>efterladt samtlige slige Manuscripter i <HIS:hisRef type="place" target="Navneregister_HISe.xml#plRom">Rom</HIS:hisRef>, hvorfra de først till Foraaret ville komme mig ihænde. Skulde jeg da ved Gjennemsynet faa bedre Tanker om et eller andet, skal jeg gjerne sende Dem samme, – og slett ikke <anchor type="lemma" xml:id="koB12_1801"/>fortryde <pb n="[2]"/>paa om det bliver vraget. – Af nye Smaating tør jeg intet love, da jeg for Tiden har mit Syn helt og holdent rettet paa et vidtløftigt Arbejde, <HIS:hisRef type="work" target="Navneregister_HISe.xml#woUF">et <anchor type="lemma" xml:id="koB12_1802"/>5 Akters Lystspil</HIS:hisRef>.</p>
<p>De siger, at Redaktionen, foruden Dem, bestaar af Deherrer <HIS:hisRef type="person" target="Navneregister_HISe.xml#peRNi">Prof: R. Nielsen</HIS:hisRef> og <HIS:hisRef type="person" target="Navneregister_HISe.xml#peCP">Cand: mag: Clemens Petersen</HIS:hisRef>. Hr: Cl: Petersen kjender jeg og Hr: Prof: Nielsen kjender jeg ikke. I Henhold till begge disse Omstændigheder antager jeg at jeg næppe fejler, naar jeg adresserer min Takk for den skete Henvendelse till Dem allene og till Dem personligt.</p>
<salute>Med Højagtelse Deres ærbødige</salute>
<signed>Henrik Ibsen.</signed>
</div>
<div type="postscript">
<p>P. S. Skulde De senerehen ønske nogle <anchor type="lemma" xml:id="koB12_1803"/>Smaating fra <HIS:hisRef type="place" target="Navneregister_HISe.xml#plIt">Italien</HIS:hisRef>, Karaktertræk, Rejseopplevelser – alt i Knapphed meddelt og uden al Fordring paa Kunstværd, – saa har jeg Stoff nok, og skulde vel ogsaa vide at finde en Form. Men herom kan der jo først paa et senere Tidspunkt blive Tale.</p>
<signed>H. I.</signed>
</div>
</body>
</text>