<?xml version="1.0" encoding="UTF-8"?><text xmlns="http://www.tei-c.org/ns/1.0" xmlns:HIS="http://www.example.org/ns/HIS" rend="letter" corresp="B18710426KB" xml:lang="da-no">
<front>
<pb n="[a]"/>
<HIS:envelope type="envelope">
<address>
<addrLine>Hr: cand: pharm: K: Bomhoff.</addrLine>
<addrLine>Drontheim.</addrLine>
<addrLine>(Norwegen.)</addrLine>
</address>
<stamp>fr:</stamp>
</HIS:envelope>
</front>
<body>
<div type="letter">
<dateline>
                            <pb n="[1]"/>Dresden den <date>26<hi rend="raised">de</hi> April 1871</date>. –</dateline>
<salute>Kære herr Bomhoff!</salute>
<p>Idet jeg på det hjerteligste takker for Deres to venlige, hidtil ubesvarede <HIS:hisRef type="tcNote" xml:id="noteT12_748" target="B1844-1871ht_noter.xml" corresp="noteT12_748">breve</HIS:hisRef> kan jeg nu melde Dem at vi i forgårs havde den glæde at modtage <anchor type="lemma" xml:id="koB12_3185"/>de længselfuldt ventede uer. Den 25<hi rend="raised">de</hi> Marts er <anchor type="lemma" xml:id="koB12_3186"/>fustaget expederet på <HIS:hisRef type="place" target="Navneregister_HISe.xml#plHam">Hamburgs</HIS:hisRef> banestation, og De kan heraf danne Dem en forestilling om hvorledes <anchor type="lemma" xml:id="koB12_3187"/>militærforholdene endnu lægger vanskeligheder i vejen for handel og omsætning. Fisken var forøvrigt i en udmærket forfatning og smager, efter en idag i større målestok foretagen prøvespisning, fortræffeligt. Det er en sand og stor tjeneste, De har vist os, og vi kan ikke noksom takke Dem! Beløbet af Deres pengeudlæg håber jeg De snarest muligt er så god at opgive for mig, og skal da den sag straks blive <pb n="[2]"/>bragt i rigtighed. Mit fotografi skal det være mig en fornøjelse at sende Dem, så snart jeg kommer i besiddelse af et sådant, hvilket forhåbentlig snart vil ske. <anchor type="lemma" xml:id="koB12_3188"/>
                            <HIS:hisRef type="person" target="Navneregister_HISe.xml#peMTh">Min svigerinde</HIS:hisRef> indfrier herved sit løfte, og beder hilse. Fra <anchor type="lemma" xml:id="koB12_3189"/>
                            <HIS:hisRef type="person" target="Navneregister_HISe.xml#peMou">Mr: Mouthon</HIS:hisRef> har jeg ligeledes en hilsen at overbringe.</p>
<p>Af nyheder herfra ved jeg intet at fortælle. Jo, det er sandt, jeg så for nylig i bladene at <anchor type="lemma" xml:id="koB12_3190"/>hans <HIS:hisRef type="person" target="Navneregister_HISe.xml#peVil1">«greise Majestät»</HIS:hisRef> har havt et besøg af sin kollega, <anchor type="lemma" xml:id="koB12_3191"/>
                            <HIS:hisRef type="person" target="Navneregister_HISe.xml#peKongJoh">gamle kong Johan</HIS:hisRef>, der tog hans etablissement i øjesyn. Hvorvidt bemeldte «Majestæt» efter dette besøg er bleven endnu hovmods-galere, end han, efter herr <HIS:hisRef type="person" target="Navneregister_HISe.xml#peSor">Sørensens</HIS:hisRef> beskrivelse allerede var, skal jeg ikke kunne sige.</p>
<p>Ja, lev nu for denne gang hjertelig vel! <HIS:hisRef type="person" target="Navneregister_HISe.xml#peSuI">Min kone</HIS:hisRef> hilser og takker specielt. Jeg håber snart at høre fra Dem.</p>
<salute>venskabeligst</salute>
<signed>Henrik Ibsen.</signed>
</div>
</body>
</text>