<?xml version="1.0" encoding="UTF-8"?><text xmlns="http://www.tei-c.org/ns/1.0" xmlns:HIS="http://www.example.org/ns/HIS" rend="letter" corresp="Budat185903LD" xml:lang="da-no">
<front>
<pb n="[a]"/>
<HIS:envelope type="sheet">
<address>
<addrLine>Hr. Cand philos: L. Dietrichson</addrLine>
<addrLine>Christiania.</addrLine>
</address>
</HIS:envelope>
</front>
<body>
<div type="letter">
<salute>
                            <pb n="[1]"/>Høistærede!</salute>
<p>Skulde de <anchor type="lemma" xml:id="koB12_451"/>belovede Forandringer i «Alle mulige Roller» være foretagne saa vilde jeg være Dem i høi Grad taknemmelig. Undskyld at jeg pr: Bud og ikke personlig henvender mig til Dem idag, men jeg sidder op over Ørene i Forretninger.</p>
<salute>venskabeligst</salute>
<signed>Henr: Ibsen</signed>
</div>
</body>
</text>