<?xml version="1.0" encoding="UTF-8"?><text xmlns="http://www.tei-c.org/ns/1.0" xmlns:HIS="http://www.example.org/ns/HIS" rend="letter" corresp="B18580113AkKoll" xml:lang="da-no">
<front>
 <pb n="[a]"/>
<HIS:envelope type="sheet">
<address>
<addrLine>Til</addrLine>
<addrLine>Collegium academicum.</addrLine>
<addrLine>Christiania.</addrLine>
</address>
</HIS:envelope>
</front>
<body>
<div type="letter">
<salute>
                            <pb n="[1]"/>Til <anchor type="lemma" xml:id="koB12_386"/>Collegium academicum.</salute>
<p>Det til det høie Collegium fra mig indsendte <anchor type="lemma" xml:id="koB12_387"/>Andragende om at maatte erholde den oprettendes Stipendiatpost i nordisk Literatur, tillader jeg mig herved at tilbagekalde.</p>
<dateline>Christiania den <date>13<hi rend="raised">de</hi> Januar 1858</date>.</dateline>
<salute>ærbødigst</salute>
<signed>Henr: Ibsen</signed>
</div>
</body>
</text>