<?xml version="1.0" encoding="UTF-8"?><text xmlns="http://www.tei-c.org/ns/1.0" xmlns:HIS="http://www.example.org/ns/HIS" rend="letter" corresp="B18710509FH" xml:lang="da-no">
                <body>
<div type="letter">
<dateline>
                            <pb n="[1]"/>Dresden den <date>9<hi rend="raised">de</hi> Maj 1871</date>.</dateline>
<salute>Kære herr Hegel!</salute>
<p>I torsdags var det en sand festdag for os, idet jeg da havde den glæde at modtage Deres venlige brev tilligemed <anchor type="lemma" xml:id="koB12_3194"/>bogpakken. Min hjerteligste tak herfor!</p>
<p>Hvad der for øjeblikket mest måtte glæde og interessere mig, var imidlertid det overordentlig smagfulde og smukke udstyr, De har givet <HIS:hisRef type="work" target="Navneregister_HISe.xml#woDi">min digtsamling</HIS:hisRef>. <anchor type="lemma" xml:id="koB12_3196"/>Typer, papir, bind med vignet, – alt er fortræffeligt; jeg kan ikke se at der står noget tilbage at ønske. Et stort fortrin ved de benyttede typer er deres ganske overordentlige tydelighed; med disse typer vil <anchor type="lemma" xml:id="koB12_3197"/>min ortografi umuligt genere nogen, og det er en stor fordel.</p>
<p>Særdeles kært var det mig også at erfare at der tiltrænges et <anchor type="lemma" xml:id="koB12_3198"/>nyt oplag af <HIS:hisRef type="work" target="Navneregister_HISe.xml#woBr">«Brand»</HIS:hisRef>. Jeg <pb n="[2]"/>griber med stor glæde Deres tilbud om til denne udgave at benytte <anchor type="lemma" xml:id="koB12_3199"/>de nye typer, hvorved bogen i høj grad vil vinde i udseende. Jeg er i disse dage beskæftiget med at <anchor type="lemma" xml:id="koB12_3200"/>rette det modtagne exemplar og skal i løbet af ugen sende Dem samme. Rettelserne blive imidlertid næsten kun ortografiske; selve teksten er jeg bange for at røre ved.</p>
<p>Må jeg tillade mig gennem Dem at frembære min forbindtligste tak til <HIS:hisRef type="person" target="Navneregister_HISe.xml#peAuLa">herr <anchor type="lemma" xml:id="koB12_3201"/>Larsen</HIS:hisRef> for den uovertræffelige dygtighed og omhu, hvormed korrektur-arbejdet er blevet ledet. – <anchor type="lemma" xml:id="koB12_3202"/>
                            <HIS:hisRef type="person" target="Navneregister_HISe.xml#pePKK">Herr Krohn</HIS:hisRef> er jeg meget erkendtlig for den smukke vignet. – Det var mig meget kært at erfare at min gamle ven, <HIS:hisRef type="person" target="Navneregister_HISe.xml#peAI">skuespiller <anchor type="lemma" xml:id="koB12_3203"/>Isachsen</HIS:hisRef> ikke på nogen Dem <anchor type="lemma" xml:id="koB12_3203a"/>uafvidende måde var kommen i besiddelse af digtene; jeg kunde jo ikke vide det; mine kære landsmænd har, som De selv vil have erfaret, et temmelig <anchor type="lemma" xml:id="koB12_3204"/>tåget begreb om mit og dit i bogverdenen; – selve oplæsningen har jeg, ligesom De, kun betragtet <pb n="[3]"/>som ønskelig.</p>
<p>Og så til slutning en hjertelig tak til Dem selv, en tak for hver dag jeg har stået i forbindelse med Dem, en tak til Dem både som <HIS:hisRef type="org" target="Navneregister_HISe.xml#orgGyl">forlægger</HIS:hisRef> og ven. Gid nu dette vort nye foretagende må blive os til glæde i alle måder!</p>
<p>Hvad de <anchor type="lemma" xml:id="koB12_3205"/>penge angår, som De har havt den godhed at indsætte for mig i Sparekassen, så vilde jeg være Dem meget forbunden, – (hvis sådant ikke er skeet), ved lejlighed at lade dem overføre på den længst mulige opsigelses-frist, da derved formentlig en <anchor type="lemma" xml:id="koB12_3206"/>højere rente opnåes. Det er nemlig ikke min agt igen at udtage disse penge; – jeg er jo nu, – tak være Dem – bleven kapitalist!</p>
<p>Med de venligste hilsener til Dem og <HIS:hisRef type="person" target="Navneregister_HISe.xml#peJH">Deres Søn</HIS:hisRef> er jeg</p>
<salute>Deres hjertelig hengivne</salute>
<signed>Henrik Ibsen.</signed>
</div>
<div type="postscript">
<p>P: s: En nyhed, som jeg erfarer i dette <pb n="[4]"/>øjeblik, må jeg dog fortælle Dem. Samtlige af <anchor type="lemma" xml:id="koB12_3207"/>
                            <HIS:hisRef type="person" target="Navneregister_HISe.xml#peIsP">vicekongen af Egypten</HIS:hisRef> til Suez-kanalens åbning indbudne svensker og normænd er blevne dekorerede (med <emph>tyrkiske</emph> ordner; thi vicekongen har selv ingen at uddele). Jeg, for min part, har erholdt <anchor type="lemma" xml:id="koB12_3208"/>Medjidie-ordenens kommandørstjerne, en pragtfuld tingest, som jeg idag modtog tilligemed et stort, ulæseligt diplom fra <HIS:hisRef type="person" target="Navneregister_HISe.xml#peAbd">
                                <anchor type="lemma" xml:id="koB12_3209"/>stortyrken</HIS:hisRef> selv!! Da jeg havde erholdt indbydelsen til Egypten, troede man i Norge at grunden var den, at jeg i <HIS:hisRef type="work" target="Navneregister_HISe.xml#woPG">«Peer Gynt»</HIS:hisRef> for en del havde henlagt scenen til Nilens land; havde jeg nu været den eneste dekorerede, vilde man formodentlig have troet at mit <HIS:hisRef type="work" target="Navneregister_HISe.xml#woBall">«Ballon-brev»</HIS:hisRef> var blevet oversat på egyptisk! Den sande årsag er imidlertid den, at vi var <anchor type="lemma" xml:id="koB12_3210"/>overbringere af en hel del svenske og norske dekorationer til egyptiske stormænd, og det er denne høflighed, som nu gengældes. Vor vicekongelige vært har således givet et nyt bevis på sin generøsitet; thi han må selv levere dekorationerne, og rekvirerer kun diplomerne fra <HIS:hisRef type="place" target="Navneregister_HISe.xml#plIst">Konstantinopel</HIS:hisRef>.</p>
<signed>Deres H. I.</signed>
</div>
</body>
</text>