<?xml version="1.0" encoding="UTF-8"?><text xmlns="http://www.tei-c.org/ns/1.0" xmlns:HIS="http://www.example.org/ns/HIS" rend="letter" corresp="B18720411MB" xml:lang="da-no">
<body>
<div type="letter">
<dateline>
                            <pb n="[1]"/>Dresden den <date>11<hi rend="raised">te</hi> April 1872</date>. –</dateline>
<salute>Kære ven!</salute>
<p>Idag kun et par linjer som efterskrift til mit brev fra iforgårs.</p>
<p>Jeg kan tænke mig at <anchor type="lemma" xml:id="koB13_429"/>Haugesunds-komiteen ikke har mange overflødige midler at rutte med. Hvis I ønsker mit digt, således som af mig antydet, kunde man måske spare sig trykningsomkostningerne, hvis man tilbød <anchor type="lemma" xml:id="koB13_430"/>«Morgenbladet» på festdagen at optage digtet under den betingelse at bladet istedetfor forfatterhonorar påtog sig at levere det fornødne antal <anchor type="lemma" xml:id="koB13_431"/>separataftryk. Hvis Du billiger dette, så har Du herved min fuldmagt til at ordne sagen efter bedste skøn. –</p>
<p>Et igår <anchor type="lemma" xml:id="koB13_432"/>fra <HIS:hisRef type="place" target="Navneregister_HISe.xml#plLon">London</HIS:hisRef> modtaget brev bringer mig til <emph>ikke</emph> at ønske Mr: <HIS:hisRef type="person" target="Navneregister_HISe.xml#peEGo">Gosses</HIS:hisRef> navn nævnt i forbindelse med den <anchor type="lemma" xml:id="koB13_433"/>udgave af mine arbejder, som for tiden forberedes i <HIS:hisRef type="place" target="Navneregister_HISe.xml#plEng">England</HIS:hisRef>. Oversættelsen kommer nemlig til at fordeles på flere hænder og <pb n="[2]"/>Mr: Gosse, skønt hovedmanden for foretagendet, vil neppe blive den virksomste ved selve oversætterarbejdet, hvorimod han af al kraft vil fremme sagen gennem <anchor type="lemma" xml:id="koB13_434"/>orienterende artikler i de engelske blade. Som <anchor type="lemma" xml:id="koB13_435"/>mand af faget vil Du altså indse at det indtil videre er bedst at han forbliver unævnt.</p>
<salute>Din hengivne</salute>
<signed>Henrik Ibsen.</signed>
</div>
</body>
</text>