<?xml version="1.0" encoding="UTF-8"?><text xmlns="http://www.tei-c.org/ns/1.0" xmlns:HIS="http://www.example.org/ns/HIS" rend="letter" corresp="B18520602NTB" xml:lang="da-no">
<front>
<pb n="[a]"/>
<HIS:envelope type="sheet">
<address>
<addrLine>Til</addrLine>
<addrLine>Bestyrelsen for det norske Theater</addrLine>
<addrLine>i Bergen</addrLine>
</address>
</HIS:envelope>
</front>
<body>
<div type="letter">
<dateline>
                            <pb n="[1]"/>Kjøbenhavn d:<date>2<hi rend="raised">den</hi> Juni 1852</date>.</dateline>
<salute>Til Bestyrelsen for det norske Theater!</salute>
<p>Med <HIS:hisRef type="person" target="Navneregister_HISe.xml#peJFB">Herr Brun</HIS:hisRef> fremsendes nogle Bøger, samt endeel <anchor type="lemma" xml:id="koB12_149"/>Stubbe, for hvilke Gjenstande, m: M: jeg har udlagt for Theatret efter nedenstaaende Liste:</p>
<p>
                            <table rend="settesManuelt">
<row>
                                    <cell role="data">For 2 Expl: af <anchor type="lemma" xml:id="koB12_150"/>«For ti Aar siden»</cell>
                                    <cell/>
                                </row>
<row>
                                    <cell role="data">à 3 Ֆ 8 ʄ</cell>
                                    <cell role="data">1 Rd 1 Ֆ –</cell>
                                </row>
<row>
                                    <cell role="data">– 1 Expl: af <anchor type="lemma" xml:id="koB12_151"/>«Statsmand og Borger»</cell>
                                    <cell role="data">" – 2 – 4 –</cell>
                                </row>
<row>
                                    <cell role="data">1 D<hi rend="raised">o</hi> af <anchor type="lemma" xml:id="koB12_152"/>«Medbeilerne»</cell>
                                    <cell role="data">" – 2 – 4.</cell>
                                </row>
<row>
                                    <cell role="data">5 D<hi rend="raised">o</hi> af <anchor type="lemma" xml:id="koB12_153"/>Kvindens Vaaben à 28 ʄ</cell>
                                    <cell role="data">1 – 2 – 12.</cell>
                                </row>
<row>
                                    <cell role="data">Efter vedlagte Regning fra Bing &amp; Søn</cell>
                                    <cell role="data">3 – " – " –</cell>
                                </row>
<row>
                                    <cell role="data">1 Expl: af <anchor type="lemma" xml:id="koB12_154"/>«Billedgalleri etc.»</cell>
                                    <cell role="data">1 – 3 – " –</cell>
                                </row>
<row>
                                    <cell role="data">Efter vedlagte Regning fra <HIS:hisRef type="person" target="Navneregister_HISe.xml#peJFH">Herr Hoppe</HIS:hisRef>
                                    </cell>
                                    <cell role="data">24 – " – " –</cell>
                                </row>
<row>
                                    <cell/>
                                    <cell role="data">
                                        <figure type="tableline"/>
                                    </cell>
                                </row>
<row>
                                    <cell role="data">Tilsammen</cell>
                                    <cell role="data">31 Rbdl: 5 Ֆ 4 ʄ</cell>
                                </row>
</table>
                        </p>
<p>for hvilket Beløb jeg skal tage mig betalt i den Sum, som Bestyrelsen til deslige Udgivter maatte stille til min <pb n="[2]"/>Disposition.</p>
<p>«For 10 Aar siden» foreslaaer jeg optaget paa Repertoiret og havde i saa Fald tænkt mig følgende Rollebesætning:</p>
<p>
                            <table rend="settesManuelt">
<row>
                                    <cell role="data">Capt: Rømer</cell>
                                    <cell role="filler"/>
                                    <cell role="data">
                                        <HIS:hisRef type="person" target="Navneregister_HISe.xml#peHaNi">Herr H. Nielsen</HIS:hisRef>.</cell>
                                </row>
<row>
                                    <cell role="data">Grethe</cell>
                                    <cell role="filler"/>
                                    <cell role="data">
                                        <HIS:hisRef type="person" target="Navneregister_HISe.xml#peLoB">
                                            <anchor type="lemma" xml:id="koB12_155"/>M<hi rend="raised">dm</hi> Bruun</HIS:hisRef>.</cell>
                                </row>
<row>
                                    <cell role="data">Frahm</cell>
                                    <cell role="filler"/>
                                    <cell role="data">
                                        <HIS:hisRef type="person" target="Navneregister_HISe.xml#peAI">Hrr Isachsen</HIS:hisRef>.</cell>
                                </row>
<row>
                                    <cell role="data">Ehlers</cell>
                                    <cell role="filler"/>
                                    <cell role="data">" <anchor type="lemma" xml:id="koB12_156"/>Bruun</cell>
                                </row>
<row>
                                    <cell role="data">Brandt</cell>
                                    <cell role="filler"/>
                                    <cell role="data">" <HIS:hisRef type="person" target="Navneregister_HISe.xml#peJPr">Prom</HIS:hisRef>.</cell>
                                </row>
<row>
                                    <cell role="data">Stoltenberg</cell>
                                    <cell role="filler"/>
                                    <cell role="data">" <HIS:hisRef type="person" target="Navneregister_HISe.xml#peOJB">Bucher</HIS:hisRef>.</cell>
                                </row>
<row>
                                    <cell role="data">Hanne</cell>
                                    <cell role="filler"/>
                                    <cell role="data">
                                        <HIS:hisRef type="person" target="Navneregister_HISe.xml#peLW">Jfr: Johannessen</HIS:hisRef>.</cell>
                                </row>
</table>
                        </p>
<p>Af «Kvindens Vaaben» har jeg anskaffet <HIS:hisRef type="person" target="Navneregister_HISe.xml#peFLH">
                                <anchor type="lemma" xml:id="koB12_157"/>Høedts</HIS:hisRef> Oversættelse, da <anchor type="lemma" xml:id="koB12_158"/>den vort Theater besidder er slet, og saaledes ikke bør benyttes.</p>
<p>Med Hensyn til «Medbeilerne» og «Statsmand og Borger», da er det ikke min bestemte Hensigt at foreslaa disse Stykker for Tiden <anchor type="lemma" xml:id="koB12_159"/>opførte paa Repertoiret; de have i Vinter været givne med Bifald her, og undergives derfor den ærede Bestyrelses Betænkning.</p>
<p>
                            <anchor type="lemma" xml:id="koB12_160"/>Det medfølgende Billedgalleri har <pb n="[3]"/>jeg kjøbt omendskjønt Theatret næppe vil faa noget stadigt Brug for samme, ialfald ikke forinden man kommer saa vidt, at man kan give større Stykker hvori <anchor type="lemma" xml:id="koB12_161"/>Maskeoptog o. s. v. forekomme. (Skulde <anchor type="lemma" xml:id="koB12_162"/>«Scheick Hassan» sættes til Opførelse, saa har man i Billedg: den fornødne Veiledning med Hensyn til Dragter.)</p>
<p>Da Saisonen her nu er sluttet og jeg nogenlunde har gjort mig Rede for det kunstneriske <HIS:hisRef type="tcNote" xml:id="noteT12_56" target="B1844-1871ht_noter.xml" corresp="noteT12_56">Udbytte</HIS:hisRef> Samme har bragt mig, saa kunde jeg vistnok have Adskilligt at yttre desangaaende; da imidlertid deslige Bemærkninger ville <HIS:hisRef type="tcNote" xml:id="noteT12_57" target="B1844-1871ht_noter.xml" corresp="noteT12_57">finde</HIS:hisRef> deres naturligste Plads i den Beretning, som jeg efter min Hjemkomst har at afgive, skal jeg for Øieblikket ikke vidre udtale mig herover. Kun een Bemærkning kan jeg ikke tilbageholde, nemlig: at det Princip, hvorefter Skuespillerne tilholdes at kunne deres Roller forinden Sceneprøverne begynde, i Eet og Alt befølges <pb n="[4]"/>her. <HIS:hisRef type="person" target="Navneregister_HISe.xml#peTO">Herr Overskou</HIS:hisRef> har gjentagende erklæret «At han har tredive Aars Erfaring for at den Rolle, hvis Characteer ikke <HIS:hisRef type="tcNote" xml:id="noteT12_58" target="B1844-1871ht_noter.xml" corresp="noteT12_58">er</HIS:hisRef> forstaaet ved sidste <anchor type="lemma" xml:id="koB12_163"/>Læseprøve, aldrig vil blive det, og at Nødvendigheden heraf forøges i samme Forhold som Skuespillernes Mangel paa Routine.» –</p>
<p>
                            <anchor type="lemma" xml:id="koB12_164"/>Studenterne have i forrige Uge spillet paa <anchor type="lemma" xml:id="koB12_165"/>Hoftheatret for Kongen; Herr Bruun og jeg have efter Indbydelse været tilstede. Fra <HIS:hisRef type="person" target="Navneregister_HISe.xml#peJLHe">Etatsraad Heiberg</HIS:hisRef> har jeg modtaget Indbydelse til Middagsselskab paa Fredag; Herr Bruun og hans Kone vare der i Søndags. – Forresten længes jeg nu, da Saisonen er forbi, efter at komme afsted og venter blot paa Bestyrelsens Svar paa mit Brev af 16<hi rend="raised">de</hi> Dennes. Herr Hoppe reiser herfra idag og har sagt mig at hvis Bestyrelsen vil indgaa paa hans Forslag at komme til <HIS:hisRef type="place" target="Navneregister_HISe.xml#plBerg">Bergen</HIS:hisRef> næste Aar, saa maa Aftale derom skee mindst 3 Maaneder før Saisonens Slutning,</p>
<salute>ærbødigst</salute>
<signed>Henr: Ibsen</signed>
</div>
</body>
</text>