<?xml version="1.0" encoding="UTF-8"?><text xmlns="http://www.tei-c.org/ns/1.0" xmlns:HIS="http://www.example.org/ns/HIS" rend="letter" corresp="B18710407FH" xml:lang="da-no">
                <body>
<div type="letter">
<dateline>
                            <pb n="[1]"/>Dresden den <date>7<hi rend="raised">de</hi> April 1871</date>. –</dateline>
<salute>Kære herr Hegel!</salute>
<p>Vedlagt tilbagesendes de i forgårs modtagne korrekturark; ligeså følger <anchor type="lemma" xml:id="koB12_3108"/>den forlangte fuldmagt.</p>
<p>Jeg vilde være Dem særdeles forbunden, <HIS:hisRef type="tcNote" xml:id="noteT12_746" target="B1844-1871ht_noter.xml" corresp="noteT12_746">dersom</HIS:hisRef> De, gennem Deres forbindelser i <HIS:hisRef type="place" target="Navneregister_HISe.xml#plSthlm">Stockholm</HIS:hisRef>, vilde for min regning lade indbetale <anchor type="lemma" xml:id="koB12_3109"/>12 rdlr: <emph>dansk</emph> til kunsthandler <HIS:hisRef type="person" target="Navneregister_HISe.xml#peCH">Christian Hammer</HIS:hisRef>
                            <note resp="author">Fredsgatan, Stockholm.</note> dersteds. Tilgiv at jeg ulejliger Dem hermed!</p>
<p>Forhåbentlig kommer <anchor type="lemma" xml:id="koB12_3110"/>
                            <HIS:hisRef type="work" target="Navneregister_HISe.xml#woDi">digtsamlingen</HIS:hisRef> dog i denne måned? Jeg er meget spændt på at erfare hvorledes den vil blive modtaget; men håber det bedste.</p>
<p>Hjertelige hilsener til Dem og <HIS:hisRef type="person" target="Navneregister_HISe.xml#peJH">Deres søn</HIS:hisRef>.</p>
<salute>Deres hengivne</salute>
<signed>Henrik Ibsen.</signed>
</div>
</body>
</text>