<?xml version="1.0" encoding="UTF-8"?><text xmlns="http://www.tei-c.org/ns/1.0" xmlns:HIS="http://www.example.org/ns/HIS" rend="letter" corresp="B18700505FH" xml:lang="da-no">
                <body>
<div type="letter">
<dateline>
                            <pb n="[1]"/>Dresden den <date>5<hi rend="raised">te</hi> maj 1870</date>.–</dateline>
<salute>Kære Herr Cancelliråd Hegel!</salute>
<p>Hermed har jeg den fornøjelse at tilbagesende <anchor type="lemma" xml:id="koB12_2439"/>korrekturarket af <HIS:hisRef type="work" target="Navneregister_HISe.xml#woKE">«Kongs-emnerne»</HIS:hisRef> tilligemed listen over <anchor type="lemma" xml:id="koB12_2440"/>de tvivlsomme ord. Principerne for disses retskrivning kan jeg visstnok ikke i et og alt billige; men jeg er fuldkommen enig med sprogmødets øvrige norske medlemmer i at vi <anchor type="lemma" xml:id="koB12_2441"/>ikke må fjerne os for meget fra de Danske, eller gå videre, end I er tilbøjelige til at være med. – Jeg synes <anchor type="lemma" xml:id="koB12_2442"/>den nye tryk og bogstavering ser fortræffelig ud og er let at læse.</p>
<p>Mine <anchor type="lemma" xml:id="koB12_2443"/>betænkeligheder ved at dedicere bogen til <HIS:hisRef type="person" target="Navneregister_HISe.xml#peBB">Bjørnson</HIS:hisRef>, <anchor type="lemma" xml:id="koB12_2444"/>hidrører ikke fra hans holdning ligeoverfor mig, skønt denne er alt andet end venskabelig; men sagen er at <anchor type="lemma" xml:id="koB12_2445"/>hans fremfærd som publicist truer med at anrette ligefremme ulykker i <HIS:hisRef type="place" target="Navneregister_HISe.xml#plN">Norge</HIS:hisRef>, og som følge deraf har der, netop blandt de bogkjøbende klasser, dannet sig et så stærkt parti imod ham at en <pb n="[2]"/>tilegnelse til ham for tiden vilde være ligefrem uforsvarlig ligeover for Dem, som forlægger. For øvrigt ønsker jeg intet heller end en <HIS:hisRef type="tcNote" xml:id="noteT12_640" target="B1844-1871ht_noter.xml" corresp="noteT12_640">
                                <anchor type="lemma" xml:id="koB12_2446"/>udsoning</HIS:hisRef>; og det skulde være mig kært om De kunde få anledning til at fortælle ham at det rygte, han tror og udbreder, nemlig at jeg vil overtage <anchor type="lemma" xml:id="koB12_2447"/>direktørposten ved <HIS:hisRef type="org" target="Navneregister_HISe.xml#orgChrTh">Christiania theater</HIS:hisRef>, er aldeles uefterretteligt. Posten har været mig tilbudt og deraf har jeg taget anledning til at virke for <emph>ham</emph>, med bibeholdelse af <HIS:hisRef type="person" target="Navneregister_HISe.xml#peMWB">
                                <anchor type="lemma" xml:id="koB12_2448"/>M: Bruun</HIS:hisRef> som regissør, hvilket jeg anser som det gavnligste i alle henseender. –</p>
<p>For indsættelsen af de 1000 Rdlr i sparekassen takker jeg Dem forbindtligst; ligeså for Deres fortræffelige forslag at søge en <anchor type="lemma" xml:id="koB12_2449"/>komponist til «Kongs-emnerne». Jeg kender <HIS:hisRef type="person" target="Navneregister_HISe.xml#pePHe">P: Heise</HIS:hisRef> fra <HIS:hisRef type="place" target="Navneregister_HISe.xml#plRom">Rom</HIS:hisRef>, og skal endnu i morgen tilskrive ham om den sag.</p>
<p>
                            <HIS:hisRef type="person" target="Navneregister_HISe.xml#peMT">Min svigermoders</HIS:hisRef> forfatterskab til <anchor type="lemma" xml:id="koB12_2450"/>«Et rigt parti» er, som jeg erfarer, <anchor type="lemma" xml:id="koB12_2451"/>en offentlig hemmelighed også i Norge. Hun er selv skyld deri. Jeg er spændt på at få vide <anchor type="lemma" xml:id="koB12_2452"/>hvorledes det vil blive modtaget i <HIS:hisRef type="place" target="Navneregister_HISe.xml#plKbh">Kbhvn</HIS:hisRef>. «Kongs-emnerne» tror jeg bør indleveres til <HIS:hisRef type="org" target="Navneregister_HISe.xml#orgKT">direktionen</HIS:hisRef> så snart den nye udgave er færdig.</p>
<p>Med de hjerteligste hilsener tegner jeg mig</p>
<salute>Deres ærbødigst forbundne</salute>
<signed>Henrik Ibsen.</signed>
</div>
</body>
</text>