<?xml version="1.0" encoding="UTF-8"?><text xmlns="http://www.tei-c.org/ns/1.0" xmlns:HIS="http://www.example.org/ns/HIS" rend="letter" corresp="B18700912AK" xml:lang="da-no">
<body>
<div type="letter">
<dateline>
                            <pb n="[1]"/>
                            <HIS:hisRef type="tcNote" xml:id="noteT12_680" target="B1844-1871ht_noter.xml" corresp="noteT12_680">Kjøbenhavn</HIS:hisRef> den <date>12<hi rend="raised">te</hi> September 1870</date>.</dateline>
<salute>Kjære Klubien!</salute>
<p>Forhast Dig ikke med <anchor type="lemma" xml:id="koB12_2608"/>det bevidste anliggende; jeg vil alligevel ikke kunne oppebie resultatet; thi jeg må <anchor type="lemma" xml:id="koB12_2609"/>rejse om nogle dage. Finder Du det hensigtsmæssigt, så opsæt sagen <anchor type="lemma" xml:id="koB12_2610"/>til <HIS:hisRef type="work" target="Navneregister_HISe.xml#woKE">Kongs-emnerne</HIS:hisRef> er bleven opført. – En omstændighed glemte jeg at omtale for Dig. <HIS:hisRef type="person" target="Navneregister_HISe.xml#peFH">Cancelliråd <anchor type="lemma" xml:id="koB12_2611"/>Hegel</HIS:hisRef> erholder om nogen tid St: Olafs-Ordenen for sine fortjenester af den norske literatur. <HIS:hisRef type="org" target="Navneregister_HISe.xml#orgGyl">Den Gyldendalske Boghandel</HIS:hisRef> har nemlig i år bestået i et århundrede, og herpå henledede jeg i foråret vedkommendes opmærksomhed gjennem <HIS:hisRef type="person" target="Navneregister_HISe.xml#peFLV">Rektor Vibe</HIS:hisRef> i <HIS:hisRef type="place" target="Navneregister_HISe.xml#plKri">Kristiania</HIS:hisRef>, hvis oversættelse «Prometheus i Lænker» Hegel udgav ved juletider. Så snart et i anledning af jubilæet forfattet <anchor type="lemma" xml:id="koB12_2612"/>bibliografisk skrift er udkommet, vil udnævnelsen finde sted. – For øvrigt <pb n="[2]"/>ser jeg op til Dig imorgen eller en anden Dag før afrejsen.</p>
<salute>Din</salute>
<signed>Henrik Ibsen.</signed>
</div>
<div type="postscript">
<p>Naturligvis har Du frie hænder hvis Du alligevel finder at burde <HIS:hisRef type="tcNote" xml:id="noteT12_681" target="B1844-1871ht_noter.xml" corresp="noteT12_681">handle</HIS:hisRef> strax.</p>
<signed>H. I.</signed>
</div>
</body>
</text>