<?xml version="1.0" encoding="UTF-8"?><text xmlns="http://www.tei-c.org/ns/1.0" xmlns:HIS="http://www.example.org/ns/HIS" rend="letter" corresp="B18710928DaBog" xml:lang="da-no">
<body>
<div type="letter">
<salute>
                            <pb n="[1]"/>Til samtlige danske boghandlere!</salute>
<p>I disse dage har jeg modtaget underretning om at en i <HIS:hisRef type="place" target="Navneregister_HISe.xml#plKri">Kristiania</HIS:hisRef> bosiddende bogtrykker ved navn <HIS:hisRef type="person" target="Navneregister_HISe.xml#peHJJ">H. J. Jensen</HIS:hisRef> er ifærd med ulovligen at eftertrykke mine to ældre dramatiske arbejder <HIS:hisRef type="work" target="Navneregister_HISe.xml#woF1">«Fru Inger til Østeråd»</HIS:hisRef> og <HIS:hisRef type="work" target="Navneregister_HISe.xml#woHH">«Hærmændene på Helgeland»</HIS:hisRef>. For dette attentat på min ejendom vil han <HIS:hisRef type="tcNote" xml:id="noteT13_10" target="B1871-1879ht_noter.xml" corresp="noteT13_10">blive</HIS:hisRef> dragen til retsligt ansvar. Men for det tilfælde at eftertryksudgaven i mellemtiden skulde forvilde sig til <HIS:hisRef type="place" target="Navneregister_HISe.xml#plDk">Danmark</HIS:hisRef>, er det at jeg udsender denne advarsel.</p>
<p>Med det Jensenske presse-produkt har jeg naturligvis ingen befatning havt. Som følge heraf vil <HIS:hisRef type="tcNote" xml:id="noteT13_11" target="B1871-1879ht_noter.xml" corresp="noteT13_11">dette</HIS:hisRef> udkomme enten med eftertrykkerens egne rettelser og forbedringer eller også i den i flere henseender ufuldkomne og ufærdige skikkelse, hvori hine to <HIS:hisRef type="tcNote" xml:id="noteT13_12" target="B1871-1879ht_noter.xml" corresp="noteT13_12">arbejder</HIS:hisRef> for første gang aftryktes for norsk <HIS:hisRef type="org" target="Navneregister_HISe.xml#orgIN">«Illustr: Nyhedsblads»</HIS:hisRef> læsere.</p>
<p>
                            <pb n="[2]"/>Jeg selv derimod <anchor type="lemma" xml:id="koB13_77"/>forbereder en <HIS:hisRef type="tcNote" xml:id="noteT13_13" target="B1871-1879ht_noter.xml" corresp="noteT13_13">gennemarbejdet</HIS:hisRef> og tidsmæssig udgave af <HIS:hisRef type="tcNote" xml:id="noteT13_14" target="B1871-1879ht_noter.xml" corresp="noteT13_14">mine</HIS:hisRef> to skuespil for <HIS:hisRef type="org" target="Navneregister_HISe.xml#orgGyl">den Gyldendalske boghandel</HIS:hisRef>. Lige over for denne udgave vil det kristianiensiske <HIS:hisRef type="tcNote" xml:id="noteT13_15" target="B1871-1879ht_noter.xml" corresp="noteT13_15">Eftertryk</HIS:hisRef> være fuldstændig <HIS:hisRef type="tcNote" xml:id="noteT13_16" target="B1871-1879ht_noter.xml" corresp="noteT13_16">værdiløst</HIS:hisRef> undtagen for <anchor type="lemma" xml:id="koB13_78"/>makulaturhandlere.</p>
<p>Det bør derfor antages at jeg rammer, ikke alene mit eget men også alle andre vedkommendes tarv, når jeg retter nærværende linjer til den ærede danske boghandlerstand, som en venlig og indtrængende opfordring til hvert enkelt medlem af samme, om hverken ved bestillinger eller på anden måde at række hånden til <HIS:hisRef type="tcNote" xml:id="noteT13_17" target="B1871-1879ht_noter.xml" corresp="noteT13_17">denne spekulation.</HIS:hisRef>
                        </p>
<dateline>Dresden den <date>28<hi rend="raised">de</hi> September 1871</date>.</dateline>
<signed>Henrik Ibsen.</signed>
</div>
</body>
</text>