<?xml version="1.0" encoding="UTF-8"?><text xmlns="http://www.tei-c.org/ns/1.0" xmlns:HIS="http://www.example.org/ns/HIS" rend="letter" corresp="B18690715GB" xml:lang="da-no">
                <body>
<div type="letter">
<dateline>
                            <pb n="[1]"/>Dresden, <date>15<hi rend="raised">de</hi> Juli 1869</date>.</dateline>
<salute>Kjære Herr Brandes!</salute>
<p>
                            <anchor type="lemma" xml:id="koB12_2115"/>Hvad De fortæller mig om <HIS:hisRef type="person" target="Navneregister_HISe.xml#peBB">Bjørnson</HIS:hisRef> har ikke overrasket mig; for ham existerer der kun to Slags Mennesker: de, som han kan drage Nytte af, og de, som kan være generende for ham. Og forøvrigt, saa god en Psycholog B. kan være ligeover for sine egne digtede Skikkelser, saa daarligt kalkulerer han, naar det gjælder virkelige Individer.</p>
<p>Jeg begynder at ane at jeg maaske ikke burde anmodet Dem om at læse <HIS:hisRef type="work" target="Navneregister_HISe.xml#woUF">
                                <anchor type="lemma" xml:id="koB12_2116"/>mit nye Lystspil</HIS:hisRef>. Ved nærmere at tænke <HIS:hisRef type="tcNote" xml:id="noteT12_574" target="B1844-1871ht_noter.xml" corresp="noteT12_574">over</HIS:hisRef>, tror jeg at hvad der i Digtningen egentlig <HIS:hisRef type="tcNote" xml:id="noteT12_575" target="B1844-1871ht_noter.xml" corresp="noteT12_575">interesserer</HIS:hisRef> Dem, er de Tragedier eller Komedier, der spilles i den enkelte Persons Indre, og at De lidet eller intet bryder Dem om Virkelighedens <HIS:hisRef type="tcNote" xml:id="noteT12_576" target="B1844-1871ht_noter.xml" corresp="noteT12_576">faktiske</HIS:hisRef> Forholde, <anchor type="lemma" xml:id="koB12_2117"/>de være nu politiske eller hvadsomhelst. I saa Fald kan De ligeoverfor mit Stykke spørge: <anchor type="lemma" xml:id="koB12_2118"/>hvad er Hekuba for mig? Men nu har jeg <pb n="[2]"/>denne Gang ikke villet give noget andet, end hvad Arbejdet indeholder, og derefter maa det jo dog dømmes. De er desuden selv ikke ganske uden Ansvar; thi <HIS:hisRef type="tcNote" xml:id="noteT12_577" target="B1844-1871ht_noter.xml" corresp="noteT12_577">De</HIS:hisRef> har paa en viss Maade <anchor type="lemma" xml:id="koB12_2119"/>ægget mig ind paa Rettningen gjennem en Ytring i Deres æsthetiske Skrifter. Herom mere mundtligt.</p>
<p>Det er en Misforstaaelse at jeg skulde have troet at De ikke ynder de stærke Sjælsbevægelser eller de dybe Stemninger; jeg vilde tvertimod have Dem advaret mod at vente, hvad De ikke vilde finde.</p>
<p>
                            <anchor type="lemma" xml:id="koB12_2120"/>Angaaende de visse Partier af <HIS:hisRef type="work" target="Navneregister_HISe.xml#woPG">«Peer Gynt»</HIS:hisRef> kan jeg ikke være enig med Dem; jeg bøjer mig naturligvis for <anchor type="lemma" xml:id="koB12_2121"/>Skjønhedens Love; men dens Vedtægter bryder jeg mig ikke om. De nævner <HIS:hisRef type="person" target="Navneregister_HISe.xml#peBMi">
                                <anchor type="lemma" xml:id="koB12_2122"/>Michel Angelo</HIS:hisRef>; efter min Mening har ingen syndet mere mod Skjønheds-Vedtægterne end netopp han; men alt, hvad han har skabt, er skjønt <HIS:hisRef type="tcNote" xml:id="noteT12_578" target="B1844-1871ht_noter.xml" corresp="noteT12_578">alligevel</HIS:hisRef>; thi det er <anchor type="lemma" xml:id="koB12_2123"/>karakterfuldt. <anchor type="lemma" xml:id="koB12_2124"/>
                            <HIS:hisRef type="person" target="Navneregister_HISe.xml#peRaf">Rafaels</HIS:hisRef> Kunst har egentlig aldrig varmet mig; hans Skikkelser hører hjemme før Syndefaldet; og overhovedet, <anchor type="lemma" xml:id="koB12_2125"/>
                            <anchor type="lemma" xml:id="koB12_2126"/>Sydboen har en anden Æsthetik end vi; han vil det formelt skjønne; for os kan selv <anchor type="lemma" xml:id="koB12_2127"/>det formelt uskjønne være skjønt i Kraft af den iboende Sandhed. – Men herom kan det ikke nytte at stride med Blæk og Pen; vi maa mødes.</p>
<p>
                            <pb n="[3]"/>Hvad jeg <anchor type="lemma" xml:id="koB12_2128"/>ytrede om <HIS:hisRef type="work" target="Navneregister_HISe.xml#woBr">«Brand»</HIS:hisRef> maa jeg fastholde. At Bogen kan have givet Pietismen noget at hælde sig till, vil De dog ikke lægge mig till Last. De kunde ligesaa gjerne bebrejde <HIS:hisRef type="person" target="Navneregister_HISe.xml#peMLut">Luther</HIS:hisRef>, at han indførte <anchor type="lemma" xml:id="koB12_2129"/>Spidsborgeriet i Verden; dette laa jo dog ikke i hans Hensigt og han faar derfor <anchor type="lemma" xml:id="koB12_2130"/>være angerløs.</p>
<p>Men under alle Omstændigheder Takk for Deres Brev og till alle Tider Takk for at De har mødt mig i Venskab; det er en stor Velsignelse at have fundet en hel Personlighed.</p>
<p>Paa <anchor type="lemma" xml:id="koB12_2131"/>Tirsdag rejser jeg till <HIS:hisRef type="place" target="Navneregister_HISe.xml#plSthlm">Stokholm</HIS:hisRef>, og naar jeg udover Efteraaret vender tillbage hertill, hvor min Familje imidlertid forbliver, saa lægger jeg <HIS:hisRef type="tcNote" xml:id="noteT12_579" target="B1844-1871ht_noter.xml" corresp="noteT12_579">sandsynligvis</HIS:hisRef> <anchor type="lemma" xml:id="koB12_2132"/>Vejen over <HIS:hisRef type="place" target="Navneregister_HISe.xml#plKbh">Kjøbenhavn</HIS:hisRef> for at tale med Dem, ikke alene om alt det literære, hvorom vi er uenige men ogsaa om meget af det menneskelige, hvori jeg dog tror at vi staar hinanden en hel Del nærmere.</p>
<salute>Deres hengivne</salute>
<signed>Henrik Ibsen.</signed>
</div>
<div type="postscript">
<p>Ved Lejlighed en hjertelig Hilsen till <HIS:hisRef type="person" target="Navneregister_HISe.xml#peFH">Cancelliraad Hegel</HIS:hisRef>.</p>
</div>
</body>
</text>