<?xml version="1.0" encoding="UTF-8"?><text xmlns="http://www.tei-c.org/ns/1.0" xmlns:HIS="http://www.example.org/ns/HIS" rend="letter" corresp="B18720411LL" xml:lang="da-no">
<body>
<div type="letter">
<dateline>
                            <pb n="[1]"/>Dresden den <date>11<hi rend="raised">te</hi> April 1872</date>. –</dateline>
<salute>Til Herr cand: L: Lund.</salute>
<p>Idet jeg forbindtligst takker Dem for Deres venlige skrivelse beder jeg Dem undskylde at tvingende grunde indtil idag har forhindret mig fra at besvare samme.</p>
<p>At jeg med stor interesse imødeser <anchor type="lemma" xml:id="koB13_436"/>et foretagende, som det af Dem bebudede, behøver jeg ikke at forsikre Dem om. Men jeg føler mig fuldstændig uskikket til at virke som journalistisk medarbejder; jeg har <anchor type="lemma" xml:id="koB13_437"/>tidligere tiders erfaring for at jeg ikke duer til at benyttes i denne literatur-gren, der jo, ligesom enhver anden, kræver en særlig anlagthed, hvilken jeg helt og holdent mangler. Hvad jeg tænker og ser i billeder, arter sig på en anden måde; det samler sig altsammen som enkeltheder om et større <anchor type="lemma" xml:id="koB13_438"/>helt, og jeg behøver derfor en omfangsrigere form eller ramme <pb n="[2]"/>for at få udtalt mig tilbunds. Jeg vilde derfor gøre både Dem og mig selv en dårlig tjeneste ifald jeg ved denne anledning efterkom Deres anmodning om bidrag til det nye blad.</p>
<p>Af digte eller andet deslige har jeg intet liggende og <HIS:hisRef type="work" target="Navneregister_HISe.xml#woKG">et <anchor type="lemma" xml:id="koB13_439"/>nyt vidtløftigt dramatisk arbejde</HIS:hisRef> optager al min tid og lægger beslag på alle mine ideer. At De i dette arbejde, når det udkommer, vil finde mig som en trofast bundsforvandt i flere punkter, er ikke umuligt; og kært skulde det være mig om så var. Men udenfor mit område tør jeg ikke gå; det vilde kun lede til skuffelse på alle kanter.</p>
<p>I håb om at De venligt erkender det begrundede i, hvad jeg her uforbeholdent har udtalt, tegner jeg mig</p>
<salute>Deres ærbødigst forbundne</salute>
<signed>Henrik Ibsen.</signed>
</div>
</body>
</text>