<?xml version="1.0" encoding="UTF-8"?><text xmlns="http://www.tei-c.org/ns/1.0" xmlns:HIS="http://www.example.org/ns/HIS" rend="letter" corresp="B18730306FH" xml:lang="da-no">
<body>
<div type="letter">
<dateline>
                            <pb n="[1]"/>Dresden den <date>6<hi rend="raised">te</hi> Marts 1873</date>.</dateline>
<salute>Kære herr Hegel!</salute>
<p>Den <anchor type="lemma" xml:id="koB13_782"/>modtagne prøveside er jeg meget vel tilfreds med. <anchor type="lemma" xml:id="koB13_783"/>Den forventede nye skrift tør måske finde anvendelse ved et nyt oplag! – For typernes skyld har jeg altså intet imod at sætningen straks påbegyndes.</p>
<p>Jeg har ikke nogen anden særlig grund til at ønske <HIS:hisRef type="work" target="Navneregister_HISe.xml#woKG">
                                <anchor type="lemma" xml:id="koB13_784"/>min bog</HIS:hisRef> udgiven i Maj, end den, at bogen så længe har ladet vente på sig.</p>
<p>Hovedsagen er jo imidlertid for os begge at der vælges den bedste udgivelsestid og <HIS:hisRef type="tcNote" xml:id="noteT13_127" target="B1871-1879ht_noter.xml" corresp="noteT13_127">afgørelsen</HIS:hisRef> af dette spørgsmål må ganske overlades til Dem. Hvis jeg skulde fremsætte noget forslag, så skulde det være følgende: trykningsarbejdet påbegyndes straks; viser det sig så, når bogen er færdig, at årstiden er for langt fremskreden, så bringes ikke bogen i handelen før i September. <anchor type="lemma" xml:id="koB13_785"/>Noget lignende fandt sted med <HIS:hisRef type="work" target="Navneregister_HISe.xml#woUF">«De unges forbund»</HIS:hisRef>. Meget muligt at der herimod taler grunde, som jeg ikke kan overskue, og i så fald frafalder jeg naturligvis forslaget.</p>
<p>
                            <anchor type="lemma" xml:id="koB13_786"/>Hvad pagineringen angår, så opnåes det af mig tilsigtede øjemed, når 1<hi rend="raised">ste</hi> ark begynder <pb n="[2]"/>med separattitelen på det første af bogens to skuespil; derved kommer første handling til at <anchor type="lemma" xml:id="koB13_787"/>begynde pag: 5; de forangående titelblade m: m: kan da trykkes for sig og tilheftes.</p>
<p>Den <anchor type="lemma" xml:id="koB13_788"/>tredje manuskriptsending, som skulde <HIS:hisRef type="tcNote" xml:id="noteT13_128" target="B1871-1879ht_noter.xml" corresp="noteT13_128">afgå</HIS:hisRef> <anchor type="lemma" xml:id="koB13_789"/>i overmorgen, kommer neppe afsted før søndag. Hvad beslutning De forøvrigt tager med hensyn til trykning og udgivelsestid, så er det min agt regelmæssigt at sende Dem 48 sider om ugen.</p>
<p>
                            <HIS:hisRef type="work" target="Navneregister_HISe.xml#woKK">
                                <anchor type="lemma" xml:id="koB13_790"/>«Kærlighedens komedie»</HIS:hisRef> skal i næste uge blive Dem tilstillet. Måske kunde <anchor type="lemma" xml:id="koB13_791"/>den franske skrift her komme til anvendelse?</p>
<p>Med de bedste hilsener til Dem og <HIS:hisRef type="person" target="Navneregister_HISe.xml#peJH">Deres søn</HIS:hisRef> tegner jeg mig</p>
<salute>Deres hjertelig hengivne</salute>
<signed>Henrik Ibsen.</signed>
</div>
</body>
</text>