<?xml version="1.0" encoding="UTF-8"?><text xmlns="http://www.tei-c.org/ns/1.0" xmlns:HIS="http://www.example.org/ns/HIS" rend="letter" corresp="B18720313MB" xml:lang="da-no">
<body>
<div type="letter">
<dateline>Dresden den <date>13<hi rend="raised">de</hi> Marts 1872</date>.</dateline>
<p>Kære Birkeland, læs <anchor type="lemma" xml:id="koB13_336"/>indlagte, vis det, om Du så synes, til <anchor type="lemma" xml:id="koB13_337"/>mine andre venner, og sørg derefter for den nødvendige <anchor type="lemma" xml:id="koB13_338"/>udskrift på konvolutten; jeg kender ikke <HIS:hisRef type="person" target="Navneregister_HISe.xml#peBB">herr <anchor type="lemma" xml:id="koB13_339"/>Bjørnsons</HIS:hisRef> opholdssted for øjeblikket.</p>
<salute>Venskabeligst din</salute>
<signed>Henrik Ibsen.</signed>
</div>
</body>
</text>