<?xml version="1.0" encoding="UTF-8"?><text xmlns="http://www.tei-c.org/ns/1.0" xmlns:HIS="http://www.example.org/ns/HIS" rend="letter" corresp="B18631026FT" xml:lang="da-no">
                <front>
<pb n="[a]"/>
<HIS:envelope type="sheet">
<address>
<addrLine>Til</addrLine>
<addrLine>Chefen for det Kongelige danske Theater,</addrLine>
<addrLine>Hans Excellence, Geheimeconferentsraad Tillisch,</addrLine>
<addrLine>Ridder af Elefantordenen, p: pl:</addrLine>
</address>
</HIS:envelope>
</front>
<body>
<div type="letter">
<dateline>
                            <pb n="[1]"/>Christiania den <date>26<hi rend="raised">de</hi> October 1863</date>. –</dateline>
<salute>Til Chefen for <HIS:hisRef type="org" target="Navneregister_HISe.xml#orgKT">det Kongelige danske Theater</HIS:hisRef>, Hans Excellence, Herr <anchor type="lemma" xml:id="koB12_809"/>Geheimeconferentsraad Tillisch, Ridder af <anchor type="lemma" xml:id="koB12_810"/>Elefantordenen, <anchor type="lemma" xml:id="koB12_811"/>p: pl:</salute>
<p>Vedlagt giver jeg mig den Ære at tilstille Deres Excellence et Exemplar af mit nye historiske Skuespil <HIS:hisRef type="work" target="Navneregister_HISe.xml#woKE">«Kongs-Emnerne»</HIS:hisRef>, med ærbødigst Andragende om at Stykket maa blive <anchor type="lemma" xml:id="koB12_812"/>antaget til Opførelse paa det Kongelige danske Theater.</p>
<salute>ærbødigst</salute>
<signed>Henrik Ibsen</signed>
</div>
</body>
</text>