<?xml version="1.0" encoding="UTF-8"?><text xmlns="http://www.tei-c.org/ns/1.0" xmlns:HIS="http://www.example.org/ns/HIS" rend="letter" corresp="B18670327FH" xml:lang="da-no">
                <body>
<div type="letter">
<dateline>
                            <pb n="[1]"/>Rom den <date>27<hi rend="raised">de</hi> Marts 1867</date>. –</dateline>
<salute>Kjære Hr: Cancelliraad Hegel!</salute>
<p>Deres to ærede Skrivelser af 12<hi rend="raised">te</hi> og 19<hi rend="raised">de</hi> Marts har jeg modtaget, den sidste med indlagt Vexel paa 300 frcs: hvorfor forbindtligst takkes. Deres <anchor type="lemma" xml:id="koB12_1512"/>Brev af 29<hi rend="raised">de</hi> Januar er derimod aldrig kommet mig ihænde. «Tillæge» i <anchor type="lemma" xml:id="koB12_1513"/>Forordene er ganske rigtigt en <anchor type="lemma" xml:id="koB12_1514"/>Skrivfejl istedetfor «tillægge»; jeg forstaar hvad der har gjort Dem uviss, – det er det manglende tredje l, hvilket jeg imidlertid <anchor type="lemma" xml:id="koB12_1515"/>i et sammensat Ord tror at kunne overspringe; rettest var det maaske at skrive «till-lægge», dog, dette overlader jeg ganske till Dem. Ortografien ønskes forøvrigt overensstemmende med <HIS:hisRef type="work" target="Navneregister_HISe.xml#woBr">«Brand»</HIS:hisRef>, og stoler jeg i saa Henseende ganske paa Deres dygtige og omhyggelige <anchor type="lemma" xml:id="koB12_1516"/>Korrektør. –</p>
<p>
                            <HIS:hisRef type="person" target="Navneregister_HISe.xml#peVB">
                                <anchor type="lemma" xml:id="koB12_1517"/>Dr: Bergsøe</HIS:hisRef> er kommen og afrejst igjen. Hjertelig Takk for de smukke Expl: af <anchor type="lemma" xml:id="koB12_1518"/>«Vintergrønt» og «Brand».</p>
<p>Mod Sluttningen af Maj vil jeg forhaabentlig kunne sende Dem de tre første Akter af <HIS:hisRef type="work" target="Navneregister_HISe.xml#woPG">
                                <anchor type="lemma" xml:id="koB12_1519"/>mit nye Arbejde</HIS:hisRef> og Resten i Løbet af Sommeren. De to første Akter ere færdige og den 1<hi rend="raised">ste</hi> renskrevet. Jeg <pb n="[2]"/>vil fuldføre alle tre her i Rom og rejser derpaa <anchor type="lemma" xml:id="koB12_1520"/>till <HIS:hisRef type="place" target="Navneregister_HISe.xml#plSorr">Sorrento</HIS:hisRef> eller et andet Sted ved Søkysten.</p>
<p>
                            <HIS:hisRef type="person" target="Navneregister_HISe.xml#peHNC">Professor Clausen med Familje</HIS:hisRef>, <HIS:hisRef type="person" target="Navneregister_HISe.xml#pePMOL">Orla Lehman</HIS:hisRef>, <HIS:hisRef type="person" target="Navneregister_HISe.xml#peEPHH">H. Hage</HIS:hisRef>, <HIS:hisRef type="person" target="Navneregister_HISe.xml#pePHe">Hejse</HIS:hisRef> med <HIS:hisRef type="person" target="Navneregister_HISe.xml#peVHei">Kone</HIS:hisRef> oppholder sig her fortiden og ere meget forekommende; men alle mine Tanker ere rettede paa mit Arbejde, hvorfor jeg er mere end sædvanlig uskikket for Selskabslivet, og jeg beder Dem heri se den nærmeste Grund till at jeg dels kortfattet, dels mindre regelmæssigt har besvaret Deres venlige Breve. –</p>
<p>Med en hjertelig Hilsen tegner jeg mig</p>
<salute>Deres ærbødigst hengivne</salute>
<signed>Henrik Ibsen.</signed>
</div>
<div type="postscript">
<p>P.S. Angaaende <anchor type="lemma" xml:id="koB12_1521"/>Honoraret for <HIS:hisRef type="work" target="Navneregister_HISe.xml#woKK">«Kj: K»</HIS:hisRef>, vilde jeg være Dem forbunden, ifald De, naar Bogen er udkommen vilde sende mig samme (i Begyndelsen af Maj er forøvrigt tidsnok) da jeg ifølge foranstaaende ikke ved hvor snart jeg kan komme till at rejse herfra.</p>
<signed>H. I.</signed>
</div>
</body>
</text>