<?xml version="1.0" encoding="UTF-8"?><text xmlns="http://www.tei-c.org/ns/1.0" xmlns:HIS="http://www.example.org/ns/HIS" rend="letter" corresp="B18720710PFS" xml:lang="da-no">
<body>
<div type="letter">
<dateline>
                            <pb n="[1]"/>Dresden den <date>10<hi rend="raised">de</hi> Juli 1872</date>. –</dateline>
<salute>Kære herr Siebold!</salute>
<p>Jeg vil ikke forsøge på at undskylde min lange taushed, men appellerer til Deres venskabelige overbærenhed og håber i henhold til denne at De tilgiver min <anchor type="lemma" xml:id="koB13_549"/>uefterrettelighed. Det exemplar af <HIS:hisRef type="work" target="Navneregister_HISe.xml#woBr">
                                <anchor type="lemma" xml:id="koB13_550"/>«Brand»</HIS:hisRef> i tysk oversættelse, som De var så god at sende mig, har jeg rigtig modtaget og takker Dem derfor.</p>
<p>Jeg har bragt i erfaring at <anchor type="lemma" xml:id="koB13_551"/>en anden tysk oversættelse af «Brand» (ikke <anchor type="lemma" xml:id="koB13_552"/>den af mig tidligere omskrevne) skal være under pressen; jeg kender for resten ikke nærmere til den sag, men vil dog nævne den.</p>
<p>At De har kaldt Deres oversættelse en bearbejdelse finder jeg ganske rigtigt; det har jo netop ligget i Deres plan ikke at holde Dem strængt til originalen. Tror De imidlertid ikke, hvis en ny udgave kommer i stand, at det skulde være muligt at foretage en del rettelser ved versemålet, samt at benytte rim overalt, ligesom i originalen? At dette vil koste meget arbejde indser jeg tilfulde <pb n="[2]"/>men hele første akt af Deres oversættelse viser dog at det ikke er nogen umulighed. En orienterende indledning tror jeg vilde være meget hensigtsmæssig.</p>
<p>Nordover kommer jeg ikke i denne sommer, derimod reiser jeg om nogle dage til <HIS:hisRef type="place" target="Navneregister_HISe.xml#plBerGad">Berchtesgaden</HIS:hisRef> i <HIS:hisRef type="place" target="Navneregister_HISe.xml#plTy">Tyrol</HIS:hisRef>, hvor jeg agter at tilbringe 5–6 uger og vender derpå tilbage til <HIS:hisRef type="place" target="Navneregister_HISe.xml#plDre">Dresden</HIS:hisRef>. Forhåbentlig træffer dette brev Dem, selv om De skulde være afrejst fra <HIS:hisRef type="place" target="Navneregister_HISe.xml#plCas">Cassel</HIS:hisRef>. Jeg beder Dem hilse vore fælles skandinaviske venner og bekendte og håber at De fremdeles bevarer mig i venskabelig erindring indtil jeg <anchor type="lemma" xml:id="koB13_553"/>atter får den fornøjelse personlig at træffe Dem.</p>
<salute>Deres hengivne</salute>
<signed>Henrik Ibsen.</signed>
</div>
</body>
</text>