<?xml version="1.0" encoding="UTF-8"?><text xmlns="http://www.tei-c.org/ns/1.0" xmlns:HIS="http://www.example.org/ns/HIS" rend="letter" corresp="B18730228FH" xml:lang="da-no">
<body>
<div type="letter">
<dateline>
                            <pb n="[1]"/>Dresden den <date>28<hi rend="raised">de</hi> Februar 1873</date>.</dateline>
<salute>Kære herr Hegel!</salute>
<p>Deres venlige brev, som jeg i dette øjeblik modtog, iler jeg med i al korthed at besvare.</p>
<p>
                            <anchor type="lemma" xml:id="koB13_775"/>Jeg foretrækker at lade <HIS:hisRef type="work" target="Navneregister_HISe.xml#woKG">bogen</HIS:hisRef> trykke med de gamle typer, når den derved kan komme des hurtigere ud.</p>
<p>
                            <HIS:hisRef type="work" target="Navneregister_HISe.xml#woF1">
                                <anchor type="lemma" xml:id="koB13_776"/>«Fru Inger»</HIS:hisRef> er trykt i <HIS:hisRef type="org" target="Navneregister_HISe.xml#orgIN">Illustr: Nyhedsblad</HIS:hisRef> og jeg håber at kunne få <anchor type="lemma" xml:id="koB13_777"/>de betræffende nummere fra <HIS:hisRef type="place" target="Navneregister_HISe.xml#plKri">Kristiania</HIS:hisRef>. <HIS:hisRef type="work" target="Navneregister_HISe.xml#woHH">
                                <anchor type="lemma" xml:id="koB13_778"/>Hærmændene</HIS:hisRef> tror jeg ligeledes at kunne skaffe mig. Tak for Deres umage! –</p>
<p>Hvad jeg i mit forrige brev skrev om <anchor type="lemma" xml:id="koB13_779"/>pagineringen af 1<hi rend="raised">ste</hi> ark, behøver De ikke at rette Dem efter, hvis det skulde stride mod sædvane. Min hensigt var kun at minde om at der vilde falde et titelblad midt inde i bogen.</p>
<p>
                            <HIS:hisRef type="work" target="Navneregister_HISe.xml#woKK">
                                <anchor type="lemma" xml:id="koB13_780"/>«Kærl: Kom:»</HIS:hisRef> skal jeg sende snarest muligt. Hjertelige hilsener.</p>
<salute>Deres oprigtig hengivne</salute>
<signed>Henrik Ibsen.</signed>
</div>
<div type="postscript">
<p>Imorgen afgår herfra en <anchor type="lemma" xml:id="koB13_781"/>ny sending manuskript.</p>
</div>
</body>
</text>