<?xml version="1.0" encoding="UTF-8"?><text xmlns="http://www.tei-c.org/ns/1.0" xmlns:HIS="http://www.example.org/ns/HIS" rend="letter" corresp="B18660822FH" xml:lang="da-no">
                <front>
<pb n="[a]"/>
<HIS:envelope type="sheet">
<address>
<addrLine>Herr Cancelliraad Hegel.</addrLine>
<addrLine>Copenaghen.</addrLine>
<addrLine>Danimarca.</addrLine>
</address>
</HIS:envelope>
</front>
<body>
<div type="letter">
<div type="letterpart" part="I">
<dateline>
                                <pb n="[1]"/>Frascati den <date>22<hi rend="raised">de</hi> August 1866</date>.</dateline>
<salute>Hr. Cancelliraad Hegel!</salute>
<p>Deres venlige Skrivelse af <HIS:hisRef type="tcNote" xml:id="noteT12_389" target="B1844-1871ht_noter.xml" corresp="noteT12_389">5<hi rend="raised">te</hi>
                                </HIS:hisRef> August har jeg havt den Glæde at modtage og formoder at i dette Øjeblik er <HIS:hisRef type="work" target="Navneregister_HISe.xml#woBr">
                                    <anchor type="lemma" xml:id="koB12_1345"/>3<hi rend="raised">die</hi> Oplag</HIS:hisRef> allerede i Boghandelen. Jeg beder Dem være forvisset om at jeg baade nu og i Fremtiden vil vide at paaskjønne i hvilken væsentlig Grad dette heldige Resultat maa tillskrives den Omstændighed at min Bog er sat i Forbindelse med Deres med Rette højt agtede Navn og jeg vil blot ønske at vor fremtidige literære Forbindelse maa blot nogenlunde yde Dem samme Tillfredsstillelse som den har ydet mig.</p>
<p>Jeg har været forsømmelig nok till ikke endnu at have erkjendt Modtagelsen af Honoraret for andet Oplag, hvilket i Juni Maaned kom mig ihænde i Vexel paa 400 frcs, og hvorfor jeg herved forbindtligst takker.</p>
<p>Forhaabentlig har ogsaa 3<hi rend="raised">die</hi> Oplag gjennemgaaet en omhyggelig Korrektur. – At en saa stor Del af Explrene er afsat i <HIS:hisRef type="place" target="Navneregister_HISe.xml#plDk">Danmark</HIS:hisRef> bestyrker mig end mere i den Mening, der længe har staaet klart for mig, at det er i <HIS:hisRef type="place" target="Navneregister_HISe.xml#plKbh">Kjøbenhavn</HIS:hisRef> at vor fælles literære nordiske Virksomhed maa koncentreres.</p>
<p>For Øjeblikket er jeg i Tvivl om hvorvidt <anchor type="lemma" xml:id="koB12_1346"/>mit nye Arbejde bliver <HIS:hisRef type="tcNote" xml:id="noteT12_390" target="B1844-1871ht_noter.xml" corresp="noteT12_390">færd<supplied>ig</supplied>t</HIS:hisRef> till Høsten. Men jeg har et Forslag at gjøre, nemlig om De ikke skulde være villig till som Julebog at udgive <HIS:hisRef type="work" target="Navneregister_HISe.xml#woKK">«Kjærlighedens Komedie.»</HIS:hisRef> Den udkom ved Nytaar 1862–63 som <anchor type="lemma" xml:id="koB12_1347"/>Nytaarsgave for Illustr. Nyhedsblads Abonnenter og er <anchor type="lemma" xml:id="koB12_1348"/>neppe meget kjendt i Danmark. Bogen kan betragtes som en Forløber for «Brand» og i Danmark vil den finde sit Publikum. <pb n="[2]"/>Sproget maatte renses, adskilligt rettes, m. m, ligesom den nye Udgave maatte <anchor type="lemma" xml:id="koB12_1349"/>ledsages af et Par Forord. Jeg har et Expl: hernede, som jeg i gjennemseet og rettet Stand skal sende Dem saafremt De med Deres bedre Indsigt i Forholdene tror at kunne indgaa paa Forslaget og hvorom jeg maaske med det snareste tør forvente nogle Linjer fra Dem. –</p>
<p>Jeg haaber at mit Brev fra Midten af Juni med indlagte Skrivelser till <HIS:hisRef type="person" target="Navneregister_HISe.xml#peGS">Statsminister Sibbern</HIS:hisRef> i <HIS:hisRef type="place" target="Navneregister_HISe.xml#plSthlm">Stokholm</HIS:hisRef> og <HIS:hisRef type="person" target="Navneregister_HISe.xml#peFStang">Statsraad Stang</HIS:hisRef> i <HIS:hisRef type="place" target="Navneregister_HISe.xml#plKri">Kristiania</HIS:hisRef> er fremkommet og at <anchor type="lemma" xml:id="koB12_1350"/>de indbundne Expl: er nævnte Herrer tillsendte. Jeg har imidlertid intet hørt fra nogen af dem. Af de norske Aviser erfarer jeg at Regjeringen, foruden min Gage, har af <anchor type="lemma" xml:id="koB12_1351"/>Stipendiefondet for Udenlandsrejser bevilget mig 350 Spdlr <HIS:hisRef type="tcNote" xml:id="noteT12_391" target="B1844-1871ht_noter.xml" corresp="noteT12_391">(uagtet jeg ingen Ansøgning har indgivet)</HIS:hisRef>, saa at jeg till næste Sommer muligens foretager en <anchor type="lemma" xml:id="koB12_1352"/>Udflugt till <HIS:hisRef type="place" target="Navneregister_HISe.xml#plHe">Grækenland</HIS:hisRef>.</p>
<p>Jeg husker ikke om jeg tidligere har bedet Dem hilse og takke <anchor type="lemma" xml:id="koB12_1353"/>
                                <HIS:hisRef type="person" target="Navneregister_HISe.xml#peGB">Brandes</HIS:hisRef> for hans varme og venlige Kritik. Jeg ser at <anchor type="lemma" xml:id="koB12_1354"/>han har faaet Rejsestipendium; det skulde meget glæde mig om vi kunde mødes etsteds hernede; men han har vel andre Planer.</p>
</div>
<div type="letterpart" part="F">
<dateline rend="letterpart_opener">
                                <date>24<hi rend="raised">de</hi> August</date>.</dateline>
<p>Jeg har taget «Kjærlighedens Komedie» for mig, har gjennemlæst den paany og er bleven fuldt bestyrket i min Tro paa at den med Fordel kan udgives igjen. Jeg er begyndt at rette og forandre i Bogen ligesom jeg har Forordene udarbejdede i Tanken, men overlader naturligvis Afgjørelsen till Dem uden paa nogen Maade at ville søge at indvirke paa Deres Besluttning. Kun vil jeg bemærke at jeg <HIS:hisRef type="tcNote" xml:id="noteT12_392" target="B1844-1871ht_noter.xml" corresp="noteT12_392">i</HIS:hisRef> et Nummer af Illustr. Nyhedsblad ser <anchor type="lemma" xml:id="koB12_1355"/>en Artikkel hvori det blandt andet heder at Red: har erfaret at anseede <HIS:hisRef type="tcNote" xml:id="noteT12_393" target="B1844-1871ht_noter.xml" corresp="noteT12_393">D<supplied>ans</supplied>ke</HIS:hisRef>, som for nylig har gjort sig bekjendte med Bogen, har udtalt sin Forundring over at den ikke er bleven udbredt i Danmark. <anchor type="lemma" xml:id="koB12_1356"/>Indlagte Billet bedes godhedsfuldt tillstillet <HIS:hisRef type="person" target="Navneregister_HISe.xml#peEGr">
                                    <anchor type="lemma" xml:id="koB12_1357"/>Hr. Grieg</HIS:hisRef>, hvis Adresse i Kjøbenhavn ikke vides. – Idet jeg med det første forventer nogle Linjer fra Dem tegner jeg mig</p>
<salute>Deres ærbødigst hengivne</salute>
<signed>Henrik Ibsen.</signed>
</div>
</div>
</body>
</text>