<?xml version="1.0" encoding="UTF-8"?><text xmlns="http://www.tei-c.org/ns/1.0" xmlns:HIS="http://www.example.org/ns/HIS" rend="letter" corresp="B18720313BB" xml:lang="da-no">
<body>
<div type="letter">
<dateline>Dresden <date>13/3 72</date>.</dateline>
<salute>Til digteren herr Bjørnstjerne Bjørnson.</salute>
<p>
                            <anchor type="lemma" xml:id="koB13_340"/>Vedlagte brev, som jeg igår modtog fra <HIS:hisRef type="place" target="Navneregister_HISe.xml#plN">Norge</HIS:hisRef>, oversendes hermed.</p>
                    </div>
</body>
</text>