<?xml version="1.0" encoding="UTF-8"?><text xmlns="http://www.tei-c.org/ns/1.0" xmlns:HIS="http://www.example.org/ns/HIS" rend="letter" corresp="B18660602GS" xml:lang="da-no">
<body>
<div type="letter">
<dateline>
                            <pb n="[1]"/>Rom den <date>2<hi rend="raised">den</hi> Juni 1866</date>. –</dateline>
<salute>Til Hans <anchor type="lemma" xml:id="koB12_1278"/>Excellence, Hr: Statsminister Sibbern.</salute>
<p>Med dyb Taknemmelighed vover jeg herved at fremsende disse Linjer for i Ærbødighed at udtale for Deres Excellense min Erkjendelse af hvor meget jeg, med Hensyn til min i Storthinget lykkeligt afgjorte Sag, skylder Deres Excellences <anchor type="lemma" xml:id="koB12_1279"/>formaaende og velvillige Bistand. Det er mig sagt fra <HIS:hisRef type="place" target="Navneregister_HISe.xml#plKri">Christiania</HIS:hisRef>, hvad jeg forøvrigt paa Forhaand kunde vide, at <anchor type="lemma" xml:id="koB12_1280"/>den hurtige Expedition fra <HIS:hisRef type="place" target="Navneregister_HISe.xml#plSthlm">Stokholm</HIS:hisRef> havde paa mange af Storthingsrepræsentanterne frembragt et for mig særdeles gunstigt Indtryk.</p>
<p>Ikke mindre varmt paaskjønner jeg den Godhed og <anchor type="lemma" xml:id="koB12_1281"/>Bevaagenhed Deres Excellence mod mig har lagt for Dagen gjennem de to strax efter hinanden modtagne Skrivelser.</p>
<p>Naar disse Taksigelseslinjer, <pb n="[2]"/>trods Pligt og Skyldighed, først nu fremkommer, saa sker det fordi jeg gjerne vilde tillade mig ærbødigst at oversende Deres Excellence et Exemplar af andet <HIS:hisRef type="work" target="Navneregister_HISe.xml#woBr">Oplag af min nye Bog</HIS:hisRef>, hvorhos jeg vover at andrage om at det andet medfølgende Exemplar maa blive beordret afgivet til <HIS:hisRef type="person" target="Navneregister_HISe.xml#peKongK4">Hs: M. Kongens</HIS:hisRef> Privatbibliothek som et ringe Udtryk for min underdanige Taknemmelighed.</p>
<p>Min Fremtid er nu sikkret og <anchor type="lemma" xml:id="koB12_1282"/>jeg kan uforstyrret virke for mit Kald; men i hvor høj Grad jeg skylder Deres Excellence dette lykkelige Udfald, skal jeg aldrig glemme.</p>
<salute>ærbødigst</salute>
<signed>Henrik Ibsen.</signed>
</div>
</body>
</text>