<?xml version="1.0" encoding="UTF-8"?><text xmlns="http://www.tei-c.org/ns/1.0" xmlns:HIS="http://www.example.org/ns/HIS" rend="letter" corresp="B18710120FW" xml:lang="da-no">
                <body>
<div type="letter">
<dateline>
                            <pb n="[1]"/>Dresden, <date>20<hi rend="raised">de</hi> Januar 1871</date>. –</dateline>
<salute>Hr: Fr: Winkel-Horn!</salute>
<p>Uden anden adkomst, end vort gensidige bekendtskab som medborgere af <anchor type="lemma" xml:id="koB12_2906"/>den literære republik, tager jeg mig dog den frihed at tilskrive Dem et par linjer.</p>
<p>Støttende mig til forskellige grunde – ikke mindst til den for dagen lagte detalj-kendskab til <HIS:hisRef type="place" target="Navneregister_HISe.xml#plN">Norges</HIS:hisRef> historie – tror jeg nemlig at jeg i Dem har at takke forfatteren til den velvillige og for mig så <anchor type="lemma" xml:id="koB12_2907"/>smigrende omtale af <HIS:hisRef type="work" target="Navneregister_HISe.xml#woKE">«Kongs-emnerne»</HIS:hisRef>, der har været optagen i «Fædrelandet», en omtale, der måtte være mig dobbelt glædelig, fordi den fremkom i et blad, hvor jeg ikke tidligere har været vant til en så venskabelig behandling.</p>
<p>
                            <pb n="[2]"/>Idet jeg altså beder Dem modtage min skyldige og forbindtligste tak, benytter jeg anledningen til at berigtige et punkt, som for mig er af vigtighed.</p>
<p>Det er nemlig en vildfarelse, når De tror at jeg har været uvillig til at underkaste stykket en forkortelse. Tvert imod. Under mit ophold <anchor type="lemma" xml:id="koB12_2908"/>i <HIS:hisRef type="place" target="Navneregister_HISe.xml#plKbh">København</HIS:hisRef> i sommer <HIS:hisRef type="tcNote" xml:id="noteT12_710" target="B1844-1871ht_noter.xml" corresp="noteT12_710">erklærede</HIS:hisRef> jeg for <HIS:hisRef type="person" target="Navneregister_HISe.xml#peGBe">theatrets chef</HIS:hisRef> at stykket hverken kunde eller burde opføres i sin helhed. Med hans billigelse foretog jeg derefter <HIS:hisRef type="tcNote" xml:id="noteT12_711" target="B1844-1871ht_noter.xml" corresp="noteT12_711">en</HIS:hisRef> sammendragning, hvorved navnlig bispens dødsscene blev ganske betydeligt forkortet, og gav forøvrigt mit udtrykkelige minde til under prøverne yderligere at <HIS:hisRef type="tcNote" xml:id="noteT12_712" target="B1844-1871ht_noter.xml" corresp="noteT12_712">lade</HIS:hisRef> stryge, hvad man fandt fornødent.</p>
<p>Har man nu ved theatret alligevel ikke benyttet <anchor type="lemma" xml:id="koB12_2909"/>det af mig indleverede forkortede exemplar, så har man behandlet mig meget ilde, og jeg kan da forklare mig, hvad ellers vilde være mig uforklarligt – <anchor type="lemma" xml:id="koB12_2910"/>den lange tid, opførelsen kræver. At så er tilfældet, må jeg næsten antage, når jeg ser at <anchor type="lemma" xml:id="koB12_2911"/>bladet «Hejmdal» i sin anmeldelse anker over et virkelig smagløst udtryk i stykkets første <pb n="[3]"/>oplag. Dette udtryk findes nemlig slet ikke i <anchor type="lemma" xml:id="koB12_2912"/>den ny udgave, og det var et exemplar af <emph>denne</emph>, jeg indgav forkortet, medens man allerede før min ankomst havde ladet rollerne udskrive efter det gamle Christiania-oplag.</p>
<p>Hvad skal jeg nu gøre? Som fremmed finder jeg det naturligvis upassende at optræde offentligt mod <HIS:hisRef type="org" target="Navneregister_HISe.xml#orgKT">det kgl. theaters direktion</HIS:hisRef>, men dersom det virkelig forholder sig så at man ikke har benyttet mine forkortninger og min bemyndigelse til at forøge disse efter behag, så vilde det unægtelig være mig meget kært om det rette forhold kunde blive oplyst, og direktionen derved bevæges til ved fremtidige forestillinger at give mit arbejde i en både for theatret og for mig fordelagtigere skikkelse.</p>
<p>Kan og vil De tage Dem lidt af denne sag, så vilde jeg, om muligt, føle mig Dem endnu mere forbunden.</p>
<salute>Deres ærbødige</salute>
<signed>Henrik Ibsen.</signed>
</div>
<div type="postscript">
<p>Adr: Königsbrücker-Strasse, N<hi rend="raised">o</hi> 33. –</p>
</div>
</body>
</text>