<?xml version="1.0" encoding="UTF-8"?><text xmlns="http://www.tei-c.org/ns/1.0" xmlns:HIS="http://www.example.org/ns/HIS" rend="letter" corresp="B18700125FH" xml:lang="da-no">
                <body>
<div type="letter">
<dateline>
                            <pb n="[1]"/>Dresden den <date>25<hi rend="raised">de</hi> Januar 1870</date>. –</dateline>
<salute>Kjære Herr Cancelliraad Hegel!</salute>
<p>Modtagelsen af de i Deres ærede Brev af 16<hi rend="raised">de</hi> Dec<hi rend="raised">br</hi> f: A: indlagte 150 Thaler pr: erkjendes herved. Ligesaa takker jeg Dem hjerteligst for den store Glæde, De har beredt os ved <anchor type="lemma" xml:id="koB12_2284"/>den tillsendte Bogpakke. Det er mig <anchor type="lemma" xml:id="koB12_2285"/>derhos meget kjært at høre, at <anchor type="lemma" xml:id="koB12_2286"/>
                            <HIS:hisRef type="work" target="Navneregister_HISe.xml#woUF">«De unges Forbund»</HIS:hisRef> fremdeles har god Afsættning; jeg haaber at <anchor type="lemma" xml:id="koB12_2287"/>Oppførelsen paa <HIS:hisRef type="org" target="Navneregister_HISe.xml#orgKT">det kgl: Theater</HIS:hisRef> end mere vil opplive Interessen for Stykket. – <HIS:hisRef type="person" target="Navneregister_HISe.xml#peRS">Herr R: Schmidt</HIS:hisRef> har atter tillskrevet mig, dennegang for at oppfordre mig till i <anchor type="lemma" xml:id="koB12_2288"/>Tidsskriftet at indrykke en Protest mod et angivelig existerende Rygte om at jeg i «Stensgaard» skal have villet skildre <HIS:hisRef type="person" target="Navneregister_HISe.xml#peBB">Bjørnson</HIS:hisRef>. Jeg har imidlertid <anchor type="lemma" xml:id="koB12_2289"/>svaret ham saa eftertrykkeligt, at jeg haaber han for Fremtiden forskaaner mig for al vidre Brevvexling. –</p>
<p>Det var mig særdeles behageligt at erfare, at <anchor type="lemma" xml:id="koB12_2290"/>Forlagsretten til <HIS:hisRef type="work" target="Navneregister_HISe.xml#woKE">«Kongs-Emnerne»</HIS:hisRef> er gaaet over i Deres Hænder. <pb n="[2]"/>Men Arbejdet bør gjennemsees og rettes, og hvis De ved Lejlighed vil sende mig et Exemplar, skal jeg i kort Tid besørge det fornødne.</p>
<p>
                            <HIS:hisRef type="work" target="Navneregister_HISe.xml#woDi">En <anchor type="lemma" xml:id="koB12_2291"/>Udgave af mine Digte</HIS:hisRef> har jeg selv tænkt paa i den senere Tid; flere af mine norske Venner har ogsaa tillskyndet mig dertill, navnlig <HIS:hisRef type="person" target="Navneregister_HISe.xml#peJLo">Overlærer Løkke</HIS:hisRef>, som ganske nylig tillbød sig af de mange forskjellige Aviser og Tidsskrifter at samle, hvad jeg der har skrevet. Dette Tillbud har jeg modtaget og underrettet ham om at jeg saa <anchor type="lemma" xml:id="koB12_2292"/>till Sommeren vil komme opp till <HIS:hisRef type="place" target="Navneregister_HISe.xml#plKri">Christiania</HIS:hisRef> for at lægge den endelige Haand paa Arbejdet. Adskilligt utrykkt maatte jeg ogsaa sørge for at skaffe tillveje og en <anchor type="lemma" xml:id="koB12_2293"/>Fortale maatte skrives. Naturligvis lægger jeg Vejen over <HIS:hisRef type="place" target="Navneregister_HISe.xml#plKbh">Kjøbenhavn</HIS:hisRef> og haaber da at faa tale nærmere med Dem om Sagen. Især ønsker jeg at vide <anchor type="lemma" xml:id="koB12_2294"/>Deres Mening, (ogsaa for «Kongs-Emnernes» Vedkommende) om de Rettskrivningsregler, der vedtoges paa <anchor type="lemma" xml:id="koB12_2295"/>Sprogkongressen i <HIS:hisRef type="place" target="Navneregister_HISe.xml#plSthlm">Stockholm</HIS:hisRef> i Sommer. Ligeledes maa vi vel træffe Aftale om Udgivelsestiden; thi dersom den nye Udgave af «Kongs-Emnerne» kommer till Foraaret, og <anchor type="lemma" xml:id="koB12_2296"/>
                            <HIS:hisRef type="work" target="Navneregister_HISe.xml#woUF">mit nye Skuespil</HIS:hisRef>, som jeg haaber, i Oktober, saa turde det blive formeget <pb n="[3]"/>endnu samme Aar at udgive ogsaa en Digtsamling; den ene Bog kunde komme till at gaa i Vejen for den anden. Dog, alt dette overlader jeg naturligvis till Deres bedre Skjøn, og overhovedet har vi jo Tiden for os. –</p>
<p>For det i Brev af <anchor type="lemma" xml:id="koB12_2297"/>21<hi rend="raised">de</hi> Januar modtagne Aarsoppgjør er jeg Dem meget forbunden. Jeg er nu beskjæftiget med at ordne mine <anchor type="lemma" xml:id="koB12_2298"/>Rejseopptegnelser fra <HIS:hisRef type="place" target="Navneregister_HISe.xml#plEg">Egypten</HIS:hisRef> og derpaa tager jeg mit Drama fatt. Jeg er glad over at være langt borte fra <anchor type="lemma" xml:id="koB12_2299"/>Kjævlerierne i <HIS:hisRef type="place" target="Navneregister_HISe.xml#plN">Norge</HIS:hisRef>; har jeg foreløbig mistet nogle Venner deroppe, saa har jeg till Gjengjæld vundet mange flere.</p>
<p>Med Takk og Hilsen</p>
<salute>Deres ærbødigst hengivne</salute>
<signed>Henrik Ibsen.</signed>
</div>
</body>
</text>