<?xml version="1.0" encoding="UTF-8"?><text xmlns="http://www.tei-c.org/ns/1.0" xmlns:HIS="http://www.example.org/ns/HIS" rend="letter" corresp="B18731124FH" xml:lang="da-no">
<body>
<div type="letter">
<dateline>
                            <pb n="[1]"/>Dresden den <date>24<hi rend="raised">de</hi> November 1873</date>. –</dateline>
<salute>Kære herr Hegel!</salute>
<p>Herved har jeg den fornøjelse at meddele Dem at jeg idag <HIS:hisRef type="tcNote" xml:id="noteT13_193" target="B1871-1879ht_noter.xml" corresp="noteT13_193">har</HIS:hisRef> modtaget <anchor type="lemma" xml:id="koB13_1247"/>brev fra min svoger, <HIS:hisRef type="person" target="Navneregister_HISe.xml#peJHT">bureauchef Thoresen</HIS:hisRef>, hvori denne skriver at hverken han eller min sagfører, <HIS:hisRef type="person" target="Navneregister_HISe.xml#peESta">advokat <anchor type="lemma" xml:id="koB13_1248"/>Stang</HIS:hisRef>, nærer den ringeste betænkelighed ved at <anchor type="lemma" xml:id="koB13_1249"/>tilråde udgivelsen af det nye oplag af <HIS:hisRef type="work" target="Navneregister_HISe.xml#woHH">«Hærmændene»</HIS:hisRef> nu straks, skønt <anchor type="lemma" xml:id="koB13_1250"/>processen endnu ikke er endt. Denne udhales nemlig af modparten under allehånde påskud; advokat Stang anser <HIS:hisRef type="tcNote" xml:id="noteT13_194" target="B1871-1879ht_noter.xml" corresp="noteT13_194">udfaldet</HIS:hisRef> for utvivlsomt og tilføjer at selv for det utænkelige tilfælde at dommen skulde gå mig imod; så vil dog ejendomsretten til stykket under ingen omstændighed kunne tilkendes <emph>bogtrykker <HIS:hisRef type="person" target="Navneregister_HISe.xml#peHJJ">Jensen</HIS:hisRef>
                            </emph>, såsom denne er fallit. Bogens udgivelse kan altså foregå nårsomhelst.</p>
<p>
                            <HIS:hisRef type="person" target="Navneregister_HISe.xml#peAI">Skuespiller <anchor type="lemma" xml:id="koB13_1251"/>Isachsen</HIS:hisRef> har virkelig til hensigt at forelæse hele <HIS:hisRef type="work" target="Navneregister_HISe.xml#woKG">«Kejser og Galilæer»</HIS:hisRef>. Jeg ser imidlertid at der <anchor type="lemma" xml:id="koB13_1252"/>i «Morgenbladet» allerede er <HIS:hisRef type="tcNote" xml:id="noteT13_195" target="B1871-1879ht_noter.xml" corresp="noteT13_195">fremkommet</HIS:hisRef> en dadel derover, <pb n="[2]"/>og jeg har <anchor type="lemma" xml:id="koB13_1253"/>selv tilskrevet Isachsen og nedlagt en bestemt indsigelse imod at han fortsætter med sine oplæsninger, ligesom jeg har <anchor type="lemma" xml:id="koB13_1254"/>anmodet «Morgenbladets» <HIS:hisRef type="person" target="Navneregister_HISe.xml#peCFGF">redaktør</HIS:hisRef> om i fornødent fald på det strængeste at påtale denne utilbørlighed. Til min glæde erfarer jeg at regeringen nu endelig har ladet udarbejde <anchor type="lemma" xml:id="koB13_1255"/>et lovforslag til beskyttelse af den literære ejendomsret, hvilket forslag i Februar skal forelægges <HIS:hisRef type="org" target="Navneregister_HISe.xml#orgStort">storthinget</HIS:hisRef>.</p>
<p>Tak for de <anchor type="lemma" xml:id="koB13_1256"/>tilsendte blade, og mange hilsener til Dem og <HIS:hisRef type="person" target="Navneregister_HISe.xml#peJH">Deres søn</HIS:hisRef> fra</p>
<salute>Deres hjertelig hengivne</salute>
<signed>Henrik Ibsen.</signed>
</div>
<div type="postscript">
<p>P. S. Det <anchor type="lemma" xml:id="koB13_1257"/>smukke udstyr af «K: og G:» vækker almindelig beundring hernede hos alle dem, der ser bogen; jeg selv er Dem meget taknemmelig derfor; thi det er visselig en sag af ikke ringe betydning for en bogs afsætning og udbredelse. –</p>
<signed>H: I: –</signed>
</div>
</body>
</text>