<?xml version="1.0" encoding="UTF-8"?><text xmlns="http://www.tei-c.org/ns/1.0" xmlns:HIS="http://www.example.org/ns/HIS" rend="letter" corresp="B18700301EStj" xml:lang="da-no">
<body>
<div type="letter">
<dateline>
                            <pb n="[1]"/>Dresden den <date>1<hi rend="raised">ste</hi> Marts 1870</date>. –</dateline>
<salute>Käre ven!</salute>
<p>Modtag min hjerteligste takk fordi Du <HIS:hisRef type="tcNote" xml:id="noteT12_620" target="B1844-1871ht_noter.xml" corresp="noteT12_620">så</HIS:hisRef> venligt <HIS:hisRef type="tcNote" xml:id="noteT12_621" target="B1844-1871ht_noter.xml" corresp="noteT12_621">underrettede</HIS:hisRef> mig om <anchor type="lemma" xml:id="koB12_2345"/>oppförelsen af <HIS:hisRef type="work" target="Navneregister_HISe.xml#woUF">«De unges forbund»</HIS:hisRef>. Du var en af de förste, fra hvem underrettningen kom, og både derfor og fordi Du jo som fagmand bedst formår at dömme i sagen, var meddelelsen mig dobbelt kärkommen. Sidenefter har jeg fåt tillsendt så mange <anchor type="lemma" xml:id="koB12_2346"/>tidninger og breve fra <HIS:hisRef type="place" target="Navneregister_HISe.xml#plKbh">Köbenhavn</HIS:hisRef>, at jeg snart ikke ved hvorledes jeg skal vinde tid till at läse og besvare altsammen.</p>
<p>
                            <HIS:hisRef type="person" target="Navneregister_HISe.xml#peJAS">Söderman</HIS:hisRef> var ved god helbred da han rejste herfra; rimeligvis er han nu i <HIS:hisRef type="place" target="Navneregister_HISe.xml#plBerl">Berlin</HIS:hisRef>. Her i <HIS:hisRef type="place" target="Navneregister_HISe.xml#plDre">Dresden</HIS:hisRef> har vi havt en fuldständig nordisk vinter med forfärdelig kulde. <HIS:hisRef type="place" target="Navneregister_HISe.xml#plElb">Elben</HIS:hisRef> er nästen bundfrossen; men nu begynder våren at komme med raske skridt. I teaterverdenen er <pb n="[2]"/>her <HIS:hisRef type="tcNote" xml:id="noteT12_622" target="B1844-1871ht_noter.xml" corresp="noteT12_622">ingenting</HIS:hisRef> af vigtighed passeret. <anchor type="lemma" xml:id="koB12_2347"/>Et nyt lystspil af <HIS:hisRef type="person" target="Navneregister_HISe.xml#peWBW">Baron Warburg</HIS:hisRef> har väret spillet <emph>en</emph> gang; det var <HIS:hisRef type="tcNote" xml:id="noteT12_623" target="B1844-1871ht_noter.xml" corresp="noteT12_623">forfärdelig</HIS:hisRef> slett, blev <anchor type="lemma" xml:id="koB12_2348"/>udhysset og henlagt, hvad det også ärligt fortjente.</p>
<p>Nu vil jeg önske Dig en lykkelig hjemrejse till Stockholm. Hvorvidt vi träffes der till sommeren ved jeg endnu ikke; mit sidste opphold der var så skjönt og herrligt at jeg nästen er rädd ved tanken om at skulle gentage det.</p>
<p>
                            <anchor type="lemma" xml:id="koB12_2349"/>
                            <HIS:hisRef type="person" target="Navneregister_HISe.xml#peLStj">Din ärede frue</HIS:hisRef> må Du hilse tusende gange fra os alle; din hjemmevärende familje ligeså; takk for al eders venlighed mod mig deroppe, og glem ikke</p>
<salute>Din hengivne ven</salute>
<signed>Henrik Ibsen.</signed>
</div>
</body>
</text>