<?xml version="1.0" encoding="UTF-8"?><text xmlns="http://www.tei-c.org/ns/1.0" xmlns:HIS="http://www.example.org/ns/HIS" rend="letter" corresp="B18690323MS" xml:lang="da-no">
<body>
<div type="letter">
<dateline>
                            <pb n="[1]"/>Dresden den <date>23<hi rend="raised">de</hi> Marts 1869</date>.</dateline>
<salute>
                            <anchor type="lemma" xml:id="koB12_1942"/>Carissimo amico romano!</salute>
<p>Det er ganske visst utillgiveligt, at jeg først nu, efter to Maaneders Forløb, besvarer Deres venlige Brev; men ikkedestomindre haaber jeg paa Deres Tillgivelse, naar jeg fortæller Dem, at Grunden till denne lange Oppsættelse er den, at <HIS:hisRef type="tcNote" xml:id="noteT12_539" target="B1844-1871ht_noter.xml" corresp="noteT12_539">jeg</HIS:hisRef> <anchor type="lemma" xml:id="koB12_1943"/>i Vinter har skrevet <HIS:hisRef type="work" target="Navneregister_HISe.xml#woUF">et nyt Lystspil i 5 Akter</HIS:hisRef>, og at, som Følge heraf, min hele Dag bogstaveligt har været opptagen. Stykket, med hvis Renskrift jeg fortiden beskjæftiger mig, heder «De unges Forbund», og vil blive indleveret till <HIS:hisRef type="tcNote" xml:id="noteT12_540" target="B1844-1871ht_noter.xml" corresp="noteT12_540">Theatrene</HIS:hisRef>.</p>
<p>Paa <HIS:hisRef type="work" target="Navneregister_HISe.xml#woKG">
                                <anchor type="lemma" xml:id="koB12_1944"/>«Julian»</HIS:hisRef> tænker jeg ikke for Øjeblikket, og vil vel heller ikke i den nærmeste Fremtid komme till at give mig i Kast med ham; det er en Karl og et Stoff, som jeg igrunden <anchor type="lemma" xml:id="koB12_1945"/>gruer tillbage for. Men om jeg nu engang gaar i Vej med ham, saa indser jeg ikke, at det kan <anchor type="lemma" xml:id="koB12_1946"/>afholde Dem fra at gjøre ligesaa. <anchor type="lemma" xml:id="koB12_1947"/>
                            <HIS:hisRef type="person" target="Navneregister_HISe.xml#peCHau">Hauch</HIS:hisRef> har jo behandlet ham, og det afskrækker ingen af os; enhver Forfatter vil altid se et saadant Stoff <anchor type="lemma" xml:id="koB12_1948"/>paa sin ejendommelige Maade.</p>
<p>Det glæder mig meget at høre at De <anchor type="lemma" xml:id="koB12_1949"/>till Efteraaret udgiver Deres Digte og Fortællinger fra <pb n="[2]"/>
                            <HIS:hisRef type="place" target="Navneregister_HISe.xml#plIt">Italien</HIS:hisRef>. Der ligger noget for Produktionen i høj Grad <HIS:hisRef type="tcNote" xml:id="noteT12_541" target="B1844-1871ht_noter.xml" corresp="noteT12_541">befordrende</HIS:hisRef> i at <anchor type="lemma" xml:id="koB12_1950"/>faa sine færdige <HIS:hisRef type="tcNote" xml:id="noteT12_542" target="B1844-1871ht_noter.xml" corresp="noteT12_542">Arbejder</HIS:hisRef> fra Halsen paa den Maade.</p>
<p>Det kjære <HIS:hisRef type="place" target="Navneregister_HISe.xml#plRom">Rom</HIS:hisRef> tænker jeg daglig tillbage paa, som paa mit egentlige Hjem. Hvorledes er det med Dem? Har De for længere Tid slaaet Dem ned i Italien?</p>
<p>De maa ikke <anchor type="lemma" xml:id="koB12_1951"/>tage Repressalier for min lange Taushed. Faar De en ledig Stund, saa skriv mig till. Hvad bliver der af <anchor type="lemma" xml:id="koB12_1952"/>
                            <HIS:hisRef type="person" target="Navneregister_HISe.xml#peVB">Bergsøes</HIS:hisRef> store Roman? Sig ham, at han endelig maa lade <HIS:hisRef type="person" target="Navneregister_HISe.xml#peFH">Hegel</HIS:hisRef> faa den. Af Hegel erfarer jeg, at Bergsøe ikke har tillbudt ham <anchor type="lemma" xml:id="koB12_1953"/>Forlaget; men sig ham, at han gjør galt i at overlade det till en anden. Hils forøvrigt ham og <anchor type="lemma" xml:id="koB12_1954"/>hans Familje samt alle andre gode Venner paa det hjerteligste fra mig. Etatsraad <HIS:hisRef type="person" target="Navneregister_HISe.xml#peJB">Bravo</HIS:hisRef> beder jeg Dem underrette om at jeg strax efter Paaskedagen agter at tillskrive ham et langt Brev. Vil De forresten bevise mig en stor Tjeneste, saa beder De Dhrr: <HIS:hisRef type="person" target="Navneregister_HISe.xml#peOVM">Mourrier</HIS:hisRef> og <HIS:hisRef type="person" target="Navneregister_HISe.xml#peOF">Fladager</HIS:hisRef> om, hver paa sin Kant, at faa oppsnuset en godhjertet hjemrejsende Skandinav, som maatte være villig till at medtage en mig tillhørende og <anchor type="lemma" xml:id="koB12_1955"/>hos Etatsraad Bravo beroende Bogpakke, samt at aflevere <HIS:hisRef type="tcNote" xml:id="noteT12_543" target="B1844-1871ht_noter.xml" corresp="noteT12_543">den,</HIS:hisRef> enten i den <HIS:hisRef type="org" target="Navneregister_HISe.xml#orgGyl">Gyldendalske Boghandel</HIS:hisRef> i <HIS:hisRef type="place" target="Navneregister_HISe.xml#plKbh">Kbhvn</HIS:hisRef> eller, hvis Vedkommende lægger Vejen over Dresden, hos mig: <emph>An der Frauenkirche, N<hi rend="raised">o</hi> 6, 1<hi rend="raised">te</hi> Etage</emph>. De dermed muligens forbundne Udgifter, Fragt, o. s. v – betaler jeg naturligvis med Fornøjelse.</p>
<p>Dresden kjender De jo, saa det <HIS:hisRef type="tcNote" xml:id="noteT12_544" target="B1844-1871ht_noter.xml" corresp="noteT12_544">vilde</HIS:hisRef> <pb n="[3]"/>være overflødigt at give Dem nogen Skildring af Livet her. <anchor type="lemma" xml:id="koB12_1956"/>Theatret besøger vi flittigt og modtager <anchor type="lemma" xml:id="koB12_1957"/>nu og da Besøg af Landsmænd. Her er et fabelagtigt billigt Levested. <HIS:hisRef type="person" target="Navneregister_HISe.xml#peSiI">Sigurd</HIS:hisRef> blev till Nytaar indsatt i <anchor type="lemma" xml:id="koB12_1958"/>
                            <HIS:hisRef type="person" target="Navneregister_HISe.xml#peKAH">Dr: Hölbes</HIS:hisRef> store Institut, der hovedsagelig besøges af Udlændinge, Amerikanere, Engelændre, Russer, Polakker, o. s. v., og bestaar af Gymnasium, Real- og Elementærskole, i hvilke Undervisningen foregaar paa Tydsk og Fransk. Ved den i Lørdags afsluttede Paaskeexamen rykkede han opp till N<hi rend="raised">o</hi> 3 i øverste Elementærklasse og erholdt derhos et pragtfuldt udstyret «Belobungs-Zeugniss», en Udmærkelse, som af hele Elevantallet kun blev 6 Stykker tilldelt. Jeg fortæller Dem dette, fordi jeg ved det vil glæde Dem, og fordi jeg erkjender at det hovedsagelig skyldes Dem, der i alle Henseender har øvet <anchor type="lemma" xml:id="koB12_1959"/>en saa velsignelsesrig Indflydelse paa ham, noget jeg aldrig, aldrig skal glemme Dem!</p>
<p>
                            <anchor type="lemma" xml:id="koB12_1960"/>Afvigte Sommer tillbragte vi i <HIS:hisRef type="place" target="Navneregister_HISe.xml#plTy">Tyrol</HIS:hisRef>, hovedsagelig i <HIS:hisRef type="place" target="Navneregister_HISe.xml#plBo">
                                <anchor type="lemma" xml:id="koB12_1961"/>Botzen</HIS:hisRef> og <HIS:hisRef type="place" target="Navneregister_HISe.xml#plBerGad">
                                <anchor type="lemma" xml:id="koB12_1962"/>Berchtesgaden</HIS:hisRef>, med Udflugter till alle Kanter. Her bliver vi ialfald et Aar; drager De hjemover till Sommeren, saa haaber jeg De lægger Vejen over Dresden; det vilde være en Fest for os at se Dem her.</p>
<p>Lev vel for dennegang og modtag fra os alle de hjerteligste Hilsener gjennem</p>
<salute>Deres stedse hengivne</salute>
<signed>Henrik <HIS:hisRef type="tcNote" xml:id="noteT12_756" target="B1844-1871ht_noter.xml" corresp="noteT12_756">Ibsen.</HIS:hisRef>
                        </signed>
</div>
<div type="postscript">
<p>
                            <pb n="[4]"/>P. S. <anchor type="lemma" xml:id="koB12_1963"/>
                            <HIS:hisRef type="work" target="Navneregister_HISe.xml#woBr">«Brand»</HIS:hisRef> er blevet oversatt paa Tydsk af en Literat ved Navn <HIS:hisRef type="person" target="Navneregister_HISe.xml#pePFS">P. F. Sieboldt</HIS:hisRef>, og skal nok udkomme till Efteraaret. Jeg kjender ikke Oversættelsen og ved saaledes ikke hvorvidt den er lykkedes; men det maa neppe have været noget lett Arbejde – <anchor type="lemma" xml:id="koB12_1964"/>vedremo!</p>
<signed>H. I.</signed>
</div>
</body>
</text>