<?xml version="1.0" encoding="UTF-8"?><text xmlns="http://www.tei-c.org/ns/1.0" xmlns:HIS="http://www.example.org/ns/HIS" rend="letter" corresp="B18710106JB" xml:lang="da-no">
                <body>
<div type="letter">
<dateline>
                            <pb n="[1]"/>Dresden den <date>6<hi rend="raised">te</hi> Januar 1871</date>. –</dateline>
<salute>Højstærede herr etatsråd!</salute>
<p>Uagtet jeg i disse dage befinder mig noget <anchor type="lemma" xml:id="koB12_2872"/>upasselig, skynder jeg mig dog at besvare Deres venlige og meget ærede skrivelse, som jeg modtog imorges.</p>
<p>Årsagen, hvorfor jeg anser et hurtigt svar nødvendigt, er denne:</p>
<p>I Deres brev af 8<hi rend="raised">de</hi> Juni 1870 melder De mig at <HIS:hisRef type="org" target="Navneregister_HISe.xml#orgSF">Skandinaverne i Rom</HIS:hisRef> fra nævnte års udgang <anchor type="lemma" xml:id="koB12_2873"/>ikke længere ønsker Morgenbladet, samt at <HIS:hisRef type="person" target="Navneregister_HISe.xml#peEGr">
                                <anchor type="lemma" xml:id="koB12_2874"/>herr Grieg</HIS:hisRef> fra samme tid af vil <anchor type="lemma" xml:id="koB12_2875"/>skaffe det norske Aftenblad istedet. Da ingen kontra-besked indløb fra Dem måtte jeg henimod årsskiftet tilmelde Morgenbladets expedition at man fra 31<hi rend="raised">te</hi> december skulde standse forsendelsen.</p>
<p>Hvorvidt man i <HIS:hisRef type="place" target="Navneregister_HISe.xml#plRom">Rom</HIS:hisRef> er tjent med at få en indholdsløs avis istedetfor en indholdsrig, vedkommer ikke mig; men da jeg dog tænkte mig muligheden af at det Griegske <anchor type="lemma" xml:id="koB12_2876"/>anstaltmageri af en eller anden grund kunde komme <pb n="[2]"/>til at strande, så har jeg efter evne søgt at <anchor type="lemma" xml:id="koB12_2877"/>betage sagen det for Morgenbladet krænkende udseende; og dersom De fremdeles ønsker at beholde dette blad, så vil sådant hurtigst og bekvemmest kunne ske ved en henvendelse <emph>til mig</emph>, som da uopholdelig skal besørge det fornødne.</p>
<p>Hvis de norske Skandinaver i Rom for tiden er uden aviser fra hjemlandet, så må jeg forlange at man gør dem udtrykkelig opmærksom på, hos hvem skylden ligger, nemlig hos herr Grieg og ikke hos mig.</p>
<p>Brevet til <HIS:hisRef type="person" target="Navneregister_HISe.xml#peAtD">herr <anchor type="lemma" xml:id="koB12_2878"/>tom Dick</HIS:hisRef> skal snarest muligt blive besørget.</p>
<p>
                            <anchor type="lemma" xml:id="koB12_2879"/>Den medfølgende regning forstår jeg fuldkommen; men renteberegningen finder jeg i to punkter ubillig:</p>
<p>1.) jeg må højlig betvivle at <anchor type="lemma" xml:id="koB12_2880"/>lånekassens øvrige midler gøres <anchor type="lemma" xml:id="koB12_2881"/>frugtbringende til 5 p. ct; efter italienske forholde må 3 p: ct: ansees for god rente.</p>
<p>2.) det går ikke an at beregne rente for året 1870 af Morgenbladets kostende; havde foreningen selv skullet bestille og betale bladet, så måtte beløbet været erlagt forskudsvis, og at jeg ifølge <anchor type="lemma" xml:id="koB12_2882"/>mit literære forhold til bladet kan arrangere mig anderledes er en privatsag, som ikke berettiger Skandinaverne <pb n="[3]"/>i Rom til nogen slags pengefordel på min bekostning.</p>
<p>For øvrigt beder jeg Dem, kære herr etatsråd, at bringe mine romerske venner en venlig hilsen. Dem selv beder jeg modtage forsikkringen om min hjerteligste hengivenhed, og med ønsket om <HIS:hisRef type="tcNote" xml:id="noteT12_708" target="B1844-1871ht_noter.xml" corresp="noteT12_708">et</HIS:hisRef> godt og glædeligt nytår tegner jeg mig</p>
<salute>Deres stedse ærbødigst forbundne</salute>
<signed>Henrik Ibsen.</signed>
</div>
</body>
</text>