<?xml version="1.0" encoding="UTF-8"?><text xmlns="http://www.tei-c.org/ns/1.0" xmlns:HIS="http://www.example.org/ns/HIS" rend="letter" corresp="B18640916BB" xml:lang="da-no">
<body>
<div type="letter">
<dateline>
                            <pb n="[1]"/>Rom den <date>16<hi rend="raised">de</hi> <HIS:hisRef type="tcNote" xml:id="noteT12_202" target="B1844-1871ht_noter.xml" corresp="noteT12_202">September</HIS:hisRef> 1864</date>.</dateline>
<salute>Kjære Bjørnson!</salute>
<p>
                            <HIS:hisRef type="person" target="Navneregister_HISe.xml#peLD">Dietrichson</HIS:hisRef> har vist mig dit Brev; at Du, dengang Du skrev det, i Slutningen af August, endnu ikke var vidende om <anchor type="lemma" xml:id="koB12_831"/>mit Svar paa <HIS:hisRef type="org" target="Navneregister_HISe.xml#orgChrTh">Theaterdirektionens</HIS:hisRef> Tilbud, var mig meget paafaldende, men at Du et eneste Øjeblik har kunnet være i Uvished om hvilket Svar der for mig stod som det eneste, der <emph>kunde</emph> gives, var mig noget mere end paafaldende. <anchor type="lemma" xml:id="koB12_832"/>Raad, af den Beskaffenhed, som Du forudsætter, har ganske rigtigt været mig givne, men havde jeg kunnet tænke mig Muligheden af at Du gjennem Theaterforhandlingernes Gang i den sidste Tid havde været i Tvivl om paa hvilket Punkt Du egentlig havde mig, saa havde jeg, samtidig med <anchor type="lemma" xml:id="koB12_833"/>mit Brev til Theaterdirectionen, underrettet Dig om Beskaffenheden af mit Svar, thi jeg kan godt forestille mig at en saadan Tvivl ialfald ikke kunde være til Gavn for Sagens Gang i nogen Henseende; men, som sagt, det faldt mig aldrig ind at en saadan Tvivl kunde opstaa. – I Midten af Juli (dateret 16<hi rend="raised">de</hi>) tilskrev <HIS:hisRef type="person" target="Navneregister_HISe.xml#peRP">Richard Petersen</HIS:hisRef> mig, underrettede mig om at Underhandlingerne med Dig var gaaet overstyr og tilbød mig paa Theaterdirektionens Vegne Posten som artistisk Direktør, eller rettere, han forsøgte at gjøre gjældende at nu, da Du ikke <emph>vilde</emph>, saa <emph>maatte</emph> jeg overtage Posten. <pb n="[2]"/>Af <anchor type="lemma" xml:id="koB12_834"/>nogle udklippede Morgenbladsspalter, som fulgte indlagt i Brevet, erfarede jeg Sagens ydre Stilling for Øjeblikket. Da jeg <anchor type="lemma" xml:id="koB12_835"/>just i den <HIS:hisRef type="tcNote" xml:id="noteT12_203" target="B1844-1871ht_noter.xml" corresp="noteT12_203">Tid</HIS:hisRef> opholdt mig ude i <HIS:hisRef type="place" target="Navneregister_HISe.xml#plGenz">Genzano</HIS:hisRef>, kom Skrivelsen mig noget sent ihænde; men saasnart jeg havde modtaget den, gav jeg uden Betænkning mit Svar. Jeg afslog Tilbudet, afslog det definitivt, uden Forbehold, og uden at aabne nogen Mulighed for at forandrede Omstændigheder skulde kunne fremkalde nogen anden Beslutning fra min Side. Aldrig, hverken da eller siden, har det et Øjeblik kunnet falde mig ind at der for mig var noget andet Svar at give end et, som indeholdt et fuldstændigt Afslag. Kjære Bjørnson, Du ser altsaa at Du i dette Punct har gjort mig Uret ved at nære en <anchor type="lemma" xml:id="koB12_836"/>Mistro, som den, der fremgaar af <anchor type="lemma" xml:id="koB12_837"/>dit Brev til Dietrikson. Jeg vil imidlertid ikke nægte at jeg kan forklare mig denne Mistro, <HIS:hisRef type="tcNote" xml:id="noteT12_204" target="B1844-1871ht_noter.xml" corresp="noteT12_204">og</HIS:hisRef> at jeg lægger Skylden derfor ikke saa meget paa Dig som paa mig selv. Jeg ved at jeg har den Mangel ikke at kunne komme tæt og inderligt nær til de Folk, for hvem Fordringen er at <HIS:hisRef type="tcNote" xml:id="noteT12_205" target="B1844-1871ht_noter.xml" corresp="noteT12_205">skulle</HIS:hisRef> give sig hen aabent og helt ud; jeg har noget af det Samme som <anchor type="lemma" xml:id="koB12_838"/>Skalden i <HIS:hisRef type="work" target="Navneregister_HISe.xml#woKE">Kongsemnerne</HIS:hisRef>, jeg kan aldrig komme mig ret for at klæde mig helt af, jeg har en Følelse af at jeg til min Raadighed i personlige Forholde kun har et falskt Udtryk for det, som jeg bærer allerinderst, og som egentlig er mig selv, derfor foretrækker jeg at lukke det inde og derfor er det at vi stundom har staaet ligesom observerende hinanden paa Afstand. Men dette maa Du selv have indseet, eller ialfald noget lignende, det er umuligt andet, thi ellers vilde Du ikke have kunnet bevare et saa rigt og varmt Vennehjerte for mig. – At man hjemme saa længe har holdt Dig i Uvidenhed om mit <HIS:hisRef type="tcNote" xml:id="noteT12_206" target="B1844-1871ht_noter.xml" corresp="noteT12_206">Svar</HIS:hisRef> kan jeg ikke forklare mig Grunden til, eller rettere, jeg foretrækker, ikke at forsøge paa at klargjøre mig den; og hermed nok om denne Historie. – <pb n="[3]"/>Tag nu min Tak for al den Skjønhed jeg har <HIS:hisRef type="tcNote" xml:id="noteT12_207" target="B1844-1871ht_noter.xml" corresp="noteT12_207">inddrukket</HIS:hisRef> paa min Rejse, Du kan tro den har gjort mig godt. Navnlig er her i <HIS:hisRef type="place" target="Navneregister_HISe.xml#plRom">Rom</HIS:hisRef> meget Nyt gaaet op for mig; men Antiken kan jeg endnu ikke <anchor type="lemma" xml:id="koB12_839"/>komme tilrette med, jeg forstaar ikke egentlig dens Sammenhæng med vor Tid, jeg savner <HIS:hisRef type="tcNote" xml:id="noteT12_208" target="B1844-1871ht_noter.xml" corresp="noteT12_208">Illusionen</HIS:hisRef> og fremfor alt det personlige og individuelle Udtryk saavel i Kunstværket som hos Kunstneren og jeg kan ikke hjælpe for at jeg, ialfald endnu, ofte <anchor type="lemma" xml:id="koB12_840"/>kun ser Vedtægter der, hvor Andre paastaar at der findes Love; det forekommer mig som om de antike <anchor type="lemma" xml:id="koB12_841"/>plastiske Værker, ligesom vore <anchor type="lemma" xml:id="koB12_842"/>Kjæmpeviser, mere ere forfærdigede af den Samtid hvori de bleve til, end af denne eller hin Mester; men derfor forekommer det mig ogsaa at saamange af vore moderne Billedhuggere griber tilbunds fejl naar de i vore Dage <anchor type="lemma" xml:id="koB12_843"/>fortfarer med at digte Kjæmpeviser i Ler og Marmor. <HIS:hisRef type="person" target="Navneregister_HISe.xml#peBMi">
                                <anchor type="lemma" xml:id="koB12_844"/>Michel Angelo</HIS:hisRef>, <HIS:hisRef type="person" target="Navneregister_HISe.xml#peGLB">
                                <anchor type="lemma" xml:id="koB12_845"/>Bernini</HIS:hisRef> og hans Skole forstaar jeg bedre; de Karle havde Mod til at gjøre en Galskab engang imellem. Arkitekturen har grebet mig mere, men hverken den antike eller <anchor type="lemma" xml:id="koB12_846"/>dens senere Affødninger tiltaler mig dog saa meget som <anchor type="lemma" xml:id="koB12_847"/>Gothiken; for mig staar <anchor type="lemma" xml:id="koB12_848"/>Kirken i <HIS:hisRef type="place" target="Navneregister_HISe.xml#plMil">Milano</HIS:hisRef> som det mest Overvældende jeg paa dette Feldt kan tænke mig; den Mand der har kunnet undfange Planen til et saadant Værk, han maatte kunnet falde paa i sine Fritimer at gjøre en Maane og kaste den ud i Himmelrummet. Meget af hvad jeg her løseligt har antydet vil Du vistnok ikke billige; men jeg tror at det hænger sammen med mit Standpunkt idetheletaget og at min Kunstopfatning vil udvikle sig med dette. Her i Rom er der en velsignet Fred til at skrive i; fortiden arbejder jeg paa <anchor type="lemma" xml:id="koB12_849"/>et større Digt og har i Forberedelse en Tragedie <HIS:hisRef type="work" target="Navneregister_HISe.xml#woKG">
                                <anchor type="lemma" xml:id="koB12_850"/>«Julianus Apostata»</HIS:hisRef>, et Arbejde, som jeg omfatter med en <anchor type="lemma" xml:id="koB12_851"/>ubændig Glæde og som jeg vist tror skal lykkes mig; til Vaaren eller ialfald udpaa Sommeren haaber jeg at have begge Dele færdige. <anchor type="lemma" xml:id="koB12_852"/>Udpaa Høsten kommer <HIS:hisRef type="person" target="Navneregister_HISe.xml#peSuI">min Kone</HIS:hisRef> og <HIS:hisRef type="person" target="Navneregister_HISe.xml#peSiI">min lille Gut</HIS:hisRef> herned; jeg haaber at Du <pb n="[4]"/>
                            <anchor type="lemma" xml:id="koB12_853"/>billiger dette Arrangement. Hvad de ydre Motiver dertil angaar saa skal jeg kun bemærke at det vil falde billigere naar vi lever sammen end naar jeg, som hidindtil, <anchor type="lemma" xml:id="koB12_854"/>maa holde Husholdning i Kjøbenhavn; hertil kommer at Dietrichson <HIS:hisRef type="tcNote" xml:id="noteT12_209" target="B1844-1871ht_noter.xml" corresp="noteT12_209">til Nytaar</HIS:hisRef> forlader Rom og at <anchor type="lemma" xml:id="koB12_855"/>jeg kommer til at overtage hans Post hvorved jeg har fri Bolig med Tilbehør og endda lidt Gage til; for 400 Sp<hi rend="raised">d</hi> idethele kan jeg leve et Aar i Rom. Rejsepenge til min Kone besørger <HIS:hisRef type="person" target="Navneregister_HISe.xml#peJHT">
                                <anchor type="lemma" xml:id="koB12_856"/>min Svoger</HIS:hisRef> i <HIS:hisRef type="place" target="Navneregister_HISe.xml#plKri">Christiania</HIS:hisRef> af Restbeløbet af mit Stipendium; og efter Overslaget vil hun komme til at rejse billigt idet hun faar <anchor type="lemma" xml:id="koB12_857"/>Rejsefølge med en Dame fra <HIS:hisRef type="place" target="Navneregister_HISe.xml#plKbh">Kjøbenhavn</HIS:hisRef>, der tidligere har været her og som har Øvelse i at rejse billigt. – Til October Maaneds Begyndelse tiltrænger jeg Penge, hvilket jeg af dit Brev ser at Du er forberedt paa og som jeg derfor beder Dig om godhedsfuldt at besørge mig tilsendt til den Tid. – Jeg gratulerer til den for mig ganske uventede <HIS:hisRef type="person" target="Navneregister_HISe.xml#peEjBj">
                                <anchor type="lemma" xml:id="koB12_858"/>Forøgelse af din Familie</HIS:hisRef> og beder Dig hilse <HIS:hisRef type="person" target="Navneregister_HISe.xml#peKBj">din Kone</HIS:hisRef> mangfoldige Gange. <HIS:hisRef type="person" target="Navneregister_HISe.xml#peBD">Advokat Dunker</HIS:hisRef> beder jeg Dig ligeledes bringe min bedste Hilsen og anmoder Dig om at vise ham mit Brev, da det, jeg her har sagt til Dig, i det Store og væsentlige ogsaa gjælder ham og da <HIS:hisRef type="tcNote" xml:id="noteT12_210" target="B1844-1871ht_noter.xml" corresp="noteT12_210">jeg</HIS:hisRef> vel tør formode at han angaaende <anchor type="lemma" xml:id="koB12_859"/>mit Forhold til Theateranliggendet har tænkt sig de samme Muligheder som Du. Hvergang han har sendt mig Penge har han tilskrevet mig nogle hjertelige Ord og jeg skal aldrig glemme at erindre med Taknemmelighed den rene og humane Følelse, som, uagtet jeg skylder ham saa Meget, dog aldrig har tilladt ham med et Ord at antyde at han betragter mig som sin Ejendom paa <HIS:hisRef type="tcNote" xml:id="noteT12_211" target="B1844-1871ht_noter.xml" corresp="noteT12_211">Rejsen</HIS:hisRef> eller at meddele mig detaillerte Instruxer i nogen Henseende. Herfor skal jeg være jer Begge dobbelt erkjendtlig, baade fordi I har hjulpet mig godt og fordi I har hjulpet mig smukt og skaansomt. – Du fejler naar Du tror af <anchor type="lemma" xml:id="koB12_860"/>mit Brev fra Kjøbenhavn at kunne se at jeg ingen Korrespondance ønsker; jeg er daarlig Brevskriver, derfor har jeg tidt en Skræk for at skrive selv, men jeg tørster efter at modtage selv den allertarveligste Billet hjemmefra.</p>
<p>Hvad arbejder Du paa fortiden? Herom og om Theatersagen m. m. haaber jeg snart at faa høre lidt. <anchor type="lemma" xml:id="koB12_861"/>De politiske Forholde hjemme har bedrøvet mig meget og forbittret mangen Nydelse for mig. Løgn og Drømme var altsaa det <HIS:hisRef type="tcNote" xml:id="noteT12_212" target="B1844-1871ht_noter.xml" corresp="noteT12_212">Hele</HIS:hisRef>. Paa mig vil ialfald de sidste Tiders Begivenheder faa megen Indflydelse. Vor gamle Historie faar vi nu slaa en Streg over; thi Nutidens Normænd har aabenbart <anchor type="lemma" xml:id="koB12_862"/>ikke mere med sin Fortid at gjøre end Grækerpiraterne har med den Slægt, der sejlede til <HIS:hisRef type="place" target="Navneregister_HISe.xml#plTroj">Troja</HIS:hisRef> og blev hjulpen af Guderne. Jeg ser af Dit Brev at Du har Haab; ja gid det var saa vel og at det ikke maatte skuffes.</p>
<salute>Lev vel. Din</salute>
                        <signed>Henr: Ibsen.</signed>
</div>
</body>
</text>