<?xml version="1.0" encoding="UTF-8"?><text xmlns="http://www.tei-c.org/ns/1.0" xmlns:HIS="http://www.example.org/ns/HIS" rend="letter" corresp="B18720302FH" xml:lang="da-no">
<body>
<div type="letter">
<dateline>
                            <pb n="[1]"/>Dresden den <date>2<hi rend="raised">den</hi> Marts 1872</date>. –</dateline>
<salute>Kære herr Hegel!</salute>
<p>Undskyld at jeg idag ulejliger Dem med et par ord. Jeg vilde være Dem meget forbunden, dersom De en af dagene vilde have den godhed at besørge mig tilsendt 100 Rdlr: enten i preussiske papirpenge eller i postanvisninger, hvis dette sidste nemlig skulde volde mindre ulejlighed.</p>
<p>
                            <anchor type="lemma" xml:id="koB13_311"/>Processen mod bog- og eftertrykker <HIS:hisRef type="person" target="Navneregister_HISe.xml#peHJJ">Jensen</HIS:hisRef> er i fuld gang. Den føres fra min side af <HIS:hisRef type="tcNote" xml:id="noteT13_46" target="B1871-1879ht_noter.xml" corresp="noteT13_46">højesteretsadvokat</HIS:hisRef> <HIS:hisRef type="person" target="Navneregister_HISe.xml#peESta">
                                <anchor type="lemma" xml:id="koB13_312"/>Stang</HIS:hisRef>, søn af <HIS:hisRef type="person" target="Navneregister_HISe.xml#peFStang">
                                <anchor type="lemma" xml:id="koB13_313"/>statsråden</HIS:hisRef>, der ret <anchor type="lemma" xml:id="koB13_314"/>con amore har grebet denne lejlighed til at komme Jensen tillivs; – Jensen er, som De måske ved, udgiver af <HIS:hisRef type="org" target="Navneregister_HISe.xml#orgDagbl">
                                <anchor type="lemma" xml:id="koB13_315"/>«Dagbladet»</HIS:hisRef>, hvilket blad nu i længere tid har forfulgt det Stangske ministerium med hadske angreb. Oprindelig var også boghandlerne <HIS:hisRef type="person" target="Navneregister_HISe.xml#peJDy">Dybvad</HIS:hisRef> og <HIS:hisRef type="person" target="Navneregister_HISe.xml#peAC">Cammermeyer</HIS:hisRef> tiltalte, fordi <pb n="[2]"/>de havde <anchor type="lemma" xml:id="koB13_316"/>falholdt eftertrykket; men da det oplystes at de intet havde solgt og da de <anchor type="lemma" xml:id="koB13_317"/>vedtog en forpligtelse til ikke mere at befatte sig med den Jensenske affære, så frafaldtes klagen for deres vedkommende.</p>
<p>Forresten alt ved det gamle. Jeg arbejder daglig på <HIS:hisRef type="work" target="Navneregister_HISe.xml#woKG">
                                <anchor type="lemma" xml:id="koB13_318"/>«Kejser Julian»</HIS:hisRef>. <HIS:hisRef type="work" target="Navneregister_HISe.xml#woBr">
                                <anchor type="lemma" xml:id="koB13_319"/>«Brand»</HIS:hisRef> er, efter hvad jeg hører, udkommen på tysk; <anchor type="lemma" xml:id="koB13_320"/>jeg har endnu ikke læst oversættelsen.</p>
<p>Hjertelige hilsener til Dem og <HIS:hisRef type="person" target="Navneregister_HISe.xml#peJH">Deres søn</HIS:hisRef> fra</p>
<salute>Deres stedse hengivne</salute>
<signed>Henrik Ibsen.</signed>
</div>
</body>
</text>