<?xml version="1.0" encoding="UTF-8"?><text xmlns="http://www.tei-c.org/ns/1.0" xmlns:HIS="http://www.example.org/ns/HIS" rend="letter" corresp="B18671016JB" xml:lang="da-no">
<body>
<div type="letter">
<dateline>
                            <pb n="[1]"/>Sorrento den <date>16<hi rend="raised">de</hi> October 1867</date>. –</dateline>
<salute>Kjære og højstærede Hr: Etatsraad!</salute>
<p>I Haab om at disse Linjer maa træffe Dem i bedste Velgaaende tillader jeg mig at tillskrive Dem for at melde vor <anchor type="lemma" xml:id="koB12_1579"/>forestaaende Ankomst till <HIS:hisRef type="place" target="Navneregister_HISe.xml#plRom">Rom</HIS:hisRef>, forudsat at De ikke paa Grund af Forholdene raader os till at blive borte.</p>
<p>Skulde De hverken med Hensyn till <anchor type="lemma" xml:id="koB12_1580"/>Cholera eller Uroligheder finde Betænkeligheder derved, saa er det vor Agt at komme om en fjorten Dage i det seneste, og maaske før, hvis jeg modtager Brev fra Dem.</p>
<p>Tør jeg anmode Dem om at lade <HIS:hisRef type="person" target="Navneregister_HISe.xml#peGuB">
                                <anchor type="lemma" xml:id="koB12_1580a"/>Giuseppe</HIS:hisRef> sige till min forrige Vært, <HIS:hisRef type="person" target="Navneregister_HISe.xml#peALo">Sigr: Lorenzani</HIS:hisRef>, der er <anchor type="lemma" xml:id="koB12_1581"/>Ministro i Boutikken ligeoverfor <anchor type="lemma" xml:id="koB12_1582"/>Caffe greco, at jeg ønsker <anchor type="lemma" xml:id="koB12_1583"/>at <pb n="[2]"/>beholde Værelserne ogsaa for denne Vinter, og at jeg skal et Par Dage i Forvejen underrette ham om Ankomsttiden.</p>
<p>Hvorledes er det med Sundhedstillstanden i Rom og Omegn? De neapolitanske Blade har fortalt de forfærdeligste Ting, men jeg har lært kun at tro en tiende Del deraf.</p>
<p>Om min Rejse haaber jeg at fortælle Dem mundtligt. For de gjennem <HIS:hisRef type="person" target="Navneregister_HISe.xml#peLFGS">Hr: <anchor type="lemma" xml:id="koB12_1583a"/>Sibbern</HIS:hisRef> modtagne <anchor type="lemma" xml:id="koB12_1584"/>Aviser takker jeg forbindtligst og skal bringe dem i god Orden tillbage.</p>
<p>Har De foretaget nogen Udflugt denne Sommer? Vi har intet hørt fra Rom siden vor Afrejse.</p>
<p>
                            <HIS:hisRef type="person" target="Navneregister_HISe.xml#peSuI">Min Kone</HIS:hisRef> beder hilse paa det forbindtligste. Jeg har fuldført <HIS:hisRef type="work" target="Navneregister_HISe.xml#woPG">
                                <anchor type="lemma" xml:id="koB12_1585"/>et nyt stort literært Arbejde</HIS:hisRef>, som udkommer till Julen i <HIS:hisRef type="place" target="Navneregister_HISe.xml#plKbh">Kjøbenhavn</HIS:hisRef>.</p>
<p>Tillgiv den Ulejlighed, som atter voldes Dem af</p>
<salute>Deres stedse ærbødige og hengivne</salute>
<signed>Henrik Ibsen.</signed>
</div>
<div type="postscript">
<p>Min Adresse er: Rosa magra.</p>
</div>
</body>
</text>