<?xml version="1.0" encoding="UTF-8"?><text xmlns="http://www.tei-c.org/ns/1.0" xmlns:HIS="http://www.example.org/ns/HIS" rend="letter" corresp="B18630624RN" xml:lang="da-no">
<body>
<div type="letter">
<dateline>Christiania den <date>24<hi rend="raised">de</hi> Juni 1863</date>.</dateline>
<salute>Min kjære Ven!</salute>
<p>Netop i denne Time er det <anchor type="lemma" xml:id="koB12_790"/>8 Dage siden Afskeden gik for sig, og Gud ske Lov jeg bærer endnu Feststemningen i mig og haaber at jeg endnu længe skal beholde den. Hjertelig Tak til Dig og <HIS:hisRef type="person" target="Navneregister_HISe.xml#peWEN">din velsignede Hustru</HIS:hisRef> for al den usigelige Venlighed og Godhed, I har vist mig. Festen deroppe og de mange kjære uforglemmelige Mennesker, jeg traf sammen med, virker paa mig som en velgjørende Kirkegang og jeg haaber fuldt og vist at den Stemning ikke skal udslettes; alle vare saa gode mod mig i <HIS:hisRef type="place" target="Navneregister_HISe.xml#plBerg">Bergen</HIS:hisRef>; det er ikke saa her, hvor der gives mange, som søger at smærte og saare mig ved hver Anledning. Dette stærke løftende Indtryk, dette at man ligesom føler sig forædlet og forbedret i alle sine Tanker, tror jeg er fælles for alle Gjæster ved Sangerfesten, og der maatte isandhed ogsaa findes meget Haardt og Ondt i den Sjæl, som skulde kunne holde et saadant Indtryk borte fra sig. Heri ligger maaske den dybest velgjørende Virkning af Festen. –</p>
<p>
                            <anchor type="lemma" xml:id="koB12_791"/>Dit Telegram modtog jeg ved <anchor type="lemma" xml:id="koB12_791a"/>Afreisen fra <HIS:hisRef type="place" target="Navneregister_HISe.xml#plSta">Stavanger</HIS:hisRef> og takker Dig ogsaa for denne din venlige Opmærksomhed.</p>
<p>
                            <anchor type="lemma" xml:id="koB12_792"/>Om Hjemreisen vil jeg ikke her videre fortælle, jeg haaber snart at skulle gjøre det i et af vore Blade. Lev derfor vel og lad mig høre fra Dig. Hils alle dem, som vi kom sammen med deroppe, <HIS:hisRef type="person" target="Navneregister_HISe.xml#peCKG">
                                <anchor type="lemma" xml:id="koB12_793"/>Chr. Grans</HIS:hisRef>, <HIS:hisRef type="person" target="Navneregister_HISe.xml#peWMo">
                                <anchor type="lemma" xml:id="koB12_794"/>W: Mohrs</HIS:hisRef>, <HIS:hisRef type="person" target="Navneregister_HISe.xml#peANil">
                                <anchor type="lemma" xml:id="koB12_795"/>dine Brødre</HIS:hisRef>, <HIS:hisRef type="person" target="Navneregister_HISe.xml#pePB">Blytt</HIS:hisRef> – kort allesammen! Kommer <HIS:hisRef type="person" target="Navneregister_HISe.xml#peJvdL">
                                <anchor type="lemma" xml:id="koB12_796"/>Jakob v. d. L.</HIS:hisRef> herind saa vil vi holde en Erindringsfest sammen vi to. Dig og din kjære Hustru opgiver jeg heller ikke Haabet om at gjensee og sender eder imidlertid de hjerteligste og oprigtigste Hilsener. Glem ikke eders taknemmeligt hengivne</p>
<signed>Henr: Ibsen.</signed>
</div>
</body>
</text>