<?xml version="1.0" encoding="UTF-8"?><text xmlns="http://www.tei-c.org/ns/1.0" xmlns:HIS="http://www.example.org/ns/HIS" rend="letter" corresp="B18530804NTB" xml:lang="da-no">
                <body>
<div type="letter">
<p>
                            <pb n="[1]"/>Som Svar paa Bestyrelsens Skrivelse af 30<hi rend="raised">te</hi> f: M: har jeg kun at anføre Følgende.</p>
<p>
                            <anchor type="lemma" xml:id="koB12_197"/>Fra den Tid Regievæsnet overdroges til mig har jeg havt nedenstaaende <anchor type="lemma" xml:id="koB12_198"/>Regielister at udfærdige:</p>
 <list type="numbered">
<item n="1">
                                <anchor type="lemma" xml:id="koB12_199"/>«Den Gamle.»</item>
<item n="2">
                                <anchor type="lemma" xml:id="koB12_200"/>«Kong Salomon og Jørgen Hattemager.»</item>
<item n="3">
                                <anchor type="lemma" xml:id="koB12_201"/>«Valeur &amp; Comp:»</item>
<item n="4">
                                <anchor type="lemma" xml:id="koB12_202"/>«Indkvarteringen.»</item>
</list>
<p>Disse 4 Regielister ligge naturligviis til Eftersyn naar det maatte forlanges, og vil det deraf kunne sees, at vedkommende <anchor type="lemma" xml:id="koB12_203"/>Angiver har været mindre vel underrettet. – Der findes <HIS:hisRef type="tcNote" xml:id="noteT12_64" target="B1844-1871ht_noter.xml" corresp="noteT12_64">ingen</HIS:hisRef> Unøiagtigheder i de af mig udfærdigede Regielister.</p>
<p>Hvad <anchor type="lemma" xml:id="koB12_204"/>«Babiole og Joblot» samt <anchor type="lemma" xml:id="koB12_205"/>«Efterskriften» vedkomme, da ere disse Stykker arrangerede af <anchor type="lemma" xml:id="koB12_206"/>Oversætter og Forfatter, hvorhos Reqvisitlister forefindes ved Theatret fra den Tid <anchor type="lemma" xml:id="koB12_207"/>Stykkerne gaves af de Danske. Til de øvrige Stykker, der ere givne efterat jeg fik med Regievæsnet at gjøre, ere Listerne udfærdigede af <HIS:hisRef type="person" target="Navneregister_HISe.xml#peJMay">Mayson</HIS:hisRef> og <HIS:hisRef type="person" target="Navneregister_HISe.xml#pePEN">
                                <anchor type="lemma" xml:id="koB12_208"/>Nielsen</HIS:hisRef>. Stykkernes gjentagne Opførelse have for længe siden givet <pb n="[2]"/>Anledning til at rette hvad der i disse Lister fra Først af maatte være ufuldstændigt eller unøiagtigt.</p>
<p>Hvad Bebreidelsen for «summarisk Behandling af Scenedecorationen» angaaer, saa vilde jeg have været den ærede Bestyrelse meget taknemmelig, dersom denne Beskyldning var bleven mindre «summarisk» fremsat; thi jeg vilde maaskee derved være bleven i Stand til at raade Bod paa Mangt og Meget i et Punct, som jeg visselig ikke mindre end Bestyrelsen holder for særdeles væsentligt, – saalænge jeg imidlertid fremdeles svæver i Uvished om de Forbedringer, der i denne Henseende ansees for ønskelige, er det ikke let for mig at gribe Sagen anderledes an end hidindtil. At der er Meget som i det sceniske Arrangement af Decorationer o. s. v. kunde ønskes anderledes, kan vist ikke være nogen Tvivl underkastet, men det er et andet Spørgsmaal om Bestyrelsen vilde indvilge i de Udtællinger, som paakræves for at supplere, hvad Theatret i saa Henseende mangler. At jeg imidlertid vil søge at gjøre den hensigtsmæssigste Brug af de Midler jeg har at raade over, er Noget, som jeg hidtil har antaget at maatte følge af sig selv.</p>
<p>
                            <pb n="[3]"/>Slutteligen skal jeg meget villig indrømme at mine Forretninger som Regisseur endnu ikke i alle Maader gaar med den ønskelige <HIS:hisRef type="tcNote" xml:id="noteT12_65" target="B1844-1871ht_noter.xml" corresp="noteT12_65">Lethed</HIS:hisRef>; jeg har imidlertid troet det indlysende for enhver i Theatervæsnet Indviet, at hvad der for en Regisseur hovedsagelig paakræves, er Routine, og jeg veed fuldkommen vel at det ikke har været mig muligt at opnaa denne i tilstrækkelig <HIS:hisRef type="tcNote" xml:id="noteT12_66" target="B1844-1871ht_noter.xml" corresp="noteT12_66">Grad</HIS:hisRef> ved at fungere som Regisseur ved 4–5 Forestillinger.</p>
<salute>ærbødigst</salute>
<signed>Henr: Ibsen</signed>
<dateline>Bergen <date>
                                <HIS:hisRef type="tcNote" xml:id="noteT12_67" target="B1844-1871ht_noter.xml" corresp="noteT12_67">4/8</HIS:hisRef> 53</date>.</dateline>
<salute>Til Bestyrelsen for det norske Theater!</salute>
</div>
<div type="postscript">
<p>P. S. Ovenstaaende Gjensvar vilde have været indleveret forrige Thorsdag, saafremt jeg ikke ved en Misforstaaelse havde staaet i den Formening, at der paa Grund af <HIS:hisRef type="person" target="Navneregister_HISe.xml#peJSte">Dhrr <anchor type="lemma" xml:id="koB12_209"/>Steens</HIS:hisRef> og <HIS:hisRef type="person" target="Navneregister_HISe.xml#peHJW">Willes</HIS:hisRef> Fraværelse intet Møde vilde blive afholdt, hvisaarsag Reenskrivten af ovenst: Linier ved Mødets Begyndelse ikke var ganske tilendebragt.</p>
<dateline>
                            <date>
                                <HIS:hisRef type="tcNote" xml:id="noteT12_68" target="B1844-1871ht_noter.xml" corresp="noteT12_68">11/8</HIS:hisRef>. 53</date>.</dateline>
</div>
</body>
</text>