<?xml version="1.0" encoding="UTF-8"?><text xmlns="http://www.tei-c.org/ns/1.0" xmlns:HIS="http://www.example.org/ns/HIS" rend="letter" corresp="B18520530NTB" xml:lang="da-no">
<front>
<pb n="[a]"/>
<HIS:envelope type="sheet">
<address>
<addrLine>Til</addrLine>
<addrLine>Bestyrelsen for det norske Theater</addrLine>
<addrLine>i Bergen.</addrLine>
</address>
</HIS:envelope>
</front>
<body>
<div type="letter">
<dateline>
                            <pb n="[1]"/>Kjøbenhavn d: <date>30<hi rend="raised">te</hi> Mai 1852</date>.</dateline>
<salute>Til Bestyrelsen for det norske Theater!</salute>
<p>Ifredags havde jeg den Fornøielse at modtage Brev fra den ærede Bestyrelse, hvoraf jeg seer, at min Skrivelse af 16<hi rend="raised">de</hi> Dennes, ikke dengang var Bestyrelsen ihændekommet; da imidlertid dette nu forlængst maa være skeet, og Bestyrelsen saaledes vil finde <anchor type="lemma" xml:id="koB12_127"/>sit Brev paa Forhaand besvaret, saa finder jeg det mindre passende at uleilige den ærede Bestyrelse med en Gjentagelse af, hvad jeg i min foregaaende Skrivelse formener tilstrækkeligt udviklet. Jeg skulde derfor have indskrænket mig til i Eet og Alt at henvise til mit forhen Anførte, saafremt ikke adskillige Yttringer <pb n="[2]"/>i Bestyrelsens Brev havde opfordret mig til at være lidt vidtløftigere. – For det Første formaaer jeg ikke at fatte den ærede Bestyrelses Forundring over, at jeg under de i mit foregaaende Brev udviklede Forholde Intet kunde gjøre for <HIS:hisRef type="person" target="Navneregister_HISe.xml#peHaNi">Herr <anchor type="lemma" xml:id="koB12_128"/>H. Nielsen</HIS:hisRef>; at det ved min Afreise blev mig af Bestyrelsen paalagt at tage mig af ham, forholder sig ganske rigtigt; men jeg maa stadigen bede den Betragtning fastholdt, at Herr Nielsen <HIS:hisRef type="tcNote" xml:id="noteT12_49" target="B1844-1871ht_noter.xml" corresp="noteT12_49">antoges at</HIS:hisRef> vilde indtræffe i Kjøbenhavn samtidig med os, og endvidre at det fra min Side forudsattes, at Bestyrelsen vilde ved <HIS:hisRef type="tcNote" xml:id="noteT12_50" target="B1844-1871ht_noter.xml" corresp="noteT12_50">skrivtelig</HIS:hisRef> Henvendelse til Vedkommende hersteds, virke for <HIS:hisRef type="tcNote" xml:id="noteT12_51" target="B1844-1871ht_noter.xml" corresp="noteT12_51">ham</HIS:hisRef> paa samme Maade, som for <HIS:hisRef type="person" target="Navneregister_HISe.xml#peJFB">
                                <anchor type="lemma" xml:id="koB12_129"/>Herr Bruun</HIS:hisRef>. Intet af dette er imidlertid skeet. Herr Nielsen har selv, ligesaavel som jeg antaget det nødvendigt, at hans <HIS:hisRef type="tcNote" xml:id="noteT12_52" target="B1844-1871ht_noter.xml" corresp="noteT12_52">Sag</HIS:hisRef> understøttedes af Anbefalinger fra Bestyrelsen; – at den ærede Bestyrelse heller ikke har været fremmed for denne Mening, derom er jeg til Overflod <HIS:hisRef type="tcNote" xml:id="noteT12_53" target="B1844-1871ht_noter.xml" corresp="noteT12_53">forvisset</HIS:hisRef> ved en Erklæring fra Herr H. Nielsen, der gaaer ud paa, <anchor type="lemma" xml:id="koB12_130"/>at han ved sin Afreise var Ørenvidne <pb n="[3]"/>til at en af <anchor type="lemma" xml:id="koB12_131"/>Dhrr: Bestyrere fandt et saadant Skridt nødvendigt. Da nu Herr Nielsen ankom hertil henimod Saisonens Slutning, under Forholde, der vare <anchor type="lemma" xml:id="koB12_132"/>heel forskjellige fra dem, jeg oprindelig havde forudsat, saa maa jeg fremdeles formene, at der for mig Intet Andet var tilovers, end at indhente Bestyrelsens <anchor type="lemma" xml:id="koB12_133"/>Ordres. At Herr Nielsen naturligviis ligefuldt har besøgt Theatret, bemærkede jeg allerede i mit forrige Brev, (hans <anchor type="lemma" xml:id="koB12_134"/>Udgivter herved, ville efter mit Overslag beløbe sig til omtrent 3 a 3 ½ Sp) – dog herom er ikke Talen, – Bestyrelsen har kun <anchor type="lemma" xml:id="koB12_135"/>urgeret over min «tilsyneladende Forsømmelse,» og for denne Beskyldning haaber jeg tilstrækkeligt at have frigjort mig.</p>
<p>Naar den ærede Bestyrelse dernæst formener at «særegne Motiver» have bevæget mig til ikke at virke for Herr Nielsen, saa har jeg hertil kun at svare: Omendskjønt jeg ingenlunde agter at bestride Gyldigheden af Bestyrelsens Grunde til at antage, at der inden Theatrets Omraade findes Folk, som af «særegne Motiver» kunne fristes til at nægte Herr Harald Nielsen deres Assistence, saa maa jeg dog protestere mod at henregnes til disse. – Forøvrigt har jeg dennegang kun lidet at berette. <pb n="[4]"/>
                            <HIS:hisRef type="org" target="Navneregister_HISe.xml#orgKT">Theatrets</HIS:hisRef> Forestillinger ophørte ifredags, og igaar tilendebragte vore Skuespillere deres Dandsecoursus. <HIS:hisRef type="person" target="Navneregister_HISe.xml#peJFH">Herr Hoppe</HIS:hisRef> er særdeles vel tilfreds med dem, især roser han <HIS:hisRef type="person" target="Navneregister_HISe.xml#peLoB">
                                <anchor type="lemma" xml:id="koB12_137"/>Mad: Bruun</HIS:hisRef> meget. I mit forrige Brev anbefalede jeg <HIS:hisRef type="person" target="Navneregister_HISe.xml#peCNJS">
                                <anchor type="lemma" xml:id="koB12_138"/>Skuespiller Sichlau</HIS:hisRef>, som <anchor type="lemma" xml:id="koB12_139"/>Commissionær i musikalske Anliggender; af flere Grunde har jeg imidlertid senere truffet et andet <HIS:hisRef type="tcNote" xml:id="noteT12_54" target="B1844-1871ht_noter.xml" corresp="noteT12_54">Arrangement</HIS:hisRef>, og vedlægger <HIS:hisRef type="person" target="Navneregister_HISe.xml#peLanz">
                                <anchor type="lemma" xml:id="koB12_140"/>Kapelmusikus <anchor type="lemma" xml:id="koB12_141"/>Lanzkys</HIS:hisRef> Adresse, til hvem Bestyrelsen vil kunne henvende sig. Skulde Fortegnelsen over den ved det norske Theater beroende Musik være til Hinder for at mit forrige Brev bliver besvaret med omgaaende Post, saa kan denne Liste senere tilstilles Herr Lanzky, som tillige beder opgivet af hvilke Instrumenter Orchestret bestaaer, samt specielt om der ved Samme haves <anchor type="lemma" xml:id="koB12_142"/>Ventilklarinetter, – han vil da foretage det Fornødne, og besørge <anchor type="lemma" xml:id="koB12_143"/>Musikalierne afsendte. – Min Afreise herfra kan jeg ikke bestemme forinden jeg modtager Svar paa mit forrige Brev. Bruun har derimod bestemt sig til at <anchor type="lemma" xml:id="koB12_144"/>afgaa med Dampskibet paa Onsdag, og aflagde derfor ifredags sin Afskedsvisit hos <HIS:hisRef type="person" target="Navneregister_HISe.xml#peJLHe">Etatsraad Heiberg</HIS:hisRef>. – <HIS:hisRef type="person" target="Navneregister_HISe.xml#peTO">Herr Overskou</HIS:hisRef> har lovet at gjøre mig bekjendt med Theatrets Maskineri o. s. v, hvilket ikke har ladet sig gjøre under Saisonen, forresten er <anchor type="lemma" xml:id="koB12_145"/>Maskinvæsnet ved Kjøbenhavns Theater ikke af det bedste <pb n="[5]"/>Slags, og jeg haaber at der i saa Henseende er et langt større Udbytte at hente ved de tydske Theatre. – Med Bruun hjemsender jeg nogle Smaasager som Theatret tiltrænger, ligeledes nogle Bøger. – Jeg har tænkt mig at <HIS:hisRef type="tcNote" xml:id="noteT12_55" target="B1844-1871ht_noter.xml" corresp="noteT12_55">lægge</HIS:hisRef> Reisen herfra <anchor type="lemma" xml:id="koB12_146"/>over <HIS:hisRef type="place" target="Navneregister_HISe.xml#plLub">Lübeck</HIS:hisRef> til <HIS:hisRef type="place" target="Navneregister_HISe.xml#plDre">Dresden</HIS:hisRef>, hvor jeg haaber paa <HIS:hisRef type="person" target="Navneregister_HISe.xml#peJCD">
                                <anchor type="lemma" xml:id="koB12_147"/>Prof: Dahls</HIS:hisRef> Hjelp til at udkaste den hensigtsmæssigste Plan for den øvrige Deel af Touren. Ved min Ankomst til Dresden skal jeg ufortøvet tilskrive den ærede Bestyrelse, og tegner mig indtil da</p>
<salute>Deres ærbødige</salute>
<signed>Henr: Ibsen</signed>
</div>
<div type="postscript">
<p>P. S. Over de <anchor type="lemma" xml:id="koB12_148"/>med Bruun hjemsendte Sager, skulle Regninger i sin Tid blive fremlagte –</p>
</div>
</body>
</text>