<?xml version="1.0" encoding="UTF-8"?><text xmlns="http://www.tei-c.org/ns/1.0" xmlns:HIS="http://www.example.org/ns/HIS" rend="letter" corresp="B18741022FH" xml:lang="da-no">
<body>
<div type="letter">
<dateline>
                            <pb n="[1]"/>Dresden den <date>22<hi rend="raised">de</hi> Oktober 1874</date>.</dateline>
<salute>Kære herr Hegel!</salute>
<p>Hermed følger resten af <anchor type="lemma" xml:id="koB13_1508"/>manuskriptet til <HIS:hisRef type="work" target="Navneregister_HISe.xml#woF2">«Fru Inger»</HIS:hisRef>. Det var mig af Deres sidste venlige brev meget kært at erfare at stykket kan komme <anchor type="lemma" xml:id="koB13_1509"/>i handelen allerede i slutningen af November; thi derved åbnes mig mulighed for at få det <anchor type="lemma" xml:id="koB13_1510"/>opført i <HIS:hisRef type="place" target="Navneregister_HISe.xml#plKri">
                                <HIS:hisRef type="tcNote" xml:id="noteT13_233" target="B1871-1879ht_noter.xml" corresp="noteT13_233">Kristiania</HIS:hisRef>
                            </HIS:hisRef> allerede i vinter. <anchor type="lemma" xml:id="koB13_1511"/>Til de kgl: theatre i København og Stokholm vil jeg også indlevere det. Jeg tror at det i København vil kunne spilles fortræffeligt.</p>
<p>Ikke mindre behagelig var mig den meddelelse at der snart tiltrænges et <anchor type="lemma" xml:id="koB13_1512"/>nyt oplag af <HIS:hisRef type="work" target="Navneregister_HISe.xml#woDi">digtsamlingen</HIS:hisRef>. Dersom De ikke har noget derimod, så ønskede jeg gerne deri at optage mit <anchor type="lemma" xml:id="koB13_1513"/>digt ved <HIS:hisRef type="place" target="Navneregister_HISe.xml#plN">Norges</HIS:hisRef> tusendårs-fest samt <anchor type="lemma" xml:id="koB13_1514"/>et par nye hidtil utrykte digte. Om bogen således blev <anchor type="lemma" xml:id="koB13_1515"/>1½–2 ark større, kunde vel ikke skade? Ved nye udgaver af digtsamlinger er sådant jo ikke usædvanligt. Dog vil jeg <anchor type="lemma" xml:id="koB13_1516"/>desangående først høre <anchor type="lemma" xml:id="koB13_1517"/>Deres mening.</p>
<p>Tør jeg bede Dem bringe <HIS:hisRef type="person" target="Navneregister_HISe.xml#peJH">Deres søn</HIS:hisRef> <pb n="[2]"/>min bedste tak for <anchor type="lemma" xml:id="koB13_1518"/>hans venlige brev med den deri indeholdte interessante <anchor type="lemma" xml:id="koB13_1519"/>festberetning? Ligeså takker jeg Dem for <anchor type="lemma" xml:id="koB13_1520"/>de modtagne meddelelser angående det nye theaters indvielse.</p>
<p>Slutteligen er jeg desværre nødt til atter at bede Dem om en pengeremisse på <emph>150 Thaler</emph> preussisk. Dette år har været mig et kostbart år. Jeg er næsten <anchor type="lemma" xml:id="koB13_1521"/>bange for at se i mine regnskabsbøger! –</p>
<p>Med hilsener og alle gode ønsker for Dem og deres kære tegner jeg mig</p>
<salute>Deres hjertelig hengivne</salute>
<signed>Henrik Ibsen.</signed>
</div>
</body>
</text>