<?xml version="1.0" encoding="UTF-8"?><text xmlns="http://www.tei-c.org/ns/1.0" xmlns:HIS="http://www.example.org/ns/HIS" rend="letter" corresp="B18670105FH" xml:lang="da-no">
                <body>
<div type="letter">
<dateline>
                            <pb n="[1]"/>Rom den <date>
                                <HIS:hisRef type="tcNote" xml:id="noteT12_421" target="B1844-1871ht_noter.xml" corresp="noteT12_421">5<hi rend="raised">te</hi>
                                </HIS:hisRef> Januar 1867</date>. –</dateline>
<salute>Kjære Hr. Cancelliraad Hegel!</salute>
<p>Herved har jeg den Fornøjelse at sende Dem <anchor type="lemma" xml:id="koB12_1460"/>Forordene till <HIS:hisRef type="work" target="Navneregister_HISe.xml#woKK">«Kjærl: <HIS:hisRef type="tcNote" xml:id="noteT12_422" target="B1844-1871ht_noter.xml" corresp="noteT12_422">Kom:»</HIS:hisRef>
                            </HIS:hisRef>. De faa Linjer har voldt mig mere <anchor type="lemma" xml:id="koB12_1461"/>Hovedbrud end hele Digtet, jeg har omskrevet dem utallige Gange og blev tillsidst staaende ved den første Redaktion. <anchor type="lemma" xml:id="koB12_1462"/>Er De ikke fornøjet med <anchor type="lemma" xml:id="koB12_1463"/>Fortalen, saa kan den gjerne for mig udelades, men da maatte der sørges for at <anchor type="lemma" xml:id="koB12_1464"/>et af de udbredte Blade <HIS:hisRef type="tcNote" xml:id="noteT12_423" target="B1844-1871ht_noter.xml" corresp="noteT12_423">omtrent</HIS:hisRef> udtalte hvad jeg i Forordene har sagt for at orientere danske Læsere; helst ønskede jeg dog at mine Linjer kom ind foran i Bogen; men hermed faar De raade ganske som De vil.</p>
<p>Et glædeligt Nytaar ønsker jeg af ganske Hjerte Dem og Deres ærede Familje, og griber Anledningen till at aflægge Dem min bedste Takk for <anchor type="lemma" xml:id="koB12_1465"/>den værdifulde Bogsending jeg gjennem <HIS:hisRef type="person" target="Navneregister_HISe.xml#peAlB">
                                <anchor type="lemma" xml:id="koB12_1466"/>den Brunske Familje</HIS:hisRef> modtog fra Dem. Bøgerne har jeg allesammen læst med Interesse. Den <anchor type="lemma" xml:id="koB12_1467"/>Modenhed der er kommen ind i <HIS:hisRef type="person" target="Navneregister_HISe.xml#peLD">Dietrichsons</HIS:hisRef> Skribentvirksomhed har i høj Grad glædet og overrasket mig; man læser hans <pb n="[2]"/>Bog med virkelig Fornøjelse og jeg tror at kunne spaa den en stor Udbredelse ogsaa i <HIS:hisRef type="place" target="Navneregister_HISe.xml#plN">Norge</HIS:hisRef>. Ogsaa <HIS:hisRef type="person" target="Navneregister_HISe.xml#peALCL">Listovs</HIS:hisRef> Ordsamling har jeg med Glæde gjennemlæst, mest fordi jeg ser at en meget stor Mængde af de saakaldte <anchor type="lemma" xml:id="koB12_1468"/>nynorske Ordformer gjenfindes i danske Dialekter og at det altsaa kun er Opptagelsen i Skriftsproget, som er ny. – Jeg ved ikke om De læser de norske Aviser; hvis saa er vil De have bemærket at der i dem, navnlig i <anchor type="lemma" xml:id="koB12_1469"/>Morgenbl: Nyhedsbl: og Aftenbl: har udviklet sig <anchor type="lemma" xml:id="koB12_1470"/>en hel Literatur over <HIS:hisRef type="work" target="Navneregister_HISe.xml#woBr">«Brand»</HIS:hisRef>. Det bedste der fra norsk Side er skrevet om Digtet er efter min Mening <anchor type="lemma" xml:id="koB12_1471"/>Artiklerne i Morgenbl: for 1<hi rend="raised">ste</hi> og 4<hi rend="raised">de</hi> December; deres Forfatter er mig ubekjendt. <HIS:hisRef type="person" target="Navneregister_HISe.xml#peCP">Clemens Petersen</HIS:hisRef> beder jeg Dem hilse fra mig; jeg vil efter Pligt og Skyldighed med det snareste tillskrive ham. – Om <anchor type="lemma" xml:id="koB12_1472"/>Restbeholdningen af «Kjerl: Kom;» har jeg intet hørt; men da <HIS:hisRef type="person" target="Navneregister_HISe.xml#peJLi">
                                <anchor type="lemma" xml:id="koB12_1473"/>Ejeren</HIS:hisRef> er min gamle gode Ven, saa anser jeg den Sag i Orden. –</p>
<p>Endelig maa jeg fortælle Dem at <HIS:hisRef type="work" target="Navneregister_HISe.xml#woPG">
                                <anchor type="lemma" xml:id="koB12_1474"/>mit nye Arbejde</HIS:hisRef> er i fuld Gang og vil, om intet tillstøder, være færdigt tidligt paa Sommeren. Det bliver et stort <pb n="[3]"/>dramatisk Digt, hvis Hovedfigur er en af den norske Almues halv mythiske og eventyrlige Personer fra den <emph>nyere</emph> Tid. Det bliver uden nogen Lighed med «Brand», uden direkte Polemik o. s. v. – Jeg har længe havt Stoffet i Tankerne; nu er <anchor type="lemma" xml:id="koB12_1475"/>hele Planen udarbejdet og nedskrevet og første Akt paabegyndt. Det voxer under Behandlingen og jeg er viss paa at De vil blive tillfreds med det. Forresten beder jeg at dette maa blive holdt hemmeligt indtill vidre. –</p>
<p>Med en opprigtig Takk for det forløbne Aar og gjentagne gode Ønsker for det nye tegner jeg mig</p>
<salute>Deres ærbødigst hengivne</salute>
<signed>Henrik Ibsen.</signed>
</div>
</body>
</text>