<?xml version="1.0" encoding="UTF-8"?><text xmlns="http://www.tei-c.org/ns/1.0" xmlns:HIS="http://www.example.org/ns/HIS" rend="letter" corresp="B18700620FH" xml:lang="da-no">
                <body>
<div type="letter">
<dateline>
                            <pb n="[1]"/>Dresden den <date>20<hi rend="raised">de</hi> Juni 1870</date>. –</dateline>
<salute>Kære hr: cancelliråd Hegel!</salute>
<p>På omstående blad sender jeg Dem <anchor type="lemma" xml:id="koB12_2553"/>teksten til korene i første akt; resten skal blive sendt i løbet af <HIS:hisRef type="tcNote" xml:id="noteT12_665" target="B1844-1871ht_noter.xml" corresp="noteT12_665">ugen</HIS:hisRef>.</p>
<p>For de i brev af 28<hi rend="raised">de</hi> Maj sendte 150 thaler pr: takker jeg forbindtligst. Ligeså for <anchor type="lemma" xml:id="koB12_2554"/>
                            <HIS:hisRef type="person" target="Navneregister_HISe.xml#peBB">Bjørnsons</HIS:hisRef> digte. <anchor type="lemma" xml:id="koB12_2555"/>Hvad siger kritiken? Mig forekommer det at han har taget altfor mange bagateller med; enkelte anmærkninger er temmelig naragtige og <anchor type="lemma" xml:id="koB12_2556"/>formatet meget uheldigt.</p>
<p>Mere næste gang; jeg modtog i dette øjeblik Deres brev. <HIS:hisRef type="person" target="Navneregister_HISe.xml#pePHe">Hr: Heise</HIS:hisRef> bedes hilset.</p>
<salute>Deres ærbødigst hengivne</salute>
<signed>Henrik Ibsen.</signed>
</div>
</body>
</text>