<?xml version="1.0" encoding="UTF-8"?><text xmlns="http://www.tei-c.org/ns/1.0" xmlns:HIS="http://www.example.org/ns/HIS" rend="letter" corresp="B18650128BB" xml:lang="da-no">
<front>
<pb n="[a]"/>
<HIS:envelope type="sheet">
<address>
<addrLine>Til</addrLine>
<addrLine>Digteren Bjørnstjerne Bjørnson</addrLine>
<addrLine>Christiania</addrLine>
<addrLine>in Norvegia</addrLine>
</address>
</HIS:envelope>
</front>
<body>
<div type="letter">
<dateline>
                            <pb n="[1]"/>Rom den <date>28<hi rend="raised">de</hi> Januar 1865</date>. –</dateline>
<salute>Kjære Bjørnson!</salute>
<p>Du kan tro jeg gaar i Uro og Bekymring. I Midten af December Maaned f. A: tilskrev jeg Dig og takkede for Modtagelsen af den i <anchor type="lemma" xml:id="koB12_868"/>dit Brev af 4<hi rend="raised">de</hi> Oktober indlagte Vexel paa 100 Sp<hi rend="raised">d</hi>. <anchor type="lemma" xml:id="koB12_869"/>Dit gode Tilbud i sidstnævnte Brev om at lade Dig vide naar jeg tiltrængte flere Penge, benyttede jeg mig ved samme Lejlighed af og underrettede Dig om, at jeg henimod Maanedens Slutning vilde være pengelæns. Egentlig var mine Penge slupne op noget tidligere; thi mit maanedlige Udgiftsbudget lyder paa <anchor type="lemma" xml:id="koB12_870"/>40 Scudi og for at bestride mine Udgifter fra 1<hi rend="raised">ste</hi> October indtil <anchor type="lemma" xml:id="koB12_871"/>Remissen ankom, den 16<hi rend="raised">de</hi> October, <anchor type="lemma" xml:id="koB12_872"/>havde jeg maattet laane. – Paa mit sidste Brev har jeg intet Svar modtaget, og uagtet jeg nok kan tænke mig mange forklarende Grunde hertil, saasom at Du har været fraværende fra Byen eller at Pengene ikke har været saa lette at faa inddrevne, foruden meget Andet, saa er jeg dog tilbøjelig til at tro at mit Brev ikke er fremkommet. Trods al den Spænding jeg har gaaet i, er det mig igrunden kjært at saa er Tilfældet; thi jeg maa tilstaa Dig, (hvis Du forresten ikke selv har seet det), at Brevet var skrevet i en ukjærlig, bitter og maaske overdrevent haabløs Tone idet jeg omtalte <HIS:hisRef type="place" target="Navneregister_HISe.xml#plN">vort Lands</HIS:hisRef> Anliggender og Fremtidsudsigter. Jeg har angret at jeg satte mig til at udøse al denne Bitterhed for Dig, istedetfor at give Dig lyse Skildringer af al den Herlighed, som Du har sat mig istand til at løftes og forædles ved hernede. Men de sørgelige Tanker paa <anchor type="lemma" xml:id="koB12_873"/>Forholdene hjemme kan jeg ikke løsrive mig fra og har ikke kunnet det under hele min Rejse. Var jeg bleven længere <anchor type="lemma" xml:id="koB12_874"/>i <HIS:hisRef type="place" target="Navneregister_HISe.xml#plBerl">Berlin</HIS:hisRef>, hvor jeg saa Indtoget i April og saa Pøbelen brølende vælte sig mellem <anchor type="lemma" xml:id="koB12_875"/>Trofæerne fra <HIS:hisRef type="place" target="Navneregister_HISe.xml#plDyb">Dybbøl</HIS:hisRef>, saa dem ride paa <anchor type="lemma" xml:id="koB12_876"/>Lavetterne og spytte i Kanonerne – i de samme <pb n="[2]"/>
                            <anchor type="lemma" xml:id="koB12_877"/>Kanoner, der ingen Hjælp havde faaet og som dog havde skudt fra sig saalænge til de vare sprungne – <HIS:hisRef type="tcNote" xml:id="noteT12_215" target="B1844-1871ht_noter.xml" corresp="noteT12_215">da</HIS:hisRef> ved jeg ikke hvor meget jeg havde beholdt igjen af min Forstand. – Naar Du skriver, saa sig mig din Mening om vore Forholde; hvad Vej skal man gaa hjemme? Og hvad tror Du <anchor type="lemma" xml:id="koB12_878"/>Lederne kan udrette med den nærværende Slægt? Det vil berolige mig at høre; jeg ved jo nok at Du har Haab og Fortrøstning, men jeg vilde gjerne vide, paa hvilket Fundament? Ofte forekommer det dog ogsaa mig utænkeligt, at vi skulde kunne gaa under. Et <anchor type="lemma" xml:id="koB12_879"/>Statssamfund kan tilintetgjøres, men en Nation ikke. <HIS:hisRef type="place" target="Navneregister_HISe.xml#plPol">Polen</HIS:hisRef> er egentlig ingen Nation, det er et Statssamfund; Aristokratiet har sine Interesser, Borgerne sine, og Bønderne igjen sine, allesammen uafhængige af eller vel endog stridende mod hverandre. Polen har heller ingen Literatur eller Kunst eller Videnskabelighed med særlig Mission for Verdensudviklingen. Gjøres Polen russisk, saa vil den polske Befolkning ophøre at være til; men selv om vor tilsyneladende formelle Frihed berøves os, om vore Lande tages, om vore Statssamfund opløses, saa vil vi dog bestaa som Nationer. Jøderne vare paa engang et Statssamfund og en Nation; den jødiske Stat er tilintetgjort; men Nationen lever dog som saadan. Det Bedste i os tror jeg nok saaledes vil leve – forudsat at vor <anchor type="lemma" xml:id="koB12_880"/>Folkeaand har <anchor type="lemma" xml:id="koB12_881"/>Løftelse nok til at kunne trives i og ved Ulykken; men dette er det store og afgjørende Spørgsmaal. Den, som blot havde Tro og Fortrøstning; men nu ikke mere Politik for dennegang. – – <anchor type="lemma" xml:id="koB12_882"/>Det Skjønne i den antike Skulptur gaar mere og mere op for mig, saaledes, som Du i dit Brev forudsagde. Det kommer glimtvis, men saadant et enkelt Glimt kaster Strejflys hen over store Flader. Husker Du <anchor type="lemma" xml:id="koB12_883"/>«den tragiske Muse» som staar i Salen udenfor <anchor type="lemma" xml:id="koB12_884"/>Rotunden i <HIS:hisRef type="place" target="Navneregister_HISe.xml#plVat">Vatikanet</HIS:hisRef>? Intet Skulpturværk hernede har hidtil for mig draget saa <HIS:hisRef type="tcNote" xml:id="noteT12_216" target="B1844-1871ht_noter.xml" corresp="noteT12_216">Meget</HIS:hisRef> efter sig af <anchor type="lemma" xml:id="koB12_885"/>Forklaring som dette. Jeg tør paastaa at <HIS:hisRef type="tcNote" xml:id="noteT12_217" target="B1844-1871ht_noter.xml" corresp="noteT12_217">der</HIS:hisRef> igjennem dette er gaaet op for mig hvad den græske Tragedie var. Denne ubeskrivelige høje, store og stille Glæde i Ansigtets Udtryk, det <anchor type="lemma" xml:id="koB12_886"/>rigt løvkranste Hoved, der har noget overjordisk svælgende og <anchor type="lemma" xml:id="koB12_887"/>bakkantisk, Øjnene, der paa engang ser ind i sig selv og tillige igjennem og langt udover det de ser paa – saaledes var den græske Tragedie. <anchor type="lemma" xml:id="koB12_888"/>Demosthenesstatuen <pb n="[3]"/>
                            <HIS:hisRef type="tcNote" xml:id="noteT12_218" target="B1844-1871ht_noter.xml" corresp="noteT12_218">i Lateranet</HIS:hisRef>, <anchor type="lemma" xml:id="koB12_889"/>Faunen i <HIS:hisRef type="place" target="Navneregister_HISe.xml#plViBo">Villa Borghese</HIS:hisRef> og <anchor type="lemma" xml:id="koB12_890"/>Faunen (<HIS:hisRef type="person" target="Navneregister_HISe.xml#pePrax">
                                <anchor type="lemma" xml:id="koB12_891"/>Praxiteles’s</HIS:hisRef>) i Vatikanet (<anchor type="lemma" xml:id="koB12_892"/>bracchio nuovo) har <HIS:hisRef type="tcNote" xml:id="noteT12_219" target="B1844-1871ht_noter.xml" corresp="noteT12_219">ogsaa</HIS:hisRef> aabnet mig rige Indblik i det græske Liv og Væsen, og idetheletaget til at forstaa hvad det uforgjængelige i Skjønheden egentlig er. Gid jeg nu ogsaa, for min Retning, maatte kunne bruge denne Erkjendelse. <anchor type="lemma" xml:id="koB12_893"/>
                            <HIS:hisRef type="person" target="Navneregister_HISe.xml#peBMi">Michel Angelos</HIS:hisRef> «Moses» i <anchor type="lemma" xml:id="koB12_894"/>«S: Pietro in vincoli» havde jeg ikke seet da jeg sidst skrev dig til; men jeg havde læst om den og derefter konstrueret noget, <HIS:hisRef type="tcNote" xml:id="noteT12_220" target="B1844-1871ht_noter.xml" corresp="noteT12_220">som</HIS:hisRef> ikke blev ganske fyldestgjort; dog har jeg endnu kun seet den en Gang. – Hvor herlig Naturen er hernede; baade i Former og i Farver er der en ubeskrivelig Harmoni. Jeg ligger mangengang halve Dage ude mellem Gravene paa <anchor type="lemma" xml:id="koB12_895"/>«via latina» eller paa den gamle <anchor type="lemma" xml:id="koB12_896"/>«via appia» og tror det er en Lediggang, som ikke kan kaldes Tidsspilde. <HIS:hisRef type="place" target="Navneregister_HISe.xml#plCate">
                                <anchor type="lemma" xml:id="koB12_897"/>Caracallas Bade</HIS:hisRef> er ogsaa et Sted, som har noget særligt Tillokkende for mig. – Af mit Rejsestipendium og maaske af <anchor type="lemma" xml:id="koB12_898"/>mit Tilgodehavende ved Theatret er der nok endnu noget tilbage; dette har jeg t<supplied>ænkt at</supplied> anvende til en Vandring i <HIS:hisRef type="place" target="Navneregister_HISe.xml#plSab">
                                <anchor type="lemma" xml:id="koB12_899"/>Sabinerbjergene</HIS:hisRef> for at <gap reason="damage"/> <supplied>
                                <anchor type="lemma" xml:id="koB12_900"/>Tiv</supplied>oli og hvad der forresten er <supplied>at</supplied> tage med. Alban<supplied>erbjergene</supplied> <gap reason="damage"/> saa temmelig fra forrige Sommer. <anchor type="lemma" xml:id="koB12_901"/>
                            <HIS:hisRef type="person" target="Navneregister_HISe.xml#peJHT">Min Svoger</HIS:hisRef> i C<supplied>hristiania</supplied> som jeg før min Afrejse overdrog disse Anliggender, har jeg derom tilskrevet. Om kort Tid <anchor type="lemma" xml:id="koB12_902"/>søger jeg Videnskabsselskabet i <HIS:hisRef type="place" target="Navneregister_HISe.xml#plTrhm">Trondhjem</HIS:hisRef> og beder om Tilladelse til at maatte sende Andragendet gjennem Dig, samt om at Du vil tage Dig af denne Sag. Fra lidt før Jul og indtil jeg modtager Brev fra Dig, maa jeg leve af Laan; endel af hvad jeg dennegang modtager er saaledes opbrugt i Forvejen; er det muligt for Dig at sende mig en større Sum <HIS:hisRef type="tcNote" xml:id="noteT12_221" target="B1844-1871ht_noter.xml" corresp="noteT12_221">dennegang,</HIS:hisRef> saa vilde den komme vel med. Dog dette faar Du gjøre, som Du vil og kan. Tak for alt, hvad Du hidtil har gjort for mig og Tak for dit sidste hjertelige <supplied>B</supplied>rev; Du kan være vis paa at jeg af Hjertet skal vide at slutte mig til Dig i et og alt naar jeg kommer hjem; thi hjem maa jeg dog igrunden, skjønt jeg tror jeg yttrede det modsatte i det Brev, som jeg nu ønsker og haaber Du ikke har læst. – <HIS:hisRef type="person" target="Navneregister_HISe.xml#peSiI">
                                <anchor type="lemma" xml:id="koB12_903"/>Min Zouav</HIS:hisRef> beder baade hilse og takke Dig; <HIS:hisRef type="person" target="Navneregister_HISe.xml#peKBj">Din Kone</HIS:hisRef> maa Du ligeledes hilse fra <HIS:hisRef type="person" target="Navneregister_HISe.xml#peHI peSuI">
                                <HIS:hisRef type="tcNote" xml:id="noteT12_222" target="B1844-1871ht_noter.xml" corresp="noteT12_222">os</HIS:hisRef>
                            </HIS:hisRef> og hilse hende paa det Hjerteligste. Vi har det hyggeligt og godt, og naar denne lille Spænding er over, som jeg nu gaar i, vil jeg atter tage med Kraft fat paa mit Arbejde, som volder mig megen Glæde skjønt det vel faar en temmelig mørk <anchor type="lemma" xml:id="koB12_904"/>Kolorit overhovedet.</p>
<p>Jeg ønsker Dig tillykke med din <anchor type="lemma" xml:id="koB12_905"/>«Maria <supplied>Stuar</supplied>t» og glæder mig med alle Skandinaver hernede over den Modtagelse den ha<supplied>r faa</supplied>et. Hvorledes vi skal faa den herned ved jeg ikke. <anchor type="lemma" xml:id="koB12_906"/>Aviserne fra Norge er maanedsg<supplied>amle</supplied> naar vi modtager dem fra den skandinaviske Forening i <HIS:hisRef type="place" target="Navneregister_HISe.xml#plHam">Hamburg</HIS:hisRef>. Jeg ved saaledes <supplied>ikke</supplied> om Du har overtaget <HIS:hisRef type="org" target="Navneregister_HISe.xml#orgChrTh">Theatret</HIS:hisRef>. Det <pb n="[4]"/>var en <anchor type="lemma" xml:id="koB12_907"/>Usandhed Theaterdirektionen i sin Aarsberetning i Høst gav tilbedste, naar den sagde at den havde indledet Underhandlinger med mig; den havde tilbudt mig Posten uden Underhandlinger og mit Afslag havde den modtaget længe før Indberetningen forelagdes. – Hils <HIS:hisRef type="person" target="Navneregister_HISe.xml#peBD">Advokat Dunker</HIS:hisRef> paa det hjerteligste og <anchor type="lemma" xml:id="koB12_908"/>erkjendtligste fra mig.</p>
<salute>Din</salute>
<signed>Henr: Ibsen.</signed>
</div>
</body>
</text>