<?xml version="1.0" encoding="UTF-8"?><text xmlns="http://www.tei-c.org/ns/1.0" xmlns:HIS="http://www.example.org/ns/HIS" rend="letter" corresp="B18730524FH" xml:lang="da-no">
<body>
<div type="letter">
<dateline>
                            <pb n="[1]"/>Dresden den <date>24<hi rend="raised">de</hi> Maj 1873</date>.</dateline>
<salute>Kære herr Hegel!</salute>
<p>Herved sender jeg Dem <anchor type="lemma" xml:id="koB13_897"/>slutningen af <HIS:hisRef type="work" target="Navneregister_HISe.xml#woKG">manuskriptet</HIS:hisRef>. – For det modtagne exemplar af <HIS:hisRef type="work" target="Navneregister_HISe.xml#woHH">
                                <anchor type="lemma" xml:id="koB13_898"/>«Hærmændene»</HIS:hisRef> takker jeg Dem forbindtligst. Om nogle dage skal De få det tilbage i rettet stand. <HIS:hisRef type="work" target="Navneregister_HISe.xml#woF1">
                                <anchor type="lemma" xml:id="koB13_899"/>«Fru Inger»</HIS:hisRef> skal jeg se at skaffe mig fra <HIS:hisRef type="place" target="Navneregister_HISe.xml#plKri">Kristiania</HIS:hisRef>; dette stykke skriver jeg helt om, og håber at kunne få nogen tid dertil under mit ophold i <HIS:hisRef type="place" target="Navneregister_HISe.xml#plWien">Wien</HIS:hisRef>. –</p>
<p>Med mange hilsener til Dem og <HIS:hisRef type="person" target="Navneregister_HISe.xml#peJH">Deres søn</HIS:hisRef> tegner jeg mig</p>
<salute>Deres hjertelig hengivne</salute>
<signed>Henrik Ibsen.</signed>
</div>
</body>
</text>