<?xml version="1.0" encoding="UTF-8"?><text xmlns="http://www.tei-c.org/ns/1.0" xmlns:HIS="http://www.example.org/ns/HIS" rend="letter" corresp="B18660824EGr" xml:lang="da-no">
<front>
<pb n="[a]"/>
<HIS:envelope type="sheet">
<address>
<addrLine>Till</addrLine>
<addrLine>Komponisten Hr. Edvard Grieg.</addrLine>
<addrLine>
                                <HIS:hisRef type="tcNote" xml:id="noteT12_394" target="B1844-1871ht_noter.xml" corresp="noteT12_394">Bergen.</HIS:hisRef>
                            </addrLine>
</address>
</HIS:envelope>
</front>
<body>
<div type="letter">
<dateline>
                            <pb n="[1]"/>Frascati den <date>24<hi rend="raised">de</hi> August 66</date>.</dateline>
<salute>Kjære Grieg!</salute>
<p>Forhaabentlig har De nu for længe siden modtaget <anchor type="lemma" xml:id="koB12_1358"/>Svar fra <HIS:hisRef type="person" target="Navneregister_HISe.xml#peBB">Bjørnson</HIS:hisRef>. <anchor type="lemma" xml:id="koB12_1359"/>Deres Brev var temmelig gammelt da det kom mig ihænde herude; men <anchor type="lemma" xml:id="koB12_1360"/>jeg skrev strax till Bjørnson, og omendskjønt jeg maa befrygte at mit Brev først <anchor type="lemma" xml:id="koB12_1361"/>traf ham i <HIS:hisRef type="place" target="Navneregister_HISe.xml#plSthlm">Stokholm</HIS:hisRef>, saa har han dog nu havt Betænkningstid nok. <anchor type="lemma" xml:id="koB12_1362"/>Uvissheden af hans egen fremtidige Stilling ved <HIS:hisRef type="org" target="Navneregister_HISe.xml#orgChrTh">Theatret</HIS:hisRef> har sikkert været Grunden till hans Taushed.</p>
<p>Men hvordan end Udfaldet bliver, saa har De ingen Rett till at sige at det er Deres hele Fremtid det her gjælder. Nej, kjære Grieg, Deres Fremtid er dog noget mere og bedre <HIS:hisRef type="tcNote" xml:id="noteT12_395" target="B1844-1871ht_noter.xml" corresp="noteT12_395">end</HIS:hisRef> <anchor type="lemma" xml:id="koB12_1363"/>Kapelmesterposten, det vilde være utaknemmeligt af Dem, at skatte <HIS:hisRef type="tcNote" xml:id="noteT12_396" target="B1844-1871ht_noter.xml" corresp="noteT12_396">de</HIS:hisRef> Evner, De har faaet, efter en saa liden Maalestok <pb n="[2]"/>men jeg skjønner jo nok hvorledes De igrunden mener det.</p>
<p>At jeg kort men godt har talt Deres Sag og sagt Bjørnson hvad De er, beder jeg Dem være forvisset om. Nu antager jeg at <anchor type="lemma" xml:id="koB12_1364"/>Theaterstriden snart jævner sig, og da haaber jeg ogsaa at erfare Deres Ansættelse. Bær intet Nag till Bjørnson; jeg er viss paa at han ikke er imod Dem. Skriv ham endnu engang till hvis det behøves; sig ham at han <emph>skal</emph> lade Dem faa Posten; sig ham at De har Rett till den; gjør ham ansvarlig, hvis han vægrer sig; og virker det altsammen ikke, saa skal De i Deres musikalske Gjærning vise hvor daarligt man har handlet og da vil det hele kun <HIS:hisRef type="tcNote" xml:id="noteT12_397" target="B1844-1871ht_noter.xml" corresp="noteT12_397">dreje</HIS:hisRef> sig om en Oppsættelse af Tidspunktet, intet videre. Blot ikke forknytt; det har De hverken Aarsag eller Rett till at være. – Lev vel; <HIS:hisRef type="person" target="Navneregister_HISe.xml#peSuI">min Kone</HIS:hisRef> beder mig hilse, og tag ligeledes mange Hilsener fra Deres hengivne</p>
<signed>Henrik Ibsen.</signed>
</div>
</body>
</text>